gene_symbol	score	rank	method	disease
BRCA1	1	1	rwr	BC
BRCA2	1	2	rwr	BC
TP53	1	3	rwr	BC
PALB2	1	4	rwr	BC
CHEK2	1	5	rwr	BC
ATM	1	6	rwr	BC
PTEN	1	7	rwr	BC
CDH1	1	8	rwr	BC
STK11	1	9	rwr	BC
RAD51	1	10	rwr	BC
RAD51C	1	11	rwr	BC
RAD51D	1	12	rwr	BC
BRIP1	1	13	rwr	BC
BARD1	1	14	rwr	BC
NBN	1	15	rwr	BC
NF1	1	16	rwr	BC
PIK3CA	1	17	rwr	BC
AKT1	1	18	rwr	BC
ERBB2	1	19	rwr	BC
FGFR2	1	20	rwr	BC
MAP3K1	1	21	rwr	BC
CASP8	1	22	rwr	BC
XRCC2	1	23	rwr	BC
FANCM	1	24	rwr	BC
MLH1	1	25	rwr	BC
EXO1	0.00300434322260374	26	rwr	BC
WRN	0.00279306574515801	27	rwr	BC
FANCD2	0.00260866877388966	28	rwr	BC
BLM	0.00259796169787101	29	rwr	BC
MRE11	0.00256546709702846	30	rwr	BC
XRCC3	0.00249548727295996	31	rwr	BC
MUS81	0.00243426922863789	32	rwr	BC
MSH2	0.00226425700509285	33	rwr	BC
MSH6	0.00222737976295921	34	rwr	BC
RAD51B	0.00214690662064745	35	rwr	BC
CHEK1	0.00211283356994511	36	rwr	BC
RBBP8	0.00208240793482627	37	rwr	BC
RPA1	0.00205119973156912	38	rwr	BC
PMS2	0.00204881033638316	39	rwr	BC
RAD52	0.00204078642449116	40	rwr	BC
POLD1	0.0020340092799328	41	rwr	BC
ERCC4	0.00198883922798486	42	rwr	BC
SLX4	0.00198250006736904	43	rwr	BC
DNA2	0.00197101027295781	44	rwr	BC
ATR	0.00192013982210375	45	rwr	BC
FANCI	0.00179912307322856	46	rwr	BC
TOP3A	0.00176509916937864	47	rwr	BC
FEN1	0.00172892194561657	48	rwr	BC
ERCC1	0.00172667189545101	49	rwr	BC
XRCC6	0.00165799503072128	50	rwr	BC
KRAS	0.00158740817406221	51	rwr	BC
XRCC5	0.00158096987411009	52	rwr	BC
RAD51D-2	0.00157497513921219	53	rwr	BC
TOPBP1	0.00153445575389758	54	rwr	BC
POLE	0.0015200115991478	55	rwr	BC
RMI1	0.00146920303314871	56	rwr	BC
TP53BP1	0.00145058606852648	57	rwr	BC
RAD9A	0.00142955376786647	58	rwr	BC
FANCG	0.00142684069887393	59	rwr	BC
FANCA	0.0014105791020986	60	rwr	BC
PRKDC	0.00139033611285916	61	rwr	BC
RAD17	0.00137365751933784	62	rwr	BC
EME1	0.00136574342375413	63	rwr	BC
RECQL4	0.00136556583555519	64	rwr	BC
H2AX	0.00136191459506393	65	rwr	BC
PCNA	0.00135640125183529	66	rwr	BC
EGFR	0.00134339400123651	67	rwr	BC
LIG4	0.00131418692552104	68	rwr	BC
GEN1	0.00130871855132686	69	rwr	BC
RAD50	0.00130857666155782	70	rwr	BC
PARP1	0.00125786836355807	71	rwr	BC
ATRX	0.00124624467567402	72	rwr	BC
MDC1	0.0012252222202954	73	rwr	BC
FANCC	0.00121720326519981	74	rwr	BC
FANCE	0.00120446396873328	75	rwr	BC
XRCC1	0.00120005737249622	76	rwr	BC
MDM2	0.00118327130154303	77	rwr	BC
RFC4	0.00117399394441213	78	rwr	BC
FANCL	0.0011672737164364	79	rwr	BC
ATRIP	0.00116641430996554	80	rwr	BC
CDKN2A	0.00116295615021552	81	rwr	BC
MYC	0.00113838050645958	82	rwr	BC
CDK2	0.0011156692100109	83	rwr	BC
RPA2	0.00110241224548727	84	rwr	BC
HUS1	0.00106701312069495	85	rwr	BC
SLX1A	0.00106596367043331	86	rwr	BC
ERCC3	0.00105271533557275	87	rwr	BC
H3C12	0.0010513830940123	88	rwr	BC
MSH3	0.00102987854480103	89	rwr	BC
SRC	0.000995033692769917	90	rwr	BC
RAD54L	0.000994852921640866	91	rwr	BC
H3-4	0.000993736382390509	92	rwr	BC
CTNNB1	0.000991112492093862	93	rwr	BC
HRAS	0.000991064821044741	94	rwr	BC
XPA	0.000987309152826611	95	rwr	BC
RAD18	0.000970021693972266	96	rwr	BC
NRAS	0.000968007846664877	97	rwr	BC
RFC2	0.000957136893444487	98	rwr	BC
ERCC5	0.000951139289472118	99	rwr	BC
H4C6	0.000946956355876772	100	rwr	BC
H3C13	0.0009455903171704	101	rwr	BC
CDC45	0.000942106228812392	102	rwr	BC
UBC	0.000937868243333548	103	rwr	BC
FANCF	0.000933699365089739	104	rwr	BC
ABRAXAS1	0.000927456962139351	105	rwr	BC
FBH1	0.000915853513787764	106	rwr	BC
GRB2	0.000910122360989878	107	rwr	BC
HSP90AA1	0.000907489492446896	108	rwr	BC
MUTYH	0.000900141804828703	109	rwr	BC
SWI5	0.000896895178003877	110	rwr	BC
CCNA2	0.000875175248254735	111	rwr	BC
RPS27A	0.000872116077720833	112	rwr	BC
CDK1	0.000871448858750209	113	rwr	BC
CDK4	0.000863685591694687	114	rwr	BC
RPA3	0.000846324123088117	115	rwr	BC
FANCB	0.000835623747749334	116	rwr	BC
PLK1	0.000834368831178408	117	rwr	BC
RAD51AP1	0.00083000619286336	118	rwr	BC
ESR1	0.000818023408915409	119	rwr	BC
SFR1	0.000818005543863241	120	rwr	BC
XRCC4	0.0008175082260545	121	rwr	BC
RECQL5	0.000811000767659702	122	rwr	BC
PMS1	0.000810456805088702	123	rwr	BC
H3-3B	0.000810397742290163	124	rwr	BC
UBE2T	0.000797164529771531	125	rwr	BC
FAAP24	0.000794675903887908	126	rwr	BC
SMARCA4	0.000794661717925025	127	rwr	BC
BRAF	0.00077972017391909	128	rwr	BC
CASP3	0.000778908219686759	129	rwr	BC
RAD54B	0.000775763630671049	130	rwr	BC
JUN	0.000774965377938294	131	rwr	BC
RAD1	0.00076831558754159	132	rwr	BC
STAT3	0.000762090180238832	133	rwr	BC
UBE2N	0.000762008806725036	134	rwr	BC
CDC42	0.000760481270586269	135	rwr	BC
RMI2	0.000758941002346944	136	rwr	BC
SMAD4	0.000757077814574226	137	rwr	BC
PIK3R1	0.00075029768726748	138	rwr	BC
MAPK3	0.000746317668766838	139	rwr	BC
BCL2	0.000746143824777134	140	rwr	BC
CCNB1	0.000720195908434039	141	rwr	BC
PTPN11	0.000706497312067262	142	rwr	BC
RNF168	0.000705286450111218	143	rwr	BC
REV3L	0.000697648304733587	144	rwr	BC
MLH3	0.000696082672997542	145	rwr	BC
HSP90AB1	0.000691051776322815	146	rwr	BC
RHOA	0.000690687668736605	147	rwr	BC
MSH4	0.000686480100509699	148	rwr	BC
RNF8	0.000686232689612615	149	rwr	BC
RAD23B	0.000682728681326153	150	rwr	BC
MAPK1	0.000681789402529817	151	rwr	BC
SPO11	0.000680534855975172	152	rwr	BC
CLSPN	0.000677303983464821	153	rwr	BC
EP300	0.000672283427004766	154	rwr	BC
SIRT1	0.00067190086605796	155	rwr	BC
UBA52	0.000670433476412401	156	rwr	BC
ERCC2	0.000664818798497778	157	rwr	BC
UIMC1	0.00066420153523594	158	rwr	BC
EGF	0.000663976748253292	159	rwr	BC
FAAP100	0.000658152431365692	160	rwr	BC
CCND1	0.000652744486420389	161	rwr	BC
TRAF6	0.000651481639750255	162	rwr	BC
BUB1B	0.000651456495355526	163	rwr	BC
ACTB	0.000650716131492314	164	rwr	BC
MCM4	0.000644715039281534	165	rwr	BC
PAXIP1	0.000641620032951847	166	rwr	BC
RFC3	0.000640974896591263	167	rwr	BC
MAPK8	0.000640690391750867	168	rwr	BC
H3-5	0.000640578447409235	169	rwr	BC
MSH5	0.000637720794880242	170	rwr	BC
H3-2	0.000635578022613437	171	rwr	BC
CHUK	0.00063274803592192	172	rwr	BC
PIK3R2	0.000626202673805611	173	rwr	BC
UBB	0.000622211977447892	174	rwr	BC
NFKB1	0.000621391407577304	175	rwr	BC
PIK3CB	0.000618960149907529	176	rwr	BC
HDAC1	0.000616298002116041	177	rwr	BC
MTOR	0.000614770091920336	178	rwr	BC
MCM3	0.000605502558864185	179	rwr	BC
CDC20	0.000604618732973265	180	rwr	BC
DCLRE1C	0.000604539364135859	181	rwr	BC
H2BC21	0.000603971601707784	182	rwr	BC
PDGFRA	0.000603860640937693	183	rwr	BC
BRCC3	0.000602228206726532	184	rwr	BC
KIT	0.000599818572080565	185	rwr	BC
TSC2	0.00059606556849079	186	rwr	BC
FOXO1	0.000593475305905566	187	rwr	BC
KAT5	0.000591859443321546	188	rwr	BC
RRAS	0.000591501581010308	189	rwr	BC
FOXO3	0.000589456760569256	190	rwr	BC
IKBKG	0.000589412012164998	191	rwr	BC
BMI1	0.000589385702998629	192	rwr	BC
SWSAP1	0.000588880453590955	193	rwr	BC
SOS1	0.000587712801272885	194	rwr	BC
PIK3R3	0.000586076785829285	195	rwr	BC
IKBKB	0.000585827809115617	196	rwr	BC
PIK3CD	0.000573404610590142	197	rwr	BC
CDC6	0.000571694034673114	198	rwr	BC
BABAM2	0.000567709490633336	199	rwr	BC
FSBP	0.000565843497193937	200	rwr	BC
WDHD1	0.000565216694285332	201	rwr	BC
CENPS	0.000560548427727516	202	rwr	BC
INS	0.000557135282098906	203	rwr	BC
POLA1	0.000555032022062405	204	rwr	BC
GSK3B	0.000554798043301732	205	rwr	BC
TRAF2	0.000553135442325224	206	rwr	BC
TERF2	0.000547169973005602	207	rwr	BC
FAN1	0.000547154320507836	208	rwr	BC
TNF	0.000541918724607985	209	rwr	BC
RRAS2	0.000541686671148119	210	rwr	BC
MRAS	0.000540623383319915	211	rwr	BC
FYN	0.000539314838009407	212	rwr	BC
DMC1	0.000539233601583158	213	rwr	BC
PLCG1	0.000537753306538396	214	rwr	BC
IRS1	0.000534019760829625	215	rwr	BC
CDKN1A	0.000532133003886048	216	rwr	BC
FGFR1	0.000527115641205305	217	rwr	BC
NHEJ1	0.00052497809811938	218	rwr	BC
PIF1	0.000524796675985561	219	rwr	BC
MCM5	0.00052464983095758	220	rwr	BC
MND1	0.000523992339986894	221	rwr	BC
CD44	0.000522780134884255	222	rwr	BC
AXIN1	0.000521484454452499	223	rwr	BC
UBE2C	0.000518858069794652	224	rwr	BC
CRK	0.000516928515402332	225	rwr	BC
TIMELESS	0.000515520967526681	226	rwr	BC
JAK2	0.000515405185496528	227	rwr	BC
IL6	0.000513675712470368	228	rwr	BC
IGF1R	0.000510516350773947	229	rwr	BC
ABL1	0.000500950867674257	230	rwr	BC
RFC5	0.000499103539937035	231	rwr	BC
LIG1	0.000498865475806112	232	rwr	BC
RTEL1	0.000498824118888139	233	rwr	BC
KDM1A	0.000497056891379331	234	rwr	BC
SMC5	0.000496048755537168	235	rwr	BC
SUMO2	0.000495842244398146	236	rwr	BC
GAPDH	0.000493207541242531	237	rwr	BC
IGF1	0.00048992082718047	238	rwr	BC
MAD2L2	0.000489425808537361	239	rwr	BC
SEM1	0.000488109275611085	240	rwr	BC
CENPX	0.000485939125953386	241	rwr	BC
MCM10	0.000485664698667791	242	rwr	BC
RAF1	0.000484006635500497	243	rwr	BC
H2AC20	0.000483814151244243	244	rwr	BC
TOP2A	0.000482707352995297	245	rwr	BC
RNF2	0.000480099735855798	246	rwr	BC
MET	0.00047817581068617	247	rwr	BC
TIPIN	0.000476988743478069	248	rwr	BC
E2F1	0.000468459678005123	249	rwr	BC
AURKB	0.000465590568837624	250	rwr	BC
PLCG2	0.00046451776673823	251	rwr	BC
CDC27	0.000462815728999042	252	rwr	BC
MAD2L1	0.000462136730661105	253	rwr	BC
MCM2	0.000461518413555301	254	rwr	BC
CRKL	0.000461092677681935	255	rwr	BC
PRKCZ	0.00045741315718725	256	rwr	BC
FGFR3	0.000455754787644318	257	rwr	BC
RAC2	0.000455087616053807	258	rwr	BC
YWHAZ	0.00045492766538183	259	rwr	BC
ERBB3	0.000453188699891331	260	rwr	BC
H2AC18	0.000452417261356608	261	rwr	BC
PDGFRB	0.000449361538671145	262	rwr	BC
MCM6	0.000447419672166156	263	rwr	BC
TNFRSF1A	0.00044706988751391	264	rwr	BC
RFC1	0.000446171301160718	265	rwr	BC
UBE2I	0.000445989632260983	266	rwr	BC
RING1	0.000445574135973135	267	rwr	BC
LIG3	0.000444937992555134	268	rwr	BC
RASA1	0.00044320374846866	269	rwr	BC
PTK2	0.00044168743764472	270	rwr	BC
SHC1	0.000439737422151166	271	rwr	BC
IL1B	0.000439480971585352	272	rwr	BC
EZH2	0.00043850850804468	273	rwr	BC
RET	0.000437809072895119	274	rwr	BC
MCM7	0.00043676959973111	275	rwr	BC
CUL7	0.000435432128019151	276	rwr	BC
KDR	0.000434454527147704	277	rwr	BC
BUB1	0.000434184988509058	278	rwr	BC
UBE2S	0.000434120335553787	279	rwr	BC
ATAD5	0.000431337681187596	280	rwr	BC
CBL	0.000431172869834343	281	rwr	BC
KEAP1	0.000427670708984576	282	rwr	BC
FGF2	0.00042600076377221	283	rwr	BC
XPC	0.000425946271356919	284	rwr	BC
CREBBP	0.000425481267597636	285	rwr	BC
HSPA4	0.000423521720179208	286	rwr	BC
RELA	0.000419971538724197	287	rwr	BC
HDAC2	0.000419365198184877	288	rwr	BC
MAP2K1	0.000418340052049501	289	rwr	BC
CDC16	0.000417458269441448	290	rwr	BC
MAPK9	0.000417283281776449	291	rwr	BC
AKT2	0.000416589803844223	292	rwr	BC
STAT1	0.000415935986679173	293	rwr	BC
SMC6	0.000414776577985491	294	rwr	BC
FN1	0.000410961341326625	295	rwr	BC
CDC25A	0.000408946279902096	296	rwr	BC
NOTCH1	0.000407934470924819	297	rwr	BC
RPS6KB1	0.000407741552106848	298	rwr	BC
BCL2L1	0.000407573992979275	299	rwr	BC
IDH1	0.000407445959775219	300	rwr	BC
BIRC2	0.000405601387503784	301	rwr	BC
ANAPC1	0.000404900772519342	302	rwr	BC
CDC23	0.000403613576579623	303	rwr	BC
ERCC8	0.000403085649771857	304	rwr	BC
PGR	0.000400504800229291	305	rwr	BC
RAC3	0.000398503720365982	306	rwr	BC
ERBB4	0.000398429557818446	307	rwr	BC
TERF2IP	0.000397261759395303	308	rwr	BC
CDC25C	0.000394929291612594	309	rwr	BC
MCM9	0.000393355347432564	310	rwr	BC
POLE2	0.000391364506378894	311	rwr	BC
CBX2	0.000391186237772059	312	rwr	BC
SQSTM1	0.000390737107768268	313	rwr	BC
TLR4	0.00038924329436943	314	rwr	BC
ANAPC2	0.000387315555082463	315	rwr	BC
CBX4	0.000387119083054998	316	rwr	BC
RCOR1	0.000387055575544047	317	rwr	BC
AKT3	0.000386229990806723	318	rwr	BC
ANAPC4	0.000385533374168544	319	rwr	BC
FAAP20	0.000384995243595869	320	rwr	BC
HIF1A	0.000384221164219486	321	rwr	BC
ANAPC5	0.000383501569036858	322	rwr	BC
ANAPC10	0.000382118131265416	323	rwr	BC
CBX8	0.000381004741437318	324	rwr	BC
RBX1	0.000380951674077619	325	rwr	BC
PHC3	0.000380301154043602	326	rwr	BC
PCGF2	0.000379949816581412	327	rwr	BC
DCLRE1A	0.000379944421187132	328	rwr	BC
APEX1	0.000379460193949833	329	rwr	BC
CUL1	0.000378791889660612	330	rwr	BC
ALK	0.000377178576549532	331	rwr	BC
CDC7	0.000375281269933565	332	rwr	BC
CETN2	0.000372002748062458	333	rwr	BC
DDB1	0.000371329032912114	334	rwr	BC
PCGF6	0.00037039447899124	335	rwr	BC
CDK12	0.000370155351241667	336	rwr	BC
CCNB2	0.000369918267762164	337	rwr	BC
NFKBIA	0.000368710820452271	338	rwr	BC
TOX3	0.00036861364432134	339	rwr	BC
SMAD3	0.000368424406853664	340	rwr	BC
PHC1	0.000367760560116829	341	rwr	BC
JAK1	0.000367304513538118	342	rwr	BC
CDT1	0.000367151098058249	343	rwr	BC
CDC26	0.000367056019807143	344	rwr	BC
SUMO1	0.000364593323785576	345	rwr	BC
ANAPC11	0.000361691468105265	346	rwr	BC
RPTOR	0.000360826267812216	347	rwr	BC
ANAPC7	0.000359894337266878	348	rwr	BC
BIRC3	0.000359445790759914	349	rwr	BC
TERT	0.000358486779723994	350	rwr	BC
PHC2	0.00035776170675029	351	rwr	BC
PRKAA1	0.000356130024718639	352	rwr	BC
CBX7	0.000355970796187622	353	rwr	BC
BECN1	0.000353919310281775	354	rwr	BC
SMARCAL1	0.000352974452176895	355	rwr	BC
ANAPC13	0.000352135187391292	356	rwr	BC
NTRK1	0.000351615565850871	357	rwr	BC
BIVM-ERCC5	0.00035136869063214	358	rwr	BC
NF2	0.000351024020580421	359	rwr	BC
CDKN1B	0.000350724162885995	360	rwr	BC
BIRC5	0.000349764525520629	361	rwr	BC
ANAPC16	0.000349608116930666	362	rwr	BC
NPM1	0.000349522541766705	363	rwr	BC
FOXO4	0.000347751224645508	364	rwr	BC
ANAPC15	0.000347504351362616	365	rwr	BC
PPP2CA	0.000346851968178169	366	rwr	BC
ITGB1	0.000345313164781494	367	rwr	BC
H4C2	0.000345195225965246	368	rwr	BC
XIAP	0.000344692822350342	369	rwr	BC
H4C13	0.000344050094161598	370	rwr	BC
H4C5	0.00034351987934353	371	rwr	BC
H4C4	0.000343305277464042	372	rwr	BC
H4C3	0.000343132272062518	373	rwr	BC
H4C11	0.000343076380692817	374	rwr	BC
TTK	0.000343011649542385	375	rwr	BC
H4C14	0.000342458565027979	376	rwr	BC
APP	0.000342417155075206	377	rwr	BC
H4C9	0.000342258917251602	378	rwr	BC
H4C8	0.000342214654049995	379	rwr	BC
H4-16	0.000341755884211141	380	rwr	BC
PRKCI	0.000341539157880443	381	rwr	BC
H4C1	0.000341416905421637	382	rwr	BC
AR	0.000341060246709065	383	rwr	BC
H4C15	0.00034072997449	384	rwr	BC
H4C12	0.000340372369194535	385	rwr	BC
PRKAA2	0.000338295682631644	386	rwr	BC
DNMT1	0.00033672797311736	387	rwr	BC
MMP9	0.000336413015824876	388	rwr	BC
STAT5A	0.000335068785055732	389	rwr	BC
BCOR	0.000335025952571074	390	rwr	BC
HGF	0.000333656366607572	391	rwr	BC
POLR2A	0.000332724501200846	392	rwr	BC
PIK3CG	0.000330974185232304	393	rwr	BC
UBE2D1	0.000329033445059154	394	rwr	BC
PRKAB2	0.000328108897819097	395	rwr	BC
H3C14	0.000327555015019795	396	rwr	BC
H2BC11	0.00032746908767042	397	rwr	BC
MAP3K7	0.000325360654208083	398	rwr	BC
CAV1	0.00032522640986017	399	rwr	BC
BCAR1	0.000324916999362319	400	rwr	BC
PRIM2	0.000324494391339319	401	rwr	BC
GTF2H1	0.000324348533964154	402	rwr	BC
TOP1	0.000323992263718277	403	rwr	BC
USP1	0.000323633267114712	404	rwr	BC
TERF1	0.000323470646560767	405	rwr	BC
POLD2	0.000323081398768304	406	rwr	BC
H3C1	0.000322117741956978	407	rwr	BC
CYCS	0.0003204513960351	408	rwr	BC
CENPA	0.000320036875857727	409	rwr	BC
POLL	0.000319906038538039	410	rwr	BC
MCL1	0.000318318376239947	411	rwr	BC
PRKAG2	0.000318212435615986	412	rwr	BC
PRKAG1	0.000317009609801484	413	rwr	BC
HES1	0.000317002897486278	414	rwr	BC
H3C15	0.000316640659384282	415	rwr	BC
CDC37	0.000316623231516438	416	rwr	BC
EPCAM	0.00031540897360995	417	rwr	BC
MAPK14	0.000315270513251484	418	rwr	BC
PIAS4	0.000314115778183044	419	rwr	BC
NTHL1	0.000311988574805216	420	rwr	BC
STN1	0.000311516938289914	421	rwr	BC
PRKAB1	0.000310685148311394	422	rwr	BC
DCLRE1B	0.000309596906298251	423	rwr	BC
SMC3	0.000309468867808068	424	rwr	BC
MDM4	0.000308552833568251	425	rwr	BC
MCM8	0.000307136338826774	426	rwr	BC
POLD3	0.000306997318487074	427	rwr	BC
RIPK1	0.000306484271645798	428	rwr	BC
AURKA	0.000306053526548106	429	rwr	BC
PRIM1	0.000305194458983006	430	rwr	BC
PHF21A	0.000303691395404214	431	rwr	BC
HLTF	0.000302915515306547	432	rwr	BC
FGFR4	0.000301110942941074	433	rwr	BC
GAB1	0.000300952985539584	434	rwr	BC
ARRB2	0.000299817759429112	435	rwr	BC
H3C3	0.000299454690794005	436	rwr	BC
BDNF	0.00029926769446156	437	rwr	BC
TRAF3	0.000299073677284072	438	rwr	BC
H2AC8	0.000296369330288599	439	rwr	BC
CCNA1	0.000296181213277355	440	rwr	BC
CDH2	0.000295923494864257	441	rwr	BC
SMC1A	0.000295774390067619	442	rwr	BC
PRKAG3	0.000294856017702323	443	rwr	BC
FBXW7	0.000294655630108575	444	rwr	BC
SOX2	0.000294534190302154	445	rwr	BC
FLT3	0.000294482091086354	446	rwr	BC
PAXX	0.000294481691380213	447	rwr	BC
MGMT	0.000293864355771371	448	rwr	BC
TGFB1	0.000293093855792728	449	rwr	BC
H3C6	0.000292394233623213	450	rwr	BC
RB1	0.000291907390300051	451	rwr	BC
LYN	0.000291772190526629	452	rwr	BC
CREB1	0.000291763718784915	453	rwr	BC
MAP2K3	0.000290994663437665	454	rwr	BC
MAP2K4	0.000290693031661185	455	rwr	BC
CASP9	0.000288486330272499	456	rwr	BC
ERCC6	0.000288011338291481	457	rwr	BC
H3C10	0.000287957735673478	458	rwr	BC
SKP2	0.000287332350419271	459	rwr	BC
HFM1	0.000287207329603942	460	rwr	BC
H3C2	0.000286039813545147	461	rwr	BC
CD40	0.000285174262665644	462	rwr	BC
H3C4	0.000284383521607676	463	rwr	BC
CD8A	0.000283481582072463	464	rwr	BC
CUL3	0.000282808916783664	465	rwr	BC
KAT2B	0.000282737461435121	466	rwr	BC
SKP1	0.000282627283400596	467	rwr	BC
MMS19	0.000282296339477801	468	rwr	BC
H3C7	0.000281764811400269	469	rwr	BC
H3C8	0.000281632003200532	470	rwr	BC
POLA2	0.000281554312143007	471	rwr	BC
STRADA	0.000280913000753897	472	rwr	BC
CD4	0.00028070523907542	473	rwr	BC
SDHB	0.000280469196307758	474	rwr	BC
H3C11	0.000279323229496224	475	rwr	BC
OGG1	0.000278620888032003	476	rwr	BC
FADD	0.000278395814906095	477	rwr	BC
KIF11	0.000277960434982631	478	rwr	BC
RRM2	0.000277464088646767	479	rwr	BC
RECQL	0.00027720849212145	480	rwr	BC
LSP1	0.000277015993131792	481	rwr	BC
PCLAF	0.00027675687644458	482	rwr	BC
DTL	0.000276108367527359	483	rwr	BC
ATP23	0.000275985194837617	484	rwr	BC
ZSWIM7	0.000275159522442549	485	rwr	BC
FOS	0.000275101552724075	486	rwr	BC
TDP1	0.00027490180422806	487	rwr	BC
FGF8	0.000274843723701229	488	rwr	BC
NGF	0.000274044206357642	489	rwr	BC
WEE1	0.000272725934167666	490	rwr	BC
REV1	0.000271860325175574	491	rwr	BC
H2AZ1	0.000271393304957287	492	rwr	BC
INSR	0.000270860334600229	493	rwr	BC
IFNG	0.000270710511832654	494	rwr	BC
RAD21	0.000270190251263128	495	rwr	BC
H2BC12	0.000270109656649844	496	rwr	BC
H2BC3	0.000269841724395612	497	rwr	BC
SYK	0.000269229217194058	498	rwr	BC
NUF2	0.000269036889673283	499	rwr	BC
BABAM1	0.0002682301695316	500	rwr	BC
TPX2	0.000266102557308727	501	rwr	BC
FLT4	0.000265929843383175	502	rwr	BC
MYD88	0.00026569624861108	503	rwr	BC
MAP2K2	0.000265685970006192	504	rwr	BC
USP7	0.00026563944817523	505	rwr	BC
ARID1A	0.000264000204853325	506	rwr	BC
IL10	0.000263871490982211	507	rwr	BC
FGF17	0.000262695545769452	508	rwr	BC
FGF7	0.000262360899009144	509	rwr	BC
RUNX2	0.000261847773447122	510	rwr	BC
PARP2	0.000261434266193787	511	rwr	BC
MAP2K7	0.000261169297534807	512	rwr	BC
TGFA	0.000260813761173134	513	rwr	BC
SPRED1	0.000260238794685253	514	rwr	BC
FGF4	0.000260013332687864	515	rwr	BC
SOS2	0.000259751638935471	516	rwr	BC
FGF3	0.000259719996731073	517	rwr	BC
DAXX	0.00025931073843896	518	rwr	BC
FGF9	0.000259138363830949	519	rwr	BC
PAK1	0.000258839691030112	520	rwr	BC
CDCA8	0.000258295938847951	521	rwr	BC
FLT1	0.000256972945729595	522	rwr	BC
FGF10	0.000256653222019558	523	rwr	BC
FGF5	0.000256491344695446	524	rwr	BC
FOXA1	0.00025637341681033	525	rwr	BC
POLQ	0.000256233895528015	526	rwr	BC
FGF18	0.000256227283823502	527	rwr	BC
CAB39	0.000256021456191851	528	rwr	BC
TAB1	0.000255765435304278	529	rwr	BC
RPS6	0.000255176346801288	530	rwr	BC
RAD9B	0.000254274328937231	531	rwr	BC
KPNA2	0.000254252539603657	532	rwr	BC
TELO2	0.00025324424139279	533	rwr	BC
DDB2	0.000253044807832459	534	rwr	BC
PPP2R1A	0.00025157636423344	535	rwr	BC
EPHA2	0.000251571248141046	536	rwr	BC
UBE2D3	0.000251269191437875	537	rwr	BC
STRADB	0.000250297036470421	538	rwr	BC
PXDN	0.000250132822906745	539	rwr	BC
RICTOR	0.000250127508022929	540	rwr	BC
SSBP1	0.000249906084955748	541	rwr	BC
FGF1	0.000249178896679926	542	rwr	BC
RHNO1	0.000249025513139258	543	rwr	BC
STAT5B	0.000248627733706219	544	rwr	BC
STUB1	0.000248327691786011	545	rwr	BC
SNAI1	0.000248245664705052	546	rwr	BC
FGF22	0.000247961405996922	547	rwr	BC
CHTF18	0.000247402289072729	548	rwr	BC
ALB	0.000246942031208382	549	rwr	BC
FGF20	0.000246931861299468	550	rwr	BC
FGF6	0.000246805387871797	551	rwr	BC
FKBP5	0.000246471070645952	552	rwr	BC
SDHD	0.000246348765095104	553	rwr	BC
TWIST1	0.000245340501091831	554	rwr	BC
CASP1	0.000245255295600475	555	rwr	BC
MAP2K6	0.000245094448485311	556	rwr	BC
TRADD	0.000244706550886988	557	rwr	BC
TYMS	0.000244444758803886	558	rwr	BC
FGF16	0.000243936367201695	559	rwr	BC
HMMR	0.000243591292262701	560	rwr	BC
PBK	0.000243570975462366	561	rwr	BC
CSF1R	0.000243290034329981	562	rwr	BC
SMAD2	0.000243172994075702	563	rwr	BC
CDK7	0.00024316002134122	564	rwr	BC
DBF4	0.000242803591108459	565	rwr	BC
NGFR	0.000242623604025932	566	rwr	BC
ESPL1	0.00024252555762953	567	rwr	BC
ASF1B	0.000242340904232152	568	rwr	BC
KIF4A	0.000242220853115367	569	rwr	BC
PPARG	0.000242019579326503	570	rwr	BC
RBBP4	0.000241178469802162	571	rwr	BC
POLN	0.000239795148866464	572	rwr	BC
GNB1	0.00023961553879231	573	rwr	BC
CAB39L	0.000239606699997189	574	rwr	BC
WDR48	0.000239219732107878	575	rwr	BC
MORF4L1	0.000238044225269401	576	rwr	BC
WDR5	0.000237943054008777	577	rwr	BC
PRKACA	0.000237359174534268	578	rwr	BC
MELK	0.000237208704535875	579	rwr	BC
CALM3	0.000236991434971122	580	rwr	BC
FRS2	0.000236832993206257	581	rwr	BC
RNASEH2A	0.000236458414975117	582	rwr	BC
ORC1	0.000235115409639583	583	rwr	BC
UBE2V2	0.000234223685143718	584	rwr	BC
PDGFB	0.000233542143006192	585	rwr	BC
CBX3	0.000233344685253364	586	rwr	BC
TOP3B	0.000232877922328248	587	rwr	BC
IGF2	0.000232718422635867	588	rwr	BC
SHC3	0.000232539172974611	589	rwr	BC
MED1	0.000232515278246453	590	rwr	BC
BAP1	0.000232186086162074	591	rwr	BC
PIK3C3	0.000231699789517238	592	rwr	BC
EVI2B	0.000230702091272166	593	rwr	BC
DCAF7	0.000230587774883989	594	rwr	BC
SHC2	0.000229481573088596	595	rwr	BC
PDGFA	0.000229386456760821	596	rwr	BC
RASSF1	0.000228855509648134	597	rwr	BC
H2AC6	0.000228780090509719	598	rwr	BC
MEIOB	0.000227599332843672	599	rwr	BC
RBBP7	0.000227161110047709	600	rwr	BC
PXN	0.000226798002961423	601	rwr	BC
PDPK1	0.000226697204186718	602	rwr	BC
GINS2	0.000226263963608935	603	rwr	BC
BMPR1A	0.000226167081539269	604	rwr	BC
RRM1	0.000225438961140004	605	rwr	BC
VCP	0.000225033896210798	606	rwr	BC
KITLG	0.000224738424841252	607	rwr	BC
ZWINT	0.000224219654578739	608	rwr	BC
PRKACB	0.000224159782752373	609	rwr	BC
SHC4	0.000224114975149773	610	rwr	BC
CXCR4	0.000224068672532986	611	rwr	BC
KNL1	0.000223459898042992	612	rwr	BC
CD274	0.000222921557903064	613	rwr	BC
NCAPG	0.000222585455262928	614	rwr	BC
SMARCA2	0.00022175620489886	615	rwr	BC
SESN2	0.00022076679634594	616	rwr	BC
EVI2A	0.000220590239864072	617	rwr	BC
RAP1A	0.000220361459890275	618	rwr	BC
ZRANB3	0.000219980528076334	619	rwr	BC
YWHAH	0.0002191978087305	620	rwr	BC
PPP2R2A	0.000218693353463353	621	rwr	BC
PTGS2	0.0002184434125795	622	rwr	BC
MCPH1	0.000218237124819339	623	rwr	BC
PIP5K1C	0.000218047856049353	624	rwr	BC
SHH	0.000217872363794722	625	rwr	BC
DDX58	0.000217754959743898	626	rwr	BC
LCK	0.000217690363284799	627	rwr	BC
JAK3	0.000217587494228309	628	rwr	BC
VAV1	0.000217368727841197	629	rwr	BC
MMP2	0.000216891729823551	630	rwr	BC
FASLG	0.000216381364737602	631	rwr	BC
DLG4	0.000216137505907064	632	rwr	BC
RPL23	0.000215978525371608	633	rwr	BC
PRKACG	0.000215690582755072	634	rwr	BC
TGFBR2	0.000215502217554998	635	rwr	BC
CIAO2B	0.000215488772557728	636	rwr	BC
CCNH	0.000215380824164603	637	rwr	BC
POU5F1	0.000215342225755118	638	rwr	BC
CXCL8	0.000215230820998461	639	rwr	BC
FLNA	0.000214948100246757	640	rwr	BC
CDK9	0.000214923077814322	641	rwr	BC
BRD4	0.000214653472954525	642	rwr	BC
PIP5K1A	0.000214438614213854	643	rwr	BC
CALML5	0.000214431678086086	644	rwr	BC
CAMKK2	0.000214391689574128	645	rwr	BC
VEGFC	0.000213802984878925	646	rwr	BC
ANGPT1	0.000213790410616283	647	rwr	BC
KIF2C	0.000213424869755158	648	rwr	BC
ANXA5	0.000213343253174192	649	rwr	BC
PXDNL	0.000212968644508553	650	rwr	BC
PIP5K1B	0.000212318073620883	651	rwr	BC
FGF19	0.000212254934233423	652	rwr	BC
NSMCE2	0.000211629816048139	653	rwr	BC
PDS5B	0.000210999803187169	654	rwr	BC
NTRK2	0.000210368038236651	655	rwr	BC
TBP	0.000210263651170863	656	rwr	BC
HSPA8	0.000210112318003757	657	rwr	BC
AREG	0.000209907365006858	658	rwr	BC
RAC1	0.000209686478616131	659	rwr	BC
SUZ12	0.000209121631324347	660	rwr	BC
GNAI1	0.000208979909336675	661	rwr	BC
BCL2L11	0.000208649707895644	662	rwr	BC
CFLAR	0.000208498660879076	663	rwr	BC
ASF1A	0.000208181625613536	664	rwr	BC
DLGAP5	0.000208063992584863	665	rwr	BC
SPRED2	0.000208048582392391	666	rwr	BC
CD28	0.000207579292696301	667	rwr	BC
TRIM28	0.000207389610883792	668	rwr	BC
GNAQ	0.000206620435234731	669	rwr	BC
ATG5	0.000206413848956125	670	rwr	BC
CIAO1	0.000206328657148598	671	rwr	BC
TRRAP	0.000206239924130752	672	rwr	BC
MAPK8IP3	0.000205750479964148	673	rwr	BC
PAK2	0.000205399423022439	674	rwr	BC
H2AC13	0.000205162262787878	675	rwr	BC
FZR1	0.000204292580509603	676	rwr	BC
MAP3K5	0.000204282899117385	677	rwr	BC
CYLD	0.000204243933053959	678	rwr	BC
PRKCA	0.000204229002549946	679	rwr	BC
MAPK12	0.000203839567420352	680	rwr	BC
CTNND1	0.000203636235100045	681	rwr	BC
ECSIT	0.000203490557926373	682	rwr	BC
CASP7	0.000202822368346879	683	rwr	BC
CALML3	0.000202728354955574	684	rwr	BC
EME2	0.000202618537083038	685	rwr	BC
PRSS58	0.000202595491472513	686	rwr	BC
VEGFB	0.000202222223817139	687	rwr	BC
IQGAP1	0.000202036992023273	688	rwr	BC
GINS4	0.000202029594045815	689	rwr	BC
INTS3	0.000201487917316025	690	rwr	BC
MAPK11	0.000200915482027364	691	rwr	BC
STK11IP	0.000200625874677307	692	rwr	BC
VIM	0.000200616245495129	693	rwr	BC
H2AC4	0.000200305048725695	694	rwr	BC
NDUFS3	0.000198421523415456	695	rwr	BC
ADAP2	0.000198315869968419	696	rwr	BC
TNFRSF10A	0.000198160152346196	697	rwr	BC
VCL	0.000197824223906582	698	rwr	BC
CALML4	0.000197711879110472	699	rwr	BC
TSC1	0.000197692067122164	700	rwr	BC
BCL10	0.000197513028805134	701	rwr	BC
CSF1	0.000197214127645698	702	rwr	BC
MAPK13	0.000197211507550431	703	rwr	BC
TICRR	0.000196785881113033	704	rwr	BC
BAX	0.00019662965192504	705	rwr	BC
TJP1	0.000196551099115226	706	rwr	BC
PIP4K2A	0.000196484244634144	707	rwr	BC
H2BC4	0.000196275807091035	708	rwr	BC
CALML6	0.000196260385487407	709	rwr	BC
APAF1	0.000195897169010532	710	rwr	BC
IRS2	0.000194887588387429	711	rwr	BC
POLH	0.000194560386362998	712	rwr	BC
FGF23	0.000194546564652915	713	rwr	BC
CDK6	0.000194348698570097	714	rwr	BC
TMEM127	0.000194249743174507	715	rwr	BC
MAVS	0.000194192503107072	716	rwr	BC
CENPF	0.000193825336215027	717	rwr	BC
ANGPT2	0.00019333651306717	718	rwr	BC
PPM1D	0.000193272645530938	719	rwr	BC
PPARGC1A	0.000192771344848465	720	rwr	BC
PGF	0.000192552847344472	721	rwr	BC
FGF13	0.000192285859888161	722	rwr	BC
ASPM	0.000191818004224006	723	rwr	BC
RUVBL1	0.00019137705487679	724	rwr	BC
PIP4K2C	0.000191126757739605	725	rwr	BC
HSPA5	0.000190929192303486	726	rwr	BC
NEK2	0.000190901927142293	727	rwr	BC
IFNB1	0.000190365956822551	728	rwr	BC
NDUFS8	0.000190320004367619	729	rwr	BC
PDGFC	0.000189528658225094	730	rwr	BC
INPPL1	0.000189467719451214	731	rwr	BC
POLR2C	0.000189375452949922	732	rwr	BC
BTRC	0.000189122046441453	733	rwr	BC
CCNE1	0.000189013977116164	734	rwr	BC
NCOR1	0.00018871857586094	735	rwr	BC
PIP4K2B	0.000188705974069687	736	rwr	BC
KIF23	0.000188557503589841	737	rwr	BC
HJURP	0.000188551282473301	738	rwr	BC
POLB	0.000188427750555558	739	rwr	BC
ARHGEF18	0.000188404625798722	740	rwr	BC
YY1	0.000188076051753834	741	rwr	BC
PPP2R2B	0.000188071577618237	742	rwr	BC
CHD4	0.000188063147910303	743	rwr	BC
NLRP3	0.000187859684966876	744	rwr	BC
NDUFB9	0.0001875382399259	745	rwr	BC
PTTG1	0.000187459497919945	746	rwr	BC
TLR3	0.000187441074093091	747	rwr	BC
FOXM1	0.000186873029001302	748	rwr	BC
TCHP	0.000186820936019691	749	rwr	BC
NFE2L2	0.000186005470801905	750	rwr	BC
BID	0.00018599676941557	751	rwr	BC
ITGAM	0.000185821660854702	752	rwr	BC
CDCA5	0.000185344952860032	753	rwr	BC
EREG	0.000185265366024447	754	rwr	BC
POT1	0.000185011223010812	755	rwr	BC
CD19	0.000184729524096411	756	rwr	BC
ELOB	0.000184571600815472	757	rwr	BC
NDUFS2	0.000184555407091651	758	rwr	BC
GZMB	0.000184471401893207	759	rwr	BC
ELOC	0.000184358798326522	760	rwr	BC
H2AC17	0.000183904539852339	761	rwr	BC
SYCP3	0.000183118925684711	762	rwr	BC
RPS3	0.000183091139444456	763	rwr	BC
TNFRSF10B	0.000183032622818992	764	rwr	BC
FAS	0.000182988428451763	765	rwr	BC
PIK3C2B	0.000182839736519118	766	rwr	BC
YAP1	0.000182107428544244	767	rwr	BC
UQCRFS1	0.000181875370815673	768	rwr	BC
RIPK3	0.000181821579568391	769	rwr	BC
ZEB1	0.000181358403358739	770	rwr	BC
KIF20A	0.000181288039741565	771	rwr	BC
PLCE1	0.00018099737667689	772	rwr	BC
NUAK1	0.000180871271872414	773	rwr	BC
PLCB1	0.000180368944594163	774	rwr	BC
SYNJ1	0.000180273997042068	775	rwr	BC
NDUFV1	0.000180217349748198	776	rwr	BC
CYC1	0.000179931912314993	777	rwr	BC
GTF2H4	0.000179622802579556	778	rwr	BC
FAU	0.000179453095057244	779	rwr	BC
UNG	0.000179309503794492	780	rwr	BC
TINF2	0.000179301841884053	781	rwr	BC
HELQ	0.000179141509225466	782	rwr	BC
NDUFB10	0.000179042936920887	783	rwr	BC
TRIP13	0.000179010592190491	784	rwr	BC
CASP10	0.000178853618872667	785	rwr	BC
VEGFD	0.000178785047556538	786	rwr	BC
CTBP1	0.000178754320577992	787	rwr	BC
SSRP1	0.000178661580825595	788	rwr	BC
PRKCD	0.000178412177649975	789	rwr	BC
CENPE	0.000177816785011725	790	rwr	BC
NDUFS1	0.000177580013841417	791	rwr	BC
IL2	0.000177406543289677	792	rwr	BC
EFNA1	0.000177325420050687	793	rwr	BC
GNAI2	0.000177165819559083	794	rwr	BC
GNAI3	0.000177127055287551	795	rwr	BC
ZAP70	0.000177074557300865	796	rwr	BC
NDUFB8	0.000176965697648714	797	rwr	BC
RPL11	0.00017694585723409	798	rwr	BC
NDUFA13	0.000176892798725554	799	rwr	BC
RAP1B	0.000176407808272862	800	rwr	BC
TNFAIP3	0.000176389331832944	801	rwr	BC
PIK3C2G	0.000176315088650106	802	rwr	BC
NDUFV2	0.000176168947504427	803	rwr	BC
NDUFA5	0.00017594072051263	804	rwr	BC
PLCB3	0.0001755798519854	805	rwr	BC
NDC80	0.000175521824950473	806	rwr	BC
PPP2CB	0.000175215746711517	807	rwr	BC
MT-ND4	0.000174915662893625	808	rwr	BC
PIK3C2A	0.000174712787043422	809	rwr	BC
ITGB2	0.000174292681594517	810	rwr	BC
AGO2	0.000174281647602841	811	rwr	BC
RACK1	0.00017426965441967	812	rwr	BC
POLR2B	0.000174109204963724	813	rwr	BC
MAP4K3	0.00017382746412088	814	rwr	BC
SSBP2	0.000173544923352251	815	rwr	BC
BTK	0.000173526889624898	816	rwr	BC
CEP55	0.000172974022727692	817	rwr	BC
H2AC11	0.000172946284512873	818	rwr	BC
NDUFA8	0.000172882516761965	819	rwr	BC
NDUFS4	0.000172535624385509	820	rwr	BC
EMSY	0.000172438645238263	821	rwr	BC
NDUFA12	0.000172075965213853	822	rwr	BC
TEK	0.000171803179200063	823	rwr	BC
RPL5	0.000171739448170477	824	rwr	BC
EFNA5	0.000171335116372246	825	rwr	BC
KL	0.000171292531912162	826	rwr	BC
H2AC15	0.000171247677007275	827	rwr	BC
ROCK2	0.000171166489311234	828	rwr	BC
POLE3	0.000171131350733656	829	rwr	BC
ATG7	0.000170988951893718	830	rwr	BC
PIP5KL1	0.000170948827642834	831	rwr	BC
RPA4	0.000170839764368326	832	rwr	BC
BUB3	0.000170698878974415	833	rwr	BC
CUL4A	0.000170676836550902	834	rwr	BC
H2AC16	0.000170298357126965	835	rwr	BC
LOC102723407	0.000170291457337412	836	rwr	BC
MALT1	0.000170013469132839	837	rwr	BC
TBK1	0.000169863620259947	838	rwr	BC
NDUFB7	0.000169686132130526	839	rwr	BC
NDUFS6	0.000169560975724267	840	rwr	BC
NANOG	0.0001695566118442	841	rwr	BC
GAB2	0.000169441492144491	842	rwr	BC
PDGFD	0.000168917108340857	843	rwr	BC
NUSAP1	0.000168687579066408	844	rwr	BC
NDUFA6	0.000168485727280508	845	rwr	BC
KIF15	0.000168482365487322	846	rwr	BC
INPP5D	0.000168384982680777	847	rwr	BC
NEDD4	0.000168328100928881	848	rwr	BC
INIP	0.000167737794723402	849	rwr	BC
NPHP1	0.000167712959507568	850	rwr	BC
MT-ND5	0.000167584463017883	851	rwr	BC
APLF	0.000167480080041505	852	rwr	BC
NDUFS7	0.000167284600704003	853	rwr	BC
SDC1	0.000167257301125789	854	rwr	BC
SUPT16H	0.000167236665334719	855	rwr	BC
TRAF1	0.000167138639466446	856	rwr	BC
FLCN	0.000166577167648237	857	rwr	BC
EZR	0.000166563654667393	858	rwr	BC
NDUFB5	0.000166351337705667	859	rwr	BC
OGT	0.000166336765109733	860	rwr	BC
ILK	0.000166080009964896	861	rwr	BC
SIN3A	0.000165913950193177	862	rwr	BC
TTC5	0.000165862044852745	863	rwr	BC
USP11	0.000165778700779827	864	rwr	BC
KLB	0.000165738928361086	865	rwr	BC
UQCR10	0.000165515086916005	866	rwr	BC
MBD4	0.000165419170553473	867	rwr	BC
RUNX1	0.000165122391976162	868	rwr	BC
PIK3R5	0.000164889250773654	869	rwr	BC
HDAC3	0.000164829597537161	870	rwr	BC
PECAM1	0.000164657468002876	871	rwr	BC
HCK	0.000164587324508396	872	rwr	BC
IFIH1	0.000164532570562779	873	rwr	BC
MAP1LC3B	0.000164282787530689	874	rwr	BC
NCK1	0.000163774647816153	875	rwr	BC
ORC5	0.000163515850182379	876	rwr	BC
MARK2	0.000163459042329113	877	rwr	BC
REC8	0.00016341256352732	878	rwr	BC
NDUFA2	0.000163353336455628	879	rwr	BC
UBE3A	0.000163290567797033	880	rwr	BC
MNAT1	0.000163049957553671	881	rwr	BC
CIAO3	0.000162931811595056	882	rwr	BC
POLR2E	0.000162317452428191	883	rwr	BC
PRKCB	0.000162063627847205	884	rwr	BC
NFIC	0.000161644011439796	885	rwr	BC
MT-ND2	0.000161519324412621	886	rwr	BC
MT-ND1	0.000161435268903498	887	rwr	BC
ICAM1	0.000161280132654763	888	rwr	BC
RUVBL2	0.000160948557906766	889	rwr	BC
SMARCB1	0.00016058723367214	890	rwr	BC
VAV2	0.000160578029900241	891	rwr	BC
UHRF1	0.000160482379373673	892	rwr	BC
POLR2H	0.000160461702254181	893	rwr	BC
NDUFAB1	0.0001603666747873	894	rwr	BC
UQCRB	0.000160353804118413	895	rwr	BC
NSD2	0.000160256904505657	896	rwr	BC
YWHAB	0.000160215676014328	897	rwr	BC
EFNA4	0.000160103343981928	898	rwr	BC
RPS18	0.000160064856498835	899	rwr	BC
PTPRC	0.000159620756509374	900	rwr	BC
PYCARD	0.000159440309926503	901	rwr	BC
DSCC1	0.000159201984099762	902	rwr	BC
OIP5	0.000159150651758391	903	rwr	BC
FLT3LG	0.000159044515863185	904	rwr	BC
NDUFA9	0.000158678537097284	905	rwr	BC
VAV3	0.000158627518823969	906	rwr	BC
SPOP	0.000158478118030356	907	rwr	BC
COX5A	0.000158401384892944	908	rwr	BC
NDOR1	0.00015838073532875	909	rwr	BC
HERC2	0.000158334131625928	910	rwr	BC
TNKS	0.000158318518158402	911	rwr	BC
MT-ND3	0.000158274133908069	912	rwr	BC
TTC1	0.000158187207464041	913	rwr	BC
UBE2D2	0.000157557620863097	914	rwr	BC
SMC4	0.000157375399688861	915	rwr	BC
APTX	0.000157305116494883	916	rwr	BC
SFN	0.000157282607186048	917	rwr	BC
NDUFB11	0.000157084002175906	918	rwr	BC
PPP1CA	0.000156919060512021	919	rwr	BC
UQCRQ	0.00015658576245094	920	rwr	BC
REEP5	0.000156335466334591	921	rwr	BC
H3-3A	0.000156278216557108	922	rwr	BC
SUMO4	0.000156092506532015	923	rwr	BC
PNKP	0.000155545895235842	924	rwr	BC
CCNL2	0.000155517603002089	925	rwr	BC
DNMT3A	0.000155384099944612	926	rwr	BC
CXCL12	0.00015532309432567	927	rwr	BC
WSB1	0.000155087925726741	928	rwr	BC
H2BC5	0.000155002736894102	929	rwr	BC
DIABLO-2	0.000154820459233494	930	rwr	BC
PIP4P1	0.000154719077526646	931	rwr	BC
ARRB1	0.000154664059014155	932	rwr	BC
NDUFB6	0.00015457857900296	933	rwr	BC
KDM6A	0.000154517902235718	934	rwr	BC
RPL4	0.000154447052787942	935	rwr	BC
NLRC4	0.000154248581173661	936	rwr	BC
DIABLO	0.000153831819944152	937	rwr	BC
PIP4P2	0.00015381566055484	938	rwr	BC
PARD3	0.000153768012398692	939	rwr	BC
INPP5B	0.000153713468851554	940	rwr	BC
PTPN6	0.000153647153266371	941	rwr	BC
GNG2	0.000153639214784344	942	rwr	BC
RACGAP1	0.000153420399660946	943	rwr	BC
NDUFB3	0.000153357602825713	944	rwr	BC
DCN	0.000153313343650356	945	rwr	BC
ORC2	0.000153310372742633	946	rwr	BC
PPP1CC	0.000153250733352329	947	rwr	BC
NTRK3	0.000153176552484863	948	rwr	BC
PRKN	0.000153005980123077	949	rwr	BC
POLM	0.000152870359160661	950	rwr	BC
COMMD3-BMI1	0.000152716120503093	951	rwr	BC
NDUFB4	0.000152651467086332	952	rwr	BC
ANO1	0.000152038723328885	953	rwr	BC
ATP5F1C	0.000152036250406442	954	rwr	BC
PIKFYVE	0.00015193525476132	955	rwr	BC
CARD9	0.000151815995967547	956	rwr	BC
TLR9	0.000151755626587891	957	rwr	BC
MAP4K2	0.000151625491889314	958	rwr	BC
ATMIN	0.000150803507692613	959	rwr	BC
NDUFS5	0.000150766207289746	960	rwr	BC
PIK3R6	0.000150752068136075	961	rwr	BC
NEDD8	0.000150730326535863	962	rwr	BC
MRPL3	0.000150665513432534	963	rwr	BC
CDH17	0.000150484149019182	964	rwr	BC
POLR2D	0.000150328455715788	965	rwr	BC
RPLP0	0.000150185541580504	966	rwr	BC
HCLS1	0.000150050460913186	967	rwr	BC
RPS11	0.000149984850405098	968	rwr	BC
POLR2F	0.000149866271284344	969	rwr	BC
CSNK2A1	0.000149523383165562	970	rwr	BC
CDKN3	0.000149400097469846	971	rwr	BC
CBX5	0.00014916908424269	972	rwr	BC
FGF21	0.000149049357574272	973	rwr	BC
YWHAE	0.000149013732190133	974	rwr	BC
CASP2	0.000148393371094392	975	rwr	BC
NDUFA1	0.000148305526798961	976	rwr	BC
NDUFA3	0.000148234611269796	977	rwr	BC
TNFSF10	0.000148232739806703	978	rwr	BC
KAT2A	0.000148197998818519	979	rwr	BC
NDUFA10	0.000148176453426441	980	rwr	BC
RBBP5	0.000148109522987988	981	rwr	BC
MRPL13	0.000147904019547861	982	rwr	BC
SOCS1	0.00014781782745857	983	rwr	BC
POLR2G	0.000147783788452496	984	rwr	BC
NDUFA7	0.000147283791823543	985	rwr	BC
IL4	0.0001471286683788	986	rwr	BC
MRPL17	0.000147043829029642	987	rwr	BC
ATG12	0.000146955457509439	988	rwr	BC
RPS9	0.000146912137430422	989	rwr	BC
TIAM1	0.00014666815263588	990	rwr	BC
CUL2	0.00014658746038593	991	rwr	BC
EHMT2	0.000146542483374564	992	rwr	BC
IGHV3-16	0.000146314080436588	993	rwr	BC
DHX9	0.000146302190869433	994	rwr	BC
UQCRC1	0.000146212384530728	995	rwr	BC
AFDN	0.000145724563465405	996	rwr	BC
SMARCA5	0.000145586225223542	997	rwr	BC
PKMYT1	0.000145572058694809	998	rwr	BC
MKI67	0.000145502357936308	999	rwr	BC
NDUFC2	0.000145458197504285	1000	rwr	BC
TYK2	0.000144959364524584	1001	rwr	BC
CASP6	0.000144894442812723	1002	rwr	BC
MT-ND4L	0.000144619402225814	1003	rwr	BC
H2BC17	0.000144610481727055	1004	rwr	BC
ASCC3	0.000144524444436206	1005	rwr	BC
RPL23A	0.000144494762812209	1006	rwr	BC
PLCB4	0.000144283713058963	1007	rwr	BC
RPS2	0.000144150263488697	1008	rwr	BC
MUC1	0.000144129569621603	1009	rwr	BC
GINS1	0.000144047956301193	1010	rwr	BC
NR3C1	0.000143835817629782	1011	rwr	BC
MLKL	0.000143664982713606	1012	rwr	BC
BCCIP	0.000143657116964171	1013	rwr	BC
CTTN	0.00014340149393898	1014	rwr	BC
CBY2	0.000143360016573094	1015	rwr	BC
USP28	0.000143250700658074	1016	rwr	BC
ACTG1	0.000143131120911397	1017	rwr	BC
CARD11	0.00014260089559228	1018	rwr	BC
PML	0.000142566198054939	1019	rwr	BC
GINS3	0.000142388107565526	1020	rwr	BC
RHEB	0.000142329693270718	1021	rwr	BC
NDUFV3	0.000141993195032269	1022	rwr	BC
CCL2	0.000141695964106266	1023	rwr	BC
HSP90B1	0.000141630630904514	1024	rwr	BC
ECT2	0.000140824321000908	1025	rwr	BC
HTT	0.000140778483873109	1026	rwr	BC
TLR2	0.000140648150641287	1027	rwr	BC
RPS23	0.000140640304273558	1028	rwr	BC
SMC2	0.000140602923755682	1029	rwr	BC
WDR6	0.000140598956696872	1030	rwr	BC
NCOA3	0.000140503860899113	1031	rwr	BC
RPS20	0.000140248226776193	1032	rwr	BC
PPP4C	0.000140227455643918	1033	rwr	BC
SLX4IP	0.000140095910076991	1034	rwr	BC
RPS16	0.000140089224259218	1035	rwr	BC
MRPL21	0.00014004477867077	1036	rwr	BC
FIGNL1	0.000139972669663097	1037	rwr	BC
GADD45A	0.000139900572414714	1038	rwr	BC
RPS15	0.00013989463491124	1039	rwr	BC
MT-ND6	0.000139657790791961	1040	rwr	BC
RPS19	0.000139525119611602	1041	rwr	BC
TICAM1	0.000139262867811517	1042	rwr	BC
TUFM	0.000139098473094536	1043	rwr	BC
SNAI2	0.000139085166722265	1044	rwr	BC
NOD1	0.000139082303181353	1045	rwr	BC
RIF1	0.000138534422487609	1046	rwr	BC
H2BC1	0.00013853082751808	1047	rwr	BC
SCRIB	0.000138413144436374	1048	rwr	BC
FCGR3A	0.000138227041557714	1049	rwr	BC
RPL26	0.000137937600641938	1050	rwr	BC
ITPR1	0.000137891472653715	1051	rwr	BC
ACTL6A	0.000137788886390105	1052	rwr	BC
IRS4	0.000136927625915857	1053	rwr	BC
NDUFA11	0.000136781311604979	1054	rwr	BC
SP1	0.00013654654512334	1055	rwr	BC
ANK3	0.000136376636613168	1056	rwr	BC
NDUFB1	0.000136236830265566	1057	rwr	BC
BRAP	0.000136161932049126	1058	rwr	BC
GTF2H5	0.000135905737808487	1059	rwr	BC
ARHGEF7	0.000135718431670648	1060	rwr	BC
RPS14	0.000135717827297355	1061	rwr	BC
ATP5F1D	0.000135541570809984	1062	rwr	BC
KMT2A	0.000135343004429251	1063	rwr	BC
SHPRH	0.000135280051085949	1064	rwr	BC
MRPL24	0.000135270708057459	1065	rwr	BC
EGR1	0.000135255386314811	1066	rwr	BC
SIRT6	0.000135014723159232	1067	rwr	BC
NRP1	0.000135007877712309	1068	rwr	BC
GTF2H3	0.000134869087817594	1069	rwr	BC
RPS5	0.000134570701430047	1070	rwr	BC
ITK	0.000134491064829373	1071	rwr	BC
POLR2L	0.000134426247431643	1072	rwr	BC
TAF9	0.00013426298041503	1073	rwr	BC
HDAC6	0.00013403869951784	1074	rwr	BC
POLK	0.000133967142593243	1075	rwr	BC
EPS15	0.000133764389187238	1076	rwr	BC
NEIL1	0.000133566832251867	1077	rwr	BC
TK1	0.000133349871099981	1078	rwr	BC
CENPN	0.000133189693144219	1079	rwr	BC
MEFV	0.000133144633838985	1080	rwr	BC
TAB2	0.000132958305989939	1081	rwr	BC
RPS27	0.000132841278045051	1082	rwr	BC
DNMT3B	0.000132701703808005	1083	rwr	BC
JUP	0.000132206006206821	1084	rwr	BC
FAF1	0.000132170450023586	1085	rwr	BC
NLRP1	0.000132058030310175	1086	rwr	BC
AXL	0.000132021431375893	1087	rwr	BC
PIAS1	0.000131971264600609	1088	rwr	BC
MAPT	0.000131946727951786	1089	rwr	BC
INPP5F	0.000131922635623398	1090	rwr	BC
RPS3A	0.0001317934869781	1091	rwr	BC
EML4	0.000131705059107495	1092	rwr	BC
RPS6KA3	0.000131610386451576	1093	rwr	BC
RPL13A	0.00013149678769657	1094	rwr	BC
ESCO2	0.000131454101786182	1095	rwr	BC
NCAPH	0.000131271270436672	1096	rwr	BC
UBE2E1	0.000131210033731173	1097	rwr	BC
ESRP1	0.000131195294360957	1098	rwr	BC
GATA3	0.000131007011246158	1099	rwr	BC
RPL35	0.000130811090653823	1100	rwr	BC
RPL8	0.000130700167927088	1101	rwr	BC
LEF1	0.000130684015417193	1102	rwr	BC
OCRL	0.000130640626305461	1103	rwr	BC
CTCF	0.000130622001439794	1104	rwr	BC
PINK1	0.000130480750314747	1105	rwr	BC
TCOF1	0.000130422140929587	1106	rwr	BC
HNF4A	0.000130228726433954	1107	rwr	BC
WAS	0.000130058846838783	1108	rwr	BC
TAF6	0.000129811191673634	1109	rwr	BC
TAF1	0.000129633242695617	1110	rwr	BC
RPS13	0.000129611076316194	1111	rwr	BC
CCNE2	0.000129536770925077	1112	rwr	BC
E2F4	0.000129444012230377	1113	rwr	BC
TRIM21	0.00012920865148247	1114	rwr	BC
OCLN	0.000128897470545781	1115	rwr	BC
H2BC14	0.000128860289671935	1116	rwr	BC
RPS7	0.000128804281518766	1117	rwr	BC
CD34	0.000128730322760569	1118	rwr	BC
CSF2	0.000128667949189665	1119	rwr	BC
PLCB2	0.00012862208312844	1120	rwr	BC
PLK4	0.000128547527054893	1121	rwr	BC
SYNJ2	0.000128464811035921	1122	rwr	BC
IFNGR1	0.000128361298516962	1123	rwr	BC
POLR2K	0.000128341419693925	1124	rwr	BC
GTF2H2	0.0001282823266562	1125	rwr	BC
TIMP1	0.000128168693117573	1126	rwr	BC
CENPC	0.000128158917108886	1127	rwr	BC
CHD1L	0.000128122762024	1128	rwr	BC
NDUFC1	0.000128066348278214	1129	rwr	BC
IL1A	0.000128015706543564	1130	rwr	BC
ACD	0.000128012225115986	1131	rwr	BC
RPS8	0.00012785452129257	1132	rwr	BC
PLK3	0.000127447723281648	1133	rwr	BC
ITGA2	0.000127338130601505	1134	rwr	BC
POLR2I	0.00012728705954113	1135	rwr	BC
PLCD1	0.000127186965413235	1136	rwr	BC
GRAP2	0.000126929243200672	1137	rwr	BC
RPL9	0.000126915602069623	1138	rwr	BC
H2BC9	0.000126851287610386	1139	rwr	BC
RPL3	0.000126834947318649	1140	rwr	BC
LCP2	0.000126798833985408	1141	rwr	BC
RPS28	0.000126627110598725	1142	rwr	BC
GRB10	0.000126435433525782	1143	rwr	BC
RANBP2	0.000126225808289481	1144	rwr	BC
PI4KB	0.00012605851750491	1145	rwr	BC
IRF3	0.000126009494811641	1146	rwr	BC
H2BC7	0.000125401920067374	1147	rwr	BC
POLR2J	0.000125304525446247	1148	rwr	BC
CTNNA1	0.000125270665296324	1149	rwr	BC
MYCN	0.000125268516750114	1150	rwr	BC
PRKCG	0.000125155446123808	1151	rwr	BC
FCER1G	0.000125126029635952	1152	rwr	BC
PPP2R1B	0.000124981183066281	1153	rwr	BC
MRPL11	0.000124913698679247	1154	rwr	BC
LEP	0.000124701841497215	1155	rwr	BC
RNF20	0.000124623086305064	1156	rwr	BC
H2BC10	0.000124599662203665	1157	rwr	BC
UBE2K	0.000124597848686856	1158	rwr	BC
CTLA4	0.000124426907843609	1159	rwr	BC
NCAPG2	0.000124417825674581	1160	rwr	BC
RPS24	0.00012441359043197	1161	rwr	BC
VHL	0.000124272958965143	1162	rwr	BC
RFWD3	0.000124219330244838	1163	rwr	BC
CORT	0.000124040793505199	1164	rwr	BC
CDCA3	0.000123999092929688	1165	rwr	BC
AASDH	0.000123853794270841	1166	rwr	BC
KMT2C	0.00012385143567424	1167	rwr	BC
RPSA	0.000123805262650644	1168	rwr	BC
RPL19	0.000123753619678619	1169	rwr	BC
PSMD4	0.000123399321044307	1170	rwr	BC
GNAS	0.000123355754393574	1171	rwr	BC
RPL30	0.000123158047383906	1172	rwr	BC
CSTF1	0.000123122776336946	1173	rwr	BC
COPS5	0.000122974589234554	1174	rwr	BC
KLF4	0.000122741296437633	1175	rwr	BC
TDG	0.000122712572463169	1176	rwr	BC
H2BC6	0.000122672221779706	1177	rwr	BC
H2BC8	0.000122308079346776	1178	rwr	BC
YBX1	0.000122194261861269	1179	rwr	BC
CLEC7A	0.000122039791970718	1180	rwr	BC
CCND2	0.000121752865771723	1181	rwr	BC
RNF4	0.000121704930234345	1182	rwr	BC
TLN1	0.000121521805836177	1183	rwr	BC
CDH5	0.000121041123938664	1184	rwr	BC
KIFC1	0.000120814999452113	1185	rwr	BC
CEBPB	0.000120722737574038	1186	rwr	BC
RPS17	0.000120650795968184	1187	rwr	BC
HORMAD1	0.000120603200854592	1188	rwr	BC
ASXL1	0.00012057708649984	1189	rwr	BC
CDK5	0.00012041889984512	1190	rwr	BC
IHH	0.000120271669831704	1191	rwr	BC
CDIPT	0.000120132473369545	1192	rwr	BC
H4C7	0.000119957671728911	1193	rwr	BC
ITGB3	0.000119828480277289	1194	rwr	BC
FCGR3B	0.00011969643425678	1195	rwr	BC
MRPL32	0.000119692752318343	1196	rwr	BC
RPL7	0.000119565184164463	1197	rwr	BC
RPS25	0.000119357612109373	1198	rwr	BC
RPL18	0.000119252503237023	1199	rwr	BC
RPL15	0.000119215630876586	1200	rwr	BC
STAG1	0.000119201835753083	1201	rwr	BC
H2BU1	0.000119199223122522	1202	rwr	BC
CEBPA	0.000119054066908025	1203	rwr	BC
H2BC15	0.000119008770406664	1204	rwr	BC
GSDMD	0.000118980968274813	1205	rwr	BC
NCOR2	0.000118853285011192	1206	rwr	BC
ATF2	0.000118812188322944	1207	rwr	BC
SGO1	0.000118751142228634	1208	rwr	BC
ORC4	0.000118702571961343	1209	rwr	BC
EED	0.000118660564930665	1210	rwr	BC
YWHAQ	0.000118331625980044	1211	rwr	BC
ESR2	0.000118328811783037	1212	rwr	BC
RPL21	0.000118303075314851	1213	rwr	BC
ROCK1	0.000118233516338258	1214	rwr	BC
RPL6	0.000118215437244634	1215	rwr	BC
PRC1	0.000118155558117999	1216	rwr	BC
MRPL12	0.00011812242584232	1217	rwr	BC
HSPA9	0.000118121155506467	1218	rwr	BC
TAF4	0.000118015564771244	1219	rwr	BC
PHLPP1	0.000117929373032096	1220	rwr	BC
WASL	0.000117916584062321	1221	rwr	BC
NDUFC2-KCTD14	0.000117876459092411	1222	rwr	BC
DCAF1	0.000117846734149918	1223	rwr	BC
ICOS	0.000117778488379468	1224	rwr	BC
RPL31	0.000117291562440981	1225	rwr	BC
SPRTN	0.000117266853109887	1226	rwr	BC
RPL18A	0.000117190581557824	1227	rwr	BC
SUV39H1	0.000116691382307486	1228	rwr	BC
RPS29	0.000116548890487119	1229	rwr	BC
PRIMPOL	0.000116488722264266	1230	rwr	BC
GTF2B	0.000116459805808267	1231	rwr	BC
RPL17	0.000116297412617434	1232	rwr	BC
RPS21	0.000116130098844128	1233	rwr	BC
PROM1	0.000116092534981991	1234	rwr	BC
HBEGF	0.000116023298895778	1235	rwr	BC
GTF2F1	0.000115681180784427	1236	rwr	BC
STAT6	0.000115573038081836	1237	rwr	BC
E2F6	0.000115442704495537	1238	rwr	BC
APC	0.000115094779088556	1239	rwr	BC
GNB4	0.00011505215302862	1240	rwr	BC
PARK7	0.000115002297746874	1241	rwr	BC
PLXNB1	0.000114866601513916	1242	rwr	BC
EIF2AK2	0.000114640418455875	1243	rwr	BC
TAF10	0.000114600213441205	1244	rwr	BC
POLE4	0.000114523625153233	1245	rwr	BC
SETD2	0.000114233123419199	1246	rwr	BC
H1-0	0.000114195686097087	1247	rwr	BC
VDAC1	0.000114101262196029	1248	rwr	BC
RPL13	0.000113974223336148	1249	rwr	BC
SLCO6A1	0.000113869677601679	1250	rwr	BC
RPL35A	0.000113656989812009	1251	rwr	BC
RPS4X	0.000113565331534617	1252	rwr	BC
ORC6	0.000113345241213628	1253	rwr	BC
ERCC6L	0.000113161818493395	1254	rwr	BC
WEE2	0.000113133372177415	1255	rwr	BC
RPL7A	0.00011311642932825	1256	rwr	BC
RPS26	0.000112975938539189	1257	rwr	BC
RBL2	0.000112861097701464	1258	rwr	BC
BCAP31	0.000112669921470199	1259	rwr	BC
CCL5	0.000112602883381789	1260	rwr	BC
AKT1S1	0.000112516918171292	1261	rwr	BC
IL6ST	0.000112455954918815	1262	rwr	BC
SUPT5H	0.000112396296627223	1263	rwr	BC
ELAVL1	0.000112368577981966	1264	rwr	BC
POLG	0.000112126988892605	1265	rwr	BC
CSNK2A2	0.000112118082955658	1266	rwr	BC
CDC20B	0.000111953471772339	1267	rwr	BC
FBXO5	0.000111914221694563	1268	rwr	BC
MRPL43	0.000111849175525123	1269	rwr	BC
RPL34	0.000111744891766908	1270	rwr	BC
KNTC1	0.00011173772727311	1271	rwr	BC
OLA1	0.000111712942049867	1272	rwr	BC
CDC73	0.000111445229970985	1273	rwr	BC
UBA1	0.000111422578349013	1274	rwr	BC
UBXN1	0.000111266663359991	1275	rwr	BC
RPL36	0.000111241270524929	1276	rwr	BC
MT-CYB	0.000111221704033108	1277	rwr	BC
PIEZO1	0.000111177363330403	1278	rwr	BC
RPL37A	0.000111103602757386	1279	rwr	BC
IRAK1	0.000111054302696841	1280	rwr	BC
RPL32	0.000110955009325543	1281	rwr	BC
IKBKE	0.000110899993418542	1282	rwr	BC
RPL38	0.000110878119471656	1283	rwr	BC
HDAC4	0.000110857483416944	1284	rwr	BC
PI4KA	0.000110812974098167	1285	rwr	BC
PDS5A	0.000110731123930204	1286	rwr	BC
CENPH	0.000110704848331544	1287	rwr	BC
MRPL20	0.000110404935908356	1288	rwr	BC
ORC3	0.000110336228613717	1289	rwr	BC
CDC25B	0.000110272686587661	1290	rwr	BC
CENPM	0.000109955437819364	1291	rwr	BC
RPS12	0.0001098671666275	1292	rwr	BC
PMPCB	0.00010979436523031	1293	rwr	BC
MRPL47	0.000109759290122036	1294	rwr	BC
CSF3	0.000109750079492191	1295	rwr	BC
TAF7	0.000109327075465551	1296	rwr	BC
GNA11	0.00010929528330214	1297	rwr	BC
RPL24	0.000109261453738912	1298	rwr	BC
RABIF	0.000109229148034519	1299	rwr	BC
PIEZO2	0.000109101634847012	1300	rwr	BC
NRG1	0.000109095242607267	1301	rwr	BC
ANK1	0.000109082368179048	1302	rwr	BC
BRD7	0.000108941900388804	1303	rwr	BC
XBP1	0.000108852908787619	1304	rwr	BC
KIF14	0.000108848099600788	1305	rwr	BC
COP1	0.000108604303214251	1306	rwr	BC
PSMC3IP	0.000108590699698472	1307	rwr	BC
DVL1	0.000108334476475687	1308	rwr	BC
CHTF8	0.000108299350744772	1309	rwr	BC
INPP4B	0.000108241187378859	1310	rwr	BC
RPS15A	0.000108172653017779	1311	rwr	BC
ARAF	0.000108115372985673	1312	rwr	BC
ITGB4	0.000108101173778296	1313	rwr	BC
INPP4A	0.000108028359432065	1314	rwr	BC
RPL12	0.000107969707968523	1315	rwr	BC
CBX1	0.000107955750924147	1316	rwr	BC
INPP5E	0.000107885914311421	1317	rwr	BC
ESCO1	0.000107596134058188	1318	rwr	BC
TCEA1	0.000107573091032343	1319	rwr	BC
RPL14	0.000107547525842641	1320	rwr	BC
ARF6	0.000107446437691741	1321	rwr	BC
RPL27	0.000107130425904225	1322	rwr	BC
RNF212	0.000107089178929189	1323	rwr	BC
RPL10	0.00010705418526072	1324	rwr	BC
ANK2	0.000106589844953681	1325	rwr	BC
RPL26L1	0.000106508357594169	1326	rwr	BC
FASN	0.000106487286408228	1327	rwr	BC
CENPS-CORT	0.000106321793137942	1328	rwr	BC
RPL29	0.000106177513572104	1329	rwr	BC
YWHAG	0.000106163379166671	1330	rwr	BC
PLEC	0.000105872241966005	1331	rwr	BC
MLST8	0.000105780689789381	1332	rwr	BC
MEN1	0.000105719721629593	1333	rwr	BC
KREMEN1	0.000105681965653394	1334	rwr	BC
PREX1	0.000105477076868248	1335	rwr	BC
KREMEN2	0.000105456620341293	1336	rwr	BC
CSNK2B	0.000105282979644218	1337	rwr	BC
ANLN	0.000105231801972275	1338	rwr	BC
RPL17-C18orf32	0.000105013813388559	1339	rwr	BC
DNM1L	0.000104956623657849	1340	rwr	BC
CFTR	0.000104948170217067	1341	rwr	BC
CENPU	0.000104848848238124	1342	rwr	BC
SHARPIN	0.000104833795549223	1343	rwr	BC
MED17	0.000104705701333449	1344	rwr	BC
CCND3	0.000104517907124308	1345	rwr	BC
SOCS3	0.000104372251050306	1346	rwr	BC
CSTF2	0.000104331314140544	1347	rwr	BC
SMAD7	0.000104270754781816	1348	rwr	BC
IRF7	0.000104228281882379	1349	rwr	BC
ASH2L	0.000104186562624243	1350	rwr	BC
PI4K2A	0.000104145409590201	1351	rwr	BC
RAPGEF1	0.000104133108104685	1352	rwr	BC
RPL10A	0.000104040367384418	1353	rwr	BC
PSEN1	0.000103964623789459	1354	rwr	BC
LMNB1	0.000103869777318056	1355	rwr	BC
CBLB	0.000103752301731336	1356	rwr	BC
RNF40	0.000103700147853537	1357	rwr	BC
SPAG5	0.000103678323608088	1358	rwr	BC
RHOG	0.000103597527978677	1359	rwr	BC
RPL28	0.000103504849417935	1360	rwr	BC
HSPB1	0.000103204618094057	1361	rwr	BC
H2BC13	0.000103172167801313	1362	rwr	BC
CTR9	0.000103160158558301	1363	rwr	BC
EIF4E	0.000103138348060698	1364	rwr	BC
RPS10	0.000103107013278899	1365	rwr	BC
SRSF1	0.000103001199148957	1366	rwr	BC
CTBP2	0.000102907347494441	1367	rwr	BC
PI4K2B	0.000102874141194038	1368	rwr	BC
RPS6KB2	0.000102712805775525	1369	rwr	BC
RPL27A	0.000102627727676582	1370	rwr	BC
IGHV3OR16-9	0.000102588160939833	1371	rwr	BC
CBX6	0.000102581370402228	1372	rwr	BC
PRMT5	0.000102514605496765	1373	rwr	BC
HNRNPK	0.000102277380672715	1374	rwr	BC
KDM4A	0.000102143344598608	1375	rwr	BC
ZUP1	0.000102115217969889	1376	rwr	BC
MGLL	0.000102036578355964	1377	rwr	BC
SDHA	0.000101928024704743	1378	rwr	BC
UBE2L3	0.000101871640125948	1379	rwr	BC
ANGPT4	0.000101725324638237	1380	rwr	BC
EPRS1	0.0001014499174959	1381	rwr	BC
MECP2	0.000101448360698042	1382	rwr	BC
CCK	0.000101307468258405	1383	rwr	BC
MORF4L2	0.000101289095388271	1384	rwr	BC
DDX5	0.0001012077524411	1385	rwr	BC
IFT57	0.000101183451353014	1386	rwr	BC
TAF12	0.000101072334433571	1387	rwr	BC
EEF2	0.000101067717800592	1388	rwr	BC
CENPI	0.000100666640022892	1389	rwr	BC
ITPR3	0.000100570807156503	1390	rwr	BC
RIPK2	0.00010051725305441	1391	rwr	BC
TOP1MT	0.000100377141563598	1392	rwr	BC
CD86	0.000100283926728071	1393	rwr	BC
RPL37	0.00010022343157133	1394	rwr	BC
SMARCD1	0.000100210200817085	1395	rwr	BC
LEO1	9.99796110996502e-05	1396	rwr	BC
NHP2	9.98676187359856e-05	1397	rwr	BC
PBRM1	9.96983007143589e-05	1398	rwr	BC
NBR1	9.96803725856228e-05	1399	rwr	BC
HLA-A	9.96617559126243e-05	1400	rwr	BC
TRAF5	9.95915807706823e-05	1401	rwr	BC
TXN	9.9520752504687e-05	1402	rwr	BC
UQCRC2	9.92824542077317e-05	1403	rwr	BC
HDAC8	9.9231820969315e-05	1404	rwr	BC
TAB3	9.92202383973626e-05	1405	rwr	BC
PIK3R4	9.91484135998966e-05	1406	rwr	BC
RPL22	9.91112988298182e-05	1407	rwr	BC
CARM1	9.90902330023949e-05	1408	rwr	BC
LIFR	9.89561946457853e-05	1409	rwr	BC
BMP2	9.8871676176666e-05	1410	rwr	BC
CTNNA2	9.88610050994844e-05	1411	rwr	BC
DLG1	9.87163016369319e-05	1412	rwr	BC
PWWP3A	9.85160568874736e-05	1413	rwr	BC
CTC1	9.84986341677526e-05	1414	rwr	BC
CDKN1C	9.8489389651241e-05	1415	rwr	BC
KIF18A	9.84352809169434e-05	1416	rwr	BC
COX4I1	9.83356511769769e-05	1417	rwr	BC
WWP2	9.82850592736944e-05	1418	rwr	BC
RAD23A	9.82471053153051e-05	1419	rwr	BC
RNF135	9.80649480813285e-05	1420	rwr	BC
HNRNPA1	9.78312667694374e-05	1421	rwr	BC
PTK6	9.7771953480138e-05	1422	rwr	BC
PRKCE	9.77633717608837e-05	1423	rwr	BC
FRS3	9.75802459536739e-05	1424	rwr	BC
IFNA1	9.75601837330685e-05	1425	rwr	BC
SUPT6H	9.74141133687823e-05	1426	rwr	BC
MLLT3	9.72996872774804e-05	1427	rwr	BC
CYBB	9.72320824135639e-05	1428	rwr	BC
IL6R	9.71695184205197e-05	1429	rwr	BC
CASP4	9.7089238394768e-05	1430	rwr	BC
COX5B	9.70633035059321e-05	1431	rwr	BC
ITCH	9.70614608161126e-05	1432	rwr	BC
HMG20B	9.70550504949179e-05	1433	rwr	BC
SPIDR	9.70040039794586e-05	1434	rwr	BC
RPL39	9.68394416343681e-05	1435	rwr	BC
SPC25	9.67033546042667e-05	1436	rwr	BC
PWWP3B	9.6673655261518e-05	1437	rwr	BC
RTF1	9.63853284752132e-05	1438	rwr	BC
FGR	9.62825502606719e-05	1439	rwr	BC
TYROBP	9.61727634479179e-05	1440	rwr	BC
TNKS2	9.61627254288162e-05	1441	rwr	BC
CD9	9.61185435106248e-05	1442	rwr	BC
THRB	9.60853212663939e-05	1443	rwr	BC
PHLPP2	9.60768230582285e-05	1444	rwr	BC
NCF1	9.60399522720877e-05	1445	rwr	BC
TLN2	9.59395471629112e-05	1446	rwr	BC
CCNT1	9.58928252001802e-05	1447	rwr	BC
TAF5	9.58912309903603e-05	1448	rwr	BC
HSPG2	9.57730234966113e-05	1449	rwr	BC
RPL10L	9.56398605312245e-05	1450	rwr	BC
AGO1	9.5592686957217e-05	1451	rwr	BC
SLC9A3R1	9.54730534485186e-05	1452	rwr	BC
SIRT2	9.53303774435141e-05	1453	rwr	BC
SNCA	9.53234119980698e-05	1454	rwr	BC
PIDD1	9.52661253007906e-05	1455	rwr	BC
NCL	9.52235190991243e-05	1456	rwr	BC
TRIM33	9.52150278113686e-05	1457	rwr	BC
HELLS	9.51886774197998e-05	1458	rwr	BC
POLG2	9.51754493807781e-05	1459	rwr	BC
APPL1	9.51410487682178e-05	1460	rwr	BC
CRTC2	9.49596967692872e-05	1461	rwr	BC
RPL36A	9.46699345371312e-05	1462	rwr	BC
IGHV3-43D	9.45903916592707e-05	1463	rwr	BC
DOT1L	9.45869553072137e-05	1464	rwr	BC
BCL6	9.44919703437696e-05	1465	rwr	BC
RYBP	9.44792589025509e-05	1466	rwr	BC
H2AZ2	9.43655601137825e-05	1467	rwr	BC
INCENP	9.43538167866837e-05	1468	rwr	BC
TFDP1	9.42853627024825e-05	1469	rwr	BC
ATP5F1A	9.42794476932694e-05	1470	rwr	BC
PRMT1	9.42581872280376e-05	1471	rwr	BC
PLCZ1	9.42279872352865e-05	1472	rwr	BC
HSF2BP	9.41943739033118e-05	1473	rwr	BC
RPL36AL	9.41843834854815e-05	1474	rwr	BC
SETD1A	9.41453992820231e-05	1475	rwr	BC
LRRK2	9.40772836277496e-05	1476	rwr	BC
ATF4	9.39546447102204e-05	1477	rwr	BC
NUMB	9.37140288498551e-05	1478	rwr	BC
UBR5	9.37080540997251e-05	1479	rwr	BC
MED14	9.35225597116122e-05	1480	rwr	BC
MRPS12	9.34277048155618e-05	1481	rwr	BC
ADAM10	9.34075840113141e-05	1482	rwr	BC
PSMD14	9.33398123391009e-05	1483	rwr	BC
CD80	9.33063412090763e-05	1484	rwr	BC
ATF3	9.329400253576e-05	1485	rwr	BC
CRCP	9.31602828847916e-05	1486	rwr	BC
WSCD1	9.31308891455662e-05	1487	rwr	BC
WSCD2	9.31308891455662e-05	1488	rwr	BC
PPARA	9.29964056360177e-05	1489	rwr	BC
ABRAXAS2	9.29360883922092e-05	1490	rwr	BC
MT-CO1	9.26011027000726e-05	1491	rwr	BC
ITGA6	9.25481599576495e-05	1492	rwr	BC
SMARCC2	9.25182468241695e-05	1493	rwr	BC
KDM6B	9.25063814836835e-05	1494	rwr	BC
PKM	9.24894743026612e-05	1495	rwr	BC
MAPKAP1	9.23358239035073e-05	1496	rwr	BC
NOD2	9.23031847687734e-05	1497	rwr	BC
MRTO4	9.22512333188316e-05	1498	rwr	BC
PLCD4	9.22395407913403e-05	1499	rwr	BC
F11R	9.21070148166733e-05	1500	rwr	BC
CSNK1E	9.20687388666747e-05	1501	rwr	BC
PCGF5	9.20136007062525e-05	1502	rwr	BC
PPP2R5C	9.19989664906114e-05	1503	rwr	BC
RPS4Y1	9.19107400099827e-05	1504	rwr	BC
PLCD3	9.18926996316467e-05	1505	rwr	BC
CALM1	9.17747721752584e-05	1506	rwr	BC
FOXP3	9.14965560980894e-05	1507	rwr	BC
IL7R	9.12441612204714e-05	1508	rwr	BC
IL17A	9.12147004558018e-05	1509	rwr	BC
PCGF3	9.1210811182756e-05	1510	rwr	BC
DEPDC1	9.09199975523474e-05	1511	rwr	BC
LMNA	9.08703398917444e-05	1512	rwr	BC
DICER1	9.08559571440937e-05	1513	rwr	BC
H2BC18	9.08375595085959e-05	1514	rwr	BC
ACACA	9.08263658141216e-05	1515	rwr	BC
MAGI1	9.07933841081323e-05	1516	rwr	BC
CASP8AP2	9.0615093448189e-05	1517	rwr	BC
RBPJ	9.0606876596303e-05	1518	rwr	BC
MCAT	9.05340537253341e-05	1519	rwr	BC
TAF2	9.05315265037953e-05	1520	rwr	BC
EFNA3	9.04738738954012e-05	1521	rwr	BC
IL13	9.0398310445994e-05	1522	rwr	BC
CHRAC1	9.02936636146796e-05	1523	rwr	BC
NOP53	9.02819647676922e-05	1524	rwr	BC
SREBF1	9.02648098791123e-05	1525	rwr	BC
RNF31	9.02582528911386e-05	1526	rwr	BC
KSR1	9.02501537196791e-05	1527	rwr	BC
RPS10-NUDT3	9.02246511052937e-05	1528	rwr	BC
BAD	9.00869097077438e-05	1529	rwr	BC
PARD6A	9.00737772282358e-05	1530	rwr	BC
HNRNPC	8.99872263887781e-05	1531	rwr	BC
CENPJ	8.99297228998851e-05	1532	rwr	BC
EFNA2	8.99007933964069e-05	1533	rwr	BC
CD74	8.96606395364397e-05	1534	rwr	BC
TNFRSF9	8.95757928976966e-05	1535	rwr	BC
WNT3A	8.95559545034179e-05	1536	rwr	BC
PEX5	8.9517876402478e-05	1537	rwr	BC
PARD6B	8.94933849780735e-05	1538	rwr	BC
HSPD1	8.94347423872389e-05	1539	rwr	BC
PCGF1	8.942070449702e-05	1540	rwr	BC
ULK1	8.93665562754053e-05	1541	rwr	BC
HIP1	8.9360902281206e-05	1542	rwr	BC
UBE2V1	8.93555306629659e-05	1543	rwr	BC
WWOX	8.92687086626407e-05	1544	rwr	BC
H3BNC9_HUMAN	8.91198427457531e-05	1545	rwr	BC
MSX2	8.91128260841143e-05	1546	rwr	BC
PMPCA	8.89903773185281e-05	1547	rwr	BC
RARA	8.89329545256312e-05	1548	rwr	BC
USP9X	8.89179625454813e-05	1549	rwr	BC
WRAP53	8.88777110814343e-05	1550	rwr	BC
CKS1B	8.88686302348867e-05	1551	rwr	BC
MALSU1	8.88313335003361e-05	1552	rwr	BC
RHOC	8.88165638771453e-05	1553	rwr	BC
HCST	8.87911652928176e-05	1554	rwr	BC
COX7C	8.86641914423002e-05	1555	rwr	BC
LRR1	8.85788134270933e-05	1556	rwr	BC
DONSON	8.85407292006878e-05	1557	rwr	BC
GNB5	8.84742254148769e-05	1558	rwr	BC
MED6	8.84065603778396e-05	1559	rwr	BC
NIPBL	8.83652114087164e-05	1560	rwr	BC
FBXW11	8.80741330487352e-05	1561	rwr	BC
AEBP2	8.80628490421854e-05	1562	rwr	BC
RHOB	8.79477495650311e-05	1563	rwr	BC
ESRP2	8.79004436637033e-05	1564	rwr	BC
FCGR1A	8.78487992450259e-05	1565	rwr	BC
BTC	8.78453690445536e-05	1566	rwr	BC
CCT4	8.77714830063929e-05	1567	rwr	BC
CGAS	8.77053387337577e-05	1568	rwr	BC
TBC1D7	8.76742561943745e-05	1569	rwr	BC
SCML2	8.7617931666131e-05	1570	rwr	BC
MRPS10	8.75558183209395e-05	1571	rwr	BC
VASP	8.75550848477717e-05	1572	rwr	BC
EZH1	8.7445187852861e-05	1573	rwr	BC
DBF4B	8.73714639136345e-05	1574	rwr	BC
USP13	8.72154916792628e-05	1575	rwr	BC
MT-CO3	8.71867058795156e-05	1576	rwr	BC
DOCK1	8.71148371775341e-05	1577	rwr	BC
CCT7	8.70631017400611e-05	1578	rwr	BC
CD38	8.70346502894762e-05	1579	rwr	BC
SDHC	8.69495875556034e-05	1580	rwr	BC
RASSF5	8.69441507234081e-05	1581	rwr	BC
H2BS1	8.69224169010946e-05	1582	rwr	BC
ZBP1	8.69213299060922e-05	1583	rwr	BC
UBE2A	8.68929092715161e-05	1584	rwr	BC
NOS3	8.68910886455253e-05	1585	rwr	BC
ETV6	8.68882505449401e-05	1586	rwr	BC
OTUB1	8.68067021872969e-05	1587	rwr	BC
PLEK	8.67931056711396e-05	1588	rwr	BC
DROSHA	8.67286545758085e-05	1589	rwr	BC
IFI16	8.66375456945888e-05	1590	rwr	BC
GRB7	8.656487954004e-05	1591	rwr	BC
PRDX1	8.65112408642229e-05	1592	rwr	BC
IDH2	8.62851097423992e-05	1593	rwr	BC
CCT2	8.62405965081205e-05	1594	rwr	BC
CTDP1	8.60302034462118e-05	1595	rwr	BC
MDH2	8.59836873582027e-05	1596	rwr	BC
VAC14	8.59697271476519e-05	1597	rwr	BC
NRG2	8.56833752910633e-05	1598	rwr	BC
KLRK1	8.5659617013604e-05	1599	rwr	BC
DVL2	8.55624849779762e-05	1600	rwr	BC
TCP1	8.55525720579121e-05	1601	rwr	BC
HSPA1B	8.55384939080276e-05	1602	rwr	BC
SMARCC1	8.53610980575973e-05	1603	rwr	BC
MYBL2	8.52938600134401e-05	1604	rwr	BC
MT-CO2	8.52389376120727e-05	1605	rwr	BC
CSNK1A1	8.51450635749793e-05	1606	rwr	BC
CDC5L	8.51283431605023e-05	1607	rwr	BC
RALA	8.50523012282837e-05	1608	rwr	BC
ISG15	8.50164644171891e-05	1609	rwr	BC
CCR5	8.50117789193607e-05	1610	rwr	BC
PAF1	8.48597220451134e-05	1611	rwr	BC
PARD6G	8.47476022659007e-05	1612	rwr	BC
HDAC5	8.46360089031209e-05	1613	rwr	BC
IRAK4	8.46182684890678e-05	1614	rwr	BC
RB1CC1	8.46021995484662e-05	1615	rwr	BC
MED23	8.45282412069365e-05	1616	rwr	BC
CCT5	8.44219790888737e-05	1617	rwr	BC
HUS1B	8.43132096068665e-05	1618	rwr	BC
TAF3	8.42810805508773e-05	1619	rwr	BC
CCAR2	8.40836415875374e-05	1620	rwr	BC
UQCR11	8.40776035891235e-05	1621	rwr	BC
HCFC1	8.40626175117623e-05	1622	rwr	BC
HMGB1	8.39671373506816e-05	1623	rwr	BC
TGFBR1	8.39297618061517e-05	1624	rwr	BC
POLI	8.38227748609892e-05	1625	rwr	BC
KMT5A	8.37502607374921e-05	1626	rwr	BC
MRPS7	8.3630348228502e-05	1627	rwr	BC
MRPS5	8.36204792624939e-05	1628	rwr	BC
CXCL10	8.35992054555089e-05	1629	rwr	BC
STAG2	8.35939669431167e-05	1630	rwr	BC
GTF2F2	8.35594053878104e-05	1631	rwr	BC
ADRB2	8.35144270763473e-05	1632	rwr	BC
CYP19A1	8.34547304288779e-05	1633	rwr	BC
WWP1	8.34414249511662e-05	1634	rwr	BC
SOX9	8.33392242092419e-05	1635	rwr	BC
USP14	8.33029275251893e-05	1636	rwr	BC
SMARCE1	8.32578324949603e-05	1637	rwr	BC
MACROH2A1	8.32192099527045e-05	1638	rwr	BC
SKA3	8.32077344274554e-05	1639	rwr	BC
MED24	8.29175448878773e-05	1640	rwr	BC
PSMC5	8.29123328431841e-05	1641	rwr	BC
YAF2	8.29100455216647e-05	1642	rwr	BC
ETAA1	8.28972613938238e-05	1643	rwr	BC
ITGA1	8.28397079702834e-05	1644	rwr	BC
CD40LG	8.2775738125933e-05	1645	rwr	BC
IMP3	8.26948992999814e-05	1646	rwr	BC
TXK	8.25922686047739e-05	1647	rwr	BC
CTNNA3	8.25593419112665e-05	1648	rwr	BC
MSN	8.25332963156529e-05	1649	rwr	BC
NEIL2	8.25136843988031e-05	1650	rwr	BC
IL7	8.24707673207396e-05	1651	rwr	BC
REL	8.24703089343967e-05	1652	rwr	BC
WDR61	8.2436241682894e-05	1653	rwr	BC
SUPT4H1	8.24316541463356e-05	1654	rwr	BC
PPP1CB	8.24216018207796e-05	1655	rwr	BC
MED15	8.23959751373211e-05	1656	rwr	BC
CLDN7	8.23933527720694e-05	1657	rwr	BC
CHD3	8.23597169577676e-05	1658	rwr	BC
THRA	8.2320243493867e-05	1659	rwr	BC
SETDB1	8.23064631757086e-05	1660	rwr	BC
AGT	8.22959721037453e-05	1661	rwr	BC
NCF2	8.22862611179336e-05	1662	rwr	BC
DPY30	8.21701301367093e-05	1663	rwr	BC
ERBIN	8.21654466652684e-05	1664	rwr	BC
CKAP5	8.20301595213185e-05	1665	rwr	BC
HSPB2	8.20227996289576e-05	1666	rwr	BC
UQCRH	8.19313856757435e-05	1667	rwr	BC
EFTUD2	8.18233524229815e-05	1668	rwr	BC
PEA15	8.18130155858235e-05	1669	rwr	BC
CENPW	8.18084415434591e-05	1670	rwr	BC
PPP2R5A	8.16329380341013e-05	1671	rwr	BC
NCK2	8.16235252870368e-05	1672	rwr	BC
MED8	8.15444592125705e-05	1673	rwr	BC
ITGAX	8.1427122069936e-05	1674	rwr	BC
GTF2E1	8.13960230134327e-05	1675	rwr	BC
CDCA2	8.12337887054829e-05	1676	rwr	BC
MRPL22	8.11959567540411e-05	1677	rwr	BC
TAF8	8.11469829742969e-05	1678	rwr	BC
APOE	8.10626289651537e-05	1679	rwr	BC
CUL4B	8.09670105202831e-05	1680	rwr	BC
MMP7	8.08799138136784e-05	1681	rwr	BC
HMGA2	8.08681680759237e-05	1682	rwr	BC
MED16	8.08596535917717e-05	1683	rwr	BC
ARHGEF6	8.08579927514803e-05	1684	rwr	BC
DKC1	8.08242547934998e-05	1685	rwr	BC
MCM8-2	8.07329374870531e-05	1686	rwr	BC
TJP2	8.06757190061204e-05	1687	rwr	BC
MLLT1	8.06414993324684e-05	1688	rwr	BC
POLR1C	8.05864785001854e-05	1689	rwr	BC
MTG1	8.05711234099296e-05	1690	rwr	BC
NDUFA4	8.04850865709271e-05	1691	rwr	BC
MED4	8.04569672053354e-05	1692	rwr	BC
ILKAP	8.04505735196372e-05	1693	rwr	BC
IL18	8.03467689017481e-05	1694	rwr	BC
CCR7	8.03212336505484e-05	1695	rwr	BC
COX6B1	8.00796402405298e-05	1696	rwr	BC
PPP2R2D	8.00229118950161e-05	1697	rwr	BC
HSPB3	8.00204453593357e-05	1698	rwr	BC
K7EMT4_HUMAN	7.98423133636022e-05	1699	rwr	BC
MRPL4	7.976314248784e-05	1700	rwr	BC
PCID2	7.97485582491761e-05	1701	rwr	BC
OXSM	7.97408245919311e-05	1702	rwr	BC
PRSS1	7.97179794101862e-05	1703	rwr	BC
FGFRL1	7.9659529423117e-05	1704	rwr	BC
RRAGD	7.96108478770915e-05	1705	rwr	BC
TUBB	7.95670986515096e-05	1706	rwr	BC
MED26	7.9510315154401e-05	1707	rwr	BC
PTK2B	7.94540969400172e-05	1708	rwr	BC
NTF3	7.94495271096999e-05	1709	rwr	BC
DNAJB1	7.9423188550586e-05	1710	rwr	BC
PSMD2	7.9326013462151e-05	1711	rwr	BC
IL3	7.92912693864033e-05	1712	rwr	BC
NCOA2	7.92033128639352e-05	1713	rwr	BC
NEIL3	7.91568205167971e-05	1714	rwr	BC
GDNF	7.90620463332786e-05	1715	rwr	BC
CCN2	7.90453309127611e-05	1716	rwr	BC
ARHGEF12	7.90221619800328e-05	1717	rwr	BC
EP400	7.89350713946942e-05	1718	rwr	BC
SKA1	7.88956200220426e-05	1719	rwr	BC
IL15	7.88049658570924e-05	1720	rwr	BC
MMS22L	7.87824572253654e-05	1721	rwr	BC
GNA13	7.87561887529943e-05	1722	rwr	BC
PLEK2	7.87288212213941e-05	1723	rwr	BC
IGLL5	7.87285030674255e-05	1724	rwr	BC
KMT2D	7.86810495785611e-05	1725	rwr	BC
IL2RA	7.85876821956255e-05	1726	rwr	BC
ITGB7	7.84689923329931e-05	1727	rwr	BC
NRG4	7.81624675673924e-05	1728	rwr	BC
NOTCH4	7.80685987476666e-05	1729	rwr	BC
KISS1R	7.79818713775305e-05	1730	rwr	BC
KRT7	7.79486433067271e-05	1731	rwr	BC
MAGI2	7.7942653355011e-05	1732	rwr	BC
TACC2	7.79411466991098e-05	1733	rwr	BC
NELFB	7.7936065649338e-05	1734	rwr	BC
MED28	7.79197387890833e-05	1735	rwr	BC
MED30	7.7907754160722e-05	1736	rwr	BC
BMP4	7.78100087800692e-05	1737	rwr	BC
CD247	7.77638638761404e-05	1738	rwr	BC
XPO1	7.77432142342225e-05	1739	rwr	BC
UBE2B	7.77207315362542e-05	1740	rwr	BC
MRPS11	7.76996407835452e-05	1741	rwr	BC
DYRK2	7.74591968726623e-05	1742	rwr	BC
INSRR	7.73660629140895e-05	1743	rwr	BC
DCK	7.73350887484078e-05	1744	rwr	BC
COL1A1	7.72486069728488e-05	1745	rwr	BC
KRT5	7.72459164394289e-05	1746	rwr	BC
MED27	7.72186527345636e-05	1747	rwr	BC
SNX9	7.71497601790617e-05	1748	rwr	BC
ITGA5	7.71181301488013e-05	1749	rwr	BC
NR4A1	7.70624616860217e-05	1750	rwr	BC
B2M	7.70400768156271e-05	1751	rwr	BC
SLF1	7.70385759960695e-05	1752	rwr	BC
GTF2A1	7.69956967427551e-05	1753	rwr	BC
CKS2	7.69829174352543e-05	1754	rwr	BC
MED29	7.69045118615893e-05	1755	rwr	BC
THBS1	7.68582060913993e-05	1756	rwr	BC
PSMC3	7.67844328173627e-05	1757	rwr	BC
NCOA1	7.65719029077567e-05	1758	rwr	BC
MED25	7.65652106876929e-05	1759	rwr	BC
MRM3	7.65397017504955e-05	1760	rwr	BC
SP100	7.65030150173541e-05	1761	rwr	BC
MED31	7.64608096144206e-05	1762	rwr	BC
PPP2R2C	7.63704305757945e-05	1763	rwr	BC
NCAM1	7.62955877383887e-05	1764	rwr	BC
PTPN12	7.61864450948834e-05	1765	rwr	BC
WWTR1	7.61816590857675e-05	1766	rwr	BC
NRG3	7.61392300904648e-05	1767	rwr	BC
GTF2A2	7.61289202551494e-05	1768	rwr	BC
RUNX3	7.61193557169438e-05	1769	rwr	BC
ZNF420	7.60721338318874e-05	1770	rwr	BC
ANXA2	7.60551432780342e-05	1771	rwr	BC
TNFRSF8	7.59906214862936e-05	1772	rwr	BC
NOS1	7.58478762231849e-05	1773	rwr	BC
ATP5PO	7.58391471295439e-05	1774	rwr	BC
IGKV1-33	7.57646114377279e-05	1775	rwr	BC
CENPT	7.57574707170833e-05	1776	rwr	BC
UBAP2L	7.57545275536313e-05	1777	rwr	BC
N4BP1	7.57074105384334e-05	1778	rwr	BC
GNB2	7.57012643114118e-05	1779	rwr	BC
MED7	7.56894316965075e-05	1780	rwr	BC
CS	7.56786288392497e-05	1781	rwr	BC
RALGDS	7.56760367148171e-05	1782	rwr	BC
MED21	7.56689368169245e-05	1783	rwr	BC
DSP	7.56557789014301e-05	1784	rwr	BC
ETF1	7.54567449837361e-05	1785	rwr	BC
EIF3E	7.53552698242416e-05	1786	rwr	BC
NCAPD2	7.52742129582534e-05	1787	rwr	BC
EHMT1	7.51753990688421e-05	1788	rwr	BC
KRT18	7.49873399992159e-05	1789	rwr	BC
TRIM27	7.49627921866625e-05	1790	rwr	BC
EIF2S1	7.49311830063013e-05	1791	rwr	BC
DEDD	7.49228295412526e-05	1792	rwr	BC
SDC4	7.49148019074352e-05	1793	rwr	BC
FGF12	7.49048107687768e-05	1794	rwr	BC
ING2	7.4821086254353e-05	1795	rwr	BC
CLDN1	7.48104275608729e-05	1796	rwr	BC
TOPORS	7.46752929573889e-05	1797	rwr	BC
DYNLL1	7.46549725615105e-05	1798	rwr	BC
GTF2E2	7.4642612795138e-05	1799	rwr	BC
COX6C	7.46403845177931e-05	1800	rwr	BC
MED10	7.46121721013893e-05	1801	rwr	BC
NOP56	7.45526576636998e-05	1802	rwr	BC
IGKV1D-33	7.45161928535424e-05	1803	rwr	BC
PRKCQ	7.45054818737915e-05	1804	rwr	BC
VCAM1	7.44502417987989e-05	1805	rwr	BC
STAT2	7.44431920529893e-05	1806	rwr	BC
ITGAV	7.44369957258809e-05	1807	rwr	BC
PLG	7.43949716144576e-05	1808	rwr	BC
GTPBP3	7.43351815026625e-05	1809	rwr	BC
FKBP1A	7.43083293778116e-05	1810	rwr	BC
CCT8	7.41942629375376e-05	1811	rwr	BC
NABP2	7.41877719121214e-05	1812	rwr	BC
GLI1	7.41420819233484e-05	1813	rwr	BC
CAMK2A	7.41361899046446e-05	1814	rwr	BC
HMGN1	7.41300284959245e-05	1815	rwr	BC
MRPS15	7.40224117870728e-05	1816	rwr	BC
CEP164	7.39944589653789e-05	1817	rwr	BC
IRF1	7.39147220269304e-05	1818	rwr	BC
MRPS6	7.38583733377428e-05	1819	rwr	BC
PER3	7.36991996750038e-05	1820	rwr	BC
ATP5PD	7.36648066104243e-05	1821	rwr	BC
CCT3	7.36445410866717e-05	1822	rwr	BC
PSMD12	7.36412513673619e-05	1823	rwr	BC
RAB8A	7.35893218969832e-05	1824	rwr	BC
MRPS14	7.35817690674803e-05	1825	rwr	BC
MED18	7.35486469237463e-05	1826	rwr	BC
MCMBP	7.35311443971304e-05	1827	rwr	BC
KRT8	7.34166668507884e-05	1828	rwr	BC
MMP3	7.33584941500332e-05	1829	rwr	BC
HMOX1	7.33484573766948e-05	1830	rwr	BC
POLD4	7.33029072078956e-05	1831	rwr	BC
TAF13	7.327538841394e-05	1832	rwr	BC
NKX3-1	7.32641654428891e-05	1833	rwr	BC
MED22	7.32566001041894e-05	1834	rwr	BC
USP10	7.31100569273433e-05	1835	rwr	BC
COX6A2	7.30401591189101e-05	1836	rwr	BC
AMBRA1	7.30313924295277e-05	1837	rwr	BC
PRPF19	7.29285436185482e-05	1838	rwr	BC
CENPK	7.28953356424465e-05	1839	rwr	BC
RBCK1	7.27668540294411e-05	1840	rwr	BC
XAB2	7.27123046198998e-05	1841	rwr	BC
MAD1L1	7.26285423309161e-05	1842	rwr	BC
SNU13	7.25198728822822e-05	1843	rwr	BC
BAK1	7.24934814191339e-05	1844	rwr	BC
NPAT	7.24738770189444e-05	1845	rwr	BC
POMC	7.24593121697725e-05	1846	rwr	BC
CYBA	7.24243701868576e-05	1847	rwr	BC
NOL3	7.24082957491087e-05	1848	rwr	BC
GABARAPL1	7.23520713590444e-05	1849	rwr	BC
PTGES3	7.2317067353337e-05	1850	rwr	BC
TACC3	7.22512284885211e-05	1851	rwr	BC
GLMN	7.22359609869017e-05	1852	rwr	BC
PTTG2	7.22061826201829e-05	1853	rwr	BC
RPS6KA1	7.21578688543684e-05	1854	rwr	BC
E2F2	7.21509119350489e-05	1855	rwr	BC
MRPL2	7.21152046889719e-05	1856	rwr	BC
MYOD1	7.20828968121027e-05	1857	rwr	BC
CDH3	7.20000848157013e-05	1858	rwr	BC
SEC61A1	7.19425218231146e-05	1859	rwr	BC
MRPS16	7.18317062253913e-05	1860	rwr	BC
PIK3AP1	7.17532862788161e-05	1861	rwr	BC
EPAS1	7.17423808049005e-05	1862	rwr	BC
MED11	7.1736782752735e-05	1863	rwr	BC
NCF4	7.17366979017717e-05	1864	rwr	BC
MAX	7.16894893480518e-05	1865	rwr	BC
TNFSF12	7.16638099907565e-05	1866	rwr	BC
ANXA1	7.16600217166108e-05	1867	rwr	BC
E2F3	7.16386178138989e-05	1868	rwr	BC
PIAS2	7.1544253463316e-05	1869	rwr	BC
TAF11	7.15286364765585e-05	1870	rwr	BC
TEN1	7.15160291920332e-05	1871	rwr	BC
BRD2	7.13948480501087e-05	1872	rwr	BC
CLTC	7.13900467107386e-05	1873	rwr	BC
TUBG1	7.13810927793484e-05	1874	rwr	BC
SPP1	7.13793122810881e-05	1875	rwr	BC
TEX11	7.13769427944763e-05	1876	rwr	BC
ARID2	7.13752684805489e-05	1877	rwr	BC
POLR1B	7.13706766668895e-05	1878	rwr	BC
PES1	7.11982866898803e-05	1879	rwr	BC
NASP	7.11920584720801e-05	1880	rwr	BC
MRPS9	7.11448932405136e-05	1881	rwr	BC
MED20	7.11317141752203e-05	1882	rwr	BC
MED19	7.11039884228076e-05	1883	rwr	BC
CUL5	7.1050559938085e-05	1884	rwr	BC
UCHL5	7.0922741894709e-05	1885	rwr	BC
CRY2	7.09074090573442e-05	1886	rwr	BC
EIF4EBP1	7.08614525655906e-05	1887	rwr	BC
MAPKAPK2	7.08407004404006e-05	1888	rwr	BC
IFI35	7.07212210760128e-05	1889	rwr	BC
TRIM25	7.07097460626929e-05	1890	rwr	BC
L1CAM	7.07025339178006e-05	1891	rwr	BC
CSNK1D	7.06553335033767e-05	1892	rwr	BC
MTA1	7.0545604962502e-05	1893	rwr	BC
KAT8	7.04371709547238e-05	1894	rwr	BC
ENO1	7.04364759991909e-05	1895	rwr	BC
MED9	7.03351420720987e-05	1896	rwr	BC
RRAGB	7.03098053252804e-05	1897	rwr	BC
PSMC1	7.02703724763913e-05	1898	rwr	BC
NEDD4L	7.01893735018947e-05	1899	rwr	BC
WT1	7.01277191760153e-05	1900	rwr	BC
CDKN2B	7.01122139899235e-05	1901	rwr	BC
SMG1	7.00551365350817e-05	1902	rwr	BC
EIF5B	7.00291547750698e-05	1903	rwr	BC
NUMBL	6.99480196832242e-05	1904	rwr	BC
NFIB	6.98518857688304e-05	1905	rwr	BC
CD24	6.98464888268898e-05	1906	rwr	BC
NFKB2	6.98439069898103e-05	1907	rwr	BC
EEF1A1	6.97858978651736e-05	1908	rwr	BC
NCOA6	6.97789634119192e-05	1909	rwr	BC
RNF169	6.975952238537e-05	1910	rwr	BC
IL13RA2	6.95667965408367e-05	1911	rwr	BC
CD36	6.95443313551809e-05	1912	rwr	BC
HIPK2	6.95393787758179e-05	1913	rwr	BC
ARF1	6.95033171597203e-05	1914	rwr	BC
GTPBP8	6.94818846525132e-05	1915	rwr	BC
GABARAPL2	6.94516374199416e-05	1916	rwr	BC
NOTCH3	6.94501831886962e-05	1917	rwr	BC
UBE2W	6.93982613550709e-05	1918	rwr	BC
SMC1B	6.93947316660349e-05	1919	rwr	BC
PABPC1	6.93649045868525e-05	1920	rwr	BC
POU2F1	6.93520678796655e-05	1921	rwr	BC
COX7B	6.92737121579642e-05	1922	rwr	BC
LGALS3	6.92362461407191e-05	1923	rwr	BC
KAT6A	6.92276410104076e-05	1924	rwr	BC
JARID2	6.9084446267553e-05	1925	rwr	BC
SH3KBP1	6.90698107890225e-05	1926	rwr	BC
RRAGA	6.90496491052876e-05	1927	rwr	BC
MAP3K3	6.90166740170571e-05	1928	rwr	BC
MRPL36	6.89770073076899e-05	1929	rwr	BC
FKBP4	6.89383430889802e-05	1930	rwr	BC
MRPL19	6.8935950837995e-05	1931	rwr	BC
RRAGC	6.89339649810022e-05	1932	rwr	BC
TET2	6.89153686453572e-05	1933	rwr	BC
CD27	6.87743064581511e-05	1934	rwr	BC
RPL3L	6.8774079911678e-05	1935	rwr	BC
TNFSF11	6.87735193823753e-05	1936	rwr	BC
DCTN1	6.8760762964084e-05	1937	rwr	BC
SNW1	6.8740491446913e-05	1938	rwr	BC
NDUFB2	6.87200156066714e-05	1939	rwr	BC
MRPL27	6.86569725890416e-05	1940	rwr	BC
STAT4	6.86473826337781e-05	1941	rwr	BC
PDCD11	6.85672628093156e-05	1942	rwr	BC
ITGAE	6.85557978350481e-05	1943	rwr	BC
GSK3A	6.84440142666532e-05	1944	rwr	BC
TNFAIP8L2	6.83562500015917e-05	1945	rwr	BC
HDAC7	6.83247780698841e-05	1946	rwr	BC
SETD7	6.82598070325673e-05	1947	rwr	BC
DET1	6.80922120424672e-05	1948	rwr	BC
KLRG1	6.80831404641578e-05	1949	rwr	BC
SMURF1	6.80639800975501e-05	1950	rwr	BC
GMNN	6.79775115229955e-05	1951	rwr	BC
OSMR	6.7876952956759e-05	1952	rwr	BC
SIRT3	6.78554672157731e-05	1953	rwr	BC
S100A8	6.77000026636102e-05	1954	rwr	BC
RRM2B	6.76450668976495e-05	1955	rwr	BC
CBFB	6.75537701895473e-05	1956	rwr	BC
WAPL	6.74638375412798e-05	1957	rwr	BC
ADIPOQ	6.74600738126294e-05	1958	rwr	BC
CCNT2	6.74307315505861e-05	1959	rwr	BC
MAP3K8	6.73650702611485e-05	1960	rwr	BC
VTN	6.73489538381908e-05	1961	rwr	BC
SOD1	6.7283064823252e-05	1962	rwr	BC
CDC14A	6.72821505871011e-05	1963	rwr	BC
CCNB3	6.72821346366999e-05	1964	rwr	BC
RBL1	6.71806871646472e-05	1965	rwr	BC
CEACAM5	6.71519162901363e-05	1966	rwr	BC
EIF4G1	6.71297302519778e-05	1967	rwr	BC
CFL1	6.70947989704146e-05	1968	rwr	BC
LRP5	6.70662251187929e-05	1969	rwr	BC
PPP2R5D	6.70554424759246e-05	1970	rwr	BC
KHDRBS1	6.6856704393377e-05	1971	rwr	BC
CRY1	6.67678795671881e-05	1972	rwr	BC
DDX3X	6.67659697466916e-05	1973	rwr	BC
ACTN4	6.66851007942272e-05	1974	rwr	BC
APEX2	6.66842294865424e-05	1975	rwr	BC
LRP6	6.65993805460106e-05	1976	rwr	BC
RNF7	6.65122029265765e-05	1977	rwr	BC
PLCH2	6.6491942949646e-05	1978	rwr	BC
TRIM24	6.64916201375495e-05	1979	rwr	BC
E2F5	6.64617745522049e-05	1980	rwr	BC
CNTROB	6.64397118081422e-05	1981	rwr	BC
HHAT	6.63674813373998e-05	1982	rwr	BC
POLR1A	6.63180278589303e-05	1983	rwr	BC
IL5	6.63150595875624e-05	1984	rwr	BC
ING1	6.6314966120274e-05	1985	rwr	BC
OTUD3	6.63087252747244e-05	1986	rwr	BC
IGKV2D-29	6.62851723421151e-05	1987	rwr	BC
COX7A1	6.62377303428612e-05	1988	rwr	BC
PHF8	6.61575631461766e-05	1989	rwr	BC
PSIP1	6.6064351141505e-05	1990	rwr	BC
TONSL	6.60591592738535e-05	1991	rwr	BC
DAB1	6.59634098624484e-05	1992	rwr	BC
TCF7L2	6.59203172934427e-05	1993	rwr	BC
APC2	6.5817537086818e-05	1994	rwr	BC
ERVW-1	6.5739894966996e-05	1995	rwr	BC
TARDBP	6.56275834308055e-05	1996	rwr	BC
CCT6A	6.54586271951424e-05	1997	rwr	BC
CTNND2	6.54370302165077e-05	1998	rwr	BC
STAG3	6.53984253799282e-05	1999	rwr	BC
EEA1	6.5393712741616e-05	2000	rwr	BC
MTM1	6.53304834871116e-05	2001	rwr	BC
SPI1	6.52615297432713e-05	2002	rwr	BC
PTPN1	6.51858918018494e-05	2003	rwr	BC
NOP10	6.51839563460298e-05	2004	rwr	BC
CDK8	6.51753455824147e-05	2005	rwr	BC
AFP	6.51431488061108e-05	2006	rwr	BC
ZEB2	6.5141826804157e-05	2007	rwr	BC
SHOC2	6.51015694883239e-05	2008	rwr	BC
GPC1	6.50861718420636e-05	2009	rwr	BC
RASGRP1	6.49975117272673e-05	2010	rwr	BC
CSF3R	6.49669711687195e-05	2011	rwr	BC
WNT5A	6.49110033344889e-05	2012	rwr	BC
EIF3A	6.49034233527106e-05	2013	rwr	BC
EPO	6.479621309295e-05	2014	rwr	BC
SGK1	6.47896425423159e-05	2015	rwr	BC
E2F8	6.47598870581918e-05	2016	rwr	BC
GNB3	6.47026461380659e-05	2017	rwr	BC
SLC2A4	6.46914884880731e-05	2018	rwr	BC
YEATS4	6.4666010020894e-05	2019	rwr	BC
SLC6A3	6.46539154963201e-05	2020	rwr	BC
TPT1	6.46524884533783e-05	2021	rwr	BC
ITGA4	6.45268218499837e-05	2022	rwr	BC
MRPL16	6.44692698033671e-05	2023	rwr	BC
OMG	6.43864630461342e-05	2024	rwr	BC
MRNIP	6.43024089677386e-05	2025	rwr	BC
NSD3	6.42876065589803e-05	2026	rwr	BC
PPP3CA	6.42116646280035e-05	2027	rwr	BC
PHF20	6.41810409728592e-05	2028	rwr	BC
KDM2B	6.41745894890168e-05	2029	rwr	BC
USP22	6.41467087374947e-05	2030	rwr	BC
CYTH3	6.41186057539697e-05	2031	rwr	BC
TAF9B	6.40906920523203e-05	2032	rwr	BC
NDUFAF1	6.40656551251033e-05	2033	rwr	BC
VWF	6.40375645699225e-05	2034	rwr	BC
GRIN2B	6.40264650820583e-05	2035	rwr	BC
EPOR	6.40151911721977e-05	2036	rwr	BC
PPP2R5B	6.3998437684423e-05	2037	rwr	BC
CLDN4	6.38899605546055e-05	2038	rwr	BC
MAGI3	6.38393689162907e-05	2039	rwr	BC
EFNB2	6.37091434113845e-05	2040	rwr	BC
UFD1	6.36726937354237e-05	2041	rwr	BC
NT5E	6.35872839565835e-05	2042	rwr	BC
SLC39A1	6.35351767507906e-05	2043	rwr	BC
IFNA2	6.34344449047156e-05	2044	rwr	BC
HDAC9	6.34091681338122e-05	2045	rwr	BC
RXRA	6.33769868374577e-05	2046	rwr	BC
NOX1	6.32620008951424e-05	2047	rwr	BC
PHF10	6.32085533500297e-05	2048	rwr	BC
PMAIP1	6.32067551377684e-05	2049	rwr	BC
FLOT1	6.31026821644279e-05	2050	rwr	BC
TLR7	6.30851633775704e-05	2051	rwr	BC
TBX21	6.30212346331468e-05	2052	rwr	BC
YES1	6.29649566053681e-05	2053	rwr	BC
CYTH2	6.29570727557544e-05	2054	rwr	BC
TANK	6.29329847541227e-05	2055	rwr	BC
IFNAR1	6.29309420436465e-05	2056	rwr	BC
NECTIN1	6.29230116467351e-05	2057	rwr	BC
H2AC21	6.2845037795851e-05	2058	rwr	BC
CDH15	6.27149190779198e-05	2059	rwr	BC
LDB1	6.27008788483765e-05	2060	rwr	BC
ADCY5	6.25211524611245e-05	2061	rwr	BC
PSMD11	6.24916693904634e-05	2062	rwr	BC
GABARAP	6.24489178104078e-05	2063	rwr	BC
HUWE1	6.22242222982716e-05	2064	rwr	BC
TUBGCP5	6.2202412860124e-05	2065	rwr	BC
ADRM1	6.21681069820411e-05	2066	rwr	BC
AMOTL1	6.21255430496656e-05	2067	rwr	BC
WASF1	6.21241136263777e-05	2068	rwr	BC
MUC4	6.21051201421666e-05	2069	rwr	BC
PLCH1	6.20670068689572e-05	2070	rwr	BC
PPP2R5E	6.20605982625394e-05	2071	rwr	BC
CCDC13	6.20382044522497e-05	2072	rwr	BC
SCARB1	6.2001283684548e-05	2073	rwr	BC
HHATL	6.19979525082457e-05	2074	rwr	BC
RPL7L1	6.19927856193593e-05	2075	rwr	BC
ITGA2B	6.19828004811316e-05	2076	rwr	BC
ARHGDIA	6.19660079746518e-05	2077	rwr	BC
SESN1	6.19331754317819e-05	2078	rwr	BC
CXCL1	6.18918405628542e-05	2079	rwr	BC
MAPK8IP1	6.17613524980012e-05	2080	rwr	BC
UBA6	6.17473238413551e-05	2081	rwr	BC
ENG	6.16916766914141e-05	2082	rwr	BC
CFAP52	6.16451771477544e-05	2083	rwr	BC
PSMD7	6.16405411496776e-05	2084	rwr	BC
PFKFB2	6.16003969712035e-05	2085	rwr	BC
CSK	6.15940229405066e-05	2086	rwr	BC
PLEKHA7	6.15742065712125e-05	2087	rwr	BC
SOD2	6.13914342348423e-05	2088	rwr	BC
ACTN1	6.13895119051379e-05	2089	rwr	BC
MFN2	6.13670310779301e-05	2090	rwr	BC
MRPL33	6.13658387979803e-05	2091	rwr	BC
SUMO3	6.1334691067669e-05	2092	rwr	BC
MRPS2	6.13094892105749e-05	2093	rwr	BC
CCNF	6.12477701290573e-05	2094	rwr	BC
PPP2R3A	6.11564505255492e-05	2095	rwr	BC
LRIG1	6.11496349925036e-05	2096	rwr	BC
ING3	6.11329878007403e-05	2097	rwr	BC
ENY2	6.10623165251978e-05	2098	rwr	BC
WNT1	6.10607747081483e-05	2099	rwr	BC
CREB5	6.10139342512627e-05	2100	rwr	BC
DCAF13	6.09977021652099e-05	2101	rwr	BC
ABCD3	6.09821155817471e-05	2102	rwr	BC
LAMTOR3	6.09595187877201e-05	2103	rwr	BC
TMEM208	6.09452799609678e-05	2104	rwr	BC
CPSF3	6.08923574544128e-05	2105	rwr	BC
DMAP1	6.07781200226189e-05	2106	rwr	BC
ETS1	6.07745213004291e-05	2107	rwr	BC
PSMD6	6.06953361212397e-05	2108	rwr	BC
STK24	6.06438968128197e-05	2109	rwr	BC
PDCD1	6.06165036493995e-05	2110	rwr	BC
PSMC2	6.06123651425132e-05	2111	rwr	BC
CALR	6.06055490546077e-05	2112	rwr	BC
H2AC14	6.05470550031475e-05	2113	rwr	BC
RAPGEF2	6.03358697872283e-05	2114	rwr	BC
NCBP1	6.02903217493398e-05	2115	rwr	BC
SELL	6.02520515444691e-05	2116	rwr	BC
ITGB5	6.01828000414223e-05	2117	rwr	BC
MRPL1	6.01513586068386e-05	2118	rwr	BC
SHMT2	6.01107367193081e-05	2119	rwr	BC
SLC2A1	6.01053519016811e-05	2120	rwr	BC
RANGAP1	6.00956913560358e-05	2121	rwr	BC
ARHGEF2	6.00815005584579e-05	2122	rwr	BC
ING4	6.00767497136461e-05	2123	rwr	BC
HK2	6.0040332956164e-05	2124	rwr	BC
TNFRSF1B	5.99516041585153e-05	2125	rwr	BC
RAD21L1	5.98435700852128e-05	2126	rwr	BC
PPP3CB	5.98369170544665e-05	2127	rwr	BC
TUBGCP4	5.98224472335535e-05	2128	rwr	BC
HSPBP1	5.98025700821923e-05	2129	rwr	BC
FLOT2	5.97197601140594e-05	2130	rwr	BC
BAIAP2	5.9617756962638e-05	2131	rwr	BC
GRK2	5.96137811880571e-05	2132	rwr	BC
CRBN	5.95932123832865e-05	2133	rwr	BC
UBA3	5.95841297821638e-05	2134	rwr	BC
KRT19	5.95691173171584e-05	2135	rwr	BC
E4F1	5.95255877008637e-05	2136	rwr	BC
IL3RA	5.94656647500398e-05	2137	rwr	BC
GNRH1	5.93893704239196e-05	2138	rwr	BC
TUBGCP6	5.93507322703857e-05	2139	rwr	BC
MRPL9	5.93472152431023e-05	2140	rwr	BC
TSG101	5.93333035943906e-05	2141	rwr	BC
PER2	5.93279010996789e-05	2142	rwr	BC
NTF4	5.93191964668139e-05	2143	rwr	BC
CDH11	5.92840231556933e-05	2144	rwr	BC
CD2	5.92572478808393e-05	2145	rwr	BC
PA2G4	5.92368442791012e-05	2146	rwr	BC
BPTF	5.91910473875449e-05	2147	rwr	BC
PATJ	5.91692390348699e-05	2148	rwr	BC
UTP6	5.91440141791196e-05	2149	rwr	BC
TFAM	5.91305981061646e-05	2150	rwr	BC
CAMK2B	5.91097577670504e-05	2151	rwr	BC
GTSE1	5.90763198167963e-05	2152	rwr	BC
SGO2	5.90558377244065e-05	2153	rwr	BC
H2AC7	5.90476624234673e-05	2154	rwr	BC
DDIT4	5.90474443498047e-05	2155	rwr	BC
ITGAL	5.90277048157239e-05	2156	rwr	BC
GNG12	5.90122816054484e-05	2157	rwr	BC
RSAD1	5.89471901885714e-05	2158	rwr	BC
RAG2	5.88297472594605e-05	2159	rwr	BC
ROS1	5.88122827884737e-05	2160	rwr	BC
HORMAD2	5.87929877971351e-05	2161	rwr	BC
CCR2	5.8738413877669e-05	2162	rwr	BC
GSN	5.87012836659098e-05	2163	rwr	BC
NOC2L	5.86227886611887e-05	2164	rwr	BC
CD5	5.85410717540326e-05	2165	rwr	BC
TNFRSF4	5.85244574498263e-05	2166	rwr	BC
STIP1	5.85068798117921e-05	2167	rwr	BC
IL1R1	5.84662713009594e-05	2168	rwr	BC
CCDC105	5.84574745473309e-05	2169	rwr	BC
HNRNPU	5.84565435964167e-05	2170	rwr	BC
GSTP1	5.84538112079349e-05	2171	rwr	BC
FBL	5.84444254787979e-05	2172	rwr	BC
PARP3	5.84257135433322e-05	2173	rwr	BC
BLNK	5.83924530647604e-05	2174	rwr	BC
RPS27L	5.83856770619645e-05	2175	rwr	BC
GIT1	5.83797145425409e-05	2176	rwr	BC
MZT1	5.83549501757493e-05	2177	rwr	BC
TROAP	5.83487694235354e-05	2178	rwr	BC
CSNK2A3	5.82974639267846e-05	2179	rwr	BC
SLC9A1	5.82766239923752e-05	2180	rwr	BC
TADA3	5.82341123078884e-05	2181	rwr	BC
GFM1	5.82106782327394e-05	2182	rwr	BC
SMURF2	5.81806734924796e-05	2183	rwr	BC
MTA3	5.81800050646134e-05	2184	rwr	BC
SHCBP1	5.81393592817552e-05	2185	rwr	BC
ACO2	5.81110557347045e-05	2186	rwr	BC
MRC1	5.80679128691755e-05	2187	rwr	BC
RAB5A	5.80419144920377e-05	2188	rwr	BC
DEPDC1B	5.80194646403989e-05	2189	rwr	BC
RPLP1	5.79876688733636e-05	2190	rwr	BC
CLDN3	5.78948093754599e-05	2191	rwr	BC
CREB3	5.78874232059685e-05	2192	rwr	BC
SH2D2A	5.77724235150701e-05	2193	rwr	BC
MAP3K14	5.77604554525173e-05	2194	rwr	BC
GJA1	5.77343416405671e-05	2195	rwr	BC
CCL3	5.77225203848389e-05	2196	rwr	BC
KIF18B	5.77205972876622e-05	2197	rwr	BC
HNRNPD	5.77146477239948e-05	2198	rwr	BC
TFAP2A	5.76985844511788e-05	2199	rwr	BC
OPTN	5.76901282710091e-05	2200	rwr	BC
DOCK4	5.76664860453554e-05	2201	rwr	BC
NDUFAF3	5.76297888248263e-05	2202	rwr	BC
SEC61G	5.75911922033992e-05	2203	rwr	BC
CENPO	5.75582916892457e-05	2204	rwr	BC
TP73	5.74449045393338e-05	2205	rwr	BC
SRSF2	5.74077773077602e-05	2206	rwr	BC
AXIN2	5.73472391530346e-05	2207	rwr	BC
PSMD13	5.73417146693259e-05	2208	rwr	BC
SERPINE1	5.72936591751079e-05	2209	rwr	BC
GNL3	5.72874568556082e-05	2210	rwr	BC
FLNC	5.71873068234286e-05	2211	rwr	BC
UBE2E2	5.70863738563041e-05	2212	rwr	BC
NPSR1	5.70568669335046e-05	2213	rwr	BC
MTA2	5.70363820535747e-05	2214	rwr	BC
CD2AP	5.70304360837242e-05	2215	rwr	BC
CDCA7L	5.68899673076879e-05	2216	rwr	BC
CD63	5.68519124083237e-05	2217	rwr	BC
FOXRED1	5.66964767451918e-05	2218	rwr	BC
RALBP1	5.66648338075164e-05	2219	rwr	BC
NDUFAF2	5.66597987957536e-05	2220	rwr	BC
CNTF	5.6651296201771e-05	2221	rwr	BC
PDCD4	5.65401325953848e-05	2222	rwr	BC
NDUFAF4	5.64859075559411e-05	2223	rwr	BC
NDRG1	5.64821945923858e-05	2224	rwr	BC
BANF1	5.63225796612675e-05	2225	rwr	BC
ZNF350	5.62580261765799e-05	2226	rwr	BC
BLOC1S2	5.62550984417894e-05	2227	rwr	BC
AIM2	5.62350133670528e-05	2228	rwr	BC
IGFBP3	5.61040516412531e-05	2229	rwr	BC
ARNT	5.60789846772652e-05	2230	rwr	BC
CRP	5.60389833223401e-05	2231	rwr	BC
SGF29	5.6000325273492e-05	2232	rwr	BC
PPIF	5.59631322220238e-05	2233	rwr	BC
SUCLG1	5.59480531546385e-05	2234	rwr	BC
MZT2B	5.5927088826804e-05	2235	rwr	BC
TOP2B	5.58170840092304e-05	2236	rwr	BC
ATG16L1	5.58052713988259e-05	2237	rwr	BC
RELB	5.57824874736871e-05	2238	rwr	BC
ITGB3BP	5.57549323993751e-05	2239	rwr	BC
NUP98	5.5752743790077e-05	2240	rwr	BC
COX11	5.57516239785875e-05	2241	rwr	BC
EEF1E1	5.57442953939141e-05	2242	rwr	BC
CD209	5.57396446719122e-05	2243	rwr	BC
IPO4	5.57380339317052e-05	2244	rwr	BC
DVL3	5.57130139183988e-05	2245	rwr	BC
LAMTOR1	5.57101367448431e-05	2246	rwr	BC
BAG4	5.56716430688056e-05	2247	rwr	BC
CHAF1A	5.56325906231284e-05	2248	rwr	BC
ABCE1	5.56022993735453e-05	2249	rwr	BC
EIF4A3	5.55986576929736e-05	2250	rwr	BC
PARG	5.55977031701543e-05	2251	rwr	BC
DISC1	5.55255635525029e-05	2252	rwr	BC
BBC3	5.55152822710829e-05	2253	rwr	BC
IL4R	5.54048006553959e-05	2254	rwr	BC
PDE3B	5.5362353368075e-05	2255	rwr	BC
UBXN7	5.53431902676798e-05	2256	rwr	BC
H2AC19	5.52979673285416e-05	2257	rwr	BC
FOLH1	5.52899353643665e-05	2258	rwr	BC
SMUG1	5.52786444958693e-05	2259	rwr	BC
PSMD8	5.52729987061624e-05	2260	rwr	BC
CENPQ	5.52600938336876e-05	2261	rwr	BC
MAPRE1	5.52566394475206e-05	2262	rwr	BC
MATK	5.52402335711494e-05	2263	rwr	BC
IL2RG	5.52008744748084e-05	2264	rwr	BC
BCR	5.51079745901356e-05	2265	rwr	BC
VANGL2	5.509639289051e-05	2266	rwr	BC
H2AJ	5.50923021554549e-05	2267	rwr	BC
SNRPE	5.5063103364428e-05	2268	rwr	BC
EWSR1	5.50531304401587e-05	2269	rwr	BC
UBE4B	5.50158585875508e-05	2270	rwr	BC
IL2RB	5.48689466325321e-05	2271	rwr	BC
RPLP2	5.4778527918626e-05	2272	rwr	BC
ADCY8	5.47518412931057e-05	2273	rwr	BC
TBC1D4	5.47064950562602e-05	2274	rwr	BC
RIN1	5.46700435413887e-05	2275	rwr	BC
ITGA3	5.4625014570812e-05	2276	rwr	BC
CD81	5.4607964964554e-05	2277	rwr	BC
CKAP2L	5.45738769163897e-05	2278	rwr	BC
COPS6	5.44473645018897e-05	2279	rwr	BC
AMOT	5.44400731989506e-05	2280	rwr	BC
BCLAF1	5.43975799360205e-05	2281	rwr	BC
SLX1B	5.43506782949538e-05	2282	rwr	BC
GADD45B	5.4345112509073e-05	2283	rwr	BC
MCRS1	5.43309231782366e-05	2284	rwr	BC
PHB	5.43097012505678e-05	2285	rwr	BC
DNMT3L	5.4293972061688e-05	2286	rwr	BC
NUP153	5.42552575579915e-05	2287	rwr	BC
NACA-2	5.42544853573745e-05	2288	rwr	BC
FUS	5.42471223381887e-05	2289	rwr	BC
PKP4	5.42276756381711e-05	2290	rwr	BC
GFAP	5.41865767266461e-05	2291	rwr	BC
CENPL	5.41793376259409e-05	2292	rwr	BC
NSMCE4A	5.41454034394805e-05	2293	rwr	BC
SETX	5.40995231255958e-05	2294	rwr	BC
GLI3	5.40769250431667e-05	2295	rwr	BC
PSMC4	5.40487471044611e-05	2296	rwr	BC
MCMDC2	5.40152605200671e-05	2297	rwr	BC
CHAF1B	5.39688596814995e-05	2298	rwr	BC
PSMD1	5.39615102080343e-05	2299	rwr	BC
LAT	5.39284297616807e-05	2300	rwr	BC
PHF1	5.39235888712614e-05	2301	rwr	BC
CCNB1IP1	5.38840286561335e-05	2302	rwr	BC
RPS4Y2	5.38729537676667e-05	2303	rwr	BC
NR0B2	5.38439357139783e-05	2304	rwr	BC
NCBP2	5.38306416215217e-05	2305	rwr	BC
RSL24D1	5.37967056758697e-05	2306	rwr	BC
LMO4	5.37692989988412e-05	2307	rwr	BC
CDH12	5.37671564381109e-05	2308	rwr	BC
PSMB2	5.37465208823184e-05	2309	rwr	BC
ATXN3	5.37322661975549e-05	2310	rwr	BC
SYCE1	5.37172157638433e-05	2311	rwr	BC
MSTN	5.37008050793087e-05	2312	rwr	BC
NSMCE1	5.3697294321082e-05	2313	rwr	BC
CDK3	5.36906753658759e-05	2314	rwr	BC
LIPE	5.3668268587199e-05	2315	rwr	BC
CHD1	5.36621320204572e-05	2316	rwr	BC
CXCR2	5.35568890316642e-05	2317	rwr	BC
STRN	5.35162991825403e-05	2318	rwr	BC
SLC25A5	5.34880988362159e-05	2319	rwr	BC
CD79A	5.34708398832077e-05	2320	rwr	BC
MAST2	5.34136878408753e-05	2321	rwr	BC
GMPS	5.33350668853738e-05	2322	rwr	BC
HMGCR	5.33340454389974e-05	2323	rwr	BC
MTMR2	5.33267673049021e-05	2324	rwr	BC
LAMP1	5.32990581526684e-05	2325	rwr	BC
UBA7	5.3290584894442e-05	2326	rwr	BC
ARNTL	5.32670743348734e-05	2327	rwr	BC
DEPTOR	5.32281140046708e-05	2328	rwr	BC
MEAF6	5.32171336413903e-05	2329	rwr	BC
EIF6	5.31600140624204e-05	2330	rwr	BC
CIAPIN1	5.31489432109766e-05	2331	rwr	BC
NOS2	5.30906286711208e-05	2332	rwr	BC
PSMA7	5.30658210762339e-05	2333	rwr	BC
BCL2L2	5.3053304432866e-05	2334	rwr	BC
PSMA3	5.30319058141702e-05	2335	rwr	BC
SPINK1	5.30071668395544e-05	2336	rwr	BC
CXorf66	5.29842497429747e-05	2337	rwr	BC
CANX	5.29799764789956e-05	2338	rwr	BC
ABCD4	5.29651352326824e-05	2339	rwr	BC
WDR77	5.28458121134708e-05	2340	rwr	BC
NOTCH2	5.28138584804574e-05	2341	rwr	BC
ITSN1	5.28071394665586e-05	2342	rwr	BC
GTPBP4	5.27941095582201e-05	2343	rwr	BC
LATS2	5.27081980094573e-05	2344	rwr	BC
ACLY	5.26909251823069e-05	2345	rwr	BC
SCARB2	5.26306301314702e-05	2346	rwr	BC
ATP5PB	5.26226752339472e-05	2347	rwr	BC
HSPA1L	5.26186470978111e-05	2348	rwr	BC
PREX2	5.25727437607979e-05	2349	rwr	BC
IL9	5.25579837583752e-05	2350	rwr	BC
CDH8	5.2550352312718e-05	2351	rwr	BC
CREB3L3	5.25479112109647e-05	2352	rwr	BC
FGFBP1	5.25045641126182e-05	2353	rwr	BC
H1-4	5.2503687119164e-05	2354	rwr	BC
HNRNPA2B1	5.2431131318017e-05	2355	rwr	BC
ALYREF	5.24040205942548e-05	2356	rwr	BC
ADAM15	5.23423461803359e-05	2357	rwr	BC
COX4I2	5.2232230720403e-05	2358	rwr	BC
GPX2	5.22036806055569e-05	2359	rwr	BC
UQCRHL	5.21878973184417e-05	2360	rwr	BC
UBE2M	5.2158535281418e-05	2361	rwr	BC
CXCR3	5.21057560368365e-05	2362	rwr	BC
STARD3	5.20586275075248e-05	2363	rwr	BC
ITGB6	5.2041016355511e-05	2364	rwr	BC
PSMD3	5.20055147454698e-05	2365	rwr	BC
NQO1	5.20009150606191e-05	2366	rwr	BC
G3BP1	5.19890240088279e-05	2367	rwr	BC
NCSTN	5.1981329014878e-05	2368	rwr	BC
CBLL1	5.19769021598555e-05	2369	rwr	BC
ADCY3	5.1915403924466e-05	2370	rwr	BC
CD68	5.19102925669913e-05	2371	rwr	BC
ULK2	5.18536105149299e-05	2372	rwr	BC
COX6A1	5.1788023268128e-05	2373	rwr	BC
PRL	5.1777967500185e-05	2374	rwr	BC
HSPA1A	5.1750110933409e-05	2375	rwr	BC
PSMA4	5.17153305349692e-05	2376	rwr	BC
MST1R	5.16362370483571e-05	2377	rwr	BC
MT-ATP6	5.16126828808729e-05	2378	rwr	BC
SCN5A	5.16063228377583e-05	2379	rwr	BC
TUBA1A	5.1508960422245e-05	2380	rwr	BC
NCR1	5.14804912148585e-05	2381	rwr	BC
ACTL6B	5.14614084515568e-05	2382	rwr	BC
BYSL	5.14610356323659e-05	2383	rwr	BC
IL22	5.14348532553512e-05	2384	rwr	BC
CREB3L4	5.13801995114068e-05	2385	rwr	BC
IKZF1	5.13673718975525e-05	2386	rwr	BC
NDFIP1	5.12983329913273e-05	2387	rwr	BC
ADAM17	5.12898574124677e-05	2388	rwr	BC
RYR2	5.12783340453882e-05	2389	rwr	BC
BMP7	5.1269227724271e-05	2390	rwr	BC
EEF1B2	5.11928318622825e-05	2391	rwr	BC
DAPK1	5.11008844072283e-05	2392	rwr	BC
GCG	5.10870218737258e-05	2393	rwr	BC
ATP5F1B	5.10346533182766e-05	2394	rwr	BC
PSMC6	5.10221768802016e-05	2395	rwr	BC
TOB1	5.09629304999614e-05	2396	rwr	BC
BSG	5.09462724507757e-05	2397	rwr	BC
MARK4	5.09449322154865e-05	2398	rwr	BC
COL1A2	5.09056146052309e-05	2399	rwr	BC
KDM5A	5.08949502052964e-05	2400	rwr	BC
PSMA1	5.08924749780367e-05	2401	rwr	BC
MTIF2	5.08150393086133e-05	2402	rwr	BC
PSMA2	5.07880341954219e-05	2403	rwr	BC
THY1	5.07694434019645e-05	2404	rwr	BC
CSF2RB	5.07531244398008e-05	2405	rwr	BC
FRK	5.07122136067256e-05	2406	rwr	BC
MAU2	5.06959744071478e-05	2407	rwr	BC
EIF4A1	5.06896440053159e-05	2408	rwr	BC
PAX6	5.06893994361986e-05	2409	rwr	BC
ACACB	5.06389940644561e-05	2410	rwr	BC
CDKN2C	5.05799663660543e-05	2411	rwr	BC
ATG13	5.05704405440641e-05	2412	rwr	BC
DDX17	5.05296576159753e-05	2413	rwr	BC
ENPP1	5.05215651506851e-05	2414	rwr	BC
INTS11	5.05144486195265e-05	2415	rwr	BC
RASGRP3	5.05051177359685e-05	2416	rwr	BC
PGAP3	5.04491119595373e-05	2417	rwr	BC
LIF	5.04482973083819e-05	2418	rwr	BC
HELB	5.04408795395382e-05	2419	rwr	BC
USP15	5.04021397211379e-05	2420	rwr	BC
SLC25A4	5.03974562405297e-05	2421	rwr	BC
PSMD10	5.03346553071604e-05	2422	rwr	BC
IRAK2	5.03057174373006e-05	2423	rwr	BC
NSA2	5.02865977825221e-05	2424	rwr	BC
RASGRF1	5.02344618874961e-05	2425	rwr	BC
NOP58	5.02094383627879e-05	2426	rwr	BC
ATG101	5.0172674009615e-05	2427	rwr	BC
RAPGEF3	5.01669478279455e-05	2428	rwr	BC
HSF1	5.01645441250765e-05	2429	rwr	BC
RAPGEF4	5.00920257074579e-05	2430	rwr	BC
USP4	5.00847062263425e-05	2431	rwr	BC
ADCY9	5.00690238612879e-05	2432	rwr	BC
BAG3	5.0066077967365e-05	2433	rwr	BC
JUND	5.00533654699227e-05	2434	rwr	BC
RPS6KA2	5.00366417445044e-05	2435	rwr	BC
CBY3	5.00346649551668e-05	2436	rwr	BC
ACTR2	4.99241389770988e-05	2437	rwr	BC
TNPO1	4.9920073989133e-05	2438	rwr	BC
EIF5A	4.98798673681844e-05	2439	rwr	BC
NSMCE3	4.98208445032967e-05	2440	rwr	BC
ERN1	4.97657827289963e-05	2441	rwr	BC
SUCLG2	4.97557729668406e-05	2442	rwr	BC
MAPK8IP2	4.97124424916756e-05	2443	rwr	BC
PPID	4.96672727740922e-05	2444	rwr	BC
OSM	4.96198139077939e-05	2445	rwr	BC
PSMA5	4.96185431197337e-05	2446	rwr	BC
MZT2A	4.95863224727652e-05	2447	rwr	BC
ATP5ME	4.95819437387175e-05	2448	rwr	BC
CYFIP2	4.95524068854795e-05	2449	rwr	BC
TP53BP2	4.95331893051251e-05	2450	rwr	BC
HAVCR2	4.95222185323885e-05	2451	rwr	BC
VRK1	4.95082062836592e-05	2452	rwr	BC
MAP1LC3A	4.94533985070098e-05	2453	rwr	BC
TAX1BP1	4.94330819719784e-05	2454	rwr	BC
PAX8	4.92624646049419e-05	2455	rwr	BC
CFL2	4.92577632727949e-05	2456	rwr	BC
CENPP	4.92500273113125e-05	2457	rwr	BC
PRR5	4.91663195555373e-05	2458	rwr	BC
CCNC	4.91589215642262e-05	2459	rwr	BC
H2AC12	4.9099701669962e-05	2460	rwr	BC
ERVFRD-1	4.90250926729752e-05	2461	rwr	BC
HNRNPM	4.90149563965917e-05	2462	rwr	BC
SST	4.90022560789352e-05	2463	rwr	BC
INO80	4.8960401927585e-05	2464	rwr	BC
PPP3CC	4.89361765803068e-05	2465	rwr	BC
HTRA2	4.89056735204578e-05	2466	rwr	BC
GYS1	4.88364093670682e-05	2467	rwr	BC
BCL11A	4.8822432842185e-05	2468	rwr	BC
IL11	4.87659141844104e-05	2469	rwr	BC
RPL22L1	4.87212246298365e-05	2470	rwr	BC
MPO	4.86855295652503e-05	2471	rwr	BC
WDR31	4.85954402284368e-05	2472	rwr	BC
ACTR5	4.85525130173868e-05	2473	rwr	BC
TNFRSF12A	4.85362526494559e-05	2474	rwr	BC
NUBP1	4.84447599477793e-05	2475	rwr	BC
TCEA2	4.84168377052329e-05	2476	rwr	BC
TRIB3	4.84132146559287e-05	2477	rwr	BC
DRD2	4.83728686053461e-05	2478	rwr	BC
NUDC	4.83303808681889e-05	2479	rwr	BC
DHX15	4.83237466226552e-05	2480	rwr	BC
ABCG2	4.83107387469765e-05	2481	rwr	BC
ELL	4.82987772356123e-05	2482	rwr	BC
SCMH1	4.82971692247795e-05	2483	rwr	BC
PTK7	4.8238350873781e-05	2484	rwr	BC
ATG14	4.82228462753451e-05	2485	rwr	BC
ELMO1	4.82051690880037e-05	2486	rwr	BC
SNRPD3	4.81753924525682e-05	2487	rwr	BC
EIF1AX	4.81597875095802e-05	2488	rwr	BC
H1-1	4.81591677930527e-05	2489	rwr	BC
KIF5B	4.81530237894031e-05	2490	rwr	BC
CXCL9	4.81381071117327e-05	2491	rwr	BC
INO80B	4.81159265629013e-05	2492	rwr	BC
GNPTAB	4.8071714813627e-05	2493	rwr	BC
ATG3	4.80674706816659e-05	2494	rwr	BC
ATXN7	4.80594972951203e-05	2495	rwr	BC
KIN	4.80321647238145e-05	2496	rwr	BC
TGFB2	4.80157612419077e-05	2497	rwr	BC
CYP2E1	4.80132142216996e-05	2498	rwr	BC
PRPF8	4.80035540346808e-05	2499	rwr	BC
NOXA1	4.79635877155754e-05	2500	rwr	BC
SYCP1	4.79508259211301e-05	2501	rwr	BC
MVP	4.79170747796186e-05	2502	rwr	BC
CDH4	4.78542241402266e-05	2503	rwr	BC
SEC13	4.78157032315596e-05	2504	rwr	BC
CACNA1C	4.7767999729949e-05	2505	rwr	BC
P3R3URF	4.76906421885888e-05	2506	rwr	BC
TP63	4.76849502914477e-05	2507	rwr	BC
CXCR5	4.76461619363771e-05	2508	rwr	BC
ZZZ3	4.76399936969643e-05	2509	rwr	BC
LZTR1	4.76259993740817e-05	2510	rwr	BC
CADM1	4.75873149018175e-05	2511	rwr	BC
MIS18BP1	4.75834420800594e-05	2512	rwr	BC
RASGRF2	4.75704793027946e-05	2513	rwr	BC
NFATC1	4.7566221242987e-05	2514	rwr	BC
TBC1D1	4.75410710771099e-05	2515	rwr	BC
PLD2	4.75262661375612e-05	2516	rwr	BC
ATP5MG	4.74680459409656e-05	2517	rwr	BC
KLC1	4.74386222036741e-05	2518	rwr	BC
ITPR2	4.74216279948538e-05	2519	rwr	BC
ARL6IP1	4.7408191384692e-05	2520	rwr	BC
CCL4	4.74038209109711e-05	2521	rwr	BC
NFKBIB	4.73746727455785e-05	2522	rwr	BC
TTN	4.73394357932184e-05	2523	rwr	BC
SMARCAD1	4.73232668096282e-05	2524	rwr	BC
FCGR2B	4.7319009731216e-05	2525	rwr	BC
H6PD	4.72458399319338e-05	2526	rwr	BC
SPC24	4.7207126696931e-05	2527	rwr	BC
PDCD10	4.71868023743177e-05	2528	rwr	BC
PELP1	4.71607180114751e-05	2529	rwr	BC
AICDA	4.71352279150822e-05	2530	rwr	BC
REST	4.70856204827491e-05	2531	rwr	BC
DKK1	4.70819729533189e-05	2532	rwr	BC
BNIP3L	4.70701262405359e-05	2533	rwr	BC
WASF2	4.70602584751381e-05	2534	rwr	BC
APOB	4.70345050945273e-05	2535	rwr	BC
EEF1G	4.7009837707561e-05	2536	rwr	BC
TCL1A	4.6983327023457e-05	2537	rwr	BC
LYRM4	4.69419479703965e-05	2538	rwr	BC
SYMPK	4.69209861690291e-05	2539	rwr	BC
ADCY7	4.69194667551549e-05	2540	rwr	BC
UCHL1	4.69150166194578e-05	2541	rwr	BC
SIN3B	4.69026298335438e-05	2542	rwr	BC
UBE2E3	4.68896055979312e-05	2543	rwr	BC
STK25	4.68860231022729e-05	2544	rwr	BC
TNK2	4.68606435114777e-05	2545	rwr	BC
NAT10	4.68574730904514e-05	2546	rwr	BC
TFRC	4.6854125017554e-05	2547	rwr	BC
ADCY1	4.68408600615745e-05	2548	rwr	BC
ABI1	4.68400255743282e-05	2549	rwr	BC
SPTAN1	4.68342554911172e-05	2550	rwr	BC
ADCY2	4.68173509485815e-05	2551	rwr	BC
MIEN1	4.68082933347787e-05	2552	rwr	BC
TCF7	4.68053687272163e-05	2553	rwr	BC
MPP5	4.68044764985103e-05	2554	rwr	BC
CDK5R1	4.68035830951749e-05	2555	rwr	BC
NOP14	4.67925059221847e-05	2556	rwr	BC
FMR1	4.67752728060684e-05	2557	rwr	BC
ERV3-1	4.67587670356851e-05	2558	rwr	BC
IL10RA	4.66601383536915e-05	2559	rwr	BC
LAMTOR2	4.66104853746639e-05	2560	rwr	BC
SERBP1	4.65975161128401e-05	2561	rwr	BC
SENP3	4.65958191460894e-05	2562	rwr	BC
GYS2	4.6595533512311e-05	2563	rwr	BC
POLR3B	4.65641244237901e-05	2564	rwr	BC
SNRPD2	4.64998523743522e-05	2565	rwr	BC
CALM2	4.64912998630958e-05	2566	rwr	BC
PCNT	4.64907123137652e-05	2567	rwr	BC
KHSRP	4.64188449382231e-05	2568	rwr	BC
SMARCA1	4.63884548132674e-05	2569	rwr	BC
FBXW5	4.63439148924574e-05	2570	rwr	BC
BAG1	4.6342455848628e-05	2571	rwr	BC
S100B	4.63296319371031e-05	2572	rwr	BC
FTSJ3	4.63259192176871e-05	2573	rwr	BC
CREB3L1	4.6273300918008e-05	2574	rwr	BC
ZWILCH	4.61889669540031e-05	2575	rwr	BC
MED12	4.61736047532138e-05	2576	rwr	BC
CX3CL1	4.61599372779393e-05	2577	rwr	BC
PRKG1	4.61332776721902e-05	2578	rwr	BC
CREB3L2	4.61042401467992e-05	2579	rwr	BC
DDIT3	4.60783533881785e-05	2580	rwr	BC
GADD45G	4.60712895302108e-05	2581	rwr	BC
PRKG2	4.6063939075055e-05	2582	rwr	BC
PAX5	4.60171426741192e-05	2583	rwr	BC
RPL39L	4.60027510095455e-05	2584	rwr	BC
LEPR	4.59704267990176e-05	2585	rwr	BC
CCNK	4.59122950667544e-05	2586	rwr	BC
EPHA4	4.57352373129255e-05	2587	rwr	BC
CX3CR1	4.5725803768879e-05	2588	rwr	BC
TTI1	4.57110688333827e-05	2589	rwr	BC
GATA4	4.57042188545894e-05	2590	rwr	BC
DSN1	4.56861831421028e-05	2591	rwr	BC
TCF7L1	4.56850858863569e-05	2592	rwr	BC
TXNIP	4.56804599673824e-05	2593	rwr	BC
H7C0C1_HUMAN	4.56625337368112e-05	2594	rwr	BC
FLNB	4.56587960228754e-05	2595	rwr	BC
ENPP3	4.56570540761029e-05	2596	rwr	BC
PSMA6	4.56531023147707e-05	2597	rwr	BC
PRF1	4.56523123958346e-05	2598	rwr	BC
RDX	4.56162264523633e-05	2599	rwr	BC
S100A4	4.56152815851828e-05	2600	rwr	BC
CAPN1	4.56088474055871e-05	2601	rwr	BC
ATP5PF	4.55969495274283e-05	2602	rwr	BC
C1orf146	4.54845400050905e-05	2603	rwr	BC
MRPL46	4.54740536362354e-05	2604	rwr	BC
SNRPF	4.54596338285554e-05	2605	rwr	BC
ELN	4.54581999035417e-05	2606	rwr	BC
ATIC	4.54525915946419e-05	2607	rwr	BC
FOSB	4.54158587167388e-05	2608	rwr	BC
IRF9	4.53379641216078e-05	2609	rwr	BC
C1orf198	4.53274335908889e-05	2610	rwr	BC
ADCY6	4.53223446036815e-05	2611	rwr	BC
BOP1	4.53221982741897e-05	2612	rwr	BC
CCR1	4.52990934919898e-05	2613	rwr	BC
KAT6B	4.52684455602072e-05	2614	rwr	BC
RAB11A	4.52589939833222e-05	2615	rwr	BC
EID3	4.52366382905977e-05	2616	rwr	BC
AGER	4.52311769001425e-05	2617	rwr	BC
ARID1B	4.52002296080725e-05	2618	rwr	BC
TM4SF19	4.51854784656058e-05	2619	rwr	BC
DCAF12	4.5182088187876e-05	2620	rwr	BC
RGL2	4.51792670627925e-05	2621	rwr	BC
TEX48	4.51603599450027e-05	2622	rwr	BC
EPHB2	4.5152063668961e-05	2623	rwr	BC
ARIH1	4.50576776859943e-05	2624	rwr	BC
ARPC4	4.5051128773494e-05	2625	rwr	BC
PFN1	4.5042649190096e-05	2626	rwr	BC
IFNA17	4.50109772437969e-05	2627	rwr	BC
RSRC1	4.5000664553175e-05	2628	rwr	BC
PLD1	4.49937122405353e-05	2629	rwr	BC
HMGN2	4.4943640675451e-05	2630	rwr	BC
KIF22	4.49288100460144e-05	2631	rwr	BC
TRAIP	4.49092973341671e-05	2632	rwr	BC
ATP5MF	4.48262228474634e-05	2633	rwr	BC
NIFK	4.48129220399798e-05	2634	rwr	BC
DAP3	4.47798338121956e-05	2635	rwr	BC
MRRF	4.47796006274751e-05	2636	rwr	BC
MYH6	4.47263756250904e-05	2637	rwr	BC
CD69	4.47182647650697e-05	2638	rwr	BC
EEF2K	4.46734726444998e-05	2639	rwr	BC
BMPR2	4.46681772062514e-05	2640	rwr	BC
PHF12	4.45863099977195e-05	2641	rwr	BC
YARS1	4.45852046350439e-05	2642	rwr	BC
ACTA1	4.45829818424118e-05	2643	rwr	BC
POLR3A	4.4567112796814e-05	2644	rwr	BC
KLRD1	4.45595912892506e-05	2645	rwr	BC
DDX11	4.45407744966193e-05	2646	rwr	BC
TACSTD2	4.45312469117932e-05	2647	rwr	BC
SPATA6	4.4490147417302e-05	2648	rwr	BC
AJAP1	4.44449192797289e-05	2649	rwr	BC
CD3E	4.44249465659174e-05	2650	rwr	BC
MPHOSPH9	4.44170219848134e-05	2651	rwr	BC
RAN	4.44159083750228e-05	2652	rwr	BC
CXCL2	4.44072271049821e-05	2653	rwr	BC
PPP3R1	4.4370544900026e-05	2654	rwr	BC
EFNB3	4.43361074257947e-05	2655	rwr	BC
TIMMDC1	4.43075610426601e-05	2656	rwr	BC
GNA12	4.42897520174071e-05	2657	rwr	BC
FCGR2A	4.4272849576188e-05	2658	rwr	BC
MRPL58	4.42655152610484e-05	2659	rwr	BC
GNAL	4.42594496988453e-05	2660	rwr	BC
SEC61B	4.42460868929868e-05	2661	rwr	BC
NOXO1	4.4235803338601e-05	2662	rwr	BC
LATS1	4.42063438895983e-05	2663	rwr	BC
TGFB3	4.42007433721074e-05	2664	rwr	BC
NES	4.41834463260759e-05	2665	rwr	BC
KPNB1	4.41752591782388e-05	2666	rwr	BC
MPG	4.41566184310154e-05	2667	rwr	BC
HMGN4	4.41132261990374e-05	2668	rwr	BC
FH	4.41051182441005e-05	2669	rwr	BC
EIF2S3	4.40614394370114e-05	2670	rwr	BC
TWNK	4.40036120914162e-05	2671	rwr	BC
DLAT	4.40032984244049e-05	2672	rwr	BC
MAP3K11	4.39813258459219e-05	2673	rwr	BC
CLU	4.39179093819082e-05	2674	rwr	BC
YEATS2	4.38339355467296e-05	2675	rwr	BC
TPM3	4.37887070012948e-05	2676	rwr	BC
NPY	4.37774839933408e-05	2677	rwr	BC
SLF2	4.37372701479749e-05	2678	rwr	BC
AURKC	4.36767546733066e-05	2679	rwr	BC
BRD8	4.36390320793646e-05	2680	rwr	BC
MSL3	4.36068682948433e-05	2681	rwr	BC
G6PD	4.35958325984111e-05	2682	rwr	BC
PPP1R26	4.35588797278783e-05	2683	rwr	BC
EIF2AK3	4.35474962813923e-05	2684	rwr	BC
CNTD1	4.35454935013419e-05	2685	rwr	BC
WDR24	4.35363708124752e-05	2686	rwr	BC
COX7A2	4.35254220265614e-05	2687	rwr	BC
MTMR4	4.35237364178176e-05	2688	rwr	BC
DCAF11	4.34976652863069e-05	2689	rwr	BC
H1-5	4.34911574014498e-05	2690	rwr	BC
KANSL1	4.34865831298026e-05	2691	rwr	BC
H3BN98_HUMAN	4.34226140145339e-05	2692	rwr	BC
SELP	4.34188830939962e-05	2693	rwr	BC
H2AC1	4.33503470482962e-05	2694	rwr	BC
ERRFI1	4.33458553280924e-05	2695	rwr	BC
PAK4	4.33318451050795e-05	2696	rwr	BC
ACVR1	4.33080519074715e-05	2697	rwr	BC
JAG1	4.32279897153162e-05	2698	rwr	BC
INTS6	4.32219501471323e-05	2699	rwr	BC
TIRAP	4.31871756478703e-05	2700	rwr	BC
HAT1	4.31367530804613e-05	2701	rwr	BC
ADCY4	4.3080985421887e-05	2702	rwr	BC
GRIN2A	4.30492625918658e-05	2703	rwr	BC
PSMB4	4.30316486504711e-05	2704	rwr	BC
MX1	4.3019992695356e-05	2705	rwr	BC
NOL6	4.30091194330538e-05	2706	rwr	BC
CLOCK	4.2998932626237e-05	2707	rwr	BC
HEY1	4.29934083514947e-05	2708	rwr	BC
EPC1	4.29603197347987e-05	2709	rwr	BC
SNRPB	4.29220065018097e-05	2710	rwr	BC
RPL36A-HNRNPH2	4.29045628436088e-05	2711	rwr	BC
LTBR	4.2887577704012e-05	2712	rwr	BC
CCR6	4.28641680649196e-05	2713	rwr	BC
MAML1	4.28387115020329e-05	2714	rwr	BC
BCL11B	4.28369733607135e-05	2715	rwr	BC
EFNB1	4.28261361533136e-05	2716	rwr	BC
SYNGAP1	4.2823556595847e-05	2717	rwr	BC
ARHGDIB	4.27729013839531e-05	2718	rwr	BC
MYB	4.2765870070696e-05	2719	rwr	BC
EIF3B	4.27420837327257e-05	2720	rwr	BC
SNRPG	4.27403215934847e-05	2721	rwr	BC
ACVR2A	4.27316111468041e-05	2722	rwr	BC
NPRL2	4.26566716199115e-05	2723	rwr	BC
STRN4	4.26505723789754e-05	2724	rwr	BC
BNIP3	4.26189529881718e-05	2725	rwr	BC
NELFE	4.26083257299247e-05	2726	rwr	BC
PPP1R15A	4.25977300192235e-05	2727	rwr	BC
GOT2	4.25661939811247e-05	2728	rwr	BC
WDR82	4.2552884344561e-05	2729	rwr	BC
FBXO32	4.25482817297342e-05	2730	rwr	BC
AMFR	4.24840532184287e-05	2731	rwr	BC
SIL1	4.24350557129929e-05	2732	rwr	BC
CCL11	4.2434599123822e-05	2733	rwr	BC
EPHB4	4.24283256291089e-05	2734	rwr	BC
RSL1D1	4.23983024717822e-05	2735	rwr	BC
DUT	4.23211726893216e-05	2736	rwr	BC
L3MBTL1	4.22657922440756e-05	2737	rwr	BC
FOSL1	4.21543645312611e-05	2738	rwr	BC
TNNI3	4.21396819313745e-05	2739	rwr	BC
CHFR	4.21378938293985e-05	2740	rwr	BC
ZBTB16	4.21362317624292e-05	2741	rwr	BC
ACVR2B	4.21150512160728e-05	2742	rwr	BC
PSME3	4.21109593189801e-05	2743	rwr	BC
RNF146	4.20808080317942e-05	2744	rwr	BC
CGN	4.20686371582714e-05	2745	rwr	BC
ZBTB14	4.20246719388812e-05	2746	rwr	BC
U2AF2	4.19895632792308e-05	2747	rwr	BC
SRP54	4.19304897587916e-05	2748	rwr	BC
MINPP1	4.19206972349952e-05	2749	rwr	BC
UBA2	4.19191134513237e-05	2750	rwr	BC
JUNB	4.1900486693173e-05	2751	rwr	BC
AP2M1	4.18276434230314e-05	2752	rwr	BC
USP12	4.1796986738795e-05	2753	rwr	BC
GP6	4.17936325079473e-05	2754	rwr	BC
ATAD2	4.17931912000467e-05	2755	rwr	BC
CORO1C	4.17301152206578e-05	2756	rwr	BC
SLC4A7	4.17244661025228e-05	2757	rwr	BC
PBX1	4.17196854967928e-05	2758	rwr	BC
COPS3	4.16927416073231e-05	2759	rwr	BC
EBNA1BP2	4.16902543986106e-05	2760	rwr	BC
MRPL41	4.16882468731314e-05	2761	rwr	BC
COPS2	4.16816679004137e-05	2762	rwr	BC
BGLAP	4.16532248636224e-05	2763	rwr	BC
MME	4.16490280902962e-05	2764	rwr	BC
DCAF4	4.16399661954946e-05	2765	rwr	BC
NAIP	4.16328382767095e-05	2766	rwr	BC
LIMA1	4.16322168700255e-05	2767	rwr	BC
GHR	4.1614741768243e-05	2768	rwr	BC
KMT2E	4.16117494292754e-05	2769	rwr	BC
SH3GL1	4.16032148242447e-05	2770	rwr	BC
SAP30	4.15916650950315e-05	2771	rwr	BC
TCF3	4.1588782525475e-05	2772	rwr	BC
PPP2R3B	4.15599828397968e-05	2773	rwr	BC
LDB2	4.1557863625396e-05	2774	rwr	BC
NOC3L	4.15328004696172e-05	2775	rwr	BC
PTPN18	4.15228824831067e-05	2776	rwr	BC
TFDP2	4.14845631356306e-05	2777	rwr	BC
SREBF2	4.14573748358276e-05	2778	rwr	BC
TRIP12	4.14429811305956e-05	2779	rwr	BC
KPNA4	4.14178888430803e-05	2780	rwr	BC
UTP20	4.13722718996718e-05	2781	rwr	BC
LAMTOR4	4.13669808352782e-05	2782	rwr	BC
PPIE	4.13334273327519e-05	2783	rwr	BC
VPS72	4.12700080988102e-05	2784	rwr	BC
RPS6KA5	4.12633257248874e-05	2785	rwr	BC
EPHB1	4.12482765105341e-05	2786	rwr	BC
EIF5AL1	4.12068769413319e-05	2787	rwr	BC
BRIX1	4.11747276180199e-05	2788	rwr	BC
ITGB8	4.11658845566418e-05	2789	rwr	BC
DNAJC9	4.11392934391182e-05	2790	rwr	BC
KNG1	4.11216852629748e-05	2791	rwr	BC
MAN2C1	4.11087082670152e-05	2792	rwr	BC
YOD1	4.10480674001148e-05	2793	rwr	BC
NPLOC4	4.10259934015838e-05	2794	rwr	BC
NRP2	4.09911960632937e-05	2795	rwr	BC
RPAP2	4.08903913732489e-05	2796	rwr	BC
PSMB1	4.08896491608925e-05	2797	rwr	BC
SOCS2	4.08435212889301e-05	2798	rwr	BC
DNTT	4.08055679350276e-05	2799	rwr	BC
IL10RB	4.07921543478187e-05	2800	rwr	BC
PAK3	4.07762434651084e-05	2801	rwr	BC
GATA1	4.07730404760734e-05	2802	rwr	BC
MRPL34	4.07414934160313e-05	2803	rwr	BC
NELFCD	4.07191207290159e-05	2804	rwr	BC
USP8	4.0697845850254e-05	2805	rwr	BC
LAMTOR5	4.06915466714172e-05	2806	rwr	BC
EFL1	4.06781507010327e-05	2807	rwr	BC
INTS5	4.06409711268183e-05	2808	rwr	BC
TUBA1B	4.06268623770834e-05	2809	rwr	BC
RPS6KA6	4.06160374772806e-05	2810	rwr	BC
AIRE	4.06076104851347e-05	2811	rwr	BC
SLC25A6	4.06013945498206e-05	2812	rwr	BC
NCAPD3	4.06012980621539e-05	2813	rwr	BC
SMAD5	4.0592563626985e-05	2814	rwr	BC
TXNDC9	4.05784629761874e-05	2815	rwr	BC
GNG4	4.05712080118625e-05	2816	rwr	BC
SOD2-2	4.05560921210142e-05	2817	rwr	BC
RPF2	4.05536702985235e-05	2818	rwr	BC
ACE2	4.05465981758196e-05	2819	rwr	BC
MRPL49	4.05399036529562e-05	2820	rwr	BC
MAF	4.0530746613015e-05	2821	rwr	BC
NGEF	4.05254436357346e-05	2822	rwr	BC
USP46	4.05079943444285e-05	2823	rwr	BC
EIF5A2	4.05012642952413e-05	2824	rwr	BC
UBQLN2	4.0498940940194e-05	2825	rwr	BC
EIF3I	4.04813407167818e-05	2826	rwr	BC
GPX7	4.04494301049646e-05	2827	rwr	BC
IRF4	4.0440242145429e-05	2828	rwr	BC
FBXW8	4.04208480643941e-05	2829	rwr	BC
AARS1	4.03919708744957e-05	2830	rwr	BC
DAB2IP	4.03646136915832e-05	2831	rwr	BC
PTH	4.03530884553358e-05	2832	rwr	BC
INPP5A	4.03426547077491e-05	2833	rwr	BC
NOG	4.03308100673867e-05	2834	rwr	BC
RPP38	4.03009450154619e-05	2835	rwr	BC
PSMB9	4.02746914561557e-05	2836	rwr	BC
AKNAD1	4.0272764504335e-05	2837	rwr	BC
INTS9	4.02312701720483e-05	2838	rwr	BC
SYCE2	4.02204732275355e-05	2839	rwr	BC
GPI	4.02107925671615e-05	2840	rwr	BC
TRAT1	4.01660825470244e-05	2841	rwr	BC
CAMK4	4.01106169645238e-05	2842	rwr	BC
LY96	4.00821839040917e-05	2843	rwr	BC
CRB2	4.00565706381212e-05	2844	rwr	BC
MRPL40	4.00406710452079e-05	2845	rwr	BC
MTMR1	4.00244309093645e-05	2846	rwr	BC
EIF4B	4.00168983926991e-05	2847	rwr	BC
UTP15	4.0011802763326e-05	2848	rwr	BC
PRPF31	3.99875577303154e-05	2849	rwr	BC
SCIN	3.99857525093207e-05	2850	rwr	BC
SIRT7	3.99687726583587e-05	2851	rwr	BC
CTSS	3.99656095020751e-05	2852	rwr	BC
CACNA1D	3.99578848610419e-05	2853	rwr	BC
ATF6B	3.99290856394684e-05	2854	rwr	BC
RASA2	3.99182005600326e-05	2855	rwr	BC
ARID4B	3.99074816206678e-05	2856	rwr	BC
GPX3	3.99072384144937e-05	2857	rwr	BC
PKLR	3.98911581888242e-05	2858	rwr	BC
QARS1	3.98771085964269e-05	2859	rwr	BC
DNM2	3.98552719584435e-05	2860	rwr	BC
FOXA2	3.98493300126283e-05	2861	rwr	BC
COPS4	3.98422253060084e-05	2862	rwr	BC
DMD	3.98351387419226e-05	2863	rwr	BC
TNFRSF14	3.98340624621753e-05	2864	rwr	BC
SIAH1	3.98231744747728e-05	2865	rwr	BC
NUBP2	3.98064084427075e-05	2866	rwr	BC
WDR36	3.97892468295549e-05	2867	rwr	BC
ATG9A	3.97713345111969e-05	2868	rwr	BC
DUOX1	3.97504440223843e-05	2869	rwr	BC
SYCP2	3.9722644153848e-05	2870	rwr	BC
MYH9	3.97218231295776e-05	2871	rwr	BC
RHOQ	3.97174827242696e-05	2872	rwr	BC
PKN2	3.9713939830364e-05	2873	rwr	BC
USP18	3.96886201972015e-05	2874	rwr	BC
CCM2	3.9653727791742e-05	2875	rwr	BC
NME7	3.96417997882732e-05	2876	rwr	BC
SH3GL2	3.96110961131677e-05	2877	rwr	BC
KDM3A	3.96066834369108e-05	2878	rwr	BC
KLK7	3.95994396024219e-05	2879	rwr	BC
BAG2	3.95807130089773e-05	2880	rwr	BC
PLXNA1	3.95493048737796e-05	2881	rwr	BC
NOX3	3.95483135432829e-05	2882	rwr	BC
RASGRP2	3.95196900235786e-05	2883	rwr	BC
MRPS35	3.94850432610082e-05	2884	rwr	BC
UVSSA	3.9418003997069e-05	2885	rwr	BC
TPP1	3.94024322572638e-05	2886	rwr	BC
BCL2A1	3.94000120976259e-05	2887	rwr	BC
RGL1	3.93704921301485e-05	2888	rwr	BC
NLRP6	3.93590572429358e-05	2889	rwr	BC
ADSL	3.93110049569852e-05	2890	rwr	BC
PMP2	3.93104120893685e-05	2891	rwr	BC
IFNAR2	3.93053457173833e-05	2892	rwr	BC
RAPGEF5	3.92828248938806e-05	2893	rwr	BC
BCL9	3.92273374316761e-05	2894	rwr	BC
IMMT	3.92252441481678e-05	2895	rwr	BC
EIF1AY	3.92184308575129e-05	2896	rwr	BC
KRR1	3.91968646675088e-05	2897	rwr	BC
NRIP1	3.9174315614411e-05	2898	rwr	BC
BIN1	3.91721092609004e-05	2899	rwr	BC
MMP1	3.91668450472776e-05	2900	rwr	BC
TIGIT	3.91660076463202e-05	2901	rwr	BC
GADD45GIP1	3.91605835612788e-05	2902	rwr	BC
HGS	3.91573241183292e-05	2903	rwr	BC
AP2A1	3.91322717021358e-05	2904	rwr	BC
CKAP2	3.91092670314737e-05	2905	rwr	BC
WIPI1	3.90998829270138e-05	2906	rwr	BC
MAP3K2	3.90876507691917e-05	2907	rwr	BC
FBXO11	3.90522690442229e-05	2908	rwr	BC
EGR2	3.90392116335257e-05	2909	rwr	BC
STIL	3.90309034506483e-05	2910	rwr	BC
HNRNPH1	3.90018958053147e-05	2911	rwr	BC
GNRH2	3.90018317965656e-05	2912	rwr	BC
SMARCD3	3.89725031078903e-05	2913	rwr	BC
IL12RB1	3.8918123468542e-05	2914	rwr	BC
LIMK1	3.88597432150667e-05	2915	rwr	BC
CHD8	3.88374336482142e-05	2916	rwr	BC
HDAC11	3.88173214929835e-05	2917	rwr	BC
DCAF16	3.87993906053888e-05	2918	rwr	BC
GLI2	3.87574448235744e-05	2919	rwr	BC
SF3B3	3.87309267155148e-05	2920	rwr	BC
GATB	3.87134334994748e-05	2921	rwr	BC
WDR12	3.86955800042118e-05	2922	rwr	BC
GPX6	3.86834890546584e-05	2923	rwr	BC
UBQLN1	3.86549960382319e-05	2924	rwr	BC
DNAJA1	3.86535072001898e-05	2925	rwr	BC
MEMO1	3.85835155973351e-05	2926	rwr	BC
EIF3F	3.85632062532564e-05	2927	rwr	BC
CPSF2	3.85296415220735e-05	2928	rwr	BC
GPX5	3.8515322337059e-05	2929	rwr	BC
CCR3	3.84909046966375e-05	2930	rwr	BC
MAP1B	3.84838389255559e-05	2931	rwr	BC
KLC2	3.84788759851134e-05	2932	rwr	BC
EIF2S2	3.84648354899409e-05	2933	rwr	BC
SEH1L	3.84498988613497e-05	2934	rwr	BC
SF3B1	3.84495149611315e-05	2935	rwr	BC
GNL2	3.84461363201626e-05	2936	rwr	BC
MBP	3.84390721226812e-05	2937	rwr	BC
MYL2	3.84271196047942e-05	2938	rwr	BC
MRPL23	3.84209866151937e-05	2939	rwr	BC
INO80C	3.84196900146579e-05	2940	rwr	BC
NIP7	3.84112810308929e-05	2941	rwr	BC
TPR	3.84054141009034e-05	2942	rwr	BC
PTPA	3.83964613493016e-05	2943	rwr	BC
TRPV1	3.83954527857126e-05	2944	rwr	BC
RTN4	3.83551316174471e-05	2945	rwr	BC
SMAD1	3.83365277010249e-05	2946	rwr	BC
TUBB2A	3.833549267551e-05	2947	rwr	BC
LAG3	3.83228692450329e-05	2948	rwr	BC
SETD1B	3.82919658936679e-05	2949	rwr	BC
LIN28A	3.82772134904858e-05	2950	rwr	BC
DERL1	3.82751045358239e-05	2951	rwr	BC
PDHB	3.8264150526199e-05	2952	rwr	BC
EDN1	3.82373955476293e-05	2953	rwr	BC
MYH7	3.81909833902851e-05	2954	rwr	BC
CAV3	3.8148273899607e-05	2955	rwr	BC
NELFA	3.81453447219314e-05	2956	rwr	BC
HSPA2	3.81424847321396e-05	2957	rwr	BC
TLR8	3.81256626021533e-05	2958	rwr	BC
TNFSF13B	3.81234895282666e-05	2959	rwr	BC
U2AF1	3.81148635836082e-05	2960	rwr	BC
SEC61A2	3.80940616187692e-05	2961	rwr	BC
STK3	3.80704004696841e-05	2962	rwr	BC
BMPR1B	3.80645222398689e-05	2963	rwr	BC
MBD2	3.80597136712207e-05	2964	rwr	BC
ACAN	3.80595012347457e-05	2965	rwr	BC
PFKFB3	3.80232881621449e-05	2966	rwr	BC
TCL1B	3.79827842829664e-05	2967	rwr	BC
GNG13	3.79795469773598e-05	2968	rwr	BC
ITGA8	3.79632309694004e-05	2969	rwr	BC
PYGO2	3.79552067391173e-05	2970	rwr	BC
SAMHD1	3.79401504620411e-05	2971	rwr	BC
RNF111	3.79297524143391e-05	2972	rwr	BC
HTRA4	3.792657914353e-05	2973	rwr	BC
CDK5RAP2	3.79012138935838e-05	2974	rwr	BC
CUL9	3.79006081442879e-05	2975	rwr	BC
IFIT1	3.78934267592136e-05	2976	rwr	BC
PKN1	3.78873998609446e-05	2977	rwr	BC
COL4A1	3.78867804122923e-05	2978	rwr	BC
RAG1	3.78276866259946e-05	2979	rwr	BC
LRP1	3.78171694803843e-05	2980	rwr	BC
DDA1	3.7806664204686e-05	2981	rwr	BC
KCTD13	3.77917151211509e-05	2982	rwr	BC
AP2B1	3.7783972160925e-05	2983	rwr	BC
CISH	3.77823999158951e-05	2984	rwr	BC
PIN1	3.77804261888362e-05	2985	rwr	BC
AFF4	3.77338501932352e-05	2986	rwr	BC
TAF4B	3.7720254111676e-05	2987	rwr	BC
GPX8	3.77179553159427e-05	2988	rwr	BC
IFT88	3.77135902963935e-05	2989	rwr	BC
CD79B	3.76589973489107e-05	2990	rwr	BC
HNRNPAB	3.76386636818111e-05	2991	rwr	BC
DUSP1	3.76182968459109e-05	2992	rwr	BC
UBE2L6	3.75882042992648e-05	2993	rwr	BC
PRNP	3.75695928383685e-05	2994	rwr	BC
MTCP1	3.75649860129973e-05	2995	rwr	BC
BRAT1	3.75471488701329e-05	2996	rwr	BC
DCAF5	3.74699907886629e-05	2997	rwr	BC
FIG4	3.74664943211112e-05	2998	rwr	BC
MLYCD	3.74399719367467e-05	2999	rwr	BC
BAZ1B	3.74322789351104e-05	3000	rwr	BC
TCF4	3.74211188388282e-05	3001	rwr	BC
CD3D	3.74190840819487e-05	3002	rwr	BC
DCAF6	3.7408865787183e-05	3003	rwr	BC
BRD1	3.74004989263891e-05	3004	rwr	BC
PRDM9	3.73676782591267e-05	3005	rwr	BC
KLF5	3.73657877877853e-05	3006	rwr	BC
SMAD6	3.73059734454536e-05	3007	rwr	BC
LSM11	3.72550192943808e-05	3008	rwr	BC
SMKR1	3.72000216200869e-05	3009	rwr	BC
TRPC4AP	3.71869345831734e-05	3010	rwr	BC
TSR1	3.71155765158894e-05	3011	rwr	BC
HASPIN	3.70923179248893e-05	3012	rwr	BC
CD163	3.7089190503066e-05	3013	rwr	BC
C3	3.70682927882998e-05	3014	rwr	BC
FUNDC1	3.70500631134436e-05	3015	rwr	BC
AMOTL2	3.70091983643254e-05	3016	rwr	BC
SOCS4	3.7008724653823e-05	3017	rwr	BC
NONO	3.69570579234481e-05	3018	rwr	BC
TRPV4	3.69539356650734e-05	3019	rwr	BC
GNL3L	3.69343656706311e-05	3020	rwr	BC
RND1	3.68987943241648e-05	3021	rwr	BC
SPATA22	3.68752630478096e-05	3022	rwr	BC
SUFU	3.68655546527901e-05	3023	rwr	BC
ABI2	3.68560640227924e-05	3024	rwr	BC
DLST	3.68483167143855e-05	3025	rwr	BC
LDHA	3.68273875897181e-05	3026	rwr	BC
CYFIP1	3.68230363746988e-05	3027	rwr	BC
KMT2B	3.68147279708301e-05	3028	rwr	BC
IMP4	3.67847719907708e-05	3029	rwr	BC
TH	3.67530762854708e-05	3030	rwr	BC
ARHGAP5	3.67295637218066e-05	3031	rwr	BC
TRPC1	3.6689889855079e-05	3032	rwr	BC
RBMX	3.66526091799827e-05	3033	rwr	BC
GHRL	3.66413594277025e-05	3034	rwr	BC
GNGT2	3.66361090141698e-05	3035	rwr	BC
KLK3	3.65818498163966e-05	3036	rwr	BC
THEM4	3.65654827145681e-05	3037	rwr	BC
GREM1	3.65645535359343e-05	3038	rwr	BC
HLA-DRB1	3.65589597587226e-05	3039	rwr	BC
RNF41	3.65390657711998e-05	3040	rwr	BC
PTPMT1	3.65294741885226e-05	3041	rwr	BC
PDIA3	3.65230803081142e-05	3042	rwr	BC
DCAF8	3.65147247918061e-05	3043	rwr	BC
PSMG1	3.64848788699312e-05	3044	rwr	BC
IPMK	3.64682939197844e-05	3045	rwr	BC
EXOSC10	3.64487037115058e-05	3046	rwr	BC
PAK6	3.64274395613308e-05	3047	rwr	BC
ITGA11	3.64127170144624e-05	3048	rwr	BC
ANPEP	3.64025874491317e-05	3049	rwr	BC
MTBP	3.63848730531943e-05	3050	rwr	BC
IL23R	3.63803593984759e-05	3051	rwr	BC
SRP19	3.63803413242797e-05	3052	rwr	BC
LAMP2	3.63658125137602e-05	3053	rwr	BC
CIB1	3.63609643816434e-05	3054	rwr	BC
SNRPD1	3.63520524831672e-05	3055	rwr	BC
MTMR3	3.63497555184614e-05	3056	rwr	BC
COL3A1	3.63266489695526e-05	3057	rwr	BC
VPS35	3.63199817837163e-05	3058	rwr	BC
RNASEH1	3.62887277440766e-05	3059	rwr	BC
SAE1	3.62704455941891e-05	3060	rwr	BC
IL13RA1	3.62596829222837e-05	3061	rwr	BC
ANGPTL6	3.62554182144915e-05	3062	rwr	BC
RPAP3	3.62503466268241e-05	3063	rwr	BC
CDC34	3.62427904280213e-05	3064	rwr	BC
EPHA1	3.62423575379465e-05	3065	rwr	BC
WDR18	3.62360615476747e-05	3066	rwr	BC
MTREX	3.62238173065105e-05	3067	rwr	BC
BMS1	3.62169836387996e-05	3068	rwr	BC
INTS1	3.62022503136546e-05	3069	rwr	BC
APOA1	3.6179706757919e-05	3070	rwr	BC
DYRK1A	3.61611991177901e-05	3071	rwr	BC
STK4	3.6158258257092e-05	3072	rwr	BC
TLR1	3.61286140577824e-05	3073	rwr	BC
HNRNPUL1	3.61187447585563e-05	3074	rwr	BC
AFF1	3.60564982635222e-05	3075	rwr	BC
LAPTM5	3.60270088767758e-05	3076	rwr	BC
FSCN1	3.60057337460097e-05	3077	rwr	BC
COPS8	3.59321609159666e-05	3078	rwr	BC
NUP214	3.59246353730464e-05	3079	rwr	BC
DPF3	3.59152327453997e-05	3080	rwr	BC
PSMB3	3.58675772218413e-05	3081	rwr	BC
XAF1	3.58638699873141e-05	3082	rwr	BC
FKBP8	3.58634872591476e-05	3083	rwr	BC
IFNA4	3.58511014071819e-05	3084	rwr	BC
BIRC7	3.58368001951601e-05	3085	rwr	BC
NEK10	3.58224980545023e-05	3086	rwr	BC
RBBP6	3.5807962443435e-05	3087	rwr	BC
HBS1L	3.58037756275012e-05	3088	rwr	BC
TNKS1BP1	3.57850548751962e-05	3089	rwr	BC
GPX4	3.5738982494931e-05	3090	rwr	BC
SAV1	3.57361521337348e-05	3091	rwr	BC
CTSB	3.57324103497798e-05	3092	rwr	BC
MPHOSPH8	3.57128200824105e-05	3093	rwr	BC
GPC3	3.57043250069459e-05	3094	rwr	BC
GPS1	3.56929427568354e-05	3095	rwr	BC
PFKFB1	3.56866605919916e-05	3096	rwr	BC
RSAD2	3.56812801176402e-05	3097	rwr	BC
CRNKL1	3.56388605815659e-05	3098	rwr	BC
PCF11	3.56240812123668e-05	3099	rwr	BC
CIAO2A	3.56152444305611e-05	3100	rwr	BC
USP5	3.56102683138059e-05	3101	rwr	BC
TDP2	3.55957947190643e-05	3102	rwr	BC
ARHGAP35	3.55693177887229e-05	3103	rwr	BC
PPP4R2	3.55465281502567e-05	3104	rwr	BC
PIH1D1	3.5543186827434e-05	3105	rwr	BC
TAL1	3.55134196779789e-05	3106	rwr	BC
GPT	3.54874262061911e-05	3107	rwr	BC
TDRD3	3.54762228490434e-05	3108	rwr	BC
ITGA7	3.5452331262322e-05	3109	rwr	BC
IL21R	3.54487690169241e-05	3110	rwr	BC
GATAD2B	3.54189511550424e-05	3111	rwr	BC
DBNL	3.53857233205556e-05	3112	rwr	BC
MFN1	3.53762067396336e-05	3113	rwr	BC
PLRG1	3.5332867832336e-05	3114	rwr	BC
CALCOCO2	3.53312285798478e-05	3115	rwr	BC
MYL9	3.5312734410624e-05	3116	rwr	BC
CEP290	3.52980481869525e-05	3117	rwr	BC
POR	3.52568374425158e-05	3118	rwr	BC
UBR1	3.52193522842924e-05	3119	rwr	BC
CDKN2D	3.52032730657983e-05	3120	rwr	BC
DCAF17	3.51633219478792e-05	3121	rwr	BC
SOX10	3.51549182530636e-05	3122	rwr	BC
RORA	3.51546391323198e-05	3123	rwr	BC
DKK2	3.51499059451319e-05	3124	rwr	BC
TEX10	3.51297785997812e-05	3125	rwr	BC
GSR	3.51030770622955e-05	3126	rwr	BC
RCC1	3.5072606425978e-05	3127	rwr	BC
ASAP1	3.50718633254297e-05	3128	rwr	BC
DAB2	3.50553640842255e-05	3129	rwr	BC
RCHY1	3.50291969418343e-05	3130	rwr	BC
SIRT5	3.50067181649446e-05	3131	rwr	BC
HLA-DRA	3.50048580798638e-05	3132	rwr	BC
BUD31	3.49822077788441e-05	3133	rwr	BC
CD33	3.49687798922437e-05	3134	rwr	BC
CCL20	3.49603062014389e-05	3135	rwr	BC
DGCR8	3.49497759464936e-05	3136	rwr	BC
TNFRSF13C	3.49489059917333e-05	3137	rwr	BC
SET	3.4946669609715e-05	3138	rwr	BC
CARD8	3.49205379399637e-05	3139	rwr	BC
H2AB2	3.49106441134366e-05	3140	rwr	BC
MITF	3.49071768558446e-05	3141	rwr	BC
PIAS3	3.48996004914726e-05	3142	rwr	BC
TBPL2	3.48974905265265e-05	3143	rwr	BC
RALB	3.48569004286574e-05	3144	rwr	BC
POLR1D	3.48473907725506e-05	3145	rwr	BC
DHX58	3.48467765918639e-05	3146	rwr	BC
DNAJB11	3.48434524982471e-05	3147	rwr	BC
TBL1X	3.4796488282816e-05	3148	rwr	BC
CXCR1	3.47652209102975e-05	3149	rwr	BC
SIRPA	3.47530622799572e-05	3150	rwr	BC
UVRAG	3.47518461529098e-05	3151	rwr	BC
PYGM	3.47305589920984e-05	3152	rwr	BC
NPHS1	3.47141632438636e-05	3153	rwr	BC
GNG7	3.46975492447211e-05	3154	rwr	BC
PPP1R12A	3.46846533108111e-05	3155	rwr	BC
PRDX3	3.46827744168912e-05	3156	rwr	BC
LLGL2	3.46550082402114e-05	3157	rwr	BC
SMO	3.46155261369666e-05	3158	rwr	BC
SLC38A9	3.45987631238463e-05	3159	rwr	BC
WDR76	3.45570715014597e-05	3160	rwr	BC
ZMYM2	3.452629200361e-05	3161	rwr	BC
DCAF15	3.45216632484697e-05	3162	rwr	BC
KDM5B	3.447906935517e-05	3163	rwr	BC
MGA	3.44625351204432e-05	3164	rwr	BC
MAPKAPK5	3.44556786239216e-05	3165	rwr	BC
SUCLA2	3.44552266435485e-05	3166	rwr	BC
TBL3	3.44525402583346e-05	3167	rwr	BC
MRGBP	3.4428753647374e-05	3168	rwr	BC
LTV1	3.44224554266251e-05	3169	rwr	BC
COX8A	3.44186129251312e-05	3170	rwr	BC
DBN1	3.44021105544412e-05	3171	rwr	BC
LIN9	3.43957933542303e-05	3172	rwr	BC
PICALM	3.43954220568298e-05	3173	rwr	BC
NLRP12	3.43843193712863e-05	3174	rwr	BC
KAT7	3.4366047526388e-05	3175	rwr	BC
DLG3	3.43598061413684e-05	3176	rwr	BC
TSFM	3.43567542633422e-05	3177	rwr	BC
GRIA1	3.4355010537218e-05	3178	rwr	BC
PEX2	3.43473647772349e-05	3179	rwr	BC
PLAA	3.43279610489505e-05	3180	rwr	BC
MYO6	3.43271989932712e-05	3181	rwr	BC
CAMKMT	3.43267744413286e-05	3182	rwr	BC
GATAD2A	3.43219904964368e-05	3183	rwr	BC
MBTD1	3.43027327259185e-05	3184	rwr	BC
BGN	3.42915363800563e-05	3185	rwr	BC
EPHA3	3.42841627220142e-05	3186	rwr	BC
NOB1	3.42807664760289e-05	3187	rwr	BC
CD47	3.42666916449238e-05	3188	rwr	BC
PRDM1	3.42328562957099e-05	3189	rwr	BC
PSMB6	3.4229484031279e-05	3190	rwr	BC
PDK1	3.42092246819059e-05	3191	rwr	BC
EGLN1	3.41919431368505e-05	3192	rwr	BC
EPC2	3.41881166140846e-05	3193	rwr	BC
SH3BP2	3.41727921828801e-05	3194	rwr	BC
MPHOSPH10	3.41720587957301e-05	3195	rwr	BC
hCG_2039566	3.41672437499842e-05	3196	rwr	BC
SNRNP70	3.41487424444233e-05	3197	rwr	BC
LTF	3.41224244367202e-05	3198	rwr	BC
TUBB2B	3.40772913213467e-05	3199	rwr	BC
ADAR	3.40757928017265e-05	3200	rwr	BC
WDR43	3.40586406167268e-05	3201	rwr	BC
DDR1	3.40562722531319e-05	3202	rwr	BC
DCAF10	3.40502532235217e-05	3203	rwr	BC
NPRL3	3.40400442449446e-05	3204	rwr	BC
GSPT1	3.40346922952112e-05	3205	rwr	BC
IREB2	3.40259461073128e-05	3206	rwr	BC
CCNG1	3.4010576400905e-05	3207	rwr	BC
A2M	3.40023239226359e-05	3208	rwr	BC
ZBTB48	3.39861104290923e-05	3209	rwr	BC
DIDO1	3.39492762879375e-05	3210	rwr	BC
ING5	3.39311851226962e-05	3211	rwr	BC
SFPQ	3.39108282777586e-05	3212	rwr	BC
CCP110	3.39003387388279e-05	3213	rwr	BC
WDR46	3.38866838418791e-05	3214	rwr	BC
KDM4B	3.38865092474573e-05	3215	rwr	BC
ILF3	3.38685256847437e-05	3216	rwr	BC
ATP5MC1	3.38329455909137e-05	3217	rwr	BC
LPL	3.3784276740088e-05	3218	rwr	BC
CEP135	3.37795460661069e-05	3219	rwr	BC
IL12RB2	3.37664500572767e-05	3220	rwr	BC
OGDH	3.37575078346341e-05	3221	rwr	BC
PLXNA4	3.37439244164624e-05	3222	rwr	BC
ATF6	3.37176822498309e-05	3223	rwr	BC
EOMES	3.37080052790879e-05	3224	rwr	BC
SOX15	3.37058715224117e-05	3225	rwr	BC
PSMB5	3.36994988324805e-05	3226	rwr	BC
ACAD9	3.36880178290326e-05	3227	rwr	BC
S100A1	3.36497182674992e-05	3228	rwr	BC
SMAD9	3.36057355947426e-05	3229	rwr	BC
ARID4A	3.35938709219426e-05	3230	rwr	BC
CLTCL1	3.35674839673996e-05	3231	rwr	BC
H1-10	3.35631625916458e-05	3232	rwr	BC
GCK	3.35426473668369e-05	3233	rwr	BC
SNRNP200	3.35391738067733e-05	3234	rwr	BC
GATA2	3.35386312423076e-05	3235	rwr	BC
PI3	3.35272449937904e-05	3236	rwr	BC
PPP5C	3.35268134244523e-05	3237	rwr	BC
PTBP1	3.34976123502044e-05	3238	rwr	BC
NR1H4	3.34755478254284e-05	3239	rwr	BC
DDX18	3.34550182819821e-05	3240	rwr	BC
TNFAIP1	3.34544906917318e-05	3241	rwr	BC
SPG7	3.34347748711144e-05	3242	rwr	BC
PSMB8	3.3410907178297e-05	3243	rwr	BC
SYP	3.33976131601413e-05	3244	rwr	BC
NFATC2	3.33742322638421e-05	3245	rwr	BC
TLR5	3.33242268479936e-05	3246	rwr	BC
TFEB	3.33113860536277e-05	3247	rwr	BC
MYBBP1A	3.32977672041882e-05	3248	rwr	BC
SENP1	3.32660609527306e-05	3249	rwr	BC
TREM2	3.32566414908534e-05	3250	rwr	BC
SRF	3.32321976153177e-05	3251	rwr	BC
SF3A2	3.32273288187742e-05	3252	rwr	BC
WDR20	3.32262906300554e-05	3253	rwr	BC
TLE1	3.32223154187773e-05	3254	rwr	BC
HSPB8	3.32168534152843e-05	3255	rwr	BC
NDUFAF5	3.32137403356681e-05	3256	rwr	BC
SALL4	3.31830562428299e-05	3257	rwr	BC
BRD9	3.31665740981338e-05	3258	rwr	BC
CD3G	3.31520099506003e-05	3259	rwr	BC
RAE1	3.31470676353175e-05	3260	rwr	BC
ARHGEF1	3.31401439990665e-05	3261	rwr	BC
AIF1	3.31352144651718e-05	3262	rwr	BC
ENAH	3.31300354983094e-05	3263	rwr	BC
UTY	3.31239380768467e-05	3264	rwr	BC
WIPI2	3.31226948240975e-05	3265	rwr	BC
TP53AIP1	3.31203846040712e-05	3266	rwr	BC
DEPDC5	3.30966528325905e-05	3267	rwr	BC
NFYA	3.30850115824259e-05	3268	rwr	BC
MRPL44	3.30567632721962e-05	3269	rwr	BC
USP2	3.30264399890976e-05	3270	rwr	BC
SORT1	3.30245328514035e-05	3271	rwr	BC
SMARCD2	3.30180160143596e-05	3272	rwr	BC
QKI	3.30142877938397e-05	3273	rwr	BC
UTP3	3.30130562999636e-05	3274	rwr	BC
ELMO2	3.30009616920646e-05	3275	rwr	BC
SPRY2	3.29833177070074e-05	3276	rwr	BC
CXCL11	3.2980157379155e-05	3277	rwr	BC
USF2	3.29290889583599e-05	3278	rwr	BC
PSMB7	3.2903589653426e-05	3279	rwr	BC
KIF20B	3.2891693793171e-05	3280	rwr	BC
DLD	3.28863104210526e-05	3281	rwr	BC
NFS1	3.28610720157539e-05	3282	rwr	BC
CD151	3.28596867497543e-05	3283	rwr	BC
CAPN2	3.2781335102896e-05	3284	rwr	BC
WDR3	3.27592566903694e-05	3285	rwr	BC
IL33	3.27353634787118e-05	3286	rwr	BC
COPS7A	3.27240853804568e-05	3287	rwr	BC
ISL1	3.27232736380382e-05	3288	rwr	BC
LYAR	3.27022646290723e-05	3289	rwr	BC
TNFRSF25	3.26805210080657e-05	3290	rwr	BC
CASP5	3.26795221450593e-05	3291	rwr	BC
DIAPH3	3.26583153211865e-05	3292	rwr	BC
CXCL13	3.26014692209731e-05	3293	rwr	BC
BRPF1	3.25889105676303e-05	3294	rwr	BC
CLIP1	3.25707646610166e-05	3295	rwr	BC
FUBP1	3.25680653565137e-05	3296	rwr	BC
ITSN2	3.25462150920612e-05	3297	rwr	BC
ELANE	3.25297162698093e-05	3298	rwr	BC
AATF	3.25216685637559e-05	3299	rwr	BC
HOXB7	3.25152114453701e-05	3300	rwr	BC
TNIP2	3.25143083261683e-05	3301	rwr	BC
ENO2	3.25096644349926e-05	3302	rwr	BC
CD48	3.25096280624983e-05	3303	rwr	BC
IFNA14	3.25052805482891e-05	3304	rwr	BC
EAF1	3.25011648681253e-05	3305	rwr	BC
PGK1	3.24960126387798e-05	3306	rwr	BC
VAPB	3.24903418004682e-05	3307	rwr	BC
KDM5C	3.24840775076459e-05	3308	rwr	BC
COL2A1	3.24767156232322e-05	3309	rwr	BC
SUPT3H	3.24645102255888e-05	3310	rwr	BC
THPO	3.24582437132046e-05	3311	rwr	BC
PFKFB4	3.24426486755014e-05	3312	rwr	BC
DCC	3.24395422318885e-05	3313	rwr	BC
SLC2A2	3.24254229931593e-05	3314	rwr	BC
ELOA	3.23940957066177e-05	3315	rwr	BC
UHRF2	3.239100283072e-05	3316	rwr	BC
TSLP	3.23852247265179e-05	3317	rwr	BC
ACOX1	3.23762496094253e-05	3318	rwr	BC
NFYB	3.23756080185485e-05	3319	rwr	BC
SHOC1	3.23705625515055e-05	3320	rwr	BC
NAMPT	3.23377906610562e-05	3321	rwr	BC
ITPA	3.23347189415198e-05	3322	rwr	BC
EPHA7	3.23189860847659e-05	3323	rwr	BC
CLDN5	3.2312507016287e-05	3324	rwr	BC
EIF5	3.2302433098215e-05	3325	rwr	BC
CXCR6	3.23006195254069e-05	3326	rwr	BC
DDX39B	3.22968561228654e-05	3327	rwr	BC
ICK	3.22959512923691e-05	3328	rwr	BC
ILF2	3.2282839577213e-05	3329	rwr	BC
NOP2	3.22607017856739e-05	3330	rwr	BC
MORC3	3.22590271720405e-05	3331	rwr	BC
SDCBP	3.22543579510277e-05	3332	rwr	BC
UBL4A	3.22471048888212e-05	3333	rwr	BC
LRP2	3.22189785673686e-05	3334	rwr	BC
RABGGTA	3.22064357740655e-05	3335	rwr	BC
FURIN	3.21939316163147e-05	3336	rwr	BC
MMP14	3.21938455472763e-05	3337	rwr	BC
WIPF1	3.21766413412224e-05	3338	rwr	BC
USP25	3.21722707999158e-05	3339	rwr	BC
TRAF4	3.21494563568555e-05	3340	rwr	BC
ETS2	3.21450574898847e-05	3341	rwr	BC
IFNA5	3.20961352181624e-05	3342	rwr	BC
TTF2	3.20326986255428e-05	3343	rwr	BC
MRM2	3.20096776335147e-05	3344	rwr	BC
MATR3-2	3.20054298019765e-05	3345	rwr	BC
IFIT3	3.19767533530707e-05	3346	rwr	BC
MED13	3.19732302536323e-05	3347	rwr	BC
UCHL3	3.1959850990885e-05	3348	rwr	BC
IL27RA	3.19328085956039e-05	3349	rwr	BC
RBM8A	3.19304985299279e-05	3350	rwr	BC
CDH13	3.18944143769245e-05	3351	rwr	BC
UPF1	3.18934669906214e-05	3352	rwr	BC
ATP5F1E	3.18773766299907e-05	3353	rwr	BC
NOX4	3.18671694184238e-05	3354	rwr	BC
SPHK2	3.18633651114413e-05	3355	rwr	BC
PLXNB2	3.18570831755512e-05	3356	rwr	BC
RRP9	3.18278494785208e-05	3357	rwr	BC
SPDYE11	3.18261650951232e-05	3358	rwr	BC
TNFRSF10D	3.18259883152356e-05	3359	rwr	BC
SS18	3.18251154312543e-05	3360	rwr	BC
GRIA2	3.18039905823239e-05	3361	rwr	BC
EPHA5	3.17864975253472e-05	3362	rwr	BC
ZW10	3.17802198246281e-05	3363	rwr	BC
BICRA	3.17513895380399e-05	3364	rwr	BC
RPRD1B	3.17491615343755e-05	3365	rwr	BC
FAF2	3.17327284190195e-05	3366	rwr	BC
UTP4	3.17310613836035e-05	3367	rwr	BC
MAP3K4	3.17217167390427e-05	3368	rwr	BC
KCTD10	3.17141852342662e-05	3369	rwr	BC
NGDN	3.17136500920102e-05	3370	rwr	BC
SEC62	3.1693330128621e-05	3371	rwr	BC
TLK1	3.1644290376008e-05	3372	rwr	BC
FXR2	3.16183053512272e-05	3373	rwr	BC
STRIP1	3.15926938507111e-05	3374	rwr	BC
PFN4	3.1564880125753e-05	3375	rwr	BC
BTBD9	3.15608115356514e-05	3376	rwr	BC
GART	3.15485865080814e-05	3377	rwr	BC
STK26	3.15325687249482e-05	3378	rwr	BC
COMMD1	3.1532065766792e-05	3379	rwr	BC
PADI4	3.14988743066592e-05	3380	rwr	BC
MTMR14	3.14742145731968e-05	3381	rwr	BC
CD22	3.14633581704134e-05	3382	rwr	BC
PPP1R1A	3.14592866131231e-05	3383	rwr	BC
PRPF6	3.14547497577773e-05	3384	rwr	BC
PRKAR1A	3.1439973037743e-05	3385	rwr	BC
DCTN2	3.14338524898888e-05	3386	rwr	BC
UBTF	3.14318448619591e-05	3387	rwr	BC
IDO1	3.14310919211981e-05	3388	rwr	BC
BCL7C	3.1426252252742e-05	3389	rwr	BC
IFNL1	3.14260981960509e-05	3390	rwr	BC
S100A6	3.14058362159422e-05	3391	rwr	BC
SRSF3	3.14041802840012e-05	3392	rwr	BC
SUDS3	3.1403364060206e-05	3393	rwr	BC
MMUT	3.13725149848893e-05	3394	rwr	BC
FZD4	3.1371573271912e-05	3395	rwr	BC
TADA2A	3.13663628576014e-05	3396	rwr	BC
CXXC1	3.1364969016147e-05	3397	rwr	BC
SYNCRIP	3.13539795004965e-05	3398	rwr	BC
NDN	3.13392360760181e-05	3399	rwr	BC
HDAC10	3.13351872365682e-05	3400	rwr	BC
WRNIP1	3.13305303651334e-05	3401	rwr	BC
TMEM126B	3.13007768528226e-05	3402	rwr	BC
F2	3.12980423439902e-05	3403	rwr	BC
PYGO1	3.12668412949884e-05	3404	rwr	BC
ATXN3L	3.12450820897348e-05	3405	rwr	BC
KCNJ11	3.12394687467202e-05	3406	rwr	BC
FZD7	3.12392547047456e-05	3407	rwr	BC
CD300C	3.1229467142628e-05	3408	rwr	BC
AARS2	3.12035687395637e-05	3409	rwr	BC
BCL7A	3.12014725132732e-05	3410	rwr	BC
PHB2	3.11749750988148e-05	3411	rwr	BC
RASGRP4	3.11588755632236e-05	3412	rwr	BC
BECN2	3.11583071533696e-05	3413	rwr	BC
CITED2	3.11415289226217e-05	3414	rwr	BC
KIF2A	3.10900067648161e-05	3415	rwr	BC
EIF3C	3.10896320306643e-05	3416	rwr	BC
MYL12B	3.10884957710578e-05	3417	rwr	BC
CCL19	3.10838350848119e-05	3418	rwr	BC
FBXL5	3.10811553754789e-05	3419	rwr	BC
S100A10	3.10804668365264e-05	3420	rwr	BC
CWC22	3.1079523713825e-05	3421	rwr	BC
SESN3	3.10786791938554e-05	3422	rwr	BC
FXN	3.10574087942961e-05	3423	rwr	BC
NUMA1	3.10146504125077e-05	3424	rwr	BC
TENT4A	3.10011960887971e-05	3425	rwr	BC
PTCH1	3.09877764420988e-05	3426	rwr	BC
INPP1	3.09768256973793e-05	3427	rwr	BC
CYP7A1	3.09674946862645e-05	3428	rwr	BC
RASAL2	3.09517246101599e-05	3429	rwr	BC
TIE1	3.09452235834853e-05	3430	rwr	BC
SOCS6	3.09400684736499e-05	3431	rwr	BC
CCL22	3.09371232321765e-05	3432	rwr	BC
EEFSEC	3.09045755625533e-05	3433	rwr	BC
EIF3M	3.08794789279883e-05	3434	rwr	BC
PLXNB3	3.08412543645056e-05	3435	rwr	BC
CPSF6	3.08280719159406e-05	3436	rwr	BC
NFKBIE	3.08111995185266e-05	3437	rwr	BC
FZD1	3.08044868394364e-05	3438	rwr	BC
H2AB3	3.07797959758288e-05	3439	rwr	BC
GZMA	3.07674663113894e-05	3440	rwr	BC
ENDOG	3.07589143719758e-05	3441	rwr	BC
MAK	3.07571506783786e-05	3442	rwr	BC
TPI1	3.07383105655886e-05	3443	rwr	BC
SF3B5	3.07260639742559e-05	3444	rwr	BC
LLGL1	3.07095058194684e-05	3445	rwr	BC
TAC1	3.06921617946243e-05	3446	rwr	BC
TLE3	3.06866845045248e-05	3447	rwr	BC
SPN	3.06789621631036e-05	3448	rwr	BC
CHAMP1	3.06721511132447e-05	3449	rwr	BC
FBN1	3.06663165801636e-05	3450	rwr	BC
GOLGA2	3.06636915718743e-05	3451	rwr	BC
DDX6	3.06360133449965e-05	3452	rwr	BC
HEATR1	3.06278085293218e-05	3453	rwr	BC
WWC1	3.06243027548239e-05	3454	rwr	BC
DYNC1H1	3.062182561153e-05	3455	rwr	BC
ROBO1	3.06064225972913e-05	3456	rwr	BC
GAS6	3.060001520664e-05	3457	rwr	BC
MAGOH	3.05821126232804e-05	3458	rwr	BC
MAML2	3.05795115559266e-05	3459	rwr	BC
MOK	3.05449976244943e-05	3460	rwr	BC
TICAM2	3.05279591146359e-05	3461	rwr	BC
CDY1	3.05245296980057e-05	3462	rwr	BC
NOC4L	3.05206452862687e-05	3463	rwr	BC
SLAMF1	3.05154888179836e-05	3464	rwr	BC
CTSD	3.05109989179188e-05	3465	rwr	BC
MYH2	3.04954920233946e-05	3466	rwr	BC
TCF12	3.04941228997451e-05	3467	rwr	BC
ZC3H13	3.04848046434997e-05	3468	rwr	BC
MYH3	3.04459658449174e-05	3469	rwr	BC
FZD2	3.04406491615562e-05	3470	rwr	BC
LTA	3.04388722818859e-05	3471	rwr	BC
GNGT1	3.04371185955162e-05	3472	rwr	BC
VAMP2	3.04361068055368e-05	3473	rwr	BC
NXF1	3.04305742515028e-05	3474	rwr	BC
LMO2	3.03961835320837e-05	3475	rwr	BC
ARHGEF11	3.03950304013481e-05	3476	rwr	BC
COPS7B	3.0370299965654e-05	3477	rwr	BC
H2BW2	3.03658129776463e-05	3478	rwr	BC
CABLES1	3.03621956562336e-05	3479	rwr	BC
ITGA9	3.03617577558014e-05	3480	rwr	BC
MIS12	3.03585056876512e-05	3481	rwr	BC
RHO	3.0353147778324e-05	3482	rwr	BC
G6PC	3.03441002066565e-05	3483	rwr	BC
PHGDH	3.03381036001925e-05	3484	rwr	BC
DDX47	3.03130444278067e-05	3485	rwr	BC
PPIA	3.03049725829539e-05	3486	rwr	BC
NMD3	3.0289427636291e-05	3487	rwr	BC
MOV10	3.02856256577526e-05	3488	rwr	BC
TWISTNB	3.02726320499548e-05	3489	rwr	BC
FYB1	3.02717815339331e-05	3490	rwr	BC
AUTS2	3.02621981617018e-05	3491	rwr	BC
BCL7B	3.0261757691147e-05	3492	rwr	BC
EPN2	3.02606186290777e-05	3493	rwr	BC
DDX21	3.02601184397209e-05	3494	rwr	BC
NUDT1	3.02517187932451e-05	3495	rwr	BC
EPHB6	3.02471195482651e-05	3496	rwr	BC
TJP3	3.02333347572588e-05	3497	rwr	BC
TNFRSF18	3.0226483652375e-05	3498	rwr	BC
IFNA21	3.02254247913029e-05	3499	rwr	BC
NEDD9	3.02229079576526e-05	3500	rwr	BC
VDAC2	3.019546822879e-05	3501	rwr	BC
CAND1	3.01949641429273e-05	3502	rwr	BC
SRPRB	3.01948897733142e-05	3503	rwr	BC
HLA-B	3.01912132941667e-05	3504	rwr	BC
CYP3A4	3.01637799302406e-05	3505	rwr	BC
MCM3AP	3.01621779841478e-05	3506	rwr	BC
UBE4A	3.00739969891357e-05	3507	rwr	BC
KLRC1	3.00418115300406e-05	3508	rwr	BC
XRN1	3.00376462567995e-05	3509	rwr	BC
ACO1	3.0029457478835e-05	3510	rwr	BC
PLAT	3.00186650596561e-05	3511	rwr	BC
KPNA1	3.00176176612228e-05	3512	rwr	BC
DPP4	3.00043593618972e-05	3513	rwr	BC
IFNA16	2.99943454213372e-05	3514	rwr	BC
KBTBD8	2.99916831285089e-05	3515	rwr	BC
SPRY4	2.99694397387962e-05	3516	rwr	BC
GCN1	2.9956916912568e-05	3517	rwr	BC
TAF5L	2.99192929441083e-05	3518	rwr	BC
PPP1R13L	2.99167919237765e-05	3519	rwr	BC
EEF1D	2.99018375047672e-05	3520	rwr	BC
MAML3	2.98953035704851e-05	3521	rwr	BC
BTF3	2.98723665733715e-05	3522	rwr	BC
PNP	2.98720264917479e-05	3523	rwr	BC
GLRX3	2.98417869469911e-05	3524	rwr	BC
HABP4	2.98284504933317e-05	3525	rwr	BC
HSPE1	2.98218042381227e-05	3526	rwr	BC
MYH1	2.98195746033585e-05	3527	rwr	BC
TEP1	2.98068324922672e-05	3528	rwr	BC
MPL	2.97970226130644e-05	3529	rwr	BC
UBE2L5	2.97870959790564e-05	3530	rwr	BC
SEC63	2.97754933940425e-05	3531	rwr	BC
SELE	2.97663598107806e-05	3532	rwr	BC
UTP18	2.97605521391139e-05	3533	rwr	BC
H2BE1	2.97272899444249e-05	3534	rwr	BC
PSEN2	2.97064772295107e-05	3535	rwr	BC
CCR9	2.97017058254003e-05	3536	rwr	BC
OFD1	2.96799405645038e-05	3537	rwr	BC
SHANK3	2.96700106377835e-05	3538	rwr	BC
BDP1	2.96533702606053e-05	3539	rwr	BC
SLC25A3	2.96484673944285e-05	3540	rwr	BC
H2BW1	2.96429918508903e-05	3541	rwr	BC
NCKAP1	2.96429375203771e-05	3542	rwr	BC
CRYAB	2.96392840934883e-05	3543	rwr	BC
DPF2	2.96332492340935e-05	3544	rwr	BC
L3MBTL2	2.96329444055462e-05	3545	rwr	BC
AKAP9	2.96133045053132e-05	3546	rwr	BC
FIP1L1	2.96011260439442e-05	3547	rwr	BC
SUN1	2.959306546066e-05	3548	rwr	BC
THBS2	2.95826845290512e-05	3549	rwr	BC
HSPA6	2.95806679187604e-05	3550	rwr	BC
CMPK2	2.95775104366387e-05	3551	rwr	BC
IFNA10	2.95587909540834e-05	3552	rwr	BC
CD53	2.95526349188109e-05	3553	rwr	BC
NEFL	2.95407162585661e-05	3554	rwr	BC
DHFR	2.95030786396988e-05	3555	rwr	BC
C17orf49	2.94992996876034e-05	3556	rwr	BC
PAK5	2.94918882953414e-05	3557	rwr	BC
CCR8	2.94549215001319e-05	3558	rwr	BC
SRRT	2.94540528566826e-05	3559	rwr	BC
TAF6L	2.9447548966523e-05	3560	rwr	BC
PPP4R1	2.9439696538135e-05	3561	rwr	BC
CD3EAP	2.94290567611923e-05	3562	rwr	BC
COX10	2.94284450818243e-05	3563	rwr	BC
EPS15L1	2.93599998825106e-05	3564	rwr	BC
ATP5MC3	2.93579131454444e-05	3565	rwr	BC
MAK16	2.93533330835814e-05	3566	rwr	BC
LHCGR	2.9348415757739e-05	3567	rwr	BC
MSL2	2.93469639035462e-05	3568	rwr	BC
MRPL15	2.93320213289212e-05	3569	rwr	BC
IFNA7	2.9292504536462e-05	3570	rwr	BC
SRP14	2.92919141445829e-05	3571	rwr	BC
LSG1	2.92807368301579e-05	3572	rwr	BC
SRP68	2.92671353786031e-05	3573	rwr	BC
MYL6	2.92589628506983e-05	3574	rwr	BC
CAMP	2.92413783477209e-05	3575	rwr	BC
GAR1	2.9212718382778e-05	3576	rwr	BC
TOMM40	2.91820226333969e-05	3577	rwr	BC
ZCWPW2	2.91802841079848e-05	3578	rwr	BC
CDY2A	2.91506589430706e-05	3579	rwr	BC
AHSA1	2.91279922929433e-05	3580	rwr	BC
CNOT3	2.91021969855011e-05	3581	rwr	BC
VAPA	2.90964535760942e-05	3582	rwr	BC
KLC4	2.90920608157828e-05	3583	rwr	BC
HK1	2.9064327349553e-05	3584	rwr	BC
PTS	2.90559629488316e-05	3585	rwr	BC
EPHB3	2.90534707957232e-05	3586	rwr	BC
GRWD1	2.90501159071974e-05	3587	rwr	BC
TADA2B	2.90456276746063e-05	3588	rwr	BC
ZFP36L1	2.903306554863e-05	3589	rwr	BC
POLR2M	2.90296307521852e-05	3590	rwr	BC
TRMT112	2.90052922267923e-05	3591	rwr	BC
ATG4B	2.89825243964739e-05	3592	rwr	BC
ACVR1B	2.89609918465204e-05	3593	rwr	BC
EARS2	2.89522079137999e-05	3594	rwr	BC
MAP1LC3C	2.89283652361813e-05	3595	rwr	BC
MRPS18A	2.89072926813791e-05	3596	rwr	BC
GAN	2.88988242740464e-05	3597	rwr	BC
EGLN3	2.88801070739769e-05	3598	rwr	BC
PSME4	2.88685921868097e-05	3599	rwr	BC
PWP2	2.88665320819608e-05	3600	rwr	BC
KDM1B	2.88642498363388e-05	3601	rwr	BC
FOXO6	2.8859340387648e-05	3602	rwr	BC
BCL2L10	2.88591309141829e-05	3603	rwr	BC
FDX2	2.88578581785349e-05	3604	rwr	BC
GNAO1	2.88416911619008e-05	3605	rwr	BC
TRIM5	2.88209721378339e-05	3606	rwr	BC
IGF2BP1	2.88092913729155e-05	3607	rwr	BC
PF4	2.88058760287186e-05	3608	rwr	BC
RRP7A	2.87973264008795e-05	3609	rwr	BC
ARF3	2.87965014582841e-05	3610	rwr	BC
ITGA10	2.87916286443022e-05	3611	rwr	BC
SPIN1	2.8774116223469e-05	3612	rwr	BC
CLEC4M	2.87700279701681e-05	3613	rwr	BC
PLAU	2.87582850426724e-05	3614	rwr	BC
GAD2	2.87417585851506e-05	3615	rwr	BC
H1-2	2.87328757999845e-05	3616	rwr	BC
SRP9	2.87271933968915e-05	3617	rwr	BC
SPOPL	2.87256268302301e-05	3618	rwr	BC
RAPGEF6	2.87204374189125e-05	3619	rwr	BC
UTP14A	2.87187345750515e-05	3620	rwr	BC
MTMR6	2.87147965495359e-05	3621	rwr	BC
SRCAP	2.870170864672e-05	3622	rwr	BC
STMN1	2.87006746639075e-05	3623	rwr	BC
NLRC5	2.86908277437981e-05	3624	rwr	BC
TUBA4A	2.86906933366517e-05	3625	rwr	BC
COX6B2	2.86892968169977e-05	3626	rwr	BC
NME1	2.86822551065607e-05	3627	rwr	BC
BCL3	2.8678056412302e-05	3628	rwr	BC
RARS1	2.86765057622067e-05	3629	rwr	BC
PLXNA3	2.86746669675099e-05	3630	rwr	BC
RRP12	2.86576963904255e-05	3631	rwr	BC
DNAJC7	2.86565430459852e-05	3632	rwr	BC
SERPINA1	2.86418341667029e-05	3633	rwr	BC
SF1	2.86399660388488e-05	3634	rwr	BC
FNIP1	2.86346571481095e-05	3635	rwr	BC
DENND1A	2.86333945687013e-05	3636	rwr	BC
GIT2	2.86253499490324e-05	3637	rwr	BC
CCL17	2.86245624086928e-05	3638	rwr	BC
THOC5	2.86063377310348e-05	3639	rwr	BC
DNM1	2.85991259984891e-05	3640	rwr	BC
MEF2A	2.85930898837609e-05	3641	rwr	BC
ATXN1	2.8584504453634e-05	3642	rwr	BC
MAPK7	2.85199915669477e-05	3643	rwr	BC
RBFOX2	2.85172887658802e-05	3644	rwr	BC
ZNF217	2.85093018118125e-05	3645	rwr	BC
PEBP1	2.84971088388274e-05	3646	rwr	BC
HSPB11	2.84920905798823e-05	3647	rwr	BC
MEF2C	2.84816448206173e-05	3648	rwr	BC
WDR75	2.84604409792723e-05	3649	rwr	BC
KLHL12	2.84513274494098e-05	3650	rwr	BC
FIS1	2.84235457108917e-05	3651	rwr	BC
EIF3H	2.84088343717375e-05	3652	rwr	BC
BRD3	2.83998945445e-05	3653	rwr	BC
BBOX1	2.83950882082599e-05	3654	rwr	BC
CCL21	2.83841680199682e-05	3655	rwr	BC
NACA	2.83721975458082e-05	3656	rwr	BC
BAZ1A	2.83642525615149e-05	3657	rwr	BC
KLC3	2.83444181881478e-05	3658	rwr	BC
GABPB1	2.8343182844626e-05	3659	rwr	BC
PDHX	2.83418699563153e-05	3660	rwr	BC
CDY2B	2.83392932523219e-05	3661	rwr	BC
GLS2	2.82932415259004e-05	3662	rwr	BC
DEF6	2.8287786822523e-05	3663	rwr	BC
EDF1	2.82703935363671e-05	3664	rwr	BC
DLL1	2.82650187422939e-05	3665	rwr	BC
IRF8	2.82564170272492e-05	3666	rwr	BC
OR10W1	2.82563006807591e-05	3667	rwr	BC
COX15	2.82215183236159e-05	3668	rwr	BC
LCN2	2.82088967604205e-05	3669	rwr	BC
HDDC3	2.81940725905307e-05	3670	rwr	BC
AKTIP	2.81189709315792e-05	3671	rwr	BC
ASXL2	2.81060731810738e-05	3672	rwr	BC
GOT1	2.80849500550253e-05	3673	rwr	BC
DKK4	2.80810050354949e-05	3674	rwr	BC
PSMG2	2.80426566027704e-05	3675	rwr	BC
COL6A1	2.8035893354082e-05	3676	rwr	BC
RORC	2.80150622085106e-05	3677	rwr	BC
CABIN1	2.80149527332558e-05	3678	rwr	BC
PHF19	2.8014302445165e-05	3679	rwr	BC
DR1	2.80013074602417e-05	3680	rwr	BC
TET1	2.79621267027026e-05	3681	rwr	BC
ELP4	2.79488769886328e-05	3682	rwr	BC
PSMB10	2.7948253087186e-05	3683	rwr	BC
FOSL2	2.79404516658303e-05	3684	rwr	BC
HNRNPL	2.79388381935126e-05	3685	rwr	BC
IFNA8	2.79331543460768e-05	3686	rwr	BC
DGKZ	2.79170942014966e-05	3687	rwr	BC
PRKD1	2.79053940240533e-05	3688	rwr	BC
BATF	2.7894157428241e-05	3689	rwr	BC
CBS	2.78868080910191e-05	3690	rwr	BC
CXCL5	2.78793153078259e-05	3691	rwr	BC
AMPH	2.78549600728036e-05	3692	rwr	BC
TALDO1	2.78495347208522e-05	3693	rwr	BC
BAG5	2.78479393739836e-05	3694	rwr	BC
RBPJL	2.78395168902036e-05	3695	rwr	BC
COL18A1	2.78390459762183e-05	3696	rwr	BC
PLXNA2	2.78227929529411e-05	3697	rwr	BC
VBP1	2.78154559129212e-05	3698	rwr	BC
HSPH1	2.78092779273715e-05	3699	rwr	BC
TRIM66	2.77980894010804e-05	3700	rwr	BC
LAMC1	2.77917508281956e-05	3701	rwr	BC
EPHA6	2.77834521684241e-05	3702	rwr	BC
MYLK	2.77827047157042e-05	3703	rwr	BC
GLUD1	2.77777132128283e-05	3704	rwr	BC
HMG20A	2.77621134496125e-05	3705	rwr	BC
C9orf72	2.7759285005517e-05	3706	rwr	BC
KIF3A	2.77578281353779e-05	3707	rwr	BC
IFNA6	2.77500587827053e-05	3708	rwr	BC
EPB41	2.77452052711597e-05	3709	rwr	BC
EMD	2.77445889944446e-05	3710	rwr	BC
STAM2	2.77353170502029e-05	3711	rwr	BC
SYCE3	2.77346342676298e-05	3712	rwr	BC
SMYD2	2.77343098585894e-05	3713	rwr	BC
SMN1	2.77225509362385e-05	3714	rwr	BC
RASAL1	2.7719940892921e-05	3715	rwr	BC
FZD5	2.76952330054885e-05	3716	rwr	BC
MAP1S	2.76378322649547e-05	3717	rwr	BC
ASCL1	2.76101976698768e-05	3718	rwr	BC
PRPF3	2.76066151465492e-05	3719	rwr	BC
MIS18A	2.75713179970328e-05	3720	rwr	BC
FBXO43	2.75702245076443e-05	3721	rwr	BC
HLA-C	2.75382404647911e-05	3722	rwr	BC
SUPT20H	2.75273337492292e-05	3723	rwr	BC
ISCU	2.75241981536346e-05	3724	rwr	BC
IL22RA1	2.75152047359068e-05	3725	rwr	BC
GNG5	2.75080291433717e-05	3726	rwr	BC
TIGAR	2.75026434258525e-05	3727	rwr	BC
CYTH1	2.74969429242559e-05	3728	rwr	BC
POSTN	2.74663780264494e-05	3729	rwr	BC
DOCK2	2.74280798826606e-05	3730	rwr	BC
ZYX	2.74236381439898e-05	3731	rwr	BC
TUBB4B	2.74181180275185e-05	3732	rwr	BC
EIF4A2	2.74060904137863e-05	3733	rwr	BC
TNFRSF21	2.73855262806745e-05	3734	rwr	BC
GNG3	2.73843281343622e-05	3735	rwr	BC
SORBS1	2.73554952360418e-05	3736	rwr	BC
NKX2-5	2.73524706582513e-05	3737	rwr	BC
BLVRB	2.73462950437757e-05	3738	rwr	BC
P4HB	2.73432676311426e-05	3739	rwr	BC
MSL1	2.73432391638529e-05	3740	rwr	BC
FBXW4	2.73203032132521e-05	3741	rwr	BC
HLA-E	2.73040356552652e-05	3742	rwr	BC
LUM	2.72859424065256e-05	3743	rwr	BC
TAOK1	2.72854338919419e-05	3744	rwr	BC
GNA15	2.72669580558938e-05	3745	rwr	BC
STX17	2.72664287074593e-05	3746	rwr	BC
FXR1	2.7260113508051e-05	3747	rwr	BC
CYTIP	2.72393336778988e-05	3748	rwr	BC
BTLA	2.72384674618093e-05	3749	rwr	BC
LBR	2.72327877629725e-05	3750	rwr	BC
POLDIP2	2.7214491543858e-05	3751	rwr	BC
OGDHL	2.72021658322287e-05	3752	rwr	BC
NPAS2	2.71971441798292e-05	3753	rwr	BC
GLYR1	2.71924459552044e-05	3754	rwr	BC
PTPN22	2.71629565677949e-05	3755	rwr	BC
DGUOK	2.71520589492932e-05	3756	rwr	BC
MTMR8	2.71420462657894e-05	3757	rwr	BC
PELI1	2.71407883637826e-05	3758	rwr	BC
PRLR	2.71404189732381e-05	3759	rwr	BC
LILRB1	2.71392221462047e-05	3760	rwr	BC
ATG10	2.71347299047862e-05	3761	rwr	BC
MYH8	2.71234208167404e-05	3762	rwr	BC
EGLN2	2.71077070521265e-05	3763	rwr	BC
SLBP	2.70979504584322e-05	3764	rwr	BC
GOT1L1	2.7096316995848e-05	3765	rwr	BC
ATXN7L3	2.70946114473502e-05	3766	rwr	BC
RASA3	2.70901346099973e-05	3767	rwr	BC
MXI1	2.70827183682797e-05	3768	rwr	BC
EIF1	2.70801423135328e-05	3769	rwr	BC
SH3PXD2A	2.70745262945226e-05	3770	rwr	BC
RPF1	2.70736595776134e-05	3771	rwr	BC
HIF1AN	2.70639869461888e-05	3772	rwr	BC
RINT1	2.70449300168222e-05	3773	rwr	BC
SECISBP2	2.7038564068847e-05	3774	rwr	BC
MUL1	2.70325019066836e-05	3775	rwr	BC
TMEM109	2.70265121224633e-05	3776	rwr	BC
RADX	2.70215769276947e-05	3777	rwr	BC
OAS1	2.70165171485431e-05	3778	rwr	BC
ZNF597	2.69964927262858e-05	3779	rwr	BC
RRP1B	2.6985663810359e-05	3780	rwr	BC
COL4A2	2.69834124562837e-05	3781	rwr	BC
SHLD2	2.6964349031896e-05	3782	rwr	BC
NIN	2.69530392336209e-05	3783	rwr	BC
F3	2.69331007536786e-05	3784	rwr	BC
MTDH	2.69162335952992e-05	3785	rwr	BC
WDR59	2.69080903210829e-05	3786	rwr	BC
PLA2G6	2.689747679746e-05	3787	rwr	BC
CALD1	2.68967770987576e-05	3788	rwr	BC
DPF1	2.68770835506451e-05	3789	rwr	BC
EMG1	2.68472279916494e-05	3790	rwr	BC
PDK2	2.68391385350219e-05	3791	rwr	BC
MAP1A	2.68296167678413e-05	3792	rwr	BC
UTP11	2.68288423352544e-05	3793	rwr	BC
BCS1L	2.68200350739819e-05	3794	rwr	BC
EIF3D	2.68134205572229e-05	3795	rwr	BC
STAM	2.68038158245335e-05	3796	rwr	BC
ATXN7-2	2.67810159853191e-05	3797	rwr	BC
GRIN1	2.67782357497578e-05	3798	rwr	BC
CACNG2	2.67668592208765e-05	3799	rwr	BC
DLG2	2.67633711840689e-05	3800	rwr	BC
COA6	2.67578112848393e-05	3801	rwr	BC
NEDD1	2.67479190625681e-05	3802	rwr	BC
ENTPD1	2.67378941088431e-05	3803	rwr	BC
GRM1	2.67336395648562e-05	3804	rwr	BC
KLHL20	2.67332421657513e-05	3805	rwr	BC
MRPL30	2.67248957980978e-05	3806	rwr	BC
HNRNPF	2.67220953786881e-05	3807	rwr	BC
SNX5	2.67124417848555e-05	3808	rwr	BC
ALDH7A1	2.67049028044504e-05	3809	rwr	BC
PPAT	2.67018489799993e-05	3810	rwr	BC
COL6A2	2.6697340347437e-05	3811	rwr	BC
SNRPN	2.66860869025573e-05	3812	rwr	BC
MARK3	2.66828049169422e-05	3813	rwr	BC
EAF2	2.66565684906174e-05	3814	rwr	BC
PDCD1LG2	2.66418729192287e-05	3815	rwr	BC
CDC40	2.66403779786327e-05	3816	rwr	BC
KLHL41	2.66365288414753e-05	3817	rwr	BC
COIL	2.66275827570273e-05	3818	rwr	BC
GALNT12	2.66240602672556e-05	3819	rwr	BC
TP53I3	2.6620593675788e-05	3820	rwr	BC
MYL6B	2.65964477019254e-05	3821	rwr	BC
CD7	2.65777116425206e-05	3822	rwr	BC
PFDN6	2.65630060449852e-05	3823	rwr	BC
MRPS33	2.65488728893275e-05	3824	rwr	BC
LRPAP1	2.65471907148129e-05	3825	rwr	BC
IFNLR1	2.65408800168246e-05	3826	rwr	BC
SRRM1	2.65377254487559e-05	3827	rwr	BC
EPHA8	2.6524911162922e-05	3828	rwr	BC
MRPL50	2.65150575626549e-05	3829	rwr	BC
SIAH2	2.65028430606167e-05	3830	rwr	BC
AK9	2.65026589063968e-05	3831	rwr	BC
DENR	2.64895659612824e-05	3832	rwr	BC
IGF2R	2.64654591612296e-05	3833	rwr	BC
HIC1	2.6461716687e-05	3834	rwr	BC
ZBTB17	2.64488870192934e-05	3835	rwr	BC
CACNA1A	2.64466330915407e-05	3836	rwr	BC
VPS29	2.64447746941721e-05	3837	rwr	BC
GRIP1	2.64341132967128e-05	3838	rwr	BC
ZMYM3	2.64274669559798e-05	3839	rwr	BC
MPDZ	2.63939151913539e-05	3840	rwr	BC
TPM1	2.63917559027809e-05	3841	rwr	BC
ZC3H8	2.63818295881588e-05	3842	rwr	BC
BICRAL	2.63596976140114e-05	3843	rwr	BC
PELO	2.63502507917039e-05	3844	rwr	BC
RBM14	2.63254738636802e-05	3845	rwr	BC
NOL10	2.63222125540446e-05	3846	rwr	BC
CEP152	2.63151596860038e-05	3847	rwr	BC
TOMM20	2.63103925194578e-05	3848	rwr	BC
GPN1	2.6275235736789e-05	3849	rwr	BC
UBD	2.62684432989394e-05	3850	rwr	BC
CRH	2.62674247763131e-05	3851	rwr	BC
EPB41L4B	2.6264407015606e-05	3852	rwr	BC
NFYC	2.62640375734041e-05	3853	rwr	BC
TOMM70	2.62591367035976e-05	3854	rwr	BC
MEI1	2.6252002464681e-05	3855	rwr	BC
ACE	2.62320397355832e-05	3856	rwr	BC
IGF2BP2	2.62132813836584e-05	3857	rwr	BC
GRPEL1	2.62100817398632e-05	3858	rwr	BC
SCO2	2.61987777628821e-05	3859	rwr	BC
SYVN1	2.61843239981329e-05	3860	rwr	BC
CXCL3	2.61815175699065e-05	3861	rwr	BC
SH3GL3	2.61763603305063e-05	3862	rwr	BC
CCRL2	2.6165959989618e-05	3863	rwr	BC
MC1R	2.61609632119815e-05	3864	rwr	BC
PLA2G4A	2.61557230468596e-05	3865	rwr	BC
PPARGC1B	2.61402607684945e-05	3866	rwr	BC
PARVA	2.61357043110363e-05	3867	rwr	BC
WDR62	2.61356668042408e-05	3868	rwr	BC
TRPA1	2.61310785559646e-05	3869	rwr	BC
E2F7	2.61209172742546e-05	3870	rwr	BC
REN	2.61188619174882e-05	3871	rwr	BC
CDY1B	2.61050092687748e-05	3872	rwr	BC
MOB4	2.61049270158214e-05	3873	rwr	BC
WDR74	2.61014313365705e-05	3874	rwr	BC
RNASEH2B	2.60923539891416e-05	3875	rwr	BC
NUP107	2.60848821135145e-05	3876	rwr	BC
AP2A2	2.60778383037089e-05	3877	rwr	BC
MRPL35	2.60755461593862e-05	3878	rwr	BC
CPSF1	2.60737866270677e-05	3879	rwr	BC
WNT4	2.60626622049491e-05	3880	rwr	BC
CLTA	2.60513637836083e-05	3881	rwr	BC
KLHL9	2.60454608387372e-05	3882	rwr	BC
PNO1	2.60451340737093e-05	3883	rwr	BC
FCF1	2.60327303190454e-05	3884	rwr	BC
VTA1	2.60090243737581e-05	3885	rwr	BC
TACC1	2.59932467592928e-05	3886	rwr	BC
DAG1	2.59815304333778e-05	3887	rwr	BC
PARP9	2.59773033122597e-05	3888	rwr	BC
CENPB	2.59742507877963e-05	3889	rwr	BC
ACTR3	2.59734315962571e-05	3890	rwr	BC
WNT3	2.59690786140461e-05	3891	rwr	BC
NUFIP1	2.59573239109592e-05	3892	rwr	BC
SPATA2	2.59375745158901e-05	3893	rwr	BC
APPBP2	2.59106717494982e-05	3894	rwr	BC
CNOT1	2.58896937105556e-05	3895	rwr	BC
KLHL13	2.58848426044034e-05	3896	rwr	BC
NDUFAF6	2.5876411864028e-05	3897	rwr	BC
LYVE1	2.58762455849383e-05	3898	rwr	BC
GSDME	2.58741908202859e-05	3899	rwr	BC
PRR5L	2.58423186515222e-05	3900	rwr	BC
BIK	2.58335139161964e-05	3901	rwr	BC
KANSL3	2.5820442942341e-05	3902	rwr	BC
CCDC36	2.58121292137033e-05	3903	rwr	BC
CDH7	2.58102179216265e-05	3904	rwr	BC
GDF15	2.58097041297268e-05	3905	rwr	BC
MTMR7	2.5800644963031e-05	3906	rwr	BC
BACE1	2.57943674523845e-05	3907	rwr	BC
ABL2	2.57860652264696e-05	3908	rwr	BC
RHOJ	2.57854887150925e-05	3909	rwr	BC
CDH6	2.57626885458185e-05	3910	rwr	BC
REC114	2.5736775613299e-05	3911	rwr	BC
NAT9	2.57229777088894e-05	3912	rwr	BC
TG	2.57200372772404e-05	3913	rwr	BC
IBSP	2.57092779687937e-05	3914	rwr	BC
INTS4	2.57018477148337e-05	3915	rwr	BC
KANSL2	2.56968717349161e-05	3916	rwr	BC
EIF3K	2.56935521533593e-05	3917	rwr	BC
PRMT6	2.56823512264527e-05	3918	rwr	BC
CSH2	2.56664320026632e-05	3919	rwr	BC
PAPOLA	2.56579931457765e-05	3920	rwr	BC
TBL1XR1	2.565698011557e-05	3921	rwr	BC
ELL2	2.5650633970204e-05	3922	rwr	BC
SUPT7L	2.56194345014327e-05	3923	rwr	BC
PSTPIP1	2.56168062698628e-05	3924	rwr	BC
BIRC6	2.5616626046125e-05	3925	rwr	BC
CCDC124	2.55984492596896e-05	3926	rwr	BC
CACNA1S	2.55859398194627e-05	3927	rwr	BC
MXD1	2.55781657034912e-05	3928	rwr	BC
TEX12	2.55729745609232e-05	3929	rwr	BC
SNAP25	2.55683957445086e-05	3930	rwr	BC
DHX33	2.55472250948738e-05	3931	rwr	BC
DBT	2.55394776218277e-05	3932	rwr	BC
CDK13	2.55392564964483e-05	3933	rwr	BC
IDH3A	2.55350836754795e-05	3934	rwr	BC
STRN3	2.55217579932932e-05	3935	rwr	BC
PIGM	2.55048561950795e-05	3936	rwr	BC
GNG11	2.54968456000456e-05	3937	rwr	BC
CBSL	2.54959687700524e-05	3938	rwr	BC
PARVB	2.54910325269727e-05	3939	rwr	BC
MRPL10	2.54883135262802e-05	3940	rwr	BC
MAP4K1	2.54822644002343e-05	3941	rwr	BC
F5H5T6_HUMAN	2.54611661400686e-05	3942	rwr	BC
SAP18	2.54431541582726e-05	3943	rwr	BC
SH3RF1	2.5439308675553e-05	3944	rwr	BC
MEF2D	2.5420672312388e-05	3945	rwr	BC
H0YIJ7_HUMAN	2.53989193651824e-05	3946	rwr	BC
CTSK	2.53934314231578e-05	3947	rwr	BC
PER1	2.53681744853529e-05	3948	rwr	BC
DSG2	2.53647399548323e-05	3949	rwr	BC
KCNQ1	2.53406209763869e-05	3950	rwr	BC
NRTN	2.53343199536833e-05	3951	rwr	BC
ACVRL1	2.53318571122986e-05	3952	rwr	BC
TCEA3	2.53232459714342e-05	3953	rwr	BC
RCL1	2.52964732165587e-05	3954	rwr	BC
AP2S1	2.52862654343306e-05	3955	rwr	BC
EIF3G	2.52857046031933e-05	3956	rwr	BC
IFNA13	2.52799953778212e-05	3957	rwr	BC
NABP1	2.52375477401447e-05	3958	rwr	BC
HPRT1	2.52145104153141e-05	3959	rwr	BC
ALDH1A1	2.52077956256541e-05	3960	rwr	BC
GTF2I	2.51764078896734e-05	3961	rwr	BC
PVALB	2.51612816512161e-05	3962	rwr	BC
PABPN1	2.51574194343034e-05	3963	rwr	BC
ARFIP1	2.51470204199515e-05	3964	rwr	BC
GLUD2	2.51463247644526e-05	3965	rwr	BC
ARPC2	2.51459297768584e-05	3966	rwr	BC
SMYD3	2.51392369972133e-05	3967	rwr	BC
DHH	2.51377470874154e-05	3968	rwr	BC
PPIG	2.51367342918573e-05	3969	rwr	BC
IDH3B	2.51279578991013e-05	3970	rwr	BC
EPS8	2.51037580001273e-05	3971	rwr	BC
PDCD6	2.50931269289428e-05	3972	rwr	BC
PPM1A	2.50669524815009e-05	3973	rwr	BC
SNRPA1	2.50635286942292e-05	3974	rwr	BC
DDX20	2.50433976701702e-05	3975	rwr	BC
PAFAH1B1	2.5024278231406e-05	3976	rwr	BC
OAS2	2.50167748910253e-05	3977	rwr	BC
CYP1A1	2.49965848514864e-05	3978	rwr	BC
MYO1C	2.49954594451186e-05	3979	rwr	BC
SNRNP40	2.49861651596615e-05	3980	rwr	BC
MAG	2.49718972662424e-05	3981	rwr	BC
INTS2	2.49567905120844e-05	3982	rwr	BC
IDE	2.49563292796964e-05	3983	rwr	BC
IFIT2	2.49345987861948e-05	3984	rwr	BC
CLCA1	2.49272317924833e-05	3985	rwr	BC
C5	2.49090934201712e-05	3986	rwr	BC
NSL1	2.49085656829881e-05	3987	rwr	BC
NLRP7	2.48930557686593e-05	3988	rwr	BC
GGA3	2.48890658976974e-05	3989	rwr	BC
NLRP2	2.48656219243071e-05	3990	rwr	BC
NUP50	2.48594031246272e-05	3991	rwr	BC
IL5RA	2.48583784683994e-05	3992	rwr	BC
FNIP2	2.48550590261904e-05	3993	rwr	BC
MIOS	2.48426154025404e-05	3994	rwr	BC
DNTTIP2	2.481470041381e-05	3995	rwr	BC
SF3B2	2.48010795396075e-05	3996	rwr	BC
MBD3	2.47981778340767e-05	3997	rwr	BC
UBQLN4	2.47951246187357e-05	3998	rwr	BC
RRP1	2.47856588625125e-05	3999	rwr	BC
MRPS30	2.47707496234911e-05	4000	rwr	BC
OS9	2.47571106911402e-05	4001	rwr	BC
F2R	2.47539636025026e-05	4002	rwr	BC
SPARC	2.47468502920456e-05	4003	rwr	BC
KLHL7	2.47445908089099e-05	4004	rwr	BC
DYNC1I2	2.47380742097489e-05	4005	rwr	BC
PARN	2.47258384109011e-05	4006	rwr	BC
CHD7	2.47237237515611e-05	4007	rwr	BC
SPDL1	2.47116633774599e-05	4008	rwr	BC
KIF5C	2.47101050796723e-05	4009	rwr	BC
VPS16	2.46937988338104e-05	4010	rwr	BC
TADA1	2.46923215181009e-05	4011	rwr	BC
MRPS21	2.46870236491493e-05	4012	rwr	BC
UBR2	2.4680334909975e-05	4013	rwr	BC
SH2B1	2.46722237792064e-05	4014	rwr	BC
RASA4	2.4660745460574e-05	4015	rwr	BC
TRAF3IP2	2.46580407028843e-05	4016	rwr	BC
MIF	2.46460467815344e-05	4017	rwr	BC
HIRA	2.46203926017872e-05	4018	rwr	BC
ARPC3	2.4618511599695e-05	4019	rwr	BC
USP20	2.46081107612528e-05	4020	rwr	BC
PDCD6IP	2.46013975717347e-05	4021	rwr	BC
PFN3	2.45918150462322e-05	4022	rwr	BC
NCR3	2.4560762297967e-05	4023	rwr	BC
ARHGAP1	2.45535418805905e-05	4024	rwr	BC
SSU72	2.45416482318659e-05	4025	rwr	BC
DOK1	2.45381039695318e-05	4026	rwr	BC
PPP1R13B	2.45264715959374e-05	4027	rwr	BC
TRPC6	2.45244993009701e-05	4028	rwr	BC
HNF1A	2.45206446325686e-05	4029	rwr	BC
FZD3	2.45137978256507e-05	4030	rwr	BC
MRPL39	2.45016987177902e-05	4031	rwr	BC
WNT2	2.44853864564943e-05	4032	rwr	BC
ADIPOR1	2.44502467881331e-05	4033	rwr	BC
CRLF3	2.44429532932678e-05	4034	rwr	BC
NKX2-1	2.44277523536766e-05	4035	rwr	BC
FZD6	2.44241264260536e-05	4036	rwr	BC
SH2B3	2.4411095352086e-05	4037	rwr	BC
ACTN2	2.44007873382341e-05	4038	rwr	BC
TRPC3	2.43942203522662e-05	4039	rwr	BC
MARVELD2	2.43918000228628e-05	4040	rwr	BC
MRPS25	2.43813318603414e-05	4041	rwr	BC
DERL2	2.43794353559484e-05	4042	rwr	BC
NDEL1	2.43793482155383e-05	4043	rwr	BC
MYLPF	2.43723923473572e-05	4044	rwr	BC
KSR2	2.4370887348547e-05	4045	rwr	BC
BANP	2.43558510769724e-05	4046	rwr	BC
ARHGAP11A	2.43557015721419e-05	4047	rwr	BC
ELK1	2.43495019551601e-05	4048	rwr	BC
EPGN	2.43425971725808e-05	4049	rwr	BC
NMRAL1	2.43373875457748e-05	4050	rwr	BC
MYH4	2.4327255800301e-05	4051	rwr	BC
AGTR1	2.42905718735877e-05	4052	rwr	BC
DSG1	2.42672361055177e-05	4053	rwr	BC
IFI44	2.426377799533e-05	4054	rwr	BC
TNFSF4	2.42588140893729e-05	4055	rwr	BC
KLHL3	2.42498131079617e-05	4056	rwr	BC
KBTBD7	2.42455965249579e-05	4057	rwr	BC
NCKAP1L	2.42321759251786e-05	4058	rwr	BC
LIN52	2.42277194382562e-05	4059	rwr	BC
CRADD	2.4225487280844e-05	4060	rwr	BC
ZSWIM8	2.42075888864964e-05	4061	rwr	BC
MRPS18C	2.41965538326113e-05	4062	rwr	BC
NLRX1	2.41906168523795e-05	4063	rwr	BC
ATP5MD	2.41884878113777e-05	4064	rwr	BC
ICE2	2.41863338395102e-05	4065	rwr	BC
ROBO2	2.41780321929031e-05	4066	rwr	BC
RRS1	2.41665805566046e-05	4067	rwr	BC
CEBPD	2.41648114755506e-05	4068	rwr	BC
MRPL28	2.41412698890396e-05	4069	rwr	BC
RIOK2	2.41251285434235e-05	4070	rwr	BC
KIF5A	2.41236567011058e-05	4071	rwr	BC
CHRM1	2.41162886966799e-05	4072	rwr	BC
SASS6	2.41160819428568e-05	4073	rwr	BC
GDF5	2.41101551436073e-05	4074	rwr	BC
UMPS	2.40958791714303e-05	4075	rwr	BC
PTGS1	2.4073872294446e-05	4076	rwr	BC
PMF1	2.40683590884475e-05	4077	rwr	BC
EIF2AK4	2.40630323370857e-05	4078	rwr	BC
MRPL42	2.40610596199169e-05	4079	rwr	BC
PC	2.40603687703023e-05	4080	rwr	BC
SH2B2	2.40600524196637e-05	4081	rwr	BC
SNRPA	2.40561721815811e-05	4082	rwr	BC
APRT	2.4053469255111e-05	4083	rwr	BC
IGBP1	2.40469532840262e-05	4084	rwr	BC
KARS1	2.40355198812004e-05	4085	rwr	BC
DDX56	2.39991004603919e-05	4086	rwr	BC
EDNRB	2.39888691926543e-05	4087	rwr	BC
SPINDOC	2.39826101412583e-05	4088	rwr	BC
RRP8	2.39824726508541e-05	4089	rwr	BC
NSFL1C	2.3979896178007e-05	4090	rwr	BC
TBX5	2.39738911684849e-05	4091	rwr	BC
KLHL22	2.39654602489469e-05	4092	rwr	BC
LGALS4	2.39613678745666e-05	4093	rwr	BC
MRPL18	2.39608428220587e-05	4094	rwr	BC
CRLF2	2.39501586066119e-05	4095	rwr	BC
MYOG	2.39102240859047e-05	4096	rwr	BC
CNOT7	2.39074000287522e-05	4097	rwr	BC
FDX1	2.39016004849254e-05	4098	rwr	BC
DIMT1	2.39004143492322e-05	4099	rwr	BC
ATF7IP	2.38649378679336e-05	4100	rwr	BC
UBE2D4	2.38582897790532e-05	4101	rwr	BC
DLL4	2.38579293170779e-05	4102	rwr	BC
NMNAT2	2.385583754317e-05	4103	rwr	BC
MRPL38	2.38506453874392e-05	4104	rwr	BC
MRPL37	2.38456391218266e-05	4105	rwr	BC
ITPKA	2.38434171444397e-05	4106	rwr	BC
NFATC3	2.38393472380905e-05	4107	rwr	BC
INTS8	2.38382821622238e-05	4108	rwr	BC
SAP130	2.38356436276811e-05	4109	rwr	BC
MT-ATP8	2.38346331796031e-05	4110	rwr	BC
UBL7	2.38325395000999e-05	4111	rwr	BC
GNG10	2.38308272124816e-05	4112	rwr	BC
OXT	2.38253450570742e-05	4113	rwr	BC
HMGA1	2.38248113197493e-05	4114	rwr	BC
FOXG1	2.38024409292816e-05	4115	rwr	BC
CETN3	2.37947653788376e-05	4116	rwr	BC
FZD8	2.37807976515918e-05	4117	rwr	BC
JAG2	2.37658401200123e-05	4118	rwr	BC
SNIP1	2.37300653941625e-05	4119	rwr	BC
MED13L	2.3729880676774e-05	4120	rwr	BC
HNRNPR	2.37232555856762e-05	4121	rwr	BC
GUF1	2.36936040785607e-05	4122	rwr	BC
DCUN1D1	2.36910417027652e-05	4123	rwr	BC
NR0B1	2.36777531542234e-05	4124	rwr	BC
TRIM63	2.365387016144e-05	4125	rwr	BC
ELL3	2.3638388094218e-05	4126	rwr	BC
GTF2H2C	2.36178879100137e-05	4127	rwr	BC
NUP62	2.3607853622618e-05	4128	rwr	BC
METTL3	2.35955573664951e-05	4129	rwr	BC
FBXO7	2.35954105110452e-05	4130	rwr	BC
MRPL51	2.35942696880116e-05	4131	rwr	BC
PSMA8	2.35907076948769e-05	4132	rwr	BC
CHKA	2.35754250152516e-05	4133	rwr	BC
INTS7	2.35694411549371e-05	4134	rwr	BC
LMNB2	2.35529887110697e-05	4135	rwr	BC
NUP85	2.35498379064432e-05	4136	rwr	BC
GNAT3	2.35379869839821e-05	4137	rwr	BC
MRPL45	2.35306612517541e-05	4138	rwr	BC
ADK	2.3503332736706e-05	4139	rwr	BC
MRPL54	2.34996825212503e-05	4140	rwr	BC
NR1D1	2.34964085648857e-05	4141	rwr	BC
PKP2	2.34830154908781e-05	4142	rwr	BC
OXA1L	2.34788252076846e-05	4143	rwr	BC
LIN37	2.34703233902366e-05	4144	rwr	BC
ATG9B	2.34660006517826e-05	4145	rwr	BC
BRK1	2.34611061895254e-05	4146	rwr	BC
CR2	2.34564993155215e-05	4147	rwr	BC
TUBGCP3	2.34297394220643e-05	4148	rwr	BC
EPHX2	2.34238389597889e-05	4149	rwr	BC
NECTIN2	2.34199269253902e-05	4150	rwr	BC
BMP6	2.33958920242852e-05	4151	rwr	BC
ENC1	2.33903307332263e-05	4152	rwr	BC
LAMA4	2.33820359743321e-05	4153	rwr	BC
CPEB1	2.33740507884595e-05	4154	rwr	BC
CLASP2	2.33708884521678e-05	4155	rwr	BC
OPRM1	2.33500193011681e-05	4156	rwr	BC
PJA1	2.33444442702538e-05	4157	rwr	BC
CD276	2.33200056837657e-05	4158	rwr	BC
RPRD1A	2.33072471590492e-05	4159	rwr	BC
EIF3L	2.33071221620904e-05	4160	rwr	BC
SLC25A23	2.33067550165161e-05	4161	rwr	BC
CCDC88A	2.33026156597176e-05	4162	rwr	BC
ITIH4	2.329228443187e-05	4163	rwr	BC
GNA14	2.32816177626034e-05	4164	rwr	BC
KCTD17	2.32762109592253e-05	4165	rwr	BC
CD1C	2.32703023119334e-05	4166	rwr	BC
FBXO4	2.32597361546272e-05	4167	rwr	BC
TUBGCP2	2.32593434197367e-05	4168	rwr	BC
ATXN2	2.32573786275557e-05	4169	rwr	BC
TFAP2C	2.32332817543909e-05	4170	rwr	BC
LAMB1	2.3231631752822e-05	4171	rwr	BC
B4E171_HUMAN	2.32306595935997e-05	4172	rwr	BC
MTMR10	2.32218561114972e-05	4173	rwr	BC
ESRRA	2.32152427657117e-05	4174	rwr	BC
DEK	2.31975705578225e-05	4175	rwr	BC
DUOX2	2.31968814814956e-05	4176	rwr	BC
MRPL14	2.31721722698068e-05	4177	rwr	BC
HNRNPDL	2.31709671517234e-05	4178	rwr	BC
ARG1	2.31572455340343e-05	4179	rwr	BC
CTTNBP2	2.31509756563485e-05	4180	rwr	BC
BRPF3	2.31368847730867e-05	4181	rwr	BC
GFRA1	2.31294444126178e-05	4182	rwr	BC
HTATIP2	2.31029493687082e-05	4183	rwr	BC
ATP5MGL	2.30851276912577e-05	4184	rwr	BC
HRK	2.305965003017e-05	4185	rwr	BC
MSX1	2.30497273938003e-05	4186	rwr	BC
MRPL52	2.30423033686802e-05	4187	rwr	BC
NRXN1	2.30400736792316e-05	4188	rwr	BC
CACYBP	2.30287358555756e-05	4189	rwr	BC
PTCD3	2.30145222007051e-05	4190	rwr	BC
LGALS9	2.30071797782607e-05	4191	rwr	BC
NAE1	2.30023729158164e-05	4192	rwr	BC
LIMK2	2.29564530429478e-05	4193	rwr	BC
XDH	2.2936319443656e-05	4194	rwr	BC
FTSJ1	2.29317829400154e-05	4195	rwr	BC
IL23A	2.29290856494555e-05	4196	rwr	BC
CEBPZ	2.29276802149659e-05	4197	rwr	BC
MAP3K20	2.29086530826686e-05	4198	rwr	BC
BCORL1	2.29073866804172e-05	4199	rwr	BC
KAT14	2.29049106312452e-05	4200	rwr	BC
PCK1	2.28931986469913e-05	4201	rwr	BC
HES5	2.28819806645959e-05	4202	rwr	BC
TIA1	2.28787429548793e-05	4203	rwr	BC
TRIM32	2.28668156958246e-05	4204	rwr	BC
MAPK6	2.2835458298447e-05	4205	rwr	BC
MMP13	2.28341845307256e-05	4206	rwr	BC
CLPB	2.28325673690419e-05	4207	rwr	BC
GP1BA	2.28128664067462e-05	4208	rwr	BC
NUDT12	2.28114488734888e-05	4209	rwr	BC
EPN1	2.27969913990243e-05	4210	rwr	BC
MRPS22	2.27793930170765e-05	4211	rwr	BC
TPM4	2.2770024313319e-05	4212	rwr	BC
MTR	2.27675124467894e-05	4213	rwr	BC
FABP4	2.27665626586227e-05	4214	rwr	BC
SLC25A31	2.27605774832364e-05	4215	rwr	BC
MRPL53	2.27587253510041e-05	4216	rwr	BC
FEM1B	2.27556947470803e-05	4217	rwr	BC
MGME1	2.27523503161107e-05	4218	rwr	BC
ICE1	2.27507424734533e-05	4219	rwr	BC
HK3	2.27472398063629e-05	4220	rwr	BC
NDUFA4L2	2.27387503970611e-05	4221	rwr	BC
KBTBD6	2.27267177645962e-05	4222	rwr	BC
RNF11	2.27249907404428e-05	4223	rwr	BC
SRRM2	2.27174520297216e-05	4224	rwr	BC
GYPA	2.27097038587435e-05	4225	rwr	BC
CBLC	2.2705068637437e-05	4226	rwr	BC
CNR1	2.2702278267222e-05	4227	rwr	BC
FERMT3	2.27011821130075e-05	4228	rwr	BC
GHRH	2.26755359549304e-05	4229	rwr	BC
MECOM	2.26746459983013e-05	4230	rwr	BC
MCF2	2.26579342667316e-05	4231	rwr	BC
SYN1	2.26391056058961e-05	4232	rwr	BC
DCP1A	2.26378700327096e-05	4233	rwr	BC
ATP5MC2	2.26329515630649e-05	4234	rwr	BC
SERTAD1	2.26050940053883e-05	4235	rwr	BC
SEMA4D	2.26040399306616e-05	4236	rwr	BC
HIPK3	2.26011364205635e-05	4237	rwr	BC
ANP32E	2.25984688225388e-05	4238	rwr	BC
PRKAR2A	2.25838719609451e-05	4239	rwr	BC
RNF43	2.25743309407362e-05	4240	rwr	BC
SHLD1	2.25688376195818e-05	4241	rwr	BC
CACNA1F	2.25666180408021e-05	4242	rwr	BC
PYDC1	2.25658665668492e-05	4243	rwr	BC
MAGEA3	2.255639062108e-05	4244	rwr	BC
TGFB1I1	2.25464755951102e-05	4245	rwr	BC
AKAP5	2.25398231537704e-05	4246	rwr	BC
PPL	2.2532719278084e-05	4247	rwr	BC
SPHK1	2.25243238886999e-05	4248	rwr	BC
UBE2G2	2.25184664150251e-05	4249	rwr	BC
IL24	2.25180298298267e-05	4250	rwr	BC
BMF	2.25133451023557e-05	4251	rwr	BC
MAOA	2.25047371986911e-05	4252	rwr	BC
TREX1	2.25039433189087e-05	4253	rwr	BC
HDGFL2	2.24917059630723e-05	4254	rwr	BC
MRPL57	2.24715501400922e-05	4255	rwr	BC
PARP4	2.24583636478928e-05	4256	rwr	BC
AIMP2	2.24561394686109e-05	4257	rwr	BC
KLHL42	2.24543951280479e-05	4258	rwr	BC
PDX1	2.24298134735681e-05	4259	rwr	BC
POLR1E	2.2427170041032e-05	4260	rwr	BC
AURKAIP1	2.24245240389179e-05	4261	rwr	BC
STX1A	2.24231098365752e-05	4262	rwr	BC
CCT6B	2.24155723024629e-05	4263	rwr	BC
IGLV10-54	2.24148020854184e-05	4264	rwr	BC
OLIG2	2.24067185793868e-05	4265	rwr	BC
RAP2A	2.23909590823009e-05	4266	rwr	BC
MBIP	2.23901145532113e-05	4267	rwr	BC
GRAP	2.238942618159e-05	4268	rwr	BC
KCNJ6	2.23823526839096e-05	4269	rwr	BC
TRAK2	2.23801665224907e-05	4270	rwr	BC
PTPRF	2.23737290900007e-05	4271	rwr	BC
BTG2	2.23700750366205e-05	4272	rwr	BC
SOST	2.23698209869064e-05	4273	rwr	BC
TEAD1	2.23693258601666e-05	4274	rwr	BC
CIITA	2.23611677835549e-05	4275	rwr	BC
RYR1	2.23504078224396e-05	4276	rwr	BC
NSUN6	2.23408626778993e-05	4277	rwr	BC
FZD9	2.23320533783948e-05	4278	rwr	BC
NLRP9	2.23287953146382e-05	4279	rwr	BC
CLP1	2.23143775188988e-05	4280	rwr	BC
CDH10	2.23106511940631e-05	4281	rwr	BC
ENTPD3	2.23063832287423e-05	4282	rwr	BC
TRPM1	2.23034124435211e-05	4283	rwr	BC
NR5A1	2.23010655948448e-05	4284	rwr	BC
CDK19	2.22989426462258e-05	4285	rwr	BC
PSME1	2.22949545232617e-05	4286	rwr	BC
FBRS	2.22820521936727e-05	4287	rwr	BC
LAMC2	2.22691045102082e-05	4288	rwr	BC
KLHL25	2.22536587615662e-05	4289	rwr	BC
SIKE1	2.22449120911688e-05	4290	rwr	BC
PPP4R3B	2.22446675125633e-05	4291	rwr	BC
RBFOX3	2.22413042864229e-05	4292	rwr	BC
ZFP36	2.22405842932832e-05	4293	rwr	BC
GATC	2.22371287020697e-05	4294	rwr	BC
USP30	2.22331165265775e-05	4295	rwr	BC
KRIT1	2.22035327495688e-05	4296	rwr	BC
MAGOHB	2.21908208663338e-05	4297	rwr	BC
SKAP1	2.21739465406173e-05	4298	rwr	BC
GRM5	2.21686420369914e-05	4299	rwr	BC
IL17F	2.2162688548966e-05	4300	rwr	BC
PAX2	2.2161069468949e-05	4301	rwr	BC
MRPS34	2.21597315132154e-05	4302	rwr	BC
MARCKSL1	2.21471790962526e-05	4303	rwr	BC
PDHA1	2.21348022724133e-05	4304	rwr	BC
GLUL	2.21282714216944e-05	4305	rwr	BC
PPP6C	2.21232210776394e-05	4306	rwr	BC
HEY2	2.21174141899195e-05	4307	rwr	BC
APOH	2.21011053487762e-05	4308	rwr	BC
PTPN2	2.20865821952623e-05	4309	rwr	BC
GLDC	2.20857257530465e-05	4310	rwr	BC
MYL3	2.20732099489059e-05	4311	rwr	BC
PLAGL1	2.20656377528811e-05	4312	rwr	BC
NPHP4	2.20610500309373e-05	4313	rwr	BC
OTUD5	2.20387516771861e-05	4314	rwr	BC
SH2D1A	2.20363168859654e-05	4315	rwr	BC
TRAF3IP3	2.20327073106479e-05	4316	rwr	BC
TKT	2.20291523279144e-05	4317	rwr	BC
HIBCH	2.20162870226411e-05	4318	rwr	BC
PPP1R12C	2.20045753741341e-05	4319	rwr	BC
MYL1	2.20036666785209e-05	4320	rwr	BC
PPP3R2	2.20027873826934e-05	4321	rwr	BC
ERLEC1	2.20007065258817e-05	4322	rwr	BC
CCR10	2.19905155447005e-05	4323	rwr	BC
HYOU1	2.19783917416077e-05	4324	rwr	BC
UBE2J1	2.19777982699255e-05	4325	rwr	BC
C17orf97	2.19650750922718e-05	4326	rwr	BC
ERC1	2.19508381334025e-05	4327	rwr	BC
LILRB2	2.19457378703117e-05	4328	rwr	BC
RARB	2.19422145430734e-05	4329	rwr	BC
SHLD3	2.19372813423308e-05	4330	rwr	BC
DCP2	2.1925678381475e-05	4331	rwr	BC
MRPL55	2.19194325840686e-05	4332	rwr	BC
SPDYE14	2.19158575090704e-05	4333	rwr	BC
SPDYE8P	2.19158575090704e-05	4334	rwr	BC
SPDYE9P	2.19158575090704e-05	4335	rwr	BC
POLDIP3	2.19102332199866e-05	4336	rwr	BC
CGNL1	2.19058171471637e-05	4337	rwr	BC
TCAP	2.19013256643736e-05	4338	rwr	BC
CLTB	2.18997235335349e-05	4339	rwr	BC
PLK2	2.18970521934482e-05	4340	rwr	BC
LAMC3	2.18856513059675e-05	4341	rwr	BC
RXRB	2.18719081015169e-05	4342	rwr	BC
KLHL21	2.18542988030479e-05	4343	rwr	BC
FBP1	2.18516105718749e-05	4344	rwr	BC
MRPL48	2.184858513719e-05	4345	rwr	BC
GPD2	2.18455407340984e-05	4346	rwr	BC
LAS1L	2.1823288688356e-05	4347	rwr	BC
WASF3	2.18210991917913e-05	4348	rwr	BC
PSME2	2.18209424255696e-05	4349	rwr	BC
COX7A2L	2.18161513273718e-05	4350	rwr	BC
COL6A3	2.18152409760163e-05	4351	rwr	BC
LAMB3	2.18015799912681e-05	4352	rwr	BC
SLC25A24	2.18011514072671e-05	4353	rwr	BC
TXNRD1	2.17955393360015e-05	4354	rwr	BC
SF3A3	2.17875669057462e-05	4355	rwr	BC
IFI44L	2.17796342591131e-05	4356	rwr	BC
NUP43	2.17417082039571e-05	4357	rwr	BC
KLHL8	2.17373450001537e-05	4358	rwr	BC
TBPL1	2.17319979489278e-05	4359	rwr	BC
KLRB1	2.17256532090985e-05	4360	rwr	BC
IRF2	2.17210929509781e-05	4361	rwr	BC
TRIP4	2.17156620660774e-05	4362	rwr	BC
METTL14	2.17010561964813e-05	4363	rwr	BC
ATP2A2	2.16949900578275e-05	4364	rwr	BC
CYREN	2.16824462357529e-05	4365	rwr	BC
NUDT21	2.16806062460048e-05	4366	rwr	BC
TNFSF9	2.16798984647521e-05	4367	rwr	BC
CCL27	2.16784312902056e-05	4368	rwr	BC
TIMM17A	2.16737072477462e-05	4369	rwr	BC
SFRP1	2.16713499319065e-05	4370	rwr	BC
PERP	2.16646040302821e-05	4371	rwr	BC
CNTFR	2.16635076629568e-05	4372	rwr	BC
R3HDM4	2.16588586603967e-05	4373	rwr	BC
FUT4	2.16567629710954e-05	4374	rwr	BC
AGXT	2.16417829344605e-05	4375	rwr	BC
SNRPB2	2.16295367544969e-05	4376	rwr	BC
SINHCAF	2.16274981481713e-05	4377	rwr	BC
AGRN	2.16222644183329e-05	4378	rwr	BC
TRA2B	2.16201659628481e-05	4379	rwr	BC
NACA2	2.16191242890204e-05	4380	rwr	BC
FAM89B	2.16084032493041e-05	4381	rwr	BC
SF3B4	2.15967944594176e-05	4382	rwr	BC
KLF6	2.15963406697191e-05	4383	rwr	BC
LAMA5	2.15907578445987e-05	4384	rwr	BC
SSBP3	2.15883587100167e-05	4385	rwr	BC
SDHAF2	2.15836418420058e-05	4386	rwr	BC
SLC7A11	2.15790826331379e-05	4387	rwr	BC
PARPBP	2.15395753586343e-05	4388	rwr	BC
FAM89A	2.15255820409971e-05	4389	rwr	BC
MUC5AC	2.15134648443963e-05	4390	rwr	BC
CAV2	2.151285778692e-05	4391	rwr	BC
NLRP4	2.15040705588879e-05	4392	rwr	BC
SPAG9	2.14922292751611e-05	4393	rwr	BC
ALDH18A1	2.14905769287789e-05	4394	rwr	BC
STAMBP	2.14575556754699e-05	4395	rwr	BC
MRPS31	2.14563138260772e-05	4396	rwr	BC
SF3A1	2.14540891828204e-05	4397	rwr	BC
CDH20	2.14536019745293e-05	4398	rwr	BC
STEAP3	2.14380245715002e-05	4399	rwr	BC
DNAJB4	2.14352529332244e-05	4400	rwr	BC
LIN54	2.13980921319981e-05	4401	rwr	BC
NR3C2	2.1392474540011e-05	4402	rwr	BC
FAM120B	2.13914506458998e-05	4403	rwr	BC
DLX5	2.13866417082916e-05	4404	rwr	BC
PFKM	2.13820174901194e-05	4405	rwr	BC
TCERG1	2.13756043581584e-05	4406	rwr	BC
SNX27	2.13699320916179e-05	4407	rwr	BC
WBP2	2.13605220898047e-05	4408	rwr	BC
LTB	2.13582810586872e-05	4409	rwr	BC
HERC5	2.13511024851777e-05	4410	rwr	BC
PARP10	2.13439601090247e-05	4411	rwr	BC
TFDP3	2.13376029365621e-05	4412	rwr	BC
PTPN7	2.1331968084629e-05	4413	rwr	BC
CASK	2.13304066246739e-05	4414	rwr	BC
PCBP1	2.13302415709683e-05	4415	rwr	BC
RFX1	2.13246662615084e-05	4416	rwr	BC
MRGPRX2	2.13193278988172e-05	4417	rwr	BC
OBSL1	2.13163165811012e-05	4418	rwr	BC
MYH11	2.13149869621192e-05	4419	rwr	BC
AMH	2.1300853800155e-05	4420	rwr	BC
WNT11	2.12994151657849e-05	4421	rwr	BC
CDYL2	2.12872666516218e-05	4422	rwr	BC
MRPS23	2.12840829132661e-05	4423	rwr	BC
SNAP91	2.1279347363445e-05	4424	rwr	BC
DERL3	2.12657548184977e-05	4425	rwr	BC
CDH9	2.12593573569703e-05	4426	rwr	BC
PURA	2.12542230234676e-05	4427	rwr	BC
MRPS18B	2.12507918238654e-05	4428	rwr	BC
SIVA1	2.1240451204426e-05	4429	rwr	BC
EIF3J	2.12401774344438e-05	4430	rwr	BC
CRB3	2.12382167777279e-05	4431	rwr	BC
LAMA2	2.12253015269751e-05	4432	rwr	BC
MYL12A	2.12186360336227e-05	4433	rwr	BC
CSH1	2.11982926594292e-05	4434	rwr	BC
MASTL	2.11962044250003e-05	4435	rwr	BC
OGA	2.11960878641958e-05	4436	rwr	BC
THOC2	2.11946206497156e-05	4437	rwr	BC
MRPS27	2.11915775318667e-05	4438	rwr	BC
KLF1	2.11888170983405e-05	4439	rwr	BC
HLA-DQB1	2.11848873919834e-05	4440	rwr	BC
CWC15	2.11744563542873e-05	4441	rwr	BC
CINP	2.11672603207049e-05	4442	rwr	BC
APOBEC3G	2.11650354421368e-05	4443	rwr	BC
DDX28	2.11607574360282e-05	4444	rwr	BC
GHSR	2.11371146273097e-05	4445	rwr	BC
NFIL3	2.11236643909925e-05	4446	rwr	BC
SOCS5	2.11158715008139e-05	4447	rwr	BC
TNIP1	2.11065172684882e-05	4448	rwr	BC
LAMA3	2.10947502290568e-05	4449	rwr	BC
RAB10	2.10922686464527e-05	4450	rwr	BC
RNF125	2.10884514824311e-05	4451	rwr	BC
BRMS1	2.10828834438993e-05	4452	rwr	BC
PPARD	2.10793272512268e-05	4453	rwr	BC
MRPS26	2.10629940867193e-05	4454	rwr	BC
DDX4	2.10349151027325e-05	4455	rwr	BC
SOCS7	2.10290361961049e-05	4456	rwr	BC
RETN	2.10126781481008e-05	4457	rwr	BC
NR5A2	2.10063342483687e-05	4458	rwr	BC
ARPC5	2.0999941710694e-05	4459	rwr	BC
PTPN5	2.09898011378238e-05	4460	rwr	BC
SLC25A25	2.09862784144164e-05	4461	rwr	BC
SDF2L1	2.09828122693435e-05	4462	rwr	BC
GUK1	2.09805117373697e-05	4463	rwr	BC
CACNG7	2.09804954199284e-05	4464	rwr	BC
TMEM254	2.09764334750927e-05	4465	rwr	BC
MRPS28	2.09717561184666e-05	4466	rwr	BC
ACTA2	2.09654497686143e-05	4467	rwr	BC
MRPS17	2.09571631510946e-05	4468	rwr	BC
IDH3G	2.09548772849494e-05	4469	rwr	BC
SLC9A3R2	2.09544203598801e-05	4470	rwr	BC
IRF5	2.09541558161744e-05	4471	rwr	BC
AK2	2.09396743668822e-05	4472	rwr	BC
TEC	2.09313635246834e-05	4473	rwr	BC
ENTPD8	2.09132291970884e-05	4474	rwr	BC
MIB2	2.09033254153997e-05	4475	rwr	BC
LOC102724159	2.08957431669097e-05	4476	rwr	BC
KLHL2	2.08943859997118e-05	4477	rwr	BC
PGAM5	2.08921677038939e-05	4478	rwr	BC
H3Y1	2.08902927922871e-05	4479	rwr	BC
ZMYND11	2.08895077777251e-05	4480	rwr	BC
UXT	2.08831424488569e-05	4481	rwr	BC
CDX2	2.08340386943435e-05	4482	rwr	BC
UCP1	2.0832460565348e-05	4483	rwr	BC
TNNT2	2.08319306399833e-05	4484	rwr	BC
IFNGR2	2.08114570039814e-05	4485	rwr	BC
MRPS24	2.07963967203664e-05	4486	rwr	BC
PCSK9	2.07935653625405e-05	4487	rwr	BC
SPRY1	2.0793328633654e-05	4488	rwr	BC
ARID3A	2.07887740194204e-05	4489	rwr	BC
TTR	2.07845838070902e-05	4490	rwr	BC
CCL13	2.07734887874712e-05	4491	rwr	BC
HLA-DQA1	2.07702954773937e-05	4492	rwr	BC
CASR	2.07696674801508e-05	4493	rwr	BC
GGN	2.07656479611536e-05	4494	rwr	BC
LOC102723996	2.07581415427159e-05	4495	rwr	BC
HKDC1	2.0751622065125e-05	4496	rwr	BC
COL5A1	2.07425539769261e-05	4497	rwr	BC
NEUROG3	2.0742172513227e-05	4498	rwr	BC
CHMP2B	2.07275231598544e-05	4499	rwr	BC
ELAC2	2.07198002863706e-05	4500	rwr	BC
ASL	2.06993544430593e-05	4501	rwr	BC
KLHL40	2.06938326859812e-05	4502	rwr	BC
PAX3	2.06891790808364e-05	4503	rwr	BC
LGR5	2.06790973801255e-05	4504	rwr	BC
SS18L1	2.06771363207674e-05	4505	rwr	BC
MAGED1	2.06699177857497e-05	4506	rwr	BC
USP33	2.06464399211258e-05	4507	rwr	BC
EPHA10	2.06459533157781e-05	4508	rwr	BC
HSPA4L	2.06410544497963e-05	4509	rwr	BC
SEL1L	2.06368397668762e-05	4510	rwr	BC
PLAUR	2.06367495376792e-05	4511	rwr	BC
DHX37	2.06333547540809e-05	4512	rwr	BC
C19orf57	2.06261526630583e-05	4513	rwr	BC
DXO	2.06236411627835e-05	4514	rwr	BC
CAPZA1	2.06101845056572e-05	4515	rwr	BC
STRA8	2.05968488947307e-05	4516	rwr	BC
SGK3	2.05948362054943e-05	4517	rwr	BC
NME2	2.05857825142651e-05	4518	rwr	BC
C9	2.05824010688827e-05	4519	rwr	BC
SYF2	2.05703845254699e-05	4520	rwr	BC
AHSG	2.05565836680039e-05	4521	rwr	BC
PTCH2	2.05540822815271e-05	4522	rwr	BC
RBM39	2.05323800338921e-05	4523	rwr	BC
SMCR8	2.05298845157695e-05	4524	rwr	BC
AMER1	2.05214380436274e-05	4525	rwr	BC
TRIAP1	2.05206107539878e-05	4526	rwr	BC
ELP2	2.05145780641324e-05	4527	rwr	BC
TYMP	2.0507655410491e-05	4528	rwr	BC
IL17RA	2.05061915879355e-05	4529	rwr	BC
BHLHE41	2.05047033665623e-05	4530	rwr	BC
OASL	2.05038144535683e-05	4531	rwr	BC
CDA	2.04973301853523e-05	4532	rwr	BC
ZFYVE9	2.04937480452038e-05	4533	rwr	BC
NOX5	2.04888862721881e-05	4534	rwr	BC
PTPRJ	2.0456857883305e-05	4535	rwr	BC
SOX17	2.04526954923482e-05	4536	rwr	BC
KLRC2	2.04491709247978e-05	4537	rwr	BC
CCDC8	2.04487547718068e-05	4538	rwr	BC
CTU1	2.04465417453369e-05	4539	rwr	BC
XCR1	2.04374467131999e-05	4540	rwr	BC
PRH2	2.0419039100422e-05	4541	rwr	BC
PEF1	2.04158158202824e-05	4542	rwr	BC
DPYSL2	2.04135674903058e-05	4543	rwr	BC
PTX3	2.04082849057243e-05	4544	rwr	BC
JMY	2.04074718705408e-05	4545	rwr	BC
DHTKD1	2.04057373481348e-05	4546	rwr	BC
RSPO1	2.03942180393288e-05	4547	rwr	BC
ATP1A1	2.03926665800136e-05	4548	rwr	BC
IFNL3	2.03696714552393e-05	4549	rwr	BC
PAGR1	2.03640082529547e-05	4550	rwr	BC
CDH19	2.03571165811256e-05	4551	rwr	BC
CACNA1H	2.03538860408403e-05	4552	rwr	BC
MTF2	2.03387626020541e-05	4553	rwr	BC
HCFC2	2.0338127189317e-05	4554	rwr	BC
FHIT	2.0336283005013e-05	4555	rwr	BC
ARG2	2.03341776730311e-05	4556	rwr	BC
FGA	2.03333412411394e-05	4557	rwr	BC
ATP6V0C	2.03326699935338e-05	4558	rwr	BC
BOD1	2.03283305723012e-05	4559	rwr	BC
LARS1	2.03249316485193e-05	4560	rwr	BC
BHLHE40	2.03248962600304e-05	4561	rwr	BC
ADGRL1	2.03212396674898e-05	4562	rwr	BC
ARPC1B	2.03208474846574e-05	4563	rwr	BC
IKBIP	2.03083314574867e-05	4564	rwr	BC
NKD1	2.02940417256851e-05	4565	rwr	BC
IL4I1	2.02844348560209e-05	4566	rwr	BC
NT5C	2.02831156658434e-05	4567	rwr	BC
TEAD4	2.02825915327144e-05	4568	rwr	BC
DOCK5	2.0281914679612e-05	4569	rwr	BC
STING1	2.02808063908429e-05	4570	rwr	BC
AHNAK	2.02774815313195e-05	4571	rwr	BC
PKP1	2.02708622718775e-05	4572	rwr	BC
THBD	2.02694340430388e-05	4573	rwr	BC
FOXC2	2.02607364018296e-05	4574	rwr	BC
POLRMT	2.02601608152985e-05	4575	rwr	BC
LOX	2.02445538244575e-05	4576	rwr	BC
PRDM16	2.02370874073761e-05	4577	rwr	BC
ACTR8	2.02348418138092e-05	4578	rwr	BC
HLA-F	2.02341924109572e-05	4579	rwr	BC
HPF1	2.02257746664842e-05	4580	rwr	BC
NLK	2.0219784327002e-05	4581	rwr	BC
NEFM	2.01732197937015e-05	4582	rwr	BC
ZMYND8	2.0158218400086e-05	4583	rwr	BC
TP53INP1	2.01397923853587e-05	4584	rwr	BC
ATF1	2.01270060331867e-05	4585	rwr	BC
MTAP	2.01224915759351e-05	4586	rwr	BC
HPX	2.01090956575709e-05	4587	rwr	BC
SYT1	2.01070171332247e-05	4588	rwr	BC
TFPT	2.0097396582972e-05	4589	rwr	BC
CCL1	2.00964320949975e-05	4590	rwr	BC
AK3	2.00935437840273e-05	4591	rwr	BC
SLC25A41	2.00928952245821e-05	4592	rwr	BC
MFAP1	2.00742548273702e-05	4593	rwr	BC
KCTD2	2.00739304845736e-05	4594	rwr	BC
NMNAT1	2.00737365076471e-05	4595	rwr	BC
GAST	2.00693823899367e-05	4596	rwr	BC
CD1D	2.00316405655147e-05	4597	rwr	BC
MS4A1	2.00294364358947e-05	4598	rwr	BC
WNT7A	2.00062733208508e-05	4599	rwr	BC
SLC7A1	2.00049250961036e-05	4600	rwr	BC
NOLC1	2.00041274404525e-05	4601	rwr	BC
VDAC3	2.00012011512112e-05	4602	rwr	BC
KLF2	1.99891192112621e-05	4603	rwr	BC
SOX11	1.99817439830237e-05	4604	rwr	BC
PUF60	1.99627869174913e-05	4605	rwr	BC
RPL41	1.99613965797539e-05	4606	rwr	BC
RLIM	1.99580182168762e-05	4607	rwr	BC
COL4A5	1.99430603026605e-05	4608	rwr	BC
NTSR1	1.99392048454326e-05	4609	rwr	BC
TOLLIP	1.99377906149373e-05	4610	rwr	BC
CD226	1.99315064654241e-05	4611	rwr	BC
SLMAP	1.99231090931112e-05	4612	rwr	BC
PLXND1	1.99195909319814e-05	4613	rwr	BC
hCG984214	1.99001724950973e-05	4614	rwr	BC
PAAF1	1.9896712157968e-05	4615	rwr	BC
ZNF593	1.98903883390321e-05	4616	rwr	BC
ALG2	1.98865874998569e-05	4617	rwr	BC
TIMP2	1.98793386422529e-05	4618	rwr	BC
TP53RK	1.98735690862498e-05	4619	rwr	BC
PTPN13	1.98724223200119e-05	4620	rwr	BC
RAB1A	1.98682013401201e-05	4621	rwr	BC
DOK2	1.98665100856106e-05	4622	rwr	BC
SRPRA	1.9866275596983e-05	4623	rwr	BC
GSE1	1.98635841094226e-05	4624	rwr	BC
JAM3	1.98555651043658e-05	4625	rwr	BC
IL20RA	1.98519349957205e-05	4626	rwr	BC
CAPZB	1.98518286872326e-05	4627	rwr	BC
MAFG	1.9847131116826e-05	4628	rwr	BC
IDI2	1.98453461538373e-05	4629	rwr	BC
PHF5A	1.98358699597173e-05	4630	rwr	BC
PFDN2	1.98349216476464e-05	4631	rwr	BC
XPO5	1.98311316473189e-05	4632	rwr	BC
ZNF622	1.98304370745002e-05	4633	rwr	BC
IGFBP1	1.98276702639863e-05	4634	rwr	BC
DHX8	1.98262269071853e-05	4635	rwr	BC
TRIM23	1.98188643223293e-05	4636	rwr	BC
SHMT1	1.98178421660539e-05	4637	rwr	BC
FST	1.98076835774582e-05	4638	rwr	BC
NTN1	1.97980352844791e-05	4639	rwr	BC
ARHGDIG	1.97979056347424e-05	4640	rwr	BC
GAD1	1.97953936771198e-05	4641	rwr	BC
WDR33	1.97589957662098e-05	4642	rwr	BC
CCL7	1.97543686199294e-05	4643	rwr	BC
HP	1.97516926957443e-05	4644	rwr	BC
ADGRL3	1.97507680092693e-05	4645	rwr	BC
SDC3	1.97131364726469e-05	4646	rwr	BC
MYO7A	1.97101569622839e-05	4647	rwr	BC
SHANK1	1.9708772786675e-05	4648	rwr	BC
KLHL24	1.97080691559042e-05	4649	rwr	BC
TUBA1C	1.97025368100168e-05	4650	rwr	BC
MYOM2	1.97002830041546e-05	4651	rwr	BC
UTP14C	1.96974682165221e-05	4652	rwr	BC
DIO2	1.96937144602669e-05	4653	rwr	BC
CXCL16	1.96931421781658e-05	4654	rwr	BC
EPB42	1.96919137053745e-05	4655	rwr	BC
HPGDS	1.96747051471334e-05	4656	rwr	BC
CPSF4	1.96743820320839e-05	4657	rwr	BC
SDAD1	1.96734759100721e-05	4658	rwr	BC
LTN1	1.96691113928249e-05	4659	rwr	BC
MOB1A	1.9665125193755e-05	4660	rwr	BC
CCL25	1.96591698365132e-05	4661	rwr	BC
PCBP2	1.96565613468316e-05	4662	rwr	BC
DUSP3	1.96559306955169e-05	4663	rwr	BC
ALDOA	1.96553268848482e-05	4664	rwr	BC
FHL2	1.96541422601464e-05	4665	rwr	BC
PUM3	1.96519711470208e-05	4666	rwr	BC
CLDN16	1.9620149045834e-05	4667	rwr	BC
APBB1	1.96066732947854e-05	4668	rwr	BC
AGO3	1.95989205303277e-05	4669	rwr	BC
OAS3	1.95974777516431e-05	4670	rwr	BC
ICOSLG	1.95911813352398e-05	4671	rwr	BC
S100A2	1.95876438583397e-05	4672	rwr	BC
HNRNPA3	1.95863860976999e-05	4673	rwr	BC
KIF1B	1.95799037030525e-05	4674	rwr	BC
CSTF3	1.9571128999198e-05	4675	rwr	BC
GH1	1.95703220263576e-05	4676	rwr	BC
BORA	1.95523559737621e-05	4677	rwr	BC
ACAT1	1.95504344698798e-05	4678	rwr	BC
POLR3K	1.95487997685556e-05	4679	rwr	BC
SELPLG	1.95470464146183e-05	4680	rwr	BC
GNLY	1.95420896976285e-05	4681	rwr	BC
IL1RN	1.9534862425229e-05	4682	rwr	BC
DHCR24	1.95253764062542e-05	4683	rwr	BC
TIMP3	1.95207561373611e-05	4684	rwr	BC
CHCHD1	1.95165308043956e-05	4685	rwr	BC
NPPA	1.95143081210225e-05	4686	rwr	BC
HSD17B8	1.95064859646934e-05	4687	rwr	BC
CRHR1	1.9503487361206e-05	4688	rwr	BC
PDZD11	1.94916356411879e-05	4689	rwr	BC
C1QBP	1.94867377560386e-05	4690	rwr	BC
NFU1	1.94660137314324e-05	4691	rwr	BC
WDR35	1.9451755578079e-05	4692	rwr	BC
DNAJC5	1.94462010743394e-05	4693	rwr	BC
NR1H3	1.94445994943727e-05	4694	rwr	BC
HIPK1	1.94430129346136e-05	4695	rwr	BC
NT5M	1.94257028231236e-05	4696	rwr	BC
ADD1	1.94192848030112e-05	4697	rwr	BC
NDE1	1.94182849112042e-05	4698	rwr	BC
NCKIPSD	1.94064900312706e-05	4699	rwr	BC
SHANK2	1.94004370448448e-05	4700	rwr	BC
MLXIPL	1.93960571572409e-05	4701	rwr	BC
EBF1	1.93899719022797e-05	4702	rwr	BC
APOC3	1.9388328437621e-05	4703	rwr	BC
PAICS	1.93850215667015e-05	4704	rwr	BC
HLA-G	1.9381608796542e-05	4705	rwr	BC
GTPBP6	1.93715098200224e-05	4706	rwr	BC
USF1	1.93575350976737e-05	4707	rwr	BC
YTHDC1	1.93438009035176e-05	4708	rwr	BC
FAM83D	1.93423997669979e-05	4709	rwr	BC
PDE4A	1.93386465627085e-05	4710	rwr	BC
RBM28	1.93282519667348e-05	4711	rwr	BC
DLGAP1	1.93250032040358e-05	4712	rwr	BC
RARS2	1.93209538434916e-05	4713	rwr	BC
CYP3A5	1.93186789750534e-05	4714	rwr	BC
IWS1	1.93132181847399e-05	4715	rwr	BC
ADGRL2	1.93130551884613e-05	4716	rwr	BC
PKD1	1.93099932968408e-05	4717	rwr	BC
FERMT2	1.93052676857747e-05	4718	rwr	BC
NT5C1A	1.92991184380807e-05	4719	rwr	BC
APBB1IP	1.92947911220971e-05	4720	rwr	BC
N6AMT1	1.92879039556776e-05	4721	rwr	BC
NCOA4	1.92859519339319e-05	4722	rwr	BC
LAT2	1.9283781050217e-05	4723	rwr	BC
PYGB	1.9281599912621e-05	4724	rwr	BC
GABPA	1.92752149181504e-05	4725	rwr	BC
NUPR1	1.92693390923876e-05	4726	rwr	BC
LCOR	1.92633407070563e-05	4727	rwr	BC
MATR3	1.92463746459183e-05	4728	rwr	BC
DSG3	1.92417664780196e-05	4729	rwr	BC
POTEF	1.92321284998062e-05	4730	rwr	BC
SENP5	1.92314618352301e-05	4731	rwr	BC
STIM2	1.92288753939556e-05	4732	rwr	BC
ESRRB	1.92244027859174e-05	4733	rwr	BC
SELENOP	1.9218950522821e-05	4734	rwr	BC
SCN2A	1.92153506158644e-05	4735	rwr	BC
IL1RAP	1.91955021240505e-05	4736	rwr	BC
PFKL	1.91868832675958e-05	4737	rwr	BC
IGFBP7	1.91865110933301e-05	4738	rwr	BC
MX2	1.91854196778878e-05	4739	rwr	BC
HIP1R	1.91843911938521e-05	4740	rwr	BC
PSMD5	1.91677037613132e-05	4741	rwr	BC
DRD1	1.91663602487065e-05	4742	rwr	BC
RPS19BP1	1.91642023968081e-05	4743	rwr	BC
LSM4	1.91362217849137e-05	4744	rwr	BC
SRSF7	1.91339253017831e-05	4745	rwr	BC
SKA2	1.91320002742264e-05	4746	rwr	BC
NUP155	1.91267713579485e-05	4747	rwr	BC
CAP1	1.91232460193856e-05	4748	rwr	BC
BRMS1L	1.9118859128933e-05	4749	rwr	BC
PYGL	1.91050520289985e-05	4750	rwr	BC
BAMBI	1.91027595783579e-05	4751	rwr	BC
LARP7	1.90926615145371e-05	4752	rwr	BC
FBXO2	1.90838902524075e-05	4753	rwr	BC
CYP1A2	1.9080841569389e-05	4754	rwr	BC
DTYMK	1.90776212690038e-05	4755	rwr	BC
PARVG	1.90630539094415e-05	4756	rwr	BC
TMEM189-UBE2V1	1.906121338842e-05	4757	rwr	BC
VCAN	1.90607699080632e-05	4758	rwr	BC
AKAP12	1.90600964019754e-05	4759	rwr	BC
GCLC	1.90520088895594e-05	4760	rwr	BC
RHOH	1.90446595810977e-05	4761	rwr	BC
SPDYA	1.90339066101526e-05	4762	rwr	BC
TXNRD2	1.90293509741139e-05	4763	rwr	BC
ARL13B	1.90280878663045e-05	4764	rwr	BC
TWIST2	1.9019681264151e-05	4765	rwr	BC
LMX1B	1.90137089412282e-05	4766	rwr	BC
LRWD1	1.90071662783655e-05	4767	rwr	BC
PARP14	1.90042894129229e-05	4768	rwr	BC
GRB14	1.89964973179603e-05	4769	rwr	BC
PRH1	1.8992436624949e-05	4770	rwr	BC
DNAJB6	1.89922559455195e-05	4771	rwr	BC
RNF113A	1.8986231531567e-05	4772	rwr	BC
FBLL1	1.89725077027812e-05	4773	rwr	BC
CLDN12	1.89545008613786e-05	4774	rwr	BC
PTPRR	1.89425546646542e-05	4775	rwr	BC
DHX38	1.89374742013672e-05	4776	rwr	BC
PRDM14	1.89363037683583e-05	4777	rwr	BC
KIR2DL1	1.89361010689374e-05	4778	rwr	BC
GLP1R	1.89250006127323e-05	4779	rwr	BC
ATG4C	1.89215821054443e-05	4780	rwr	BC
HSCB	1.89131830584015e-05	4781	rwr	BC
IPO9	1.88878904598884e-05	4782	rwr	BC
DYNC1LI1	1.88858815812581e-05	4783	rwr	BC
GSTM1	1.88845410363264e-05	4784	rwr	BC
EDEM1	1.88774233885262e-05	4785	rwr	BC
ARTN	1.88730995672364e-05	4786	rwr	BC
ACAA1	1.88685762897301e-05	4787	rwr	BC
TKTL1	1.88597751714634e-05	4788	rwr	BC
SDC2	1.88360891982713e-05	4789	rwr	BC
DGKQ	1.88253761637396e-05	4790	rwr	BC
IL19	1.88219131339769e-05	4791	rwr	BC
IL21	1.88199287483569e-05	4792	rwr	BC
EXOC7	1.88175715672554e-05	4793	rwr	BC
INO80E	1.88106322661697e-05	4794	rwr	BC
GPT2	1.88081521891558e-05	4795	rwr	BC
PTF1A	1.88034548763308e-05	4796	rwr	BC
SENP2	1.88022531211085e-05	4797	rwr	BC
IQGAP2	1.87990426476978e-05	4798	rwr	BC
FLI1	1.87860032101858e-05	4799	rwr	BC
NEO1	1.87778240382437e-05	4800	rwr	BC
IQGAP3	1.87756517298184e-05	4801	rwr	BC
KDM8	1.87649629492723e-05	4802	rwr	BC
SRY	1.87559124749567e-05	4803	rwr	BC
RAB3IP	1.87552057794541e-05	4804	rwr	BC
C8B	1.87548164070288e-05	4805	rwr	BC
RCOR3	1.87535875089618e-05	4806	rwr	BC
PPP1R7	1.87471876407146e-05	4807	rwr	BC
MCTS1	1.87461066732288e-05	4808	rwr	BC
MYRF	1.87416286940411e-05	4809	rwr	BC
HJV	1.87398671326589e-05	4810	rwr	BC
TKTL2	1.87396625886095e-05	4811	rwr	BC
IL20RB	1.87329658879423e-05	4812	rwr	BC
RNF5	1.87237566423117e-05	4813	rwr	BC
PTH1R	1.87101096005822e-05	4814	rwr	BC
WNT8A	1.87052314015452e-05	4815	rwr	BC
GFI1	1.86771556093461e-05	4816	rwr	BC
CDKAL1	1.86758041661079e-05	4817	rwr	BC
RIOK1	1.86624728440523e-05	4818	rwr	BC
MYH10	1.86579364021276e-05	4819	rwr	BC
MAPKAPK3	1.86274371479656e-05	4820	rwr	BC
CEP192	1.86262757417418e-05	4821	rwr	BC
CCL26	1.86205685561962e-05	4822	rwr	BC
PLIN1	1.86203656030281e-05	4823	rwr	BC
TRPV5	1.86173048301904e-05	4824	rwr	BC
VENTX	1.85961934110202e-05	4825	rwr	BC
OXSR1	1.85950418161704e-05	4826	rwr	BC
TFB1M	1.85908600043639e-05	4827	rwr	BC
ZBTB32	1.85826815149712e-05	4828	rwr	BC
PLN	1.85607626115393e-05	4829	rwr	BC
VIP	1.85579619239723e-05	4830	rwr	BC
NFRKB	1.85579097038649e-05	4831	rwr	BC
ACSL1	1.85526144976807e-05	4832	rwr	BC
SCGB1A1	1.85510921797851e-05	4833	rwr	BC
OTULIN	1.85504963152532e-05	4834	rwr	BC
PHF6	1.85496766838704e-05	4835	rwr	BC
GCH1	1.85479253520022e-05	4836	rwr	BC
HDGF	1.85471618454018e-05	4837	rwr	BC
RCE1	1.85430923257905e-05	4838	rwr	BC
DGAT1	1.85375831960243e-05	4839	rwr	BC
TLR6	1.85300600761595e-05	4840	rwr	BC
IRAK3	1.85224511569015e-05	4841	rwr	BC
CACNA1G	1.85201368917085e-05	4842	rwr	BC
MTNR1B	1.85150095293837e-05	4843	rwr	BC
RAB3A	1.85148245352497e-05	4844	rwr	BC
SEPTIN7	1.85104862180859e-05	4845	rwr	BC
NSUN4	1.85019056624352e-05	4846	rwr	BC
WNT8B	1.84992643437983e-05	4847	rwr	BC
RANBP9	1.84976419216039e-05	4848	rwr	BC
KIR3DL1	1.84969183772255e-05	4849	rwr	BC
HTR1A	1.84945511310695e-05	4850	rwr	BC
LNPEP	1.84926838322124e-05	4851	rwr	BC
RTL10	1.84843195260698e-05	4852	rwr	BC
CFH	1.84703305514011e-05	4853	rwr	BC
ESF1	1.84683748900634e-05	4854	rwr	BC
JOSD2	1.84641965639215e-05	4855	rwr	BC
C8A	1.84523862431665e-05	4856	rwr	BC
GGA1	1.84479616536766e-05	4857	rwr	BC
IFNL2	1.84468616934647e-05	4858	rwr	BC
FGFR1OP2	1.84355909727421e-05	4859	rwr	BC
ISL2	1.84345014731358e-05	4860	rwr	BC
RNMT	1.84319288411477e-05	4861	rwr	BC
HOMER1	1.84317332147719e-05	4862	rwr	BC
WNT10B	1.84316041848602e-05	4863	rwr	BC
CPEB3	1.84168281722766e-05	4864	rwr	BC
NID1	1.84115116867843e-05	4865	rwr	BC
ADORA2A	1.8402289285598e-05	4866	rwr	BC
ABCA1	1.84016102848838e-05	4867	rwr	BC
LNX1	1.83956742606103e-05	4868	rwr	BC
DGKA	1.83897926049169e-05	4869	rwr	BC
TUBB3	1.83862565738142e-05	4870	rwr	BC
CXCL6	1.8385258029648e-05	4871	rwr	BC
TNFRSF10C	1.83757816378489e-05	4872	rwr	BC
TPM2	1.83733664088776e-05	4873	rwr	BC
UNC5B	1.83456501978915e-05	4874	rwr	BC
CASTOR1	1.83449338074649e-05	4875	rwr	BC
SGK2	1.83212500632143e-05	4876	rwr	BC
CREM	1.83129428165816e-05	4877	rwr	BC
OTUB2	1.83088631092124e-05	4878	rwr	BC
SEPTIN4	1.83047381775479e-05	4879	rwr	BC
CYP2C9	1.83015568834609e-05	4880	rwr	BC
CHCHD4	1.8297195584e-05	4881	rwr	BC
PFKP	1.82927828607301e-05	4882	rwr	BC
ALDOB	1.82884259389353e-05	4883	rwr	BC
GATAD1	1.82807617834959e-05	4884	rwr	BC
GNG8	1.82766611129387e-05	4885	rwr	BC
GLE1	1.82765361490275e-05	4886	rwr	BC
BAZ2A	1.82761324867539e-05	4887	rwr	BC
TMOD1	1.82723600265617e-05	4888	rwr	BC
LSM7	1.82712590567361e-05	4889	rwr	BC
CD83	1.82708739083231e-05	4890	rwr	BC
COL4A3	1.8262863412594e-05	4891	rwr	BC
MTG2	1.82612729531894e-05	4892	rwr	BC
PKP3	1.82510201038279e-05	4893	rwr	BC
NLGN1	1.82507298404719e-05	4894	rwr	BC
ALCAM	1.82481838328038e-05	4895	rwr	BC
MUC2	1.82411493784219e-05	4896	rwr	BC
ADNP	1.82390516284753e-05	4897	rwr	BC
RBM22	1.82243392978182e-05	4898	rwr	BC
GIPC1	1.82234573171748e-05	4899	rwr	BC
COX7B2	1.82117311872944e-05	4900	rwr	BC
IL11RA	1.82111927782807e-05	4901	rwr	BC
GRIA4	1.81929148933358e-05	4902	rwr	BC
CSRP3	1.81879063216634e-05	4903	rwr	BC
POU4F1	1.81568619474576e-05	4904	rwr	BC
COMP	1.81545590985654e-05	4905	rwr	BC
CPT1A	1.81356568395018e-05	4906	rwr	BC
HSDL2	1.81345769752198e-05	4907	rwr	BC
SFRP2	1.81270621048788e-05	4908	rwr	BC
RSF1	1.81255134577543e-05	4909	rwr	BC
DUSP5	1.81232061226116e-05	4910	rwr	BC
WIF1	1.81198315106114e-05	4911	rwr	BC
CCDC6	1.81049779233303e-05	4912	rwr	BC
CLDN23	1.81014876956086e-05	4913	rwr	BC
TUBAL3	1.80933055428411e-05	4914	rwr	BC
SARS1	1.8079310862297e-05	4915	rwr	BC
NEFH	1.80667401213445e-05	4916	rwr	BC
DAZL	1.80536711835044e-05	4917	rwr	BC
ATG4A	1.80405226264114e-05	4918	rwr	BC
USP21	1.80341341252433e-05	4919	rwr	BC
MAPRE3	1.80294022509884e-05	4920	rwr	BC
ECPAS	1.80272480416717e-05	4921	rwr	BC
LAMA1	1.80246288079427e-05	4922	rwr	BC
PSENEN	1.80131662156882e-05	4923	rwr	BC
TNRC6A	1.80120004859037e-05	4924	rwr	BC
EPN3	1.80013122336255e-05	4925	rwr	BC
ZBTB33	1.79927418547796e-05	4926	rwr	BC
CNTLN	1.79924110211979e-05	4927	rwr	BC
CD99	1.79907691940016e-05	4928	rwr	BC
SUGT1	1.79900979401786e-05	4929	rwr	BC
TYR	1.79893104377241e-05	4930	rwr	BC
RASAL3	1.797399541688e-05	4931	rwr	BC
ARF5	1.79557775372086e-05	4932	rwr	BC
IDO2	1.79536929557644e-05	4933	rwr	BC
SART1	1.79405253792801e-05	4934	rwr	BC
SPTY2D1	1.79340396885816e-05	4935	rwr	BC
PRKD3	1.79310053592986e-05	4936	rwr	BC
SUV39H2	1.79228030952847e-05	4937	rwr	BC
PPIB	1.79089744364806e-05	4938	rwr	BC
RFFL	1.79029752511763e-05	4939	rwr	BC
NCAPH2	1.78876521119051e-05	4940	rwr	BC
PPBP	1.78730349682911e-05	4941	rwr	BC
STX5	1.78376214318438e-05	4942	rwr	BC
UBE2G1	1.78375185315087e-05	4943	rwr	BC
SSBP4	1.78332950808194e-05	4944	rwr	BC
KDM5D	1.78307520566238e-05	4945	rwr	BC
IFITM1	1.7827200824036e-05	4946	rwr	BC
RND3	1.78238014043593e-05	4947	rwr	BC
PARD3B	1.78232832180997e-05	4948	rwr	BC
PNPLA2	1.78197636854777e-05	4949	rwr	BC
GIP	1.78174071826657e-05	4950	rwr	BC
GPHN	1.78032261055071e-05	4951	rwr	BC
ABCB7	1.7799130776008e-05	4952	rwr	BC
VARS1	1.7793076276287e-05	4953	rwr	BC
NT5C1B	1.77902813141045e-05	4954	rwr	BC
SPTBN1	1.77893518534083e-05	4955	rwr	BC
ANGPTL4	1.77847605057405e-05	4956	rwr	BC
TIMM22	1.77628404678198e-05	4957	rwr	BC
ADAM22	1.77626412108919e-05	4958	rwr	BC
RAP1GDS1	1.77619575604771e-05	4959	rwr	BC
DESI1	1.77584884424617e-05	4960	rwr	BC
DAPK3	1.77583715481989e-05	4961	rwr	BC
ASNS	1.77500476486019e-05	4962	rwr	BC
G6PC2	1.7747208010039e-05	4963	rwr	BC
APLNR	1.77457995176742e-05	4964	rwr	BC
NT5C1B-RDH14	1.77448480601444e-05	4965	rwr	BC
PSPN	1.77443814168454e-05	4966	rwr	BC
DKK3	1.77376700723443e-05	4967	rwr	BC
GSTA1	1.77359615090601e-05	4968	rwr	BC
LARS2	1.772424390137e-05	4969	rwr	BC
SPART	1.77242042041602e-05	4970	rwr	BC
NADSYN1	1.77174667859378e-05	4971	rwr	BC
SURF1	1.77138466364349e-05	4972	rwr	BC
GJB1	1.77091539634398e-05	4973	rwr	BC
EVPL	1.7702376870567e-05	4974	rwr	BC
DDX10	1.76821965509659e-05	4975	rwr	BC
XRN2	1.76797196620148e-05	4976	rwr	BC
TSHR	1.7679073259298e-05	4977	rwr	BC
PPP2R3C	1.76708060966699e-05	4978	rwr	BC
LRP8	1.76641656347306e-05	4979	rwr	BC
SARM1	1.76625656985485e-05	4980	rwr	BC
KLHL15	1.76543573628248e-05	4981	rwr	BC
RXRG	1.76492479878513e-05	4982	rwr	BC
SAP30L	1.76467535493998e-05	4983	rwr	BC
KDM4C	1.76440318361704e-05	4984	rwr	BC
ADRB1	1.76421373877422e-05	4985	rwr	BC
TMPRSS2	1.76417387142349e-05	4986	rwr	BC
CACNA1B	1.76407662821907e-05	4987	rwr	BC
TRIR	1.76405771214082e-05	4988	rwr	BC
ITFG2	1.76375664961747e-05	4989	rwr	BC
CTSL	1.76375369768412e-05	4990	rwr	BC
EGFL7	1.76272845602951e-05	4991	rwr	BC
ANP32A	1.76165063573724e-05	4992	rwr	BC
NCR2	1.76160461929786e-05	4993	rwr	BC
FGFR1OP	1.76126790526815e-05	4994	rwr	BC
CD82	1.76085803165685e-05	4995	rwr	BC
RHOU	1.76052168222322e-05	4996	rwr	BC
SF3B6	1.75994571639443e-05	4997	rwr	BC
GATA6	1.75964862925919e-05	4998	rwr	BC
HAUS6	1.75874781614733e-05	4999	rwr	BC
CEL	1.7578612572433e-05	5000	rwr	BC
NLGN4Y	1.75620463774149e-05	5001	rwr	BC
DIAPH1	1.75562857840386e-05	5002	rwr	BC
C6	1.75537703452365e-05	5003	rwr	BC
EIF3CL	1.75492651391687e-05	5004	rwr	BC
MAGEA2B	1.7542238901584e-05	5005	rwr	BC
CLINT1	1.7537040946674e-05	5006	rwr	BC
NUBPL	1.75353061352884e-05	5007	rwr	BC
TAF15	1.75313889053294e-05	5008	rwr	BC
PDF	1.75287289882758e-05	5009	rwr	BC
APOA2	1.75279108816145e-05	5010	rwr	BC
CARD14	1.75204648394681e-05	5011	rwr	BC
BBS1	1.75160304509388e-05	5012	rwr	BC
MARCHF5	1.75146654624013e-05	5013	rwr	BC
POGZ	1.75127127898702e-05	5014	rwr	BC
GAK	1.75048709777534e-05	5015	rwr	BC
NR1I2	1.75036665000465e-05	5016	rwr	BC
CNOT9	1.74872897413795e-05	5017	rwr	BC
SELENOS	1.74845822362807e-05	5018	rwr	BC
NT5C2	1.74828063880577e-05	5019	rwr	BC
GAL	1.74805614379852e-05	5020	rwr	BC
RPAIN	1.74774807113584e-05	5021	rwr	BC
TAOK2	1.74688656873318e-05	5022	rwr	BC
BANF2	1.74682843134643e-05	5023	rwr	BC
SP7	1.74677943429164e-05	5024	rwr	BC
APH1A	1.74591959851024e-05	5025	rwr	BC
ACTC1	1.74579170717506e-05	5026	rwr	BC
ATP1B1	1.74529380598479e-05	5027	rwr	BC
C1QA	1.74405908949633e-05	5028	rwr	BC
IAPP	1.74292611645402e-05	5029	rwr	BC
PCBP4	1.74205094633227e-05	5030	rwr	BC
MEI4	1.7419473160153e-05	5031	rwr	BC
LGALS9C	1.74167066738393e-05	5032	rwr	BC
NUP93	1.74165169926974e-05	5033	rwr	BC
G3BP2	1.74152093750302e-05	5034	rwr	BC
NR1D2	1.74104229050702e-05	5035	rwr	BC
E7ENQ6_HUMAN	1.7409793113331e-05	5036	rwr	BC
PAPOLB	1.73991207600342e-05	5037	rwr	BC
PDPN	1.73901504097416e-05	5038	rwr	BC
CHMP4A	1.73839952982651e-05	5039	rwr	BC
GRIA3	1.73832146015913e-05	5040	rwr	BC
AP1B1	1.73790796300536e-05	5041	rwr	BC
CARD10	1.7375668280935e-05	5042	rwr	BC
IFI6	1.73565523209018e-05	5043	rwr	BC
CYP2B6	1.73544095691755e-05	5044	rwr	BC
PTPRS	1.73509296659072e-05	5045	rwr	BC
CYP4A11	1.73440813335922e-05	5046	rwr	BC
GAGE12G	1.73401196071929e-05	5047	rwr	BC
UBASH3B	1.73379745411331e-05	5048	rwr	BC
MAFF	1.73213140573048e-05	5049	rwr	BC
RETNLB	1.73134297750412e-05	5050	rwr	BC
CHD5	1.73116131786376e-05	5051	rwr	BC
MYBPC3	1.73050434989988e-05	5052	rwr	BC
NUP133	1.73035328977737e-05	5053	rwr	BC
SCP2	1.72961908373683e-05	5054	rwr	BC
ENTPD2	1.72942354287058e-05	5055	rwr	BC
WNT7B	1.72896978825423e-05	5056	rwr	BC
NTPCR	1.72580613844623e-05	5057	rwr	BC
PRPF38A	1.72466017042601e-05	5058	rwr	BC
STK39	1.72393970667029e-05	5059	rwr	BC
SAA1	1.72279179367017e-05	5060	rwr	BC
DNAJA2	1.72037245688181e-05	5061	rwr	BC
OTUD7B	1.72023727506942e-05	5062	rwr	BC
PDE4D	1.71938468598229e-05	5063	rwr	BC
GTPBP10	1.71905670228547e-05	5064	rwr	BC
RAB7A	1.7181716453774e-05	5065	rwr	BC
SNX8	1.71816661416142e-05	5066	rwr	BC
POLR3F	1.71786624008063e-05	5067	rwr	BC
ZNF385A	1.71779590963139e-05	5068	rwr	BC
TOMM7	1.7175186755395e-05	5069	rwr	BC
SLC20A1	1.71691195344941e-05	5070	rwr	BC
RBM25	1.71682182339433e-05	5071	rwr	BC
C7	1.71646276396433e-05	5072	rwr	BC
FTO	1.71593290452544e-05	5073	rwr	BC
CYP27B1	1.71568034756185e-05	5074	rwr	BC
IGFBP2	1.71467052868302e-05	5075	rwr	BC
DDX60	1.71310394967693e-05	5076	rwr	BC
SEC31A	1.7128121587263e-05	5077	rwr	BC
AGO4	1.71274085935753e-05	5078	rwr	BC
EEF1A2	1.7119785844304e-05	5079	rwr	BC
CDH18	1.71104741835377e-05	5080	rwr	BC
AGRP	1.71056771876094e-05	5081	rwr	BC
IFRD1	1.70853941698531e-05	5082	rwr	BC
INVS	1.70768451331496e-05	5083	rwr	BC
FOXP1	1.70761489662406e-05	5084	rwr	BC
ITPKB	1.70711584123496e-05	5085	rwr	BC
CACNG8	1.70641533287564e-05	5086	rwr	BC
FTH1	1.70610648952045e-05	5087	rwr	BC
MAOB	1.70603824691681e-05	5088	rwr	BC
AOC3	1.70553646740067e-05	5089	rwr	BC
FZD10	1.70485983363201e-05	5090	rwr	BC
CHMP1B	1.70415364638147e-05	5091	rwr	BC
ISCA1	1.70367803112046e-05	5092	rwr	BC
AHI1	1.70361127691357e-05	5093	rwr	BC
CDC14B	1.70270070018542e-05	5094	rwr	BC
SERPINC1	1.69897104711761e-05	5095	rwr	BC
TUBB4A	1.69844891778297e-05	5096	rwr	BC
NPVF	1.69810865152186e-05	5097	rwr	BC
GBP1	1.69707077786238e-05	5098	rwr	BC
VANGL1	1.6966246173982e-05	5099	rwr	BC
ZNF276	1.69608278833269e-05	5100	rwr	BC
SENP6	1.69607115378582e-05	5101	rwr	BC
DYNLL2	1.69590260046852e-05	5102	rwr	BC
HAO1	1.69572563517707e-05	5103	rwr	BC
SKI	1.69528446220632e-05	5104	rwr	BC
MARS1	1.69455242875708e-05	5105	rwr	BC
RELN	1.69440693945924e-05	5106	rwr	BC
CLPP	1.69286420683092e-05	5107	rwr	BC
KIF2B	1.69272253451066e-05	5108	rwr	BC
FOXH1	1.69122666538448e-05	5109	rwr	BC
PDE6D	1.69097953771639e-05	5110	rwr	BC
PDYN	1.6909579106434e-05	5111	rwr	BC
RABGEF1	1.68984502137146e-05	5112	rwr	BC
EIF1B	1.68850609868383e-05	5113	rwr	BC
ODF1	1.68847102042811e-05	5114	rwr	BC
SRSF6	1.68844131006952e-05	5115	rwr	BC
BRDT	1.68761719588745e-05	5116	rwr	BC
COMT	1.68709045722239e-05	5117	rwr	BC
MOS	1.68700433811382e-05	5118	rwr	BC
ESPN	1.68658304235584e-05	5119	rwr	BC
TLE4	1.68588207725423e-05	5120	rwr	BC
TDGF1	1.6852637742947e-05	5121	rwr	BC
ATL3	1.68469591223907e-05	5122	rwr	BC
PROX1	1.68465840330456e-05	5123	rwr	BC
GPER1	1.68391567650755e-05	5124	rwr	BC
RORB	1.6833525083848e-05	5125	rwr	BC
THBS4	1.6824067338976e-05	5126	rwr	BC
HLA-DRB5	1.68102821483347e-05	5127	rwr	BC
GDF2	1.67980397369026e-05	5128	rwr	BC
DGKI	1.67906258131384e-05	5129	rwr	BC
KCNQ2	1.67892437231139e-05	5130	rwr	BC
THRAP3	1.67892205537984e-05	5131	rwr	BC
KIFAP3	1.67501622393521e-05	5132	rwr	BC
PPFIA1	1.67407745825656e-05	5133	rwr	BC
PAPOLG	1.67373065311168e-05	5134	rwr	BC
ARF4	1.67368514794118e-05	5135	rwr	BC
CTSG	1.67273864044894e-05	5136	rwr	BC
BST1	1.67262833570154e-05	5137	rwr	BC
CDK2AP1	1.67245795692269e-05	5138	rwr	BC
GCDH	1.67233648243984e-05	5139	rwr	BC
SKIL	1.67202348894883e-05	5140	rwr	BC
INO80D	1.67173072817155e-05	5141	rwr	BC
JOSD1	1.6710003425884e-05	5142	rwr	BC
NEUROD1	1.67053947552134e-05	5143	rwr	BC
HIPK4	1.67039290391814e-05	5144	rwr	BC
UBA5	1.66939416546618e-05	5145	rwr	BC
PGM2	1.66934555907626e-05	5146	rwr	BC
XCL1	1.66929544714373e-05	5147	rwr	BC
ODF2	1.66897344763815e-05	5148	rwr	BC
IFT122	1.66850729128011e-05	5149	rwr	BC
CLDN2	1.66811597574597e-05	5150	rwr	BC
ALDOC	1.66686901491948e-05	5151	rwr	BC
TRH	1.66562825209353e-05	5152	rwr	BC
ARHGEF4	1.66487494174051e-05	5153	rwr	BC
CEP63	1.66417539933168e-05	5154	rwr	BC
CEP120	1.66399115132886e-05	5155	rwr	BC
SAG	1.66373858905702e-05	5156	rwr	BC
TRPC5	1.66365613957519e-05	5157	rwr	BC
USB1	1.66295659113765e-05	5158	rwr	BC
ACOX3	1.66280085642334e-05	5159	rwr	BC
ACSS1	1.66208278190223e-05	5160	rwr	BC
RNF181	1.66104481591347e-05	5161	rwr	BC
ZNF148	1.66086419488741e-05	5162	rwr	BC
NEMF	1.66068069727846e-05	5163	rwr	BC
PEX19	1.6604675157378e-05	5164	rwr	BC
SNAP29	1.66018923718176e-05	5165	rwr	BC
ROM1	1.65870557643144e-05	5166	rwr	BC
NTS	1.65792384993429e-05	5167	rwr	BC
TBX3	1.65642427630576e-05	5168	rwr	BC
PATZ1	1.65528331513029e-05	5169	rwr	BC
HMGCS1	1.65523999134957e-05	5170	rwr	BC
VLDLR	1.65410220974832e-05	5171	rwr	BC
CLDN8	1.65256359050627e-05	5172	rwr	BC
LSM2	1.652430390413e-05	5173	rwr	BC
ATG2A	1.65231505179388e-05	5174	rwr	BC
WNT16	1.65225319055174e-05	5175	rwr	BC
MYCBP2	1.65139597114865e-05	5176	rwr	BC
MYSM1	1.65092184697479e-05	5177	rwr	BC
WNT5B	1.65049555819476e-05	5178	rwr	BC
KALRN	1.64884038394031e-05	5179	rwr	BC
NPHS2	1.64883247452503e-05	5180	rwr	BC
PVR	1.64856911330335e-05	5181	rwr	BC
G6PC3	1.64856662122435e-05	5182	rwr	BC
ATP1A3	1.64757112853034e-05	5183	rwr	BC
STRIP2	1.6469164338047e-05	5184	rwr	BC
BCL2L14	1.64666500740037e-05	5185	rwr	BC
PLAAT3	1.64662025954495e-05	5186	rwr	BC
CTTNBP2NL	1.64647154701422e-05	5187	rwr	BC
ATG4D	1.64638612790809e-05	5188	rwr	BC
TRAF3IP1	1.6458301440019e-05	5189	rwr	BC
LIMD1	1.64535301146536e-05	5190	rwr	BC
NDUFAF7	1.64412940900318e-05	5191	rwr	BC
LGALS9B	1.64371568224897e-05	5192	rwr	BC
RPP30	1.64283803266318e-05	5193	rwr	BC
SCN1A	1.64225604016164e-05	5194	rwr	BC
CHMP4C	1.64153743920647e-05	5195	rwr	BC
UBXN6	1.63998147569637e-05	5196	rwr	BC
TFG	1.63985849784181e-05	5197	rwr	BC
TXNDC12	1.63949958886723e-05	5198	rwr	BC
PDE1A	1.63939504949607e-05	5199	rwr	BC
NOL11	1.63884406875892e-05	5200	rwr	BC
GPR83	1.6380940196629e-05	5201	rwr	BC
CD244	1.63807237106944e-05	5202	rwr	BC
PPY	1.63745558891591e-05	5203	rwr	BC
DCX	1.6372405250319e-05	5204	rwr	BC
CNOT2	1.63556086700098e-05	5205	rwr	BC
CSTF2T	1.63541091754493e-05	5206	rwr	BC
SLU7	1.63483295557203e-05	5207	rwr	BC
TRIM41	1.63381136285923e-05	5208	rwr	BC
DUSP7	1.63375206880401e-05	5209	rwr	BC
RBM15	1.63281734217169e-05	5210	rwr	BC
USP6	1.63269458378572e-05	5211	rwr	BC
VPS36	1.63243352974698e-05	5212	rwr	BC
TNFRSF11A	1.63106918587976e-05	5213	rwr	BC
TERB1	1.62966139751028e-05	5214	rwr	BC
RNASEL	1.62952656657696e-05	5215	rwr	BC
TESPA1	1.62933870302073e-05	5216	rwr	BC
GLRX	1.62776952116051e-05	5217	rwr	BC
NAP1L1	1.62774077212318e-05	5218	rwr	BC
TRPC4	1.62771767751527e-05	5219	rwr	BC
LCAT	1.62702517457817e-05	5220	rwr	BC
ACVR1C	1.6247534143557e-05	5221	rwr	BC
AMBP	1.62341801392339e-05	5222	rwr	BC
TAF1L	1.62312761751509e-05	5223	rwr	BC
THBS3	1.62299436428149e-05	5224	rwr	BC
TRIB1	1.62251614973389e-05	5225	rwr	BC
TBL1Y	1.62222166950252e-05	5226	rwr	BC
MYO5A	1.62209057094612e-05	5227	rwr	BC
NPAS4	1.62163410606708e-05	5228	rwr	BC
TRAP1	1.62151243756045e-05	5229	rwr	BC
TARBP2	1.62060423371628e-05	5230	rwr	BC
KRT14	1.61998229111954e-05	5231	rwr	BC
ICAM2	1.61952041235687e-05	5232	rwr	BC
IGKV2D-28	1.61913543649065e-05	5233	rwr	BC
ALDH2	1.61884232219812e-05	5234	rwr	BC
CNKSR1	1.61878322079163e-05	5235	rwr	BC
PDE6A	1.61820991722328e-05	5236	rwr	BC
SRP72	1.61779961229954e-05	5237	rwr	BC
AIFM2	1.6176784287313e-05	5238	rwr	BC
CHMP3	1.61673060779085e-05	5239	rwr	BC
CCL8	1.61666152119433e-05	5240	rwr	BC
CNKSR2	1.61611358046011e-05	5241	rwr	BC
SNTB2	1.61605613908327e-05	5242	rwr	BC
DUSP16	1.61557785155145e-05	5243	rwr	BC
HADHB	1.61555385375869e-05	5244	rwr	BC
NFKBIZ	1.61525786694843e-05	5245	rwr	BC
TUBA3E	1.61449703282295e-05	5246	rwr	BC
INPP5J	1.6141619772879e-05	5247	rwr	BC
TSPAN33	1.61401331236674e-05	5248	rwr	BC
ID1	1.61347346367518e-05	5249	rwr	BC
USP44	1.61321469663136e-05	5250	rwr	BC
ZMAT2	1.61314149118321e-05	5251	rwr	BC
DOCK3	1.61252294799821e-05	5252	rwr	BC
KCNH2	1.6121092226437e-05	5253	rwr	BC
NRXN2	1.61115304056602e-05	5254	rwr	BC
KIR2DL3	1.61085296722953e-05	5255	rwr	BC
HCRT	1.61020910500872e-05	5256	rwr	BC
ACAT2	1.60887727085884e-05	5257	rwr	BC
MED12L	1.60819803877179e-05	5258	rwr	BC
PPP4R3A	1.60719811279324e-05	5259	rwr	BC
GAP43	1.6071208345385e-05	5260	rwr	BC
ATP6V1B2	1.60630108706263e-05	5261	rwr	BC
CACNB4	1.60517206547947e-05	5262	rwr	BC
CCNO	1.60435797414739e-05	5263	rwr	BC
DYNC1I1	1.60341566326299e-05	5264	rwr	BC
TUBG2	1.60327402412859e-05	5265	rwr	BC
IGFBP5	1.60193114105484e-05	5266	rwr	BC
AP1G1	1.60152180510336e-05	5267	rwr	BC
C11orf80	1.60143800789878e-05	5268	rwr	BC
RAB2A	1.60102684243708e-05	5269	rwr	BC
DAPL1	1.60060357352713e-05	5270	rwr	BC
GZMK	1.5991960893078e-05	5271	rwr	BC
SNRPC	1.59861038348081e-05	5272	rwr	BC
NUDT16	1.59854499700423e-05	5273	rwr	BC
MAFB	1.59835106772696e-05	5274	rwr	BC
C4A	1.59806672888585e-05	5275	rwr	BC
KCNAB2	1.59745728939149e-05	5276	rwr	BC
CECR2	1.59703510356686e-05	5277	rwr	BC
GAGE12F	1.59685594467261e-05	5278	rwr	BC
ULK3	1.59627944855638e-05	5279	rwr	BC
NGLY1	1.59596431590105e-05	5280	rwr	BC
USP24	1.59593059954293e-05	5281	rwr	BC
TMA16	1.59492844599746e-05	5282	rwr	BC
CYP1B1	1.59488486325673e-05	5283	rwr	BC
CLIP2	1.59474368990829e-05	5284	rwr	BC
CSNK1A1L	1.59464612458602e-05	5285	rwr	BC
GABBR2	1.59452750283695e-05	5286	rwr	BC
EIF4E2	1.59429515438129e-05	5287	rwr	BC
GCLM	1.59307355656464e-05	5288	rwr	BC
NT5C3A	1.5928787304076e-05	5289	rwr	BC
CD6	1.59273458219062e-05	5290	rwr	BC
CLASP1	1.59177313910236e-05	5291	rwr	BC
MAGED2	1.59169723195487e-05	5292	rwr	BC
MGAM	1.5908533051866e-05	5293	rwr	BC
WTAP	1.59046629541888e-05	5294	rwr	BC
GNRHR	1.59019055371432e-05	5295	rwr	BC
CTRB1	1.59004851521958e-05	5296	rwr	BC
LSM10	1.58947679490525e-05	5297	rwr	BC
RPP25	1.58884042257763e-05	5298	rwr	BC
DAAM1	1.58864861524621e-05	5299	rwr	BC
SMU1	1.58759574593847e-05	5300	rwr	BC
NFATC2IP	1.58733943288317e-05	5301	rwr	BC
SENP8	1.58493452430612e-05	5302	rwr	BC
REPIN1	1.58460245548107e-05	5303	rwr	BC
SUN5	1.58329590792096e-05	5304	rwr	BC
TRIP10	1.58309378428132e-05	5305	rwr	BC
SCD	1.58223227750678e-05	5306	rwr	BC
CIT	1.58213160321975e-05	5307	rwr	BC
NKX2-2	1.58203422168041e-05	5308	rwr	BC
NLGN4X	1.58173392216252e-05	5309	rwr	BC
SZT2	1.58125516324222e-05	5310	rwr	BC
CCL3L1	1.58111507148462e-05	5311	rwr	BC
CAPZA2	1.57972396245655e-05	5312	rwr	BC
HAP1	1.579552314595e-05	5313	rwr	BC
WIPF2	1.57869166203675e-05	5314	rwr	BC
NEB	1.57860860903229e-05	5315	rwr	BC
RANBP1	1.57851728777213e-05	5316	rwr	BC
FCHO2	1.57836032879893e-05	5317	rwr	BC
RGL3	1.57818393596591e-05	5318	rwr	BC
NUP205	1.57574327015234e-05	5319	rwr	BC
KDM3B	1.57547813711816e-05	5320	rwr	BC
UBL5	1.57540967781936e-05	5321	rwr	BC
NME3	1.57500114140273e-05	5322	rwr	BC
SEMA3A	1.57467848668095e-05	5323	rwr	BC
DDX52	1.57406405798375e-05	5324	rwr	BC
BUD13	1.57380068865885e-05	5325	rwr	BC
GNPAT	1.57315238248458e-05	5326	rwr	BC
FSHB	1.57225931467504e-05	5327	rwr	BC
LHX4	1.57220451489948e-05	5328	rwr	BC
CTF1	1.57144605540735e-05	5329	rwr	BC
FBXO42	1.57109144102062e-05	5330	rwr	BC
DHX16	1.57037052019997e-05	5331	rwr	BC
PRKD2	1.57024918140077e-05	5332	rwr	BC
CD70	1.56974670774123e-05	5333	rwr	BC
PRPF40A	1.56907529179093e-05	5334	rwr	BC
PRAME	1.568436968954e-05	5335	rwr	BC
TNFRSF13B	1.56804228820923e-05	5336	rwr	BC
NLGN3	1.56761710062706e-05	5337	rwr	BC
DUSP9	1.56749118077123e-05	5338	rwr	BC
YBX3	1.56721466344927e-05	5339	rwr	BC
GAGE2A	1.56719336739941e-05	5340	rwr	BC
AKAP1	1.56692038590466e-05	5341	rwr	BC
ENO3	1.56664904489054e-05	5342	rwr	BC
MBD3L1	1.56645542530573e-05	5343	rwr	BC
IFITM3	1.56547755569336e-05	5344	rwr	BC
MC4R	1.56513289922551e-05	5345	rwr	BC
RHOV	1.56501202536307e-05	5346	rwr	BC
LSM6	1.56497528065771e-05	5347	rwr	BC
FDFT1	1.56476177327142e-05	5348	rwr	BC
CTNNBL1	1.56443218764313e-05	5349	rwr	BC
SGIP1	1.56402465189495e-05	5350	rwr	BC
EXOC5	1.56400196281442e-05	5351	rwr	BC
ACP5	1.56344311616831e-05	5352	rwr	BC
RAB35	1.56258822285572e-05	5353	rwr	BC
MSMB	1.56194266992825e-05	5354	rwr	BC
DSC3	1.56192666902303e-05	5355	rwr	BC
HLA-DPA1	1.56086768414098e-05	5356	rwr	BC
PNPT1	1.56074673481281e-05	5357	rwr	BC
CHMP2A	1.56038752373218e-05	5358	rwr	BC
NNMT	1.56029970287736e-05	5359	rwr	BC
TMEM204	1.56027398301283e-05	5360	rwr	BC
ONECUT1	1.55879635786127e-05	5361	rwr	BC
PELI3	1.55848342133724e-05	5362	rwr	BC
SRSF5	1.55758542287629e-05	5363	rwr	BC
POLR3D	1.55742974643695e-05	5364	rwr	BC
AFG3L2	1.5571797466116e-05	5365	rwr	BC
CAP2	1.55713284244075e-05	5366	rwr	BC
MYLK2	1.5569527703641e-05	5367	rwr	BC
ACSS2	1.55671575241675e-05	5368	rwr	BC
TFAP4	1.55433661760565e-05	5369	rwr	BC
ZFPM1	1.55398337460982e-05	5370	rwr	BC
CANT1	1.55375001288841e-05	5371	rwr	BC
TFF1	1.55336194318255e-05	5372	rwr	BC
PEX3	1.55314014811344e-05	5373	rwr	BC
BUD23	1.55255627315207e-05	5374	rwr	BC
PTHLH	1.55246454948676e-05	5375	rwr	BC
NRF1	1.55224876980435e-05	5376	rwr	BC
AMHR2	1.55198911052831e-05	5377	rwr	BC
PDE1B	1.55186903459773e-05	5378	rwr	BC
GARS1	1.55079206148361e-05	5379	rwr	BC
STT3A	1.5503969324096e-05	5380	rwr	BC
PPIL1	1.55000878651665e-05	5381	rwr	BC
LIMS1	1.54945658749217e-05	5382	rwr	BC
RPGR	1.54884892095333e-05	5383	rwr	BC
ESAM	1.54865083918186e-05	5384	rwr	BC
TCEAL1	1.54851349893753e-05	5385	rwr	BC
DUSP2	1.54835421080509e-05	5386	rwr	BC
FCHO1	1.5479427930529e-05	5387	rwr	BC
RTN4R	1.54781614162507e-05	5388	rwr	BC
SDF2	1.54776944420118e-05	5389	rwr	BC
NME4	1.54718177552655e-05	5390	rwr	BC
TRIM17	1.54668607123389e-05	5391	rwr	BC
PLA2G4B	1.54653437065749e-05	5392	rwr	BC
BCKDHB	1.5465024314382e-05	5393	rwr	BC
CYP2C8	1.54624095148528e-05	5394	rwr	BC
DARS2	1.5456910177898e-05	5395	rwr	BC
ACAA2	1.54443019265944e-05	5396	rwr	BC
IRS4-2	1.54442847692369e-05	5397	rwr	BC
H1-3	1.5431358908976e-05	5398	rwr	BC
LSM5	1.54215785314407e-05	5399	rwr	BC
DDX46	1.54073545891389e-05	5400	rwr	BC
KMT5B	1.53982944303447e-05	5401	rwr	BC
CHMP1A	1.53958832004422e-05	5402	rwr	BC
ATG2B	1.53786751881806e-05	5403	rwr	BC
ASS1	1.53735157596094e-05	5404	rwr	BC
GMNC	1.5371841271711e-05	5405	rwr	BC
PEX10	1.53655175224667e-05	5406	rwr	BC
FPR1	1.53648316452822e-05	5407	rwr	BC
MADCAM1	1.53630903224444e-05	5408	rwr	BC
IFT172	1.53608648428123e-05	5409	rwr	BC
TLE2	1.53543780142647e-05	5410	rwr	BC
MTHFR	1.53533654584642e-05	5411	rwr	BC
GAGE1	1.53467053334669e-05	5412	rwr	BC
CLCA4	1.5341293326638e-05	5413	rwr	BC
IL1RL1	1.53325814418738e-05	5414	rwr	BC
DYNC2H1	1.53298466331956e-05	5415	rwr	BC
KIF17	1.53285503297246e-05	5416	rwr	BC
PWP1	1.53261391243876e-05	5417	rwr	BC
ZNF451	1.53213555280693e-05	5418	rwr	BC
KIRREL1	1.53175839603628e-05	5419	rwr	BC
RGCC	1.53133850321413e-05	5420	rwr	BC
PTPRB	1.53125748473786e-05	5421	rwr	BC
SLC10A1	1.53099831936434e-05	5422	rwr	BC
GOLGB1	1.53088445360989e-05	5423	rwr	BC
SRSF9	1.53064845451198e-05	5424	rwr	BC
ADCYAP1	1.52968838126579e-05	5425	rwr	BC
SENP7	1.5288392118846e-05	5426	rwr	BC
SMG6	1.52865286607655e-05	5427	rwr	BC
CD1B	1.52804813652837e-05	5428	rwr	BC
DLC1	1.52762674975124e-05	5429	rwr	BC
RAB22A	1.52761910568694e-05	5430	rwr	BC
SPDYE1	1.5275249570563e-05	5431	rwr	BC
ADD2	1.5272998232044e-05	5432	rwr	BC
CSE1L	1.52723461250664e-05	5433	rwr	BC
WNT2B	1.52670701175043e-05	5434	rwr	BC
IGF2BP3	1.52623306567837e-05	5435	rwr	BC
RAB6A	1.5255842526933e-05	5436	rwr	BC
DRD4	1.52497238341569e-05	5437	rwr	BC
MYOCD	1.52484108048176e-05	5438	rwr	BC
SURF6	1.5247202902911e-05	5439	rwr	BC
THEMIS	1.52397027702286e-05	5440	rwr	BC
CNOT8	1.52392567537437e-05	5441	rwr	BC
LPAR2	1.52369055813288e-05	5442	rwr	BC
PAPPA	1.52258026622167e-05	5443	rwr	BC
TSC22D3	1.52242718955062e-05	5444	rwr	BC
GH2	1.5223036463441e-05	5445	rwr	BC
LOR	1.52170980588823e-05	5446	rwr	BC
MB	1.5214832624709e-05	5447	rwr	BC
VPS26A	1.52075531399286e-05	5448	rwr	BC
POU4F2	1.52040724676517e-05	5449	rwr	BC
ZNF219	1.5201950017356e-05	5450	rwr	BC
STAR	1.51968225306526e-05	5451	rwr	BC
UNC5A	1.5179257781858e-05	5452	rwr	BC
KCNJ5	1.5175519905919e-05	5453	rwr	BC
MIEF1-2	1.51743873835186e-05	5454	rwr	BC
ATP1A2	1.51717500623316e-05	5455	rwr	BC
TK2	1.51694346132978e-05	5456	rwr	BC
DMTF1	1.51677957790282e-05	5457	rwr	BC
DUSP4	1.51646542255608e-05	5458	rwr	BC
GBA	1.51627252683308e-05	5459	rwr	BC
MTERF4	1.5157198544041e-05	5460	rwr	BC
EDN3	1.51559145898401e-05	5461	rwr	BC
NNT	1.51542448274375e-05	5462	rwr	BC
AOX1	1.51529625614832e-05	5463	rwr	BC
CAPRIN1	1.51456903265799e-05	5464	rwr	BC
DUSP10	1.51423358259412e-05	5465	rwr	BC
DNAJA4	1.51332253606122e-05	5466	rwr	BC
MYL7	1.51240871116326e-05	5467	rwr	BC
PSMD9	1.51119170642418e-05	5468	rwr	BC
DGKE	1.50997966298041e-05	5469	rwr	BC
NUP210	1.50941586247034e-05	5470	rwr	BC
NME6	1.50913293005326e-05	5471	rwr	BC
IPO5	1.50904018568712e-05	5472	rwr	BC
MYLK3	1.50889091665314e-05	5473	rwr	BC
RGS14	1.50861177305521e-05	5474	rwr	BC
UBE2F	1.50860720367537e-05	5475	rwr	BC
ALOX5	1.5085274254559e-05	5476	rwr	BC
EYA1	1.50847622304397e-05	5477	rwr	BC
HBA2	1.50840763380128e-05	5478	rwr	BC
PRAMEF15	1.50832019874493e-05	5479	rwr	BC
LSM3	1.50790462001226e-05	5480	rwr	BC
IMPDH1	1.50664547568547e-05	5481	rwr	BC
BCAS2	1.50663936681112e-05	5482	rwr	BC
GLYCTK	1.50555461002116e-05	5483	rwr	BC
KDM2A	1.50536558822886e-05	5484	rwr	BC
PDE1C	1.50529917116047e-05	5485	rwr	BC
CSF2RA	1.50528824999264e-05	5486	rwr	BC
HBA1	1.5031665145182e-05	5487	rwr	BC
ITPKC	1.50312818300715e-05	5488	rwr	BC
WNT9A	1.5029705741334e-05	5489	rwr	BC
ICMT	1.50145955101087e-05	5490	rwr	BC
EIF2AK1	1.50125551170591e-05	5491	rwr	BC
HSPB6	1.50119168163957e-05	5492	rwr	BC
SEPTIN9	1.50052227291641e-05	5493	rwr	BC
MUC16	1.50036262323532e-05	5494	rwr	BC
WNT10A	1.50018748421334e-05	5495	rwr	BC
NSUN2	1.49990936471178e-05	5496	rwr	BC
NUDT2	1.49941020584191e-05	5497	rwr	BC
GRP	1.4983178045984e-05	5498	rwr	BC
CCDC47	1.49805970585042e-05	5499	rwr	BC
DFFB	1.49754752712178e-05	5500	rwr	BC
GRIN2D	1.49751928381495e-05	5501	rwr	BC
DNAJC10	1.49729359344589e-05	5502	rwr	BC
HSD17B10	1.49727594080068e-05	5503	rwr	BC
STXBP1	1.49703531829642e-05	5504	rwr	BC
PLA2G4C	1.49602645359811e-05	5505	rwr	BC
FRAT1	1.49575225046609e-05	5506	rwr	BC
PRAMEF6	1.49499144329942e-05	5507	rwr	BC
ARPC5L	1.4941825019932e-05	5508	rwr	BC
FNTB	1.49342420300982e-05	5509	rwr	BC
STIM1	1.49314190557455e-05	5510	rwr	BC
ELK4	1.49297647283382e-05	5511	rwr	BC
PDE6B	1.49276836906208e-05	5512	rwr	BC
GRN	1.49213387717153e-05	5513	rwr	BC
TOM1	1.4919235790823e-05	5514	rwr	BC
TIAL1	1.49146789242058e-05	5515	rwr	BC
TUBA3D	1.49031017691653e-05	5516	rwr	BC
TOMM22	1.49007594935821e-05	5517	rwr	BC
IFRD2	1.48928074324946e-05	5518	rwr	BC
USP19	1.4891469678909e-05	5519	rwr	BC
SFRP4	1.48889344413587e-05	5520	rwr	BC
RFX3	1.48863364916116e-05	5521	rwr	BC
GP1BB	1.4884910940178e-05	5522	rwr	BC
ARHGAP17	1.48836009982218e-05	5523	rwr	BC
SOX4	1.48737353791696e-05	5524	rwr	BC
SLC11A2	1.48694886664701e-05	5525	rwr	BC
INF2	1.48666513089313e-05	5526	rwr	BC
GNAT1	1.48584129793835e-05	5527	rwr	BC
IFT20	1.48576140037563e-05	5528	rwr	BC
FECH	1.48460688301831e-05	5529	rwr	BC
CAMK1	1.48454925185161e-05	5530	rwr	BC
SLC1A5	1.48444557519258e-05	5531	rwr	BC
GRIN2C	1.483990197038e-05	5532	rwr	BC
CYP2A6	1.48292328076529e-05	5533	rwr	BC
MTUS1	1.48248541383778e-05	5534	rwr	BC
ADD3	1.48233531814733e-05	5535	rwr	BC
ATP6V0B	1.4821796450435e-05	5536	rwr	BC
GUSB	1.48183634167642e-05	5537	rwr	BC
MBL2	1.48142488819502e-05	5538	rwr	BC
PTPRZ1	1.48139889355707e-05	5539	rwr	BC
DNAJC6	1.48095638463904e-05	5540	rwr	BC
KIFC3	1.48087679287259e-05	5541	rwr	BC
PTMA	1.48082542836073e-05	5542	rwr	BC
FGB	1.48051955853634e-05	5543	rwr	BC
SHBG	1.48042521111563e-05	5544	rwr	BC
EPOP	1.47993193201282e-05	5545	rwr	BC
DDX27	1.47846548656715e-05	5546	rwr	BC
MARCKS	1.47843804336312e-05	5547	rwr	BC
LEMD3	1.4780266621322e-05	5548	rwr	BC
MCAM	1.47801723389884e-05	5549	rwr	BC
RASSF2	1.47739460905086e-05	5550	rwr	BC
TTI2	1.47735029661365e-05	5551	rwr	BC
CWC27	1.47666297489281e-05	5552	rwr	BC
TXN2	1.47632999356305e-05	5553	rwr	BC
ODC1	1.47576096767123e-05	5554	rwr	BC
ORAI1	1.47548783661365e-05	5555	rwr	BC
CLCA2	1.47542570294855e-05	5556	rwr	BC
ACSL4	1.47501594723179e-05	5557	rwr	BC
LPIN1	1.47421209993979e-05	5558	rwr	BC
NUPR2	1.47368172305583e-05	5559	rwr	BC
ARIH2	1.47345072267789e-05	5560	rwr	BC
AK1	1.47292986047898e-05	5561	rwr	BC
ELOF1	1.47222195658084e-05	5562	rwr	BC
CTAG1B	1.47206119466908e-05	5563	rwr	BC
SAMM50	1.47183968128464e-05	5564	rwr	BC
GFRA3	1.47114892752247e-05	5565	rwr	BC
PKN3	1.47107990990469e-05	5566	rwr	BC
ZNHIT1	1.47077312343865e-05	5567	rwr	BC
HAUS1	1.47042872752788e-05	5568	rwr	BC
PUS7	1.4697882044548e-05	5569	rwr	BC
MFGE8	1.46928471008128e-05	5570	rwr	BC
IFT80	1.46871431059719e-05	5571	rwr	BC
HSD17B4	1.46857717197616e-05	5572	rwr	BC
PDE10A	1.46781832074025e-05	5573	rwr	BC
CTRB2	1.46724879394074e-05	5574	rwr	BC
PIMREG	1.4671925358416e-05	5575	rwr	BC
CNOT6	1.46699381055006e-05	5576	rwr	BC
IFT74	1.46654798173915e-05	5577	rwr	BC
ALOX15	1.46654083019958e-05	5578	rwr	BC
TIMM23	1.46536998302041e-05	5579	rwr	BC
SALL1	1.46533216260801e-05	5580	rwr	BC
IFIT5	1.46507077869679e-05	5581	rwr	BC
HAMP	1.46478826112351e-05	5582	rwr	BC
TGFBR3	1.46450495824397e-05	5583	rwr	BC
HIF3A	1.46428748616662e-05	5584	rwr	BC
XPR1	1.46427212328031e-05	5585	rwr	BC
EXOC4	1.46364057800995e-05	5586	rwr	BC
TUBA8	1.46289334814405e-05	5587	rwr	BC
B3GAT1	1.46162476229418e-05	5588	rwr	BC
CNOT6L	1.46140374464079e-05	5589	rwr	BC
PPME1	1.46112702633054e-05	5590	rwr	BC
ATN1	1.46084414984959e-05	5591	rwr	BC
RDM1	1.45861731691605e-05	5592	rwr	BC
KISS1	1.45844168829467e-05	5593	rwr	BC
CEP170	1.45816648788435e-05	5594	rwr	BC
OTX2	1.45730431105198e-05	5595	rwr	BC
SERPINB5	1.45720225841222e-05	5596	rwr	BC
KIR3DL3	1.45661273119191e-05	5597	rwr	BC
RTN3	1.45652323541285e-05	5598	rwr	BC
GOPC	1.45651266113893e-05	5599	rwr	BC
GRIK2	1.45647548438325e-05	5600	rwr	BC
CDH23	1.45639692947917e-05	5601	rwr	BC
PRKAR2B	1.45603627967922e-05	5602	rwr	BC
PPP1R9B	1.45581266027686e-05	5603	rwr	BC
EIF2S3B	1.45569176451602e-05	5604	rwr	BC
HSPA14	1.45563694524745e-05	5605	rwr	BC
SLC6A4	1.45540049845649e-05	5606	rwr	BC
PEX6	1.45516434762887e-05	5607	rwr	BC
PAWR	1.4545432473235e-05	5608	rwr	BC
GAB3	1.45403307284637e-05	5609	rwr	BC
RABEP1	1.45369513086871e-05	5610	rwr	BC
RHOD	1.45349252938166e-05	5611	rwr	BC
TOR1A	1.4518239076377e-05	5612	rwr	BC
ACTR3B	1.45176592354929e-05	5613	rwr	BC
FOXR1	1.45111335546145e-05	5614	rwr	BC
ETFA	1.45109769718698e-05	5615	rwr	BC
MAFK	1.45109097782386e-05	5616	rwr	BC
LGALS1	1.45069010863384e-05	5617	rwr	BC
RYK	1.45024235646996e-05	5618	rwr	BC
EGR3	1.44875572416421e-05	5619	rwr	BC
KIF7	1.4484919131644e-05	5620	rwr	BC
CLDN11	1.44795125413595e-05	5621	rwr	BC
TMCO1	1.44730316069186e-05	5622	rwr	BC
TMEM67	1.44537909228661e-05	5623	rwr	BC
NT5C3B	1.44402466013721e-05	5624	rwr	BC
KPNA3	1.44368108227734e-05	5625	rwr	BC
EID1	1.44346419464174e-05	5626	rwr	BC
KIDINS220	1.4433664706116e-05	5627	rwr	BC
PRDX6	1.44303323797076e-05	5628	rwr	BC
DPYD	1.44268051292963e-05	5629	rwr	BC
OXTR	1.44239269015611e-05	5630	rwr	BC
CD14	1.44229521551412e-05	5631	rwr	BC
SPATA13	1.44177597018955e-05	5632	rwr	BC
AVPR2	1.44143065203815e-05	5633	rwr	BC
GDF9	1.44100271789642e-05	5634	rwr	BC
FRMD6	1.44072361699592e-05	5635	rwr	BC
PF4V1	1.44015276705269e-05	5636	rwr	BC
UPRT	1.43975878773843e-05	5637	rwr	BC
SSTR2	1.4383162709793e-05	5638	rwr	BC
FLG	1.43819542395402e-05	5639	rwr	BC
PPP6R2	1.43769878735988e-05	5640	rwr	BC
NME1-NME2	1.43757707706788e-05	5641	rwr	BC
UPF2	1.43728550542717e-05	5642	rwr	BC
GAGE13	1.43563992677383e-05	5643	rwr	BC
TRDMT1	1.43546711259186e-05	5644	rwr	BC
HTATSF1	1.4352934060021e-05	5645	rwr	BC
USP27X	1.43477926316588e-05	5646	rwr	BC
AIFM1	1.43359499650717e-05	5647	rwr	BC
IARS1	1.43322789974699e-05	5648	rwr	BC
MEIS1	1.43298244800408e-05	5649	rwr	BC
CNTD2	1.4327070916894e-05	5650	rwr	BC
CUX1	1.43187594095568e-05	5651	rwr	BC
ATP1B3	1.43164997242055e-05	5652	rwr	BC
NUP54	1.43108560978552e-05	5653	rwr	BC
AHCTF1	1.43104370836033e-05	5654	rwr	BC
ATP1B2	1.43075914154265e-05	5655	rwr	BC
POLR3E	1.43066494192312e-05	5656	rwr	BC
PARP6	1.43059266662102e-05	5657	rwr	BC
RBMX2	1.42954544579659e-05	5658	rwr	BC
ZNRD1	1.429479396375e-05	5659	rwr	BC
TTC21B	1.42923941502321e-05	5660	rwr	BC
DLK1	1.42900270059505e-05	5661	rwr	BC
PPP1R10	1.42875768530947e-05	5662	rwr	BC
RRN3	1.42772122192318e-05	5663	rwr	BC
SLC39A7	1.42666447055196e-05	5664	rwr	BC
AQR	1.42666417597427e-05	5665	rwr	BC
NMI	1.42604382699566e-05	5666	rwr	BC
RPGRIP1L	1.42594711496407e-05	5667	rwr	BC
COL5A2	1.42496545167492e-05	5668	rwr	BC
NVL	1.42475618106363e-05	5669	rwr	BC
RGPD2	1.4247410248084e-05	5670	rwr	BC
PYY	1.42473152161864e-05	5671	rwr	BC
PTGER4	1.4244757513867e-05	5672	rwr	BC
ADRB3	1.42412672218178e-05	5673	rwr	BC
PRKRA	1.4237833144786e-05	5674	rwr	BC
ASH1L	1.42339796512467e-05	5675	rwr	BC
COL4A4	1.42316187379377e-05	5676	rwr	BC
BNIP1	1.42285529405298e-05	5677	rwr	BC
KCNN4	1.42281148122649e-05	5678	rwr	BC
ARPC1A	1.42137300655309e-05	5679	rwr	BC
DYNLT1	1.4210095446153e-05	5680	rwr	BC
NLGN2	1.42051163382516e-05	5681	rwr	BC
DNAJC3	1.42020151112567e-05	5682	rwr	BC
DSC2	1.41957632253425e-05	5683	rwr	BC
LMO3	1.41878383326761e-05	5684	rwr	BC
FLAD1	1.41742295534903e-05	5685	rwr	BC
NADK2	1.41728580344418e-05	5686	rwr	BC
NR4A2	1.41721856146019e-05	5687	rwr	BC
SCN1B	1.41691001600926e-05	5688	rwr	BC
RMDN3	1.41677804470549e-05	5689	rwr	BC
GABBR1	1.41641242427647e-05	5690	rwr	BC
TNNT3	1.41603709158846e-05	5691	rwr	BC
GDI1	1.41602622948701e-05	5692	rwr	BC
KMT5C	1.41575755314316e-05	5693	rwr	BC
MBNL1	1.41539124061533e-05	5694	rwr	BC
AMPD3	1.41410416348418e-05	5695	rwr	BC
PKD2	1.4138744647843e-05	5696	rwr	BC
INTS12	1.41363310972862e-05	5697	rwr	BC
PLA2G7	1.41312778081098e-05	5698	rwr	BC
IVL	1.41297590361989e-05	5699	rwr	BC
ATP5IF1	1.41264631478745e-05	5700	rwr	BC
SIX1	1.41237726162697e-05	5701	rwr	BC
PEX12	1.41206408176215e-05	5702	rwr	BC
AASDHPPT	1.41199792119305e-05	5703	rwr	BC
IL22RA2	1.41183731427595e-05	5704	rwr	BC
AHR	1.41090207016776e-05	5705	rwr	BC
CHMP6	1.41058850731137e-05	5706	rwr	BC
PDE4B	1.40990342190779e-05	5707	rwr	BC
PGAM1	1.40978257464477e-05	5708	rwr	BC
EXOSC8	1.40944903886086e-05	5709	rwr	BC
ABCG5	1.40934024374116e-05	5710	rwr	BC
FARP2	1.40869814133417e-05	5711	rwr	BC
STAU1	1.40831320734277e-05	5712	rwr	BC
UPF3B	1.40785526201231e-05	5713	rwr	BC
CDYL	1.40751438656483e-05	5714	rwr	BC
GIGYF2	1.40739584814544e-05	5715	rwr	BC
FOXR2	1.40691320112876e-05	5716	rwr	BC
A1BG	1.40687027488095e-05	5717	rwr	BC
EXOSC7	1.40629163867236e-05	5718	rwr	BC
UBR4	1.40561128654298e-05	5719	rwr	BC
NCLN	1.40478968680796e-05	5720	rwr	BC
SNAP23	1.40445357085351e-05	5721	rwr	BC
DST	1.4036918028485e-05	5722	rwr	BC
GC	1.40272071123708e-05	5723	rwr	BC
C12orf65	1.40255847705876e-05	5724	rwr	BC
RNPS1	1.40247053811353e-05	5725	rwr	BC
GNAZ	1.40145187881936e-05	5726	rwr	BC
FBXW2	1.40125659804883e-05	5727	rwr	BC
NUP88	1.40094085202013e-05	5728	rwr	BC
TIMM10	1.40054130479212e-05	5729	rwr	BC
PDZK1	1.39993157245294e-05	5730	rwr	BC
PAX7	1.39956345859098e-05	5731	rwr	BC
DUSP8	1.39874927051297e-05	5732	rwr	BC
GAGE12C	1.3975406393408e-05	5733	rwr	BC
GAGE12D	1.3975406393408e-05	5734	rwr	BC
PCK2	1.39652777540334e-05	5735	rwr	BC
CALB2	1.39652654731238e-05	5736	rwr	BC
VIRMA	1.3951439011887e-05	5737	rwr	BC
BAG6	1.39502954904957e-05	5738	rwr	BC
EHHADH	1.3948914912498e-05	5739	rwr	BC
COPS9	1.39473262895652e-05	5740	rwr	BC
SUPV3L1	1.39442359491479e-05	5741	rwr	BC
RIBC2	1.39431451320654e-05	5742	rwr	BC
TNFSF14	1.39401915641892e-05	5743	rwr	BC
PROK2	1.39324732539155e-05	5744	rwr	BC
IGLL1	1.3931844855741e-05	5745	rwr	BC
RFK	1.39291338898294e-05	5746	rwr	BC
WDFY3	1.39271276520541e-05	5747	rwr	BC
NUP35	1.3922877351103e-05	5748	rwr	BC
GPBAR1	1.3912453274109e-05	5749	rwr	BC
APOBEC3A	1.3907863297347e-05	5750	rwr	BC
FSCN2	1.39025193024434e-05	5751	rwr	BC
YTHDC2	1.38977089619341e-05	5752	rwr	BC
CEPT1	1.38953772718695e-05	5753	rwr	BC
CNOT4	1.38860036518861e-05	5754	rwr	BC
WNT6	1.38794272942577e-05	5755	rwr	BC
ACKR2	1.38790086157715e-05	5756	rwr	BC
GRK5	1.38768861165421e-05	5757	rwr	BC
ZRSR2	1.38720262151603e-05	5758	rwr	BC
CHMP4B	1.38705026732656e-05	5759	rwr	BC
DFFA	1.38656009849555e-05	5760	rwr	BC
FBXL15	1.38615023534182e-05	5761	rwr	BC
EDC4	1.38519617457641e-05	5762	rwr	BC
MYL4	1.38518534474656e-05	5763	rwr	BC
LHX6	1.3851522290086e-05	5764	rwr	BC
PFDN5	1.38443828734278e-05	5765	rwr	BC
MTHFD1	1.38295427697404e-05	5766	rwr	BC
ADGRB1	1.38241558943092e-05	5767	rwr	BC
CYP4F8	1.3822733076492e-05	5768	rwr	BC
FSHR	1.38133763793836e-05	5769	rwr	BC
UBE2R2	1.38068100706798e-05	5770	rwr	BC
SIRT4	1.38063277547534e-05	5771	rwr	BC
VPS39	1.38033799332399e-05	5772	rwr	BC
ALDH4A1	1.38023302194078e-05	5773	rwr	BC
FCER1A	1.37993587900049e-05	5774	rwr	BC
HLA-DMA	1.3794285633876e-05	5775	rwr	BC
ARHGAP10	1.37879853292404e-05	5776	rwr	BC
ASB4	1.37817010826679e-05	5777	rwr	BC
DRG1	1.37776972455139e-05	5778	rwr	BC
DAPK2	1.37765055596709e-05	5779	rwr	BC
AMPD2	1.37691586085576e-05	5780	rwr	BC
PEX13	1.37637574860912e-05	5781	rwr	BC
VAMP7	1.37612799313244e-05	5782	rwr	BC
TWF1	1.37566876832368e-05	5783	rwr	BC
NUFIP2	1.37559766347265e-05	5784	rwr	BC
TMEM147	1.37559682572346e-05	5785	rwr	BC
PRIMA1	1.37508206925e-05	5786	rwr	BC
GATM	1.37468648412631e-05	5787	rwr	BC
MYL5	1.37390012804226e-05	5788	rwr	BC
ADSS2	1.37385022750379e-05	5789	rwr	BC
CST3	1.37361112536402e-05	5790	rwr	BC
ENTPD5	1.37336895048754e-05	5791	rwr	BC
MUC6	1.37328620444319e-05	5792	rwr	BC
PCM1	1.37285591012125e-05	5793	rwr	BC
GAGE2E	1.37242313360472e-05	5794	rwr	BC
GAGE10	1.37223679588856e-05	5795	rwr	BC
GAGE12E	1.37223679588856e-05	5796	rwr	BC
GAGE12H	1.37223679588856e-05	5797	rwr	BC
GAGE12J	1.37223679588856e-05	5798	rwr	BC
RAP2B	1.37221424873126e-05	5799	rwr	BC
SH3PXD2B	1.37206450001213e-05	5800	rwr	BC
ATF7	1.37186104541101e-05	5801	rwr	BC
EXOC2	1.37160877153413e-05	5802	rwr	BC
POMP	1.37060045174321e-05	5803	rwr	BC
GOLPH3	1.3702377060618e-05	5804	rwr	BC
USP42	1.36998647775189e-05	5805	rwr	BC
DHFR2	1.36976482068667e-05	5806	rwr	BC
HERC1	1.36964243121429e-05	5807	rwr	BC
PARP12	1.36952800379315e-05	5808	rwr	BC
MPI	1.36923804387153e-05	5809	rwr	BC
DERA	1.36854565598763e-05	5810	rwr	BC
AAAS	1.36834647631155e-05	5811	rwr	BC
EXOSC2	1.3683439817915e-05	5812	rwr	BC
EXOSC5	1.368091357716e-05	5813	rwr	BC
PRDX2	1.36804124368481e-05	5814	rwr	BC
CNTN2	1.36791305212441e-05	5815	rwr	BC
CDON	1.36787248642455e-05	5816	rwr	BC
HERC6	1.36769126632449e-05	5817	rwr	BC
EXOSC4	1.36642049011498e-05	5818	rwr	BC
HYAL2	1.36631098960302e-05	5819	rwr	BC
BBS7	1.36605344440882e-05	5820	rwr	BC
PTN	1.36590826438269e-05	5821	rwr	BC
SI	1.36584863366832e-05	5822	rwr	BC
MKLN1	1.36554579348919e-05	5823	rwr	BC
KCNJ3	1.36551510145957e-05	5824	rwr	BC
LDHAL6A	1.36537874820907e-05	5825	rwr	BC
MBTPS2	1.36516421876288e-05	5826	rwr	BC
GPNMB	1.36483849355593e-05	5827	rwr	BC
DAPP1	1.36467369185733e-05	5828	rwr	BC
UNC119	1.3645709256712e-05	5829	rwr	BC
CCDC69	1.36453102814021e-05	5830	rwr	BC
THYN1	1.36414142452076e-05	5831	rwr	BC
ELMO3	1.36364344114394e-05	5832	rwr	BC
TTC26	1.36363281607821e-05	5833	rwr	BC
LSM8	1.36361958949133e-05	5834	rwr	BC
SPDYC	1.36234981287263e-05	5835	rwr	BC
FKBP2	1.36190844294029e-05	5836	rwr	BC
UBLCP1	1.36190374794592e-05	5837	rwr	BC
DRAM1	1.36178296590907e-05	5838	rwr	BC
GRASP	1.361733272197e-05	5839	rwr	BC
PSMB11	1.3614605769841e-05	5840	rwr	BC
TET3	1.36145315042763e-05	5841	rwr	BC
ERH	1.36127972176339e-05	5842	rwr	BC
JAZF1	1.36036986071694e-05	5843	rwr	BC
MUC7	1.36015710308158e-05	5844	rwr	BC
ATL1	1.35932220795967e-05	5845	rwr	BC
ATP6V1A	1.35863934477937e-05	5846	rwr	BC
NEK7	1.35857817417846e-05	5847	rwr	BC
TRIP6	1.35841940356394e-05	5848	rwr	BC
ZFX	1.35817709759776e-05	5849	rwr	BC
NRCAM	1.3578118173092e-05	5850	rwr	BC
NR1H2	1.3575899299157e-05	5851	rwr	BC
PDIA6	1.3573210413576e-05	5852	rwr	BC
CACNB2	1.35601652285981e-05	5853	rwr	BC
GGT5	1.35585427421857e-05	5854	rwr	BC
GFRA2	1.35582019821658e-05	5855	rwr	BC
INTS10	1.35490791779834e-05	5856	rwr	BC
IFI27	1.35447411758506e-05	5857	rwr	BC
PRTN3	1.35421065608376e-05	5858	rwr	BC
PCCB	1.35369572033176e-05	5859	rwr	BC
VPS28	1.35336378261228e-05	5860	rwr	BC
ZFP42	1.35219035637001e-05	5861	rwr	BC
CCL18	1.35202280536782e-05	5862	rwr	BC
LRRC47	1.35088007571031e-05	5863	rwr	BC
CXCL14	1.35035523538047e-05	5864	rwr	BC
SPDYE5	1.34997387035313e-05	5865	rwr	BC
CBFA2T3	1.34936182857587e-05	5866	rwr	BC
COX17	1.34919609208382e-05	5867	rwr	BC
FBXO6	1.34917387226726e-05	5868	rwr	BC
CLDN9	1.34891275454936e-05	5869	rwr	BC
GSTA3	1.34801564226978e-05	5870	rwr	BC
SLC34A1	1.34664378224608e-05	5871	rwr	BC
CAVIN1	1.34600568288601e-05	5872	rwr	BC
LCMT1	1.34565858644915e-05	5873	rwr	BC
RASSF7	1.34562995943843e-05	5874	rwr	BC
GPN3	1.3456239843676e-05	5875	rwr	BC
CCL24	1.34553522130514e-05	5876	rwr	BC
RFX2	1.34544771986038e-05	5877	rwr	BC
APOL1	1.34502150913399e-05	5878	rwr	BC
CCL28	1.34496344273215e-05	5879	rwr	BC
ZNRF3	1.3448582234079e-05	5880	rwr	BC
RAB14	1.34422546054874e-05	5881	rwr	BC
C12orf66	1.34377726365755e-05	5882	rwr	BC
PRX	1.34344589345794e-05	5883	rwr	BC
GFI1B	1.34289512460994e-05	5884	rwr	BC
BST2	1.34259475338207e-05	5885	rwr	BC
DDX23	1.34143504226067e-05	5886	rwr	BC
TMOD4	1.34049736120359e-05	5887	rwr	BC
ABCF1	1.34025471105962e-05	5888	rwr	BC
AZI2	1.3400741080635e-05	5889	rwr	BC
HNRNPA0	1.3398246683669e-05	5890	rwr	BC
NOL7	1.33923283121492e-05	5891	rwr	BC
DTX1	1.33913105467116e-05	5892	rwr	BC
AKAP13	1.33910089833931e-05	5893	rwr	BC
MACROD1	1.33840327326638e-05	5894	rwr	BC
DDX54	1.33742511324832e-05	5895	rwr	BC
SCT	1.3370873344305e-05	5896	rwr	BC
CYP3A7	1.3362529777008e-05	5897	rwr	BC
CTH	1.33389036489704e-05	5898	rwr	BC
PDHA2	1.33365803361859e-05	5899	rwr	BC
ATP12A	1.33210934913001e-05	5900	rwr	BC
LOC107987373	1.33191772864292e-05	5901	rwr	BC
BLK	1.33153545591629e-05	5902	rwr	BC
ELP1	1.33128397106986e-05	5903	rwr	BC
AGXT2	1.33108045522079e-05	5904	rwr	BC
BOC	1.33105970967719e-05	5905	rwr	BC
SLC25A42	1.331040851543e-05	5906	rwr	BC
CYP2C19	1.33102526205322e-05	5907	rwr	BC
ZC3HAV1	1.32938742106131e-05	5908	rwr	BC
SYNE1	1.32876928068481e-05	5909	rwr	BC
TIMM50	1.32853316315924e-05	5910	rwr	BC
PGD	1.32745378050526e-05	5911	rwr	BC
SH2D3C	1.32673075348002e-05	5912	rwr	BC
FOXK1	1.32616660321086e-05	5913	rwr	BC
NUP160	1.32603280130011e-05	5914	rwr	BC
APOA5	1.3258526444833e-05	5915	rwr	BC
MTUS2	1.32541198874609e-05	5916	rwr	BC
SEC22B	1.32524779984288e-05	5917	rwr	BC
CNTRL	1.32433087697397e-05	5918	rwr	BC
DIAPH2	1.32399233442855e-05	5919	rwr	BC
ERAL1	1.32379686665051e-05	5920	rwr	BC
POLR3C	1.32361670825094e-05	5921	rwr	BC
COQ2	1.3235758716115e-05	5922	rwr	BC
SNX4	1.32344427015113e-05	5923	rwr	BC
MBOAT2	1.32344176914068e-05	5924	rwr	BC
FAM120C	1.3229752721269e-05	5925	rwr	BC
ACTR3C	1.32251877255501e-05	5926	rwr	BC
KLHDC2	1.32246724470294e-05	5927	rwr	BC
FGG	1.32193366675904e-05	5928	rwr	BC
RAB5B	1.32175256058112e-05	5929	rwr	BC
EPM2A	1.32167102518732e-05	5930	rwr	BC
HBZ	1.32127116873477e-05	5931	rwr	BC
GPSM2	1.32126514574859e-05	5932	rwr	BC
UBXN2A	1.32118915027911e-05	5933	rwr	BC
EXOC6	1.32111833891614e-05	5934	rwr	BC
SORL1	1.32093807967353e-05	5935	rwr	BC
SRSF11	1.3206032402841e-05	5936	rwr	BC
CDKL5	1.32011132028569e-05	5937	rwr	BC
PARP16	1.31980810883169e-05	5938	rwr	BC
PIWIL4	1.31956991520856e-05	5939	rwr	BC
LMAN1	1.3191225952063e-05	5940	rwr	BC
IMPA2	1.31906045830718e-05	5941	rwr	BC
PCSK1	1.31903754081455e-05	5942	rwr	BC
RGS4	1.31878114761215e-05	5943	rwr	BC
MAPRE2	1.3186466476384e-05	5944	rwr	BC
SDHAF1	1.31839527538202e-05	5945	rwr	BC
LAMB2	1.31810692456303e-05	5946	rwr	BC
SNX1	1.31810594537279e-05	5947	rwr	BC
ACTR1A	1.31787519047773e-05	5948	rwr	BC
GMPR	1.31765656876352e-05	5949	rwr	BC
STT3B	1.31761454324119e-05	5950	rwr	BC
EXOC8	1.31746203228887e-05	5951	rwr	BC
OCA2	1.31745024513317e-05	5952	rwr	BC
CAMKK1	1.31725932582126e-05	5953	rwr	BC
IQCB1	1.31706038900431e-05	5954	rwr	BC
ANOS1	1.31687857182325e-05	5955	rwr	BC
SYNPO	1.31656076982166e-05	5956	rwr	BC
HTR2A	1.31595409995954e-05	5957	rwr	BC
RHOBTB1	1.31534515479208e-05	5958	rwr	BC
WBP11	1.31454192664674e-05	5959	rwr	BC
CCN1	1.31447335711419e-05	5960	rwr	BC
GNAT2	1.31433358147019e-05	5961	rwr	BC
PARP15	1.31421148030984e-05	5962	rwr	BC
HNRNPH2	1.31415438473328e-05	5963	rwr	BC
POP5	1.31408127341337e-05	5964	rwr	BC
DGKB	1.31397497497899e-05	5965	rwr	BC
MKS1	1.31356140705798e-05	5966	rwr	BC
DMP1	1.31330953740636e-05	5967	rwr	BC
LPAR1	1.31286176822702e-05	5968	rwr	BC
RBM19	1.31206613955998e-05	5969	rwr	BC
FBP2	1.31172015460219e-05	5970	rwr	BC
GAPVD1	1.31144854184501e-05	5971	rwr	BC
PPIL2	1.31115786203554e-05	5972	rwr	BC
GSTA2	1.31113215721625e-05	5973	rwr	BC
CD8B	1.31103096073129e-05	5974	rwr	BC
KLHDC3	1.31102036470879e-05	5975	rwr	BC
BOD1L1	1.30964402512491e-05	5976	rwr	BC
TRPM8	1.30901128653915e-05	5977	rwr	BC
PICK1	1.30872767852673e-05	5978	rwr	BC
STX6	1.30848443849006e-05	5979	rwr	BC
GRK3	1.30845640733606e-05	5980	rwr	BC
DGKH	1.30838192792945e-05	5981	rwr	BC
LRPPRC	1.30796246401578e-05	5982	rwr	BC
GFM2	1.30760651047259e-05	5983	rwr	BC
TBKBP1	1.30758287865937e-05	5984	rwr	BC
SPINT2	1.30705040701503e-05	5985	rwr	BC
UBXN2B	1.30690562870932e-05	5986	rwr	BC
LDHC	1.30684297899349e-05	5987	rwr	BC
MAP2K5	1.30643158874171e-05	5988	rwr	BC
ALS2	1.30630091050748e-05	5989	rwr	BC
ATP6V1B1	1.30595811271777e-05	5990	rwr	BC
TSPO	1.30585736331722e-05	5991	rwr	BC
CHMP7	1.30565713717375e-05	5992	rwr	BC
REXO2	1.30521673679119e-05	5993	rwr	BC
SLIT2	1.30484310351339e-05	5994	rwr	BC
DALRD3	1.3044702651552e-05	5995	rwr	BC
COASY	1.30439381984693e-05	5996	rwr	BC
TAMM41	1.30434639439702e-05	5997	rwr	BC
MYH14	1.30433407252688e-05	5998	rwr	BC
WNT9B	1.3035772063193e-05	5999	rwr	BC
SRSF10	1.30320758443126e-05	6000	rwr	BC
JAM2	1.3031123625686e-05	6001	rwr	BC
MYF5	1.30205005891029e-05	6002	rwr	BC
TGOLN2	1.30018874329983e-05	6003	rwr	BC
XIRP2	1.29965379897174e-05	6004	rwr	BC
NUDT15	1.29928716495426e-05	6005	rwr	BC
LTO1	1.29915387746134e-05	6006	rwr	BC
TYRP1	1.29734490317791e-05	6007	rwr	BC
HTR1B	1.296726949838e-05	6008	rwr	BC
BMP10	1.29670651503366e-05	6009	rwr	BC
PATL2	1.2966910712546e-05	6010	rwr	BC
PSMF1	1.29649096791302e-05	6011	rwr	BC
SNRK	1.29645117283041e-05	6012	rwr	BC
ASTN2	1.29529196613531e-05	6013	rwr	BC
NUP37	1.2945869220076e-05	6014	rwr	BC
CHRM2	1.29346437133668e-05	6015	rwr	BC
BEX3	1.29293927534519e-05	6016	rwr	BC
PTPRA	1.29287780276921e-05	6017	rwr	BC
SETMAR	1.29284210393957e-05	6018	rwr	BC
SCN8A	1.29221672280738e-05	6019	rwr	BC
SUN2	1.29177038019471e-05	6020	rwr	BC
FNBP1	1.29107502311403e-05	6021	rwr	BC
URI1	1.29098878520075e-05	6022	rwr	BC
FKBP6	1.29047824670061e-05	6023	rwr	BC
PPP1R14A	1.29003768853574e-05	6024	rwr	BC
POP1	1.28976909166218e-05	6025	rwr	BC
RTKN	1.28964396271657e-05	6026	rwr	BC
HMGCS2	1.28963854005618e-05	6027	rwr	BC
FOXL2	1.28951905805588e-05	6028	rwr	BC
MNDA	1.28916515240141e-05	6029	rwr	BC
CTNNBIP1	1.2890493743798e-05	6030	rwr	BC
KNSTRN	1.28872945072771e-05	6031	rwr	BC
B9D2	1.2885984438683e-05	6032	rwr	BC
COL4A6	1.28799218301736e-05	6033	rwr	BC
EXOSC1	1.28751018392352e-05	6034	rwr	BC
ZFYVE1	1.28745065353103e-05	6035	rwr	BC
TFE3	1.28722015212163e-05	6036	rwr	BC
TIPRL	1.2870887162814e-05	6037	rwr	BC
SLC7A5	1.2869146101969e-05	6038	rwr	BC
USP51	1.28601218593361e-05	6039	rwr	BC
CPSF4L	1.28583023388678e-05	6040	rwr	BC
PCCA	1.2857125338125e-05	6041	rwr	BC
ARFIP2	1.28550117374173e-05	6042	rwr	BC
BCKDHA	1.28427051136248e-05	6043	rwr	BC
JDP2	1.28422148277662e-05	6044	rwr	BC
ACKR3	1.28399961457621e-05	6045	rwr	BC
TSHB	1.28357791228054e-05	6046	rwr	BC
RRP15	1.28332885756414e-05	6047	rwr	BC
TSPAN8	1.28266561324287e-05	6048	rwr	BC
SPTBN2	1.28258323484049e-05	6049	rwr	BC
DLL3	1.28256763123041e-05	6050	rwr	BC
METAP2	1.28225134525642e-05	6051	rwr	BC
SMG5	1.28213759698426e-05	6052	rwr	BC
DLX6	1.28208287028543e-05	6053	rwr	BC
DGKG	1.28131453984265e-05	6054	rwr	BC
APBA1	1.28124769898e-05	6055	rwr	BC
CD46	1.28002688810358e-05	6056	rwr	BC
EXOSC9	1.27962247043365e-05	6057	rwr	BC
SEPTIN6	1.27927420618564e-05	6058	rwr	BC
CMTR1	1.27873724048547e-05	6059	rwr	BC
IFT52	1.27769277093327e-05	6060	rwr	BC
SSTR1	1.27679944479127e-05	6061	rwr	BC
ITPK1	1.27674561925438e-05	6062	rwr	BC
ELP3	1.27668219644901e-05	6063	rwr	BC
LPA	1.27651068041134e-05	6064	rwr	BC
RUNX1T1	1.27592255613092e-05	6065	rwr	BC
RTN1	1.27550421923408e-05	6066	rwr	BC
RCC2	1.27530542956037e-05	6067	rwr	BC
KIF1A	1.27512657364531e-05	6068	rwr	BC
DUSP6	1.27480083137682e-05	6069	rwr	BC
CYP17A1	1.27462431919073e-05	6070	rwr	BC
KIR3DL2	1.27459425075478e-05	6071	rwr	BC
CTPS1	1.2745404162594e-05	6072	rwr	BC
LLPH	1.27307745331499e-05	6073	rwr	BC
BTBD1	1.27298637234461e-05	6074	rwr	BC
POP7	1.27259623614797e-05	6075	rwr	BC
GFRA4	1.27257408857954e-05	6076	rwr	BC
MYO18A	1.27255361314548e-05	6077	rwr	BC
MS4A2	1.2716145531506e-05	6078	rwr	BC
ADSS1	1.27152532277435e-05	6079	rwr	BC
PLA2G4D	1.27151171069017e-05	6080	rwr	BC
TNFAIP6	1.27150761887256e-05	6081	rwr	BC
CEBPG	1.27141430451932e-05	6082	rwr	BC
GJD2	1.27136868787332e-05	6083	rwr	BC
UTRN	1.27106208531019e-05	6084	rwr	BC
KCNK2	1.27056714763282e-05	6085	rwr	BC
KCNJ9	1.27029407790167e-05	6086	rwr	BC
NOA1	1.27023139434462e-05	6087	rwr	BC
RPP14	1.26977775155049e-05	6088	rwr	BC
CPEB2	1.26923359145392e-05	6089	rwr	BC
CPSF7	1.26912112721067e-05	6090	rwr	BC
SPDEF	1.26863244829626e-05	6091	rwr	BC
CEACAM8	1.26833997448255e-05	6092	rwr	BC
CRLS1	1.26806970631096e-05	6093	rwr	BC
PON1	1.26806205957864e-05	6094	rwr	BC
CNOT10	1.26801563144773e-05	6095	rwr	BC
GUCY2D	1.26735602201148e-05	6096	rwr	BC
FPR2	1.26727182628285e-05	6097	rwr	BC
MAGEA4	1.26703191976438e-05	6098	rwr	BC
ARNTL2	1.26692583197938e-05	6099	rwr	BC
PDIA4	1.26680577437004e-05	6100	rwr	BC
POLR2J3	1.26658266254548e-05	6101	rwr	BC
PTGER3	1.26638996101346e-05	6102	rwr	BC
PDE3A	1.26598500731845e-05	6103	rwr	BC
RGS7	1.26539035269645e-05	6104	rwr	BC
DDX41	1.26492079031434e-05	6105	rwr	BC
ARC	1.26491548194556e-05	6106	rwr	BC
SGTA	1.26477108858186e-05	6107	rwr	BC
SLC34A3	1.26452144623652e-05	6108	rwr	BC
PAG1	1.26357639897133e-05	6109	rwr	BC
DDX3Y	1.26285073922978e-05	6110	rwr	BC
FAM20C	1.26262479160698e-05	6111	rwr	BC
ENTPD4	1.26213058273774e-05	6112	rwr	BC
CSPG4	1.26180325803733e-05	6113	rwr	BC
ACSL3	1.26168473201157e-05	6114	rwr	BC
CD1A	1.26069942144066e-05	6115	rwr	BC
ADPRHL2	1.26040757445357e-05	6116	rwr	BC
ADARB1	1.25994940191602e-05	6117	rwr	BC
GOLGA7	1.25946044785706e-05	6118	rwr	BC
MARS2	1.25928292192417e-05	6119	rwr	BC
AGPAT2	1.2589196993164e-05	6120	rwr	BC
PGK2	1.25739786896888e-05	6121	rwr	BC
ANKRD6	1.25707068146141e-05	6122	rwr	BC
TMED10	1.25701169461677e-05	6123	rwr	BC
VCPIP1	1.2568266609389e-05	6124	rwr	BC
IGFBP6	1.25662073407457e-05	6125	rwr	BC
KRT20	1.25654788165326e-05	6126	rwr	BC
PDK4	1.25609509502269e-05	6127	rwr	BC
GGT1	1.25579714633227e-05	6128	rwr	BC
BMP5	1.25542040253968e-05	6129	rwr	BC
RPP21	1.25536533700133e-05	6130	rwr	BC
NODAL	1.25531887536328e-05	6131	rwr	BC
SLC3A2	1.2545863136843e-05	6132	rwr	BC
CLDN6	1.25452196292627e-05	6133	rwr	BC
CD37	1.25371830277268e-05	6134	rwr	BC
DDI2	1.25359318540824e-05	6135	rwr	BC
ALDH3A2	1.2534708914355e-05	6136	rwr	BC
TIMM17B	1.25319395908402e-05	6137	rwr	BC
HOXA9	1.25213385179162e-05	6138	rwr	BC
IL12B	1.25204848647495e-05	6139	rwr	BC
RNASEH2C	1.25203116900004e-05	6140	rwr	BC
RPP40	1.25154315349464e-05	6141	rwr	BC
CACNG4	1.25137850379662e-05	6142	rwr	BC
ADCY10	1.25051984100987e-05	6143	rwr	BC
ZNF131	1.2504526826258e-05	6144	rwr	BC
RAB13	1.25024199610171e-05	6145	rwr	BC
ASPSCR1	1.24993716855096e-05	6146	rwr	BC
MEF2B	1.24975050312483e-05	6147	rwr	BC
ID2	1.24927691147873e-05	6148	rwr	BC
MDK	1.24923284754108e-05	6149	rwr	BC
ENTPD6	1.24894679267766e-05	6150	rwr	BC
FDXR	1.24892672605022e-05	6151	rwr	BC
ASCC1	1.24873900340282e-05	6152	rwr	BC
SSTR3	1.24836500532829e-05	6153	rwr	BC
IL9R	1.24825342704818e-05	6154	rwr	BC
TIMM44	1.24751693903659e-05	6155	rwr	BC
NFASC	1.24734853400772e-05	6156	rwr	BC
ERI1	1.24718861882585e-05	6157	rwr	BC
TUT1	1.24711965262235e-05	6158	rwr	BC
TXNL4A	1.24710765950876e-05	6159	rwr	BC
DPPA3	1.24633303009441e-05	6160	rwr	BC
MOCS1	1.24632861446544e-05	6161	rwr	BC
CYP4F2	1.24552779452554e-05	6162	rwr	BC
ALDH9A1	1.24551494821529e-05	6163	rwr	BC
ZNF143	1.24486508586518e-05	6164	rwr	BC
DYNC1LI2	1.24484021170999e-05	6165	rwr	BC
INPP5K	1.24477784767764e-05	6166	rwr	BC
TFB2M	1.24462613981512e-05	6167	rwr	BC
CHMP5	1.2444114524441e-05	6168	rwr	BC
CNOT11	1.24275600094962e-05	6169	rwr	BC
ATP1A4	1.24259754715164e-05	6170	rwr	BC
SPTBN4	1.24243522901404e-05	6171	rwr	BC
ATP6V1D	1.24240666356361e-05	6172	rwr	BC
VPS4A	1.24187456094412e-05	6173	rwr	BC
RGS6	1.24144697901458e-05	6174	rwr	BC
TPH2	1.24139873210576e-05	6175	rwr	BC
MYO5B	1.24037871397455e-05	6176	rwr	BC
GSTO1	1.24009929202784e-05	6177	rwr	BC
TAOK3	1.23994070252476e-05	6178	rwr	BC
NFE2	1.23954049850466e-05	6179	rwr	BC
MTRES1	1.23950177077526e-05	6180	rwr	BC
SPEN	1.23946695180594e-05	6181	rwr	BC
CHRD	1.23911686611664e-05	6182	rwr	BC
GLYATL1	1.23901987277085e-05	6183	rwr	BC
PGAM4	1.23872676701653e-05	6184	rwr	BC
GSTM2	1.2386871789914e-05	6185	rwr	BC
CRHR1-2	1.23831435726511e-05	6186	rwr	BC
XCL2	1.23724322479373e-05	6187	rwr	BC
S1PR1	1.23658446608866e-05	6188	rwr	BC
PANX1	1.23642381938704e-05	6189	rwr	BC
RETREG1	1.23527159444745e-05	6190	rwr	BC
IK	1.23516471906718e-05	6191	rwr	BC
PPM1B	1.23500257667344e-05	6192	rwr	BC
LFNG	1.23496641574773e-05	6193	rwr	BC
SCARF1	1.23387642785841e-05	6194	rwr	BC
SETD9	1.23380818116099e-05	6195	rwr	BC
GSS	1.23256819999693e-05	6196	rwr	BC
IL17D	1.23246914434141e-05	6197	rwr	BC
AK4	1.23234237607921e-05	6198	rwr	BC
CYP4F3	1.23219119613299e-05	6199	rwr	BC
CCDC106	1.23216747879242e-05	6200	rwr	BC
UNC5D	1.23205202477684e-05	6201	rwr	BC
RBPMS	1.23168710479001e-05	6202	rwr	BC
CHPT1	1.23147316672614e-05	6203	rwr	BC
SLC1A3	1.23072476356184e-05	6204	rwr	BC
BATF3	1.23064279933326e-05	6205	rwr	BC
STX4	1.2303327709629e-05	6206	rwr	BC
KPTN	1.22966943266111e-05	6207	rwr	BC
YKT6	1.22918641051967e-05	6208	rwr	BC
SCNN1A	1.22914278266382e-05	6209	rwr	BC
CACNG3	1.22886576117706e-05	6210	rwr	BC
NDC1	1.22858617704429e-05	6211	rwr	BC
KRT1	1.22826504323541e-05	6212	rwr	BC
SQLE	1.22799159540979e-05	6213	rwr	BC
NUP58	1.22785457915803e-05	6214	rwr	BC
ADAM9	1.22782088288811e-05	6215	rwr	BC
DPYSL3	1.22718468583718e-05	6216	rwr	BC
ME1	1.22669196166401e-05	6217	rwr	BC
PCDH10	1.22651990745331e-05	6218	rwr	BC
H2AW	1.22601320681394e-05	6219	rwr	BC
NR2F2	1.22529012978041e-05	6220	rwr	BC
PRCC	1.22469104832377e-05	6221	rwr	BC
GSTA4	1.22433830920042e-05	6222	rwr	BC
NUP188	1.22426742585422e-05	6223	rwr	BC
RTP4	1.22384260347801e-05	6224	rwr	BC
CLDN18	1.22367916131058e-05	6225	rwr	BC
NANOS2	1.22348589893267e-05	6226	rwr	BC
IFT46	1.22331305932158e-05	6227	rwr	BC
DHX29	1.22278977340254e-05	6228	rwr	BC
GSTM3	1.22212032271245e-05	6229	rwr	BC
GSTO2	1.2214533954729e-05	6230	rwr	BC
HLA-DOA	1.2203727115281e-05	6231	rwr	BC
SEMA3B	1.21997058809715e-05	6232	rwr	BC
ARL3	1.21929601431515e-05	6233	rwr	BC
LINGO1	1.21925022275559e-05	6234	rwr	BC
PLA2G4E	1.21894068901674e-05	6235	rwr	BC
C1QB	1.21889632875339e-05	6236	rwr	BC
PDE6G	1.21816275428127e-05	6237	rwr	BC
CD1E	1.21766708276409e-05	6238	rwr	BC
AIPL1	1.2174929304602e-05	6239	rwr	BC
PRPF4	1.21600356526507e-05	6240	rwr	BC
APOBEC3F	1.21574952365982e-05	6241	rwr	BC
CCKAR	1.21564540839698e-05	6242	rwr	BC
IMPDH2	1.21390367374804e-05	6243	rwr	BC
ALKBH5	1.21378201450078e-05	6244	rwr	BC
PLA2G4F	1.21314475740654e-05	6245	rwr	BC
NECTIN3	1.21202611053495e-05	6246	rwr	BC
FKBP3	1.21153912661589e-05	6247	rwr	BC
GCSH	1.21152839096946e-05	6248	rwr	BC
LDHAL6B	1.21081306035924e-05	6249	rwr	BC
CDS2	1.21017606173888e-05	6250	rwr	BC
DES	1.20991893499413e-05	6251	rwr	BC
PHKB	1.20954888036913e-05	6252	rwr	BC
SCN4B	1.20906051814029e-05	6253	rwr	BC
INSM1	1.20840764035949e-05	6254	rwr	BC
TBR1	1.2076657238383e-05	6255	rwr	BC
INTS13	1.2064019614272e-05	6256	rwr	BC
ARHGEF28	1.20631137955941e-05	6257	rwr	BC
MYO3A	1.2057589270636e-05	6258	rwr	BC
EXOC1	1.20559255386358e-05	6259	rwr	BC
TUBB6	1.20526578377266e-05	6260	rwr	BC
GSC	1.20501678857898e-05	6261	rwr	BC
DUSP12	1.20484006495877e-05	6262	rwr	BC
SERPINH1	1.20476602743082e-05	6263	rwr	BC
NEK9	1.2035438515891e-05	6264	rwr	BC
DHCR7	1.20333580710692e-05	6265	rwr	BC
EPSTI1	1.20332140455489e-05	6266	rwr	BC
TMBIM6	1.20296976988253e-05	6267	rwr	BC
MUC20	1.20269573981366e-05	6268	rwr	BC
FNBP1L	1.20260302416055e-05	6269	rwr	BC
MUC5B	1.20229572711418e-05	6270	rwr	BC
P2RY12	1.20175987159616e-05	6271	rwr	BC
CACNA2D1	1.20127325760182e-05	6272	rwr	BC
SH3GLB1	1.20055136072123e-05	6273	rwr	BC
ARL4A	1.20051514628573e-05	6274	rwr	BC
SSH1	1.20011698278803e-05	6275	rwr	BC
LEFTY2	1.20005354912429e-05	6276	rwr	BC
WDR19	1.19944170732072e-05	6277	rwr	BC
HSD3B2	1.19899788116461e-05	6278	rwr	BC
BOLL	1.1982329231571e-05	6279	rwr	BC
GULP1	1.1982151816542e-05	6280	rwr	BC
TAF7L	1.19778797835127e-05	6281	rwr	BC
MAGEB1	1.19686187784817e-05	6282	rwr	BC
HEXIM1	1.19674822168715e-05	6283	rwr	BC
BIVM	1.19667623730189e-05	6284	rwr	BC
GHRHR	1.19648917224958e-05	6285	rwr	BC
NPHP3	1.19552933601323e-05	6286	rwr	BC
CPEB4	1.19527415953051e-05	6287	rwr	BC
MAD2L1BP	1.19515994914472e-05	6288	rwr	BC
HAND2	1.19401549963407e-05	6289	rwr	BC
SPTA1	1.19400782640403e-05	6290	rwr	BC
DYRK1B	1.19337037026857e-05	6291	rwr	BC
ANKLE2	1.19317064246819e-05	6292	rwr	BC
NFATC4	1.19275994155313e-05	6293	rwr	BC
TWF2	1.19274121417271e-05	6294	rwr	BC
MYO1A	1.19242650584104e-05	6295	rwr	BC
EIF4EBP2	1.19209546400541e-05	6296	rwr	BC
IFT27	1.19054040347962e-05	6297	rwr	BC
RNF103-CHMP3	1.19037356726407e-05	6298	rwr	BC
POLR3H	1.19001075404399e-05	6299	rwr	BC
VEZT	1.18998051098222e-05	6300	rwr	BC
RIMS1	1.18967113724044e-05	6301	rwr	BC
ZDHHC9	1.18945272330532e-05	6302	rwr	BC
C7orf26	1.18897694250318e-05	6303	rwr	BC
CYP26A1	1.18863944507982e-05	6304	rwr	BC
INTS14	1.18856865374285e-05	6305	rwr	BC
BCL9L	1.18796179810676e-05	6306	rwr	BC
IFT140	1.18788905778887e-05	6307	rwr	BC
FKBPL	1.18785257956134e-05	6308	rwr	BC
HTR7	1.18782067483628e-05	6309	rwr	BC
KIAA2012	1.18732026995598e-05	6310	rwr	BC
IL15RA	1.18721510897213e-05	6311	rwr	BC
MINK1	1.18715174586305e-05	6312	rwr	BC
CD99L2	1.18700107468036e-05	6313	rwr	BC
ALAS2	1.18643602961224e-05	6314	rwr	BC
S100A7	1.18567636569913e-05	6315	rwr	BC
DDX49	1.18558387352639e-05	6316	rwr	BC
FOXK2	1.18555900424763e-05	6317	rwr	BC
INHBB	1.18519267873326e-05	6318	rwr	BC
C1orf131	1.18443690350702e-05	6319	rwr	BC
ACHE	1.184075004697e-05	6320	rwr	BC
THOC1	1.18401373288074e-05	6321	rwr	BC
NR2C2	1.18361951324015e-05	6322	rwr	BC
INSIG1	1.18328872104022e-05	6323	rwr	BC
APOA4	1.18296231130511e-05	6324	rwr	BC
FBXL3	1.18274104596645e-05	6325	rwr	BC
OPA1	1.18252214927288e-05	6326	rwr	BC
JMJD7-PLA2G4B	1.18247422778157e-05	6327	rwr	BC
MEPCE	1.18224674201348e-05	6328	rwr	BC
NRBF2	1.1820592401512e-05	6329	rwr	BC
COL17A1	1.18126477904585e-05	6330	rwr	BC
PNLIP	1.18095273771103e-05	6331	rwr	BC
DCUN1D2	1.18041220354472e-05	6332	rwr	BC
PCYT1A	1.18013834085537e-05	6333	rwr	BC
PPP1R3A	1.17964197058425e-05	6334	rwr	BC
LIN7A	1.17952355954202e-05	6335	rwr	BC
SND1	1.17905612512393e-05	6336	rwr	BC
DNAJB9	1.17867277334143e-05	6337	rwr	BC
TMOD3	1.17851399137872e-05	6338	rwr	BC
GPKOW	1.17766148022007e-05	6339	rwr	BC
SLAMF6	1.17764262298609e-05	6340	rwr	BC
TGIF1	1.17746485249646e-05	6341	rwr	BC
ABCD1	1.17735107380056e-05	6342	rwr	BC
UTP25	1.17726056796732e-05	6343	rwr	BC
S100A12	1.17647790706494e-05	6344	rwr	BC
PHKA1	1.17595473095476e-05	6345	rwr	BC
LNX2	1.17554662351789e-05	6346	rwr	BC
DCHS1	1.17533910002826e-05	6347	rwr	BC
HSD3B1	1.1753226379836e-05	6348	rwr	BC
ARHGEF9	1.17479912755765e-05	6349	rwr	BC
HMGXB4	1.17342905328362e-05	6350	rwr	BC
KIF3B	1.17331116292792e-05	6351	rwr	BC
PDE2A	1.17200888347811e-05	6352	rwr	BC
ADM	1.17193897041799e-05	6353	rwr	BC
BRF1	1.17168305591952e-05	6354	rwr	BC
AKR1B1	1.17154438424103e-05	6355	rwr	BC
UBE2U	1.17106017115494e-05	6356	rwr	BC
AMPD1	1.17089720657152e-05	6357	rwr	BC
H1-8	1.17058602373534e-05	6358	rwr	BC
UNC5C	1.1702403847706e-05	6359	rwr	BC
TAPBP	1.16971711596595e-05	6360	rwr	BC
IMPA1	1.16900731939852e-05	6361	rwr	BC
CNGB1	1.16890062728168e-05	6362	rwr	BC
TTF1	1.16820426815827e-05	6363	rwr	BC
DYSF	1.16801395315566e-05	6364	rwr	BC
RAB1B	1.16717793657281e-05	6365	rwr	BC
RIT2	1.16711923773462e-05	6366	rwr	BC
AK5	1.16710575574737e-05	6367	rwr	BC
AMACR	1.16708953938931e-05	6368	rwr	BC
MLANA	1.16651101275268e-05	6369	rwr	BC
BBS10	1.1664820177644e-05	6370	rwr	BC
FXYD2	1.16645528269946e-05	6371	rwr	BC
MMP12	1.16549872400257e-05	6372	rwr	BC
BNIP2	1.16482697472431e-05	6373	rwr	BC
MYO15A	1.16477602653107e-05	6374	rwr	BC
ZNF516	1.16424397863919e-05	6375	rwr	BC
LIN7C	1.16388255253925e-05	6376	rwr	BC
BMP1	1.16342895293343e-05	6377	rwr	BC
BDKRB2	1.16296541707775e-05	6378	rwr	BC
NEUROG2	1.1629330326107e-05	6379	rwr	BC
MICB	1.16274562809229e-05	6380	rwr	BC
DNAJC19	1.16254987569855e-05	6381	rwr	BC
PEBP4	1.16239702832921e-05	6382	rwr	BC
ATP6V1F	1.16169945975001e-05	6383	rwr	BC
ZMAT3	1.16161727694412e-05	6384	rwr	BC
RAPH1	1.1604974681186e-05	6385	rwr	BC
ALOX15B	1.16009597616938e-05	6386	rwr	BC
TMPO	1.16004838612033e-05	6387	rwr	BC
TAC3	1.15991956684789e-05	6388	rwr	BC
IKZF3	1.15985197227375e-05	6389	rwr	BC
GFER	1.15963328894224e-05	6390	rwr	BC
POU2AF1	1.15953988155703e-05	6391	rwr	BC
CC2D2A	1.15948389300488e-05	6392	rwr	BC
MVB12A	1.15943879969702e-05	6393	rwr	BC
PRORP	1.15937435552397e-05	6394	rwr	BC
YME1L1	1.15915706285957e-05	6395	rwr	BC
MOB1B	1.15915470254067e-05	6396	rwr	BC
DGAT2	1.15847594761265e-05	6397	rwr	BC
ST13	1.15817199240339e-05	6398	rwr	BC
PHKG2	1.15768424725316e-05	6399	rwr	BC
ABCG8	1.15754726442625e-05	6400	rwr	BC
NECAP1	1.15681041827213e-05	6401	rwr	BC
HOXC4	1.1565941192566e-05	6402	rwr	BC
MICU2	1.15655227047435e-05	6403	rwr	BC
PHEX	1.15644718902938e-05	6404	rwr	BC
DOCK8	1.15547753372644e-05	6405	rwr	BC
BMT2	1.15485204489132e-05	6406	rwr	BC
RIMKLB	1.15456504332233e-05	6407	rwr	BC
DMWD	1.15439398834685e-05	6408	rwr	BC
DARS1	1.15405636737083e-05	6409	rwr	BC
DDX24	1.15359340748655e-05	6410	rwr	BC
SIX3	1.15272938328978e-05	6411	rwr	BC
GGT6	1.15244812568044e-05	6412	rwr	BC
SLC4A1	1.15215717705426e-05	6413	rwr	BC
FHL1	1.15196431772895e-05	6414	rwr	BC
CETP	1.15193207865734e-05	6415	rwr	BC
GZMH	1.15170803089924e-05	6416	rwr	BC
SH2D3A	1.1516564832527e-05	6417	rwr	BC
SIGLEC1	1.14993593974801e-05	6418	rwr	BC
IARS2	1.14936302060646e-05	6419	rwr	BC
SYNE2	1.14934516252365e-05	6420	rwr	BC
DTX3L	1.14904436542245e-05	6421	rwr	BC
SSB	1.14881298585144e-05	6422	rwr	BC
CWC25	1.14814399992676e-05	6423	rwr	BC
MBTPS1	1.14774373868916e-05	6424	rwr	BC
PROC	1.14769380954048e-05	6425	rwr	BC
SPAST	1.14768029745586e-05	6426	rwr	BC
DCTN3	1.14718117101823e-05	6427	rwr	BC
SERTAD3	1.14710117051144e-05	6428	rwr	BC
ACKR1	1.14708244117146e-05	6429	rwr	BC
PEX11B	1.14707929311794e-05	6430	rwr	BC
TPH1	1.14674672981486e-05	6431	rwr	BC
PIWIL1	1.14659465497995e-05	6432	rwr	BC
EXOSC3	1.14653309720429e-05	6433	rwr	BC
GAS1	1.14591391095882e-05	6434	rwr	BC
AIP	1.14584584110932e-05	6435	rwr	BC
ALDH1B1	1.14570875122203e-05	6436	rwr	BC
RHOT1	1.14523858529261e-05	6437	rwr	BC
USP34	1.14496622378954e-05	6438	rwr	BC
GSTA5	1.14483715079094e-05	6439	rwr	BC
KCNA5	1.14443308135545e-05	6440	rwr	BC
MEST	1.14440038621791e-05	6441	rwr	BC
CHCHD3	1.14369631072398e-05	6442	rwr	BC
CA9	1.14319510821513e-05	6443	rwr	BC
ATP6V1E1	1.14310259340238e-05	6444	rwr	BC
MAP3K6	1.14101456461842e-05	6445	rwr	BC
ARRDC3	1.14098948665697e-05	6446	rwr	BC
NPR1	1.14073975267396e-05	6447	rwr	BC
RPUSD4	1.13966779832973e-05	6448	rwr	BC
MRTFA	1.13960346459733e-05	6449	rwr	BC
IL26	1.13944869003519e-05	6450	rwr	BC
ZRANB1	1.13928400825182e-05	6451	rwr	BC
KLK2	1.13918944792816e-05	6452	rwr	BC
AMT	1.13911427878396e-05	6453	rwr	BC
MACROH2A2	1.1385888869465e-05	6454	rwr	BC
ATXN7L2	1.13844871269875e-05	6455	rwr	BC
FEM1A	1.13843068645582e-05	6456	rwr	BC
ADIPOR2	1.1383066854886e-05	6457	rwr	BC
IBA57	1.13817829960758e-05	6458	rwr	BC
ZNF592	1.13779212237693e-05	6459	rwr	BC
PGAM2	1.13766013745074e-05	6460	rwr	BC
ARHGAP32	1.13754694615609e-05	6461	rwr	BC
CSN2	1.13708595960731e-05	6462	rwr	BC
SLC17A7	1.13691594187318e-05	6463	rwr	BC
ATP13A2	1.13654620524131e-05	6464	rwr	BC
ENO4	1.13641688045305e-05	6465	rwr	BC
CELF1	1.13607627090636e-05	6466	rwr	BC
LOC114841035	1.135741953138e-05	6467	rwr	BC
DRD3	1.1357177326857e-05	6468	rwr	BC
MMP10	1.13517839224473e-05	6469	rwr	BC
ABCB1	1.13514047486352e-05	6470	rwr	BC
YTHDF2	1.13483910119665e-05	6471	rwr	BC
NUP42	1.13449552884247e-05	6472	rwr	BC
PCYT1B	1.13443452724317e-05	6473	rwr	BC
NSF	1.13387875963969e-05	6474	rwr	BC
APH1B	1.13369208652915e-05	6475	rwr	BC
SSTR5	1.13365066244418e-05	6476	rwr	BC
EIF4E1B	1.13348734280704e-05	6477	rwr	BC
POC5	1.13293180206013e-05	6478	rwr	BC
SPDYE2	1.13282146458171e-05	6479	rwr	BC
PPFIA3	1.13275595713817e-05	6480	rwr	BC
WDR26	1.13141028722604e-05	6481	rwr	BC
S100A9	1.13124972202929e-05	6482	rwr	BC
ISG20	1.13102313284725e-05	6483	rwr	BC
C6orf15	1.12971528124075e-05	6484	rwr	BC
LIPC	1.12963223362712e-05	6485	rwr	BC
IFFO1	1.1296137362843e-05	6486	rwr	BC
GAPDHS	1.1292390264692e-05	6487	rwr	BC
GSTM4	1.12915614362773e-05	6488	rwr	BC
CP	1.12887148984901e-05	6489	rwr	BC
CCL16	1.12839599126957e-05	6490	rwr	BC
MARCHF6	1.12781004585715e-05	6491	rwr	BC
PODXL	1.12767170776483e-05	6492	rwr	BC
ZC3H12A	1.12753898002131e-05	6493	rwr	BC
WHRN	1.12751944231234e-05	6494	rwr	BC
MKNK1	1.12732966002184e-05	6495	rwr	BC
VAMP8	1.12719653682875e-05	6496	rwr	BC
LRRC8A	1.12718968573573e-05	6497	rwr	BC
RAVER1	1.12714405966714e-05	6498	rwr	BC
TECR	1.12688155078725e-05	6499	rwr	BC
RABAC1	1.12669869645321e-05	6500	rwr	BC
TRAK1	1.12662822341899e-05	6501	rwr	BC
METAP1	1.12651706444889e-05	6502	rwr	BC
CD160	1.12624500999975e-05	6503	rwr	BC
SMG7	1.12607079712876e-05	6504	rwr	BC
SART3	1.12602741577837e-05	6505	rwr	BC
SYNRG	1.12589903488973e-05	6506	rwr	BC
ZFYVE16	1.12582567904403e-05	6507	rwr	BC
NIT2	1.12578307742166e-05	6508	rwr	BC
KCTD19	1.12545361254081e-05	6509	rwr	BC
ADA	1.12472934342106e-05	6510	rwr	BC
LPCAT1	1.12461061966751e-05	6511	rwr	BC
SPDYE2B	1.12457134616562e-05	6512	rwr	BC
AHCYL1	1.12388034291392e-05	6513	rwr	BC
SPDYE6	1.12375464387198e-05	6514	rwr	BC
PPP1R1B	1.12364268663752e-05	6515	rwr	BC
PEX14	1.12286951173642e-05	6516	rwr	BC
LYL1	1.12246482762834e-05	6517	rwr	BC
BMP8B	1.12201048402608e-05	6518	rwr	BC
BTBD2	1.12176019472705e-05	6519	rwr	BC
ATP5MPL	1.12133499653128e-05	6520	rwr	BC
UGT1A1	1.12097289683411e-05	6521	rwr	BC
UNC13B	1.12047653653488e-05	6522	rwr	BC
CELSR1	1.12045907840084e-05	6523	rwr	BC
KCNN3	1.12032449379488e-05	6524	rwr	BC
PLPP2	1.12027635380369e-05	6525	rwr	BC
BBS9	1.11975265727675e-05	6526	rwr	BC
HLA-DOB	1.11928342235555e-05	6527	rwr	BC
AP4M1	1.11854313138215e-05	6528	rwr	BC
SCHIP1	1.11721883130181e-05	6529	rwr	BC
FEM1C	1.11707676148029e-05	6530	rwr	BC
HMGCL	1.11705451496474e-05	6531	rwr	BC
CPT1B	1.11621430474996e-05	6532	rwr	BC
AP1G2	1.11597654166899e-05	6533	rwr	BC
GGT7	1.11596487704894e-05	6534	rwr	BC
TNNT1	1.11589297113843e-05	6535	rwr	BC
LPIN2	1.11537712590256e-05	6536	rwr	BC
MAP3K10	1.11504162668811e-05	6537	rwr	BC
CHGA	1.11323693069811e-05	6538	rwr	BC
LUC7L3	1.11318560713125e-05	6539	rwr	BC
WDR41	1.11304632097825e-05	6540	rwr	BC
NAPSA	1.11299550991838e-05	6541	rwr	BC
PDE11A	1.11284306118412e-05	6542	rwr	BC
POLR2J2	1.11183056555269e-05	6543	rwr	BC
SCO1	1.11181013783685e-05	6544	rwr	BC
NR2E1	1.11177588799825e-05	6545	rwr	BC
CCL4L2	1.11171581490509e-05	6546	rwr	BC
LSM1	1.11129242480258e-05	6547	rwr	BC
EIF2D	1.11084032139368e-05	6548	rwr	BC
RPS6KA4	1.11060249471137e-05	6549	rwr	BC
PDLIM7	1.11021457897429e-05	6550	rwr	BC
KCNN2	1.1101310286792e-05	6551	rwr	BC
COL9A3	1.11013072426081e-05	6552	rwr	BC
IFT81	1.11006279687297e-05	6553	rwr	BC
DNAJA3	1.11005523183168e-05	6554	rwr	BC
EIF4H	1.10998618208174e-05	6555	rwr	BC
GCC1	1.10997523361556e-05	6556	rwr	BC
VAMP3	1.10935483227395e-05	6557	rwr	BC
BRF2	1.10902666458824e-05	6558	rwr	BC
PHIP	1.10900974074349e-05	6559	rwr	BC
ISY1	1.10842834741732e-05	6560	rwr	BC
SELENOI	1.10835079502467e-05	6561	rwr	BC
BAHD1	1.10826990455059e-05	6562	rwr	BC
ORM1	1.10818752982923e-05	6563	rwr	BC
BBS2	1.10769651951394e-05	6564	rwr	BC
GLRX5	1.10735641770326e-05	6565	rwr	BC
DTX2	1.10668253492556e-05	6566	rwr	BC
PFDN4	1.1063876550365e-05	6567	rwr	BC
ROR2	1.10631390579848e-05	6568	rwr	BC
TNS3	1.10615260759598e-05	6569	rwr	BC
DCUN1D5	1.10582657175821e-05	6570	rwr	BC
GRXCR1	1.10500336055719e-05	6571	rwr	BC
MAGEA1	1.10485200845805e-05	6572	rwr	BC
TMEM216	1.10482178596628e-05	6573	rwr	BC
TRAF7	1.10471603296592e-05	6574	rwr	BC
GDF7	1.10464287905549e-05	6575	rwr	BC
PRPF4B	1.10409407636259e-05	6576	rwr	BC
GET3	1.10328171950175e-05	6577	rwr	BC
NARS1	1.10230327168464e-05	6578	rwr	BC
HECW1	1.10196909220313e-05	6579	rwr	BC
EDNRA	1.10164109946775e-05	6580	rwr	BC
SCNN1G	1.10146304833679e-05	6581	rwr	BC
BICD2	1.10119022536556e-05	6582	rwr	BC
GDI2	1.10114924131743e-05	6583	rwr	BC
PLPP3	1.10098955379298e-05	6584	rwr	BC
TEAD2	1.1009020863259e-05	6585	rwr	BC
PLP1	1.10086998958996e-05	6586	rwr	BC
SSH2	1.10081512493741e-05	6587	rwr	BC
AHCY	1.10058232111489e-05	6588	rwr	BC
AK7	1.10032648200358e-05	6589	rwr	BC
RAB5C	1.09997412389343e-05	6590	rwr	BC
MECR	1.09968152756794e-05	6591	rwr	BC
HLA-DPB1	1.09948520242891e-05	6592	rwr	BC
SIGMAR1	1.0987147610467e-05	6593	rwr	BC
BBS4	1.09863962442059e-05	6594	rwr	BC
PUM2	1.09847658889526e-05	6595	rwr	BC
SIGIRR	1.09811209706108e-05	6596	rwr	BC
CFDP1	1.09796655056142e-05	6597	rwr	BC
INHBA	1.09796061680925e-05	6598	rwr	BC
CASC3	1.09679977869939e-05	6599	rwr	BC
NARS2	1.09658720743465e-05	6600	rwr	BC
SEPTIN2	1.09622358792108e-05	6601	rwr	BC
FAM207A	1.09575497532237e-05	6602	rwr	BC
COPB1	1.09532545242682e-05	6603	rwr	BC
YJU2	1.09522320830973e-05	6604	rwr	BC
GREB1	1.09516787922404e-05	6605	rwr	BC
RAB4A	1.09473920759603e-05	6606	rwr	BC
BMP15	1.09451073837456e-05	6607	rwr	BC
STOM	1.09407594204107e-05	6608	rwr	BC
ARPP19	1.09359229864071e-05	6609	rwr	BC
USP45	1.09333726391307e-05	6610	rwr	BC
RNF144A	1.09326153538602e-05	6611	rwr	BC
F11	1.09302170009666e-05	6612	rwr	BC
NOTUM	1.09293961795274e-05	6613	rwr	BC
ZNF598	1.09279722704787e-05	6614	rwr	BC
COL10A1	1.0927867574169e-05	6615	rwr	BC
CCDC74B	1.09266863620529e-05	6616	rwr	BC
CSTA	1.09257320726239e-05	6617	rwr	BC
TNNI2	1.09234757852846e-05	6618	rwr	BC
CLDN10	1.0920233280947e-05	6619	rwr	BC
STAMBPL1	1.09149482851648e-05	6620	rwr	BC
KCNQ3	1.09138120883613e-05	6621	rwr	BC
GPS2	1.09137620360997e-05	6622	rwr	BC
MIOX	1.09123486196218e-05	6623	rwr	BC
CNTNAP2	1.09118972371949e-05	6624	rwr	BC
MYL10	1.09115507034599e-05	6625	rwr	BC
MOCS2	1.09052700194372e-05	6626	rwr	BC
AKR1C3	1.09044260331609e-05	6627	rwr	BC
ZMPSTE24	1.09028394928288e-05	6628	rwr	BC
CLUAP1	1.08998598625608e-05	6629	rwr	BC
GSTT2B	1.08970478010978e-05	6630	rwr	BC
EPB41L1	1.0894791325963e-05	6631	rwr	BC
CHAT	1.08920057970437e-05	6632	rwr	BC
TARS1	1.08913849626175e-05	6633	rwr	BC
SCNN1B	1.08905903101033e-05	6634	rwr	BC
IL32	1.08894778203727e-05	6635	rwr	BC
AK8	1.08799323363912e-05	6636	rwr	BC
YIF1B	1.0875432601278e-05	6637	rwr	BC
DOCK10	1.08736846356085e-05	6638	rwr	BC
PMCH	1.0871470825423e-05	6639	rwr	BC
HELZ2	1.08700527700601e-05	6640	rwr	BC
CTSC	1.08673239543461e-05	6641	rwr	BC
PCDH19	1.08625621259393e-05	6642	rwr	BC
WBP4	1.08622359677093e-05	6643	rwr	BC
ISY1-RAB43	1.08618352476761e-05	6644	rwr	BC
WLS	1.08607942913476e-05	6645	rwr	BC
TNC	1.08592562080924e-05	6646	rwr	BC
RTN2	1.08580877382937e-05	6647	rwr	BC
ATF5	1.08473438657384e-05	6648	rwr	BC
TNFRSF17	1.08445915330456e-05	6649	rwr	BC
DCTN4	1.08422550386705e-05	6650	rwr	BC
PACS2	1.08421267514792e-05	6651	rwr	BC
TBC1D25	1.08407344275882e-05	6652	rwr	BC
MLLT10	1.08379588034017e-05	6653	rwr	BC
RANBP3	1.08340382066373e-05	6654	rwr	BC
ZYG11B	1.08331408195196e-05	6655	rwr	BC
LBX1	1.08289312320673e-05	6656	rwr	BC
CYP51A1	1.08285889420814e-05	6657	rwr	BC
GRK6	1.08274257337442e-05	6658	rwr	BC
FTCD	1.08222574587821e-05	6659	rwr	BC
JMJD1C	1.08163317706574e-05	6660	rwr	BC
OLIG1	1.08115428737894e-05	6661	rwr	BC
CEP97	1.08092028133273e-05	6662	rwr	BC
APOC2	1.08075522061905e-05	6663	rwr	BC
ZER1	1.08065022772136e-05	6664	rwr	BC
VTI1A	1.08038624898801e-05	6665	rwr	BC
LHX2	1.08029288479965e-05	6666	rwr	BC
ELOVL6	1.08003772094971e-05	6667	rwr	BC
CLEC1B	1.07991548868174e-05	6668	rwr	BC
C5AR1	1.07936206305036e-05	6669	rwr	BC
SORBS2	1.07795970521521e-05	6670	rwr	BC
CCDC92	1.07669724904491e-05	6671	rwr	BC
PDE5A	1.07633977589068e-05	6672	rwr	BC
NDST1	1.07594632311874e-05	6673	rwr	BC
KIR2DL4	1.07587964363956e-05	6674	rwr	BC
SATB1	1.07587139228414e-05	6675	rwr	BC
NUTF2	1.07583158913502e-05	6676	rwr	BC
REPS2	1.07569922667172e-05	6677	rwr	BC
POLR3G	1.07561883630207e-05	6678	rwr	BC
PAX9	1.07538017429649e-05	6679	rwr	BC
WARS1	1.07496997954746e-05	6680	rwr	BC
APOBEC3H	1.07482862143437e-05	6681	rwr	BC
APOBEC3C	1.07380911733621e-05	6682	rwr	BC
SNTA1	1.0737039208782e-05	6683	rwr	BC
KLHDC10	1.07343765225623e-05	6684	rwr	BC
BOK	1.07332809024247e-05	6685	rwr	BC
BPGM	1.07304973854292e-05	6686	rwr	BC
PUS7L	1.07297453733383e-05	6687	rwr	BC
SMN2	1.07284975356191e-05	6688	rwr	BC
CLEC4E	1.07264644246792e-05	6689	rwr	BC
SORBS3	1.07242294308413e-05	6690	rwr	BC
TNNI1	1.07162513058166e-05	6691	rwr	BC
UCN	1.07125932300861e-05	6692	rwr	BC
MYOZ1	1.07124728896896e-05	6693	rwr	BC
PGM1	1.07092530291686e-05	6694	rwr	BC
TPRN	1.07078953879648e-05	6695	rwr	BC
IFT22	1.07062676769341e-05	6696	rwr	BC
COQ7	1.07003812094236e-05	6697	rwr	BC
ACTR10	1.06971074514715e-05	6698	rwr	BC
TMOD2	1.06937116134295e-05	6699	rwr	BC
SFRP5	1.06925743280108e-05	6700	rwr	BC
IGHV1-3	1.06925375778807e-05	6701	rwr	BC
SEC24B	1.06904792278374e-05	6702	rwr	BC
PPA2	1.06879580808616e-05	6703	rwr	BC
SRSF4	1.06876408466535e-05	6704	rwr	BC
SELENOT	1.06830952017804e-05	6705	rwr	BC
IL17RD	1.06791317051753e-05	6706	rwr	BC
KIAA1549	1.06756259476248e-05	6707	rwr	BC
GRHPR	1.06739784424886e-05	6708	rwr	BC
TMEM43	1.06725386994563e-05	6709	rwr	BC
PPP1R3C	1.0670545859263e-05	6710	rwr	BC
RBM34	1.06686526604821e-05	6711	rwr	BC
UGT1A6	1.06683029622721e-05	6712	rwr	BC
MORC1	1.06554752431475e-05	6713	rwr	BC
C1D	1.06540065639629e-05	6714	rwr	BC
INS-IGF2	1.06526296182488e-05	6715	rwr	BC
HLA-DMB	1.06518652134369e-05	6716	rwr	BC
SRPK1	1.06495760373592e-05	6717	rwr	BC
NBL1	1.06462459329162e-05	6718	rwr	BC
BACH1	1.06405364471217e-05	6719	rwr	BC
CGA	1.06393698051358e-05	6720	rwr	BC
CLEC6A	1.06383298752677e-05	6721	rwr	BC
POP4	1.06304228520085e-05	6722	rwr	BC
NAA10	1.06238401705963e-05	6723	rwr	BC
RGS19	1.06159407185049e-05	6724	rwr	BC
FXYD1	1.06148058227819e-05	6725	rwr	BC
TXNRD3	1.06133023623003e-05	6726	rwr	BC
IL18R1	1.06120399702631e-05	6727	rwr	BC
NKG7	1.06027559621169e-05	6728	rwr	BC
MIPOL1	1.0601034119789e-05	6729	rwr	BC
PINX1	1.059654727948e-05	6730	rwr	BC
IMPAD1	1.05961711474809e-05	6731	rwr	BC
PPA1	1.05955212024229e-05	6732	rwr	BC
ABCC8	1.05935850862878e-05	6733	rwr	BC
FDPS	1.05925337070854e-05	6734	rwr	BC
RAB8B	1.05915187213135e-05	6735	rwr	BC
UBE3C	1.05891133205408e-05	6736	rwr	BC
ALOX12	1.05887263660661e-05	6737	rwr	BC
CETN1	1.05869084080826e-05	6738	rwr	BC
YTHDF1	1.05807316728432e-05	6739	rwr	BC
LPCAT4	1.0578338396591e-05	6740	rwr	BC
BACH2	1.05700219355986e-05	6741	rwr	BC
ATP6V0A2	1.05698459823583e-05	6742	rwr	BC
UGT1A4	1.05666602873434e-05	6743	rwr	BC
VPS25	1.05665103365814e-05	6744	rwr	BC
SAMD9	1.05656639095066e-05	6745	rwr	BC
USP37	1.05646212732462e-05	6746	rwr	BC
CSAG1	1.05645348410767e-05	6747	rwr	BC
DACH1	1.05645147623704e-05	6748	rwr	BC
CCL15	1.0563835217279e-05	6749	rwr	BC
UBN1	1.05594315278216e-05	6750	rwr	BC
HGFAC	1.05589945508716e-05	6751	rwr	BC
NAP1L4	1.05560996411885e-05	6752	rwr	BC
FPGS	1.05546655136321e-05	6753	rwr	BC
ABCG1	1.05541657711763e-05	6754	rwr	BC
OTUD7A	1.05530379411181e-05	6755	rwr	BC
DNAJB2	1.05526597687666e-05	6756	rwr	BC
CYP8B1	1.05476429442972e-05	6757	rwr	BC
PPP6R1	1.05431857429905e-05	6758	rwr	BC
SELENOW	1.05416004062847e-05	6759	rwr	BC
CAMK2G	1.05351760230862e-05	6760	rwr	BC
UTP23	1.05304893668293e-05	6761	rwr	BC
CEACAM1	1.05284353953608e-05	6762	rwr	BC
RNF216	1.05281909169284e-05	6763	rwr	BC
SKAP2	1.0524226605175e-05	6764	rwr	BC
AIMP1	1.05158806106718e-05	6765	rwr	BC
FARSB	1.05126189013224e-05	6766	rwr	BC
RIC1	1.05122144455891e-05	6767	rwr	BC
AKR1B10	1.05111094118293e-05	6768	rwr	BC
SDHAF3	1.05058743699872e-05	6769	rwr	BC
GABRB3	1.05047253881265e-05	6770	rwr	BC
SRGAP2	1.05043875370919e-05	6771	rwr	BC
PNPLA3	1.05019018469356e-05	6772	rwr	BC
ACADM	1.05009113293616e-05	6773	rwr	BC
BLZF1	1.04972970350826e-05	6774	rwr	BC
ACADS	1.04966848519381e-05	6775	rwr	BC
SLC30A8	1.04962173890032e-05	6776	rwr	BC
CER1	1.04863891838961e-05	6777	rwr	BC
JCHAIN	1.04810607136696e-05	6778	rwr	BC
PAIP1	1.04793265867083e-05	6779	rwr	BC
MTHFD2	1.04779200585016e-05	6780	rwr	BC
ATG16L2	1.04778074466839e-05	6781	rwr	BC
GYPC	1.04732440543901e-05	6782	rwr	BC
BOLA3	1.04729556072674e-05	6783	rwr	BC
DYNLRB1	1.04723622469673e-05	6784	rwr	BC
TAGLN	1.04690914897095e-05	6785	rwr	BC
PHF20L1	1.04598360167902e-05	6786	rwr	BC
ALDH6A1	1.04593950487116e-05	6787	rwr	BC
DCTN5	1.04512150951095e-05	6788	rwr	BC
NAPA	1.04481056668767e-05	6789	rwr	BC
HMBS	1.04448256839504e-05	6790	rwr	BC
FIBP	1.0444806255572e-05	6791	rwr	BC
FNTA	1.04445519419122e-05	6792	rwr	BC
UGT1A10	1.04440826679678e-05	6793	rwr	BC
VTI1B	1.0443741181107e-05	6794	rwr	BC
CYP2J2	1.04427054956001e-05	6795	rwr	BC
RAB27A	1.04355270337496e-05	6796	rwr	BC
PITX2	1.04322437413031e-05	6797	rwr	BC
YARS2	1.04285299806422e-05	6798	rwr	BC
P2RX7	1.04261431828141e-05	6799	rwr	BC
RYR3	1.04249721981859e-05	6800	rwr	BC
PTGER2	1.04224149186085e-05	6801	rwr	BC
GMDS	1.04188493855673e-05	6802	rwr	BC
MTRR	1.04179866702333e-05	6803	rwr	BC
GFPT1	1.04155516477653e-05	6804	rwr	BC
SAMD9L	1.0414410466575e-05	6805	rwr	BC
DEFB1	1.04144088599242e-05	6806	rwr	BC
WDR5B	1.04128099064524e-05	6807	rwr	BC
STRAP	1.04123189291011e-05	6808	rwr	BC
PSPH	1.04118355051254e-05	6809	rwr	BC
GET4	1.04101199346196e-05	6810	rwr	BC
DCTPP1	1.04099975530755e-05	6811	rwr	BC
COL14A1	1.04071844608141e-05	6812	rwr	BC
CPA1	1.04035740744009e-05	6813	rwr	BC
MYF6	1.04023848115821e-05	6814	rwr	BC
PDSS1	1.03997406119809e-05	6815	rwr	BC
RAB11FIP3	1.03992404360091e-05	6816	rwr	BC
SRGAP3	1.03919205180352e-05	6817	rwr	BC
PLA2G2A	1.03890497776328e-05	6818	rwr	BC
VPS4B	1.03867979600088e-05	6819	rwr	BC
UPF3A	1.03865339125997e-05	6820	rwr	BC
CIR1	1.03853541727447e-05	6821	rwr	BC
CD72	1.03834123638837e-05	6822	rwr	BC
CHTOP	1.03709562552216e-05	6823	rwr	BC
PLD3	1.03699039127192e-05	6824	rwr	BC
UCP2	1.03686268792233e-05	6825	rwr	BC
CALB1	1.03667244518342e-05	6826	rwr	BC
GCM1	1.03657773740004e-05	6827	rwr	BC
FES	1.03654625550672e-05	6828	rwr	BC
AANAT	1.03528575581581e-05	6829	rwr	BC
SLC9A3	1.03420091033819e-05	6830	rwr	BC
LHX3	1.03407175168961e-05	6831	rwr	BC
TNXB	1.03372602957795e-05	6832	rwr	BC
TCIRG1	1.03370776506672e-05	6833	rwr	BC
ITGB1BP1	1.03354458610353e-05	6834	rwr	BC
RBM15B	1.0332480951236e-05	6835	rwr	BC
ARAP3	1.03318577301273e-05	6836	rwr	BC
UGT1A8	1.03305271233199e-05	6837	rwr	BC
GRK4	1.03304330650058e-05	6838	rwr	BC
SNX2	1.03295877106945e-05	6839	rwr	BC
LIN28B	1.03276540753518e-05	6840	rwr	BC
CHAC1	1.0325981338347e-05	6841	rwr	BC
CNIH2	1.03191792819426e-05	6842	rwr	BC
TTC30B	1.03172924520914e-05	6843	rwr	BC
PALLD	1.03169448126365e-05	6844	rwr	BC
USP16	1.03088941529488e-05	6845	rwr	BC
MNT	1.03026839310636e-05	6846	rwr	BC
CYP4A22	1.02959756536626e-05	6847	rwr	BC
SAFB	1.02956999601055e-05	6848	rwr	BC
PSAP	1.02923002978802e-05	6849	rwr	BC
RAB11B	1.02908946261809e-05	6850	rwr	BC
GRPEL2	1.02813722766854e-05	6851	rwr	BC
HLA-DQA2	1.02805024062715e-05	6852	rwr	BC
CLASRP	1.0278607530891e-05	6853	rwr	BC
GLS	1.02774734982186e-05	6854	rwr	BC
PIM1	1.02732724339038e-05	6855	rwr	BC
YTHDF3	1.02708666824691e-05	6856	rwr	BC
CTSV	1.02681875284806e-05	6857	rwr	BC
SULT1E1	1.02680618815847e-05	6858	rwr	BC
MUC12	1.02572054022387e-05	6859	rwr	BC
GFRAL	1.02554386354055e-05	6860	rwr	BC
PRSS3	1.0250951433762e-05	6861	rwr	BC
EIF1AD	1.02432358278296e-05	6862	rwr	BC
WDR92	1.02431720842564e-05	6863	rwr	BC
TUBB1	1.02394968521099e-05	6864	rwr	BC
DMTN	1.02387866721805e-05	6865	rwr	BC
UGT2B17	1.02387011264951e-05	6866	rwr	BC
SPRR1B	1.023337391955e-05	6867	rwr	BC
MAT2A	1.02239087832865e-05	6868	rwr	BC
BCHE	1.02162991083503e-05	6869	rwr	BC
PDCD5	1.02158648145791e-05	6870	rwr	BC
MUC13	1.02149416147163e-05	6871	rwr	BC
KLK5	1.02128188856502e-05	6872	rwr	BC
ERC2	1.02020919598124e-05	6873	rwr	BC
TBX6	1.0195937036212e-05	6874	rwr	BC
USP3	1.01953235170097e-05	6875	rwr	BC
AGL	1.01917545521904e-05	6876	rwr	BC
TNFSF8	1.01882724889982e-05	6877	rwr	BC
C3AR1	1.01872654156289e-05	6878	rwr	BC
CCZ1	1.0180616818475e-05	6879	rwr	BC
CDS1	1.01690817982053e-05	6880	rwr	BC
COPB2	1.01621649661836e-05	6881	rwr	BC
NSD1	1.01616189112514e-05	6882	rwr	BC
TIMM21	1.01595983422591e-05	6883	rwr	BC
ZNF423	1.01561024432375e-05	6884	rwr	BC
ENKUR	1.0153216151783e-05	6885	rwr	BC
MYOC	1.01521614424165e-05	6886	rwr	BC
UBE2J2	1.0151322186745e-05	6887	rwr	BC
RCAN1	1.01505783753796e-05	6888	rwr	BC
PIWIL2	1.01471460857814e-05	6889	rwr	BC
ARNT2	1.0139894081365e-05	6890	rwr	BC
COL12A1	1.01386391092077e-05	6891	rwr	BC
GJB2	1.01378224186675e-05	6892	rwr	BC
CRX	1.01373598171946e-05	6893	rwr	BC
ATP2A1	1.01372281466714e-05	6894	rwr	BC
SERPINB2	1.01341149580433e-05	6895	rwr	BC
HNRNPH3	1.01310863464625e-05	6896	rwr	BC
PDCL	1.01258732212427e-05	6897	rwr	BC
SCN4A	1.01206303328958e-05	6898	rwr	BC
ATP1B4	1.01206268584368e-05	6899	rwr	BC
C1S	1.01175145857887e-05	6900	rwr	BC
ALDH5A1	1.01172861027396e-05	6901	rwr	BC
PROS1	1.01084442409047e-05	6902	rwr	BC
DNAJC2	1.01077040740146e-05	6903	rwr	BC
IL31	1.00971050143718e-05	6904	rwr	BC
CTSH	1.00967522017273e-05	6905	rwr	BC
ADAMTS5	1.00934566170443e-05	6906	rwr	BC
PDXK	1.00928142957598e-05	6907	rwr	BC
TAT	1.0090052996544e-05	6908	rwr	BC
SOX18	1.00862410053625e-05	6909	rwr	BC
OTC	1.00823554446494e-05	6910	rwr	BC
NECAP2	1.00816747202365e-05	6911	rwr	BC
AK6	1.00759775729904e-05	6912	rwr	BC
MYCL	1.0073258666063e-05	6913	rwr	BC
ACSL6	1.00709549366454e-05	6914	rwr	BC
WDR83	1.00688588298544e-05	6915	rwr	BC
TIMP4	1.00637512302245e-05	6916	rwr	BC
STK38L	1.00625531811756e-05	6917	rwr	BC
UPP1	1.00587613228094e-05	6918	rwr	BC
UBE2O	1.00585445914701e-05	6919	rwr	BC
MCIDAS	1.00501107561919e-05	6920	rwr	BC
GSTM5	1.00495105866882e-05	6921	rwr	BC
CAD	1.00493694399342e-05	6922	rwr	BC
STON2	1.00492353615658e-05	6923	rwr	BC
FLG2	1.00487843261474e-05	6924	rwr	BC
NEURL4	1.00415986607804e-05	6925	rwr	BC
MYLK4	1.00407738287509e-05	6926	rwr	BC
PLOD1	1.00399198547929e-05	6927	rwr	BC
GDAP1	1.00394991980461e-05	6928	rwr	BC
MBD1	1.0035961759278e-05	6929	rwr	BC
LIPT1	1.00336435158649e-05	6930	rwr	BC
RBSN	1.00335138469337e-05	6931	rwr	BC
WDR90	1.00334790006956e-05	6932	rwr	BC
RFXANK	1.00328401748703e-05	6933	rwr	BC
PACSIN2	1.00320636547437e-05	6934	rwr	BC
EIF4G2	1.00320434155681e-05	6935	rwr	BC
CTSW	1.00270710203959e-05	6936	rwr	BC
HSD17B7	1.00187374878386e-05	6937	rwr	BC
MYT1	1.00181420732104e-05	6938	rwr	BC
CD58	1.00086497243856e-05	6939	rwr	BC
STK40	1.00042423093031e-05	6940	rwr	BC
ROMO1	1.00033709678698e-05	6941	rwr	BC
IGSF5	1.00026330498378e-05	6942	rwr	BC
CLDN14	9.9979591704929e-06	6943	rwr	BC
ADAM12	9.99697613975416e-06	6944	rwr	BC
SOX6	9.99027805248229e-06	6945	rwr	BC
DCUN1D3	9.98970452683643e-06	6946	rwr	BC
NSMF	9.98698869095089e-06	6947	rwr	BC
GDF6	9.9852907213664e-06	6948	rwr	BC
ERLIN1	9.98033244827222e-06	6949	rwr	BC
C4B	9.97614604596817e-06	6950	rwr	BC
LPAR3	9.97415580137683e-06	6951	rwr	BC
RASIP1	9.97325476779735e-06	6952	rwr	BC
SHB	9.97171295124851e-06	6953	rwr	BC
TBXT	9.96418933656506e-06	6954	rwr	BC
PTBP2	9.95931991201391e-06	6955	rwr	BC
ACTR6	9.95633718306736e-06	6956	rwr	BC
ACSF3	9.95442055876499e-06	6957	rwr	BC
KCND2	9.94905477325043e-06	6958	rwr	BC
BOLA1	9.94654593352263e-06	6959	rwr	BC
HHIP	9.94334026834952e-06	6960	rwr	BC
APCS	9.94179281119828e-06	6961	rwr	BC
TRIM40	9.94031530000794e-06	6962	rwr	BC
CALCRL	9.93399438613025e-06	6963	rwr	BC
TRIO	9.93105274618708e-06	6964	rwr	BC
CTCFL	9.92773241385435e-06	6965	rwr	BC
ZNF346	9.92764994184105e-06	6966	rwr	BC
PEX11A	9.92660999141396e-06	6967	rwr	BC
UNC93B1	9.92444975098611e-06	6968	rwr	BC
BMP8A	9.92394275451688e-06	6969	rwr	BC
RBM14-RBM4	9.92275486140264e-06	6970	rwr	BC
GOSR2	9.92217757273792e-06	6971	rwr	BC
PILRA	9.91773450927155e-06	6972	rwr	BC
HTR2C	9.91473232499357e-06	6973	rwr	BC
HOXB1	9.90312849673343e-06	6974	rwr	BC
SPATA2L	9.89936641629981e-06	6975	rwr	BC
KCNMA1	9.89416197351848e-06	6976	rwr	BC
UGT1A7	9.88772664768092e-06	6977	rwr	BC
RPAP1	9.88549496059097e-06	6978	rwr	BC
CNTN1	9.88236711241551e-06	6979	rwr	BC
GTPBP1	9.87455145171515e-06	6980	rwr	BC
UBXN4	9.86869122844015e-06	6981	rwr	BC
FCAR	9.86660964120903e-06	6982	rwr	BC
TFPI	9.86469360441222e-06	6983	rwr	BC
APOBEC3B	9.86177222440263e-06	6984	rwr	BC
IPO8	9.85881583875579e-06	6985	rwr	BC
FBRSL1	9.85296659252489e-06	6986	rwr	BC
CDR2	9.85036029307111e-06	6987	rwr	BC
AKAP7	9.84842364089456e-06	6988	rwr	BC
NFIA	9.84571340725613e-06	6989	rwr	BC
F7	9.84420650043423e-06	6990	rwr	BC
TRIM45	9.84196781710301e-06	6991	rwr	BC
PEX16	9.84025025050356e-06	6992	rwr	BC
PLA2G3	9.83788729489238e-06	6993	rwr	BC
IQCJ-SCHIP1	9.83617506449254e-06	6994	rwr	BC
PARP8	9.83485971239299e-06	6995	rwr	BC
FMOD	9.83216506915093e-06	6996	rwr	BC
ATL2	9.82745850887971e-06	6997	rwr	BC
ERO1A	9.82369547249332e-06	6998	rwr	BC
KCNJ1	9.81744911689975e-06	6999	rwr	BC
SYNE4	9.81419094990465e-06	7000	rwr	BC
PLB1	9.8128535882914e-06	7001	rwr	BC
MAP4K5	9.80794098933134e-06	7002	rwr	BC
APIP	9.8008786595984e-06	7003	rwr	BC
FLRT3	9.79539525321488e-06	7004	rwr	BC
IFT43	9.79427349814228e-06	7005	rwr	BC
TULP1	9.79152411738043e-06	7006	rwr	BC
DDX1	9.7874312102028e-06	7007	rwr	BC
CTSZ	9.78505121977537e-06	7008	rwr	BC
ACSF2	9.78494201531167e-06	7009	rwr	BC
TCEAL2	9.77933771350697e-06	7010	rwr	BC
TMC2	9.77456774012524e-06	7011	rwr	BC
CR1	9.7727859608039e-06	7012	rwr	BC
CA2	9.77060495487753e-06	7013	rwr	BC
SPDYE4	9.77041071485771e-06	7014	rwr	BC
GGPS1	9.76853536266473e-06	7015	rwr	BC
FKBP1B	9.76407613151699e-06	7016	rwr	BC
PFDN1	9.76265800062261e-06	7017	rwr	BC
PHOX2B	9.7571316306697e-06	7018	rwr	BC
RGMB	9.75533455324048e-06	7019	rwr	BC
RNF34	9.75437675824088e-06	7020	rwr	BC
CDC37L1	9.75338871962694e-06	7021	rwr	BC
NLE1	9.75179771706741e-06	7022	rwr	BC
SLC34A2	9.75161459320572e-06	7023	rwr	BC
TFR2	9.74949674353627e-06	7024	rwr	BC
SLC5A1	9.74673762964647e-06	7025	rwr	BC
PARS2	9.74659016262598e-06	7026	rwr	BC
CARS1	9.74494433600431e-06	7027	rwr	BC
IL12A	9.74416372828548e-06	7028	rwr	BC
CALCR	9.74374420441146e-06	7029	rwr	BC
MBOAT1	9.74261539828801e-06	7030	rwr	BC
CACNG1	9.73949325141795e-06	7031	rwr	BC
KCNA2	9.73653988519754e-06	7032	rwr	BC
RCOR2	9.73566212575721e-06	7033	rwr	BC
INTU	9.72800111648815e-06	7034	rwr	BC
RUBCN	9.72692978171215e-06	7035	rwr	BC
MGST1	9.72598078453666e-06	7036	rwr	BC
LRRC14	9.72335773450928e-06	7037	rwr	BC
RAMP1	9.72156854783276e-06	7038	rwr	BC
PRDX5	9.7191547938283e-06	7039	rwr	BC
PLTP	9.71789669760379e-06	7040	rwr	BC
CNST	9.71299587989573e-06	7041	rwr	BC
LCT	9.71294548582831e-06	7042	rwr	BC
TMEM186	9.70317421460747e-06	7043	rwr	BC
STX16	9.69829392566317e-06	7044	rwr	BC
UBXN8	9.69512724769834e-06	7045	rwr	BC
AP4E1	9.69313857592456e-06	7046	rwr	BC
CD96	9.69313092178147e-06	7047	rwr	BC
EVL	9.68909845216172e-06	7048	rwr	BC
RGS11	9.68781113775034e-06	7049	rwr	BC
AUP1	9.68379674818753e-06	7050	rwr	BC
GLB1	9.68366266516663e-06	7051	rwr	BC
WHAMM	9.67753677920365e-06	7052	rwr	BC
SPDYE16	9.67560330213949e-06	7053	rwr	BC
SPDYE3	9.67560330213949e-06	7054	rwr	BC
TRDN	9.67324897500897e-06	7055	rwr	BC
COL6A6	9.67129425063772e-06	7056	rwr	BC
COL11A1	9.66918288104098e-06	7057	rwr	BC
AP1S1	9.66877854391719e-06	7058	rwr	BC
IL16	9.66813843121128e-06	7059	rwr	BC
MCC	9.6671026837268e-06	7060	rwr	BC
HARS1	9.66698944880255e-06	7061	rwr	BC
IPO13	9.66495101345668e-06	7062	rwr	BC
GP5	9.65842263394349e-06	7063	rwr	BC
RFX6	9.6532095386679e-06	7064	rwr	BC
RAPSN	9.65318813293871e-06	7065	rwr	BC
METTL1	9.65147091362084e-06	7066	rwr	BC
IRGM	9.6470872980122e-06	7067	rwr	BC
AGR2	9.64269133096284e-06	7068	rwr	BC
TTC4	9.6420674467271e-06	7069	rwr	BC
OAT	9.64073921184808e-06	7070	rwr	BC
MVK	9.64050595091244e-06	7071	rwr	BC
ASXL3	9.63746037260395e-06	7072	rwr	BC
RAB25	9.63265950906122e-06	7073	rwr	BC
TDRD7	9.63162951402221e-06	7074	rwr	BC
HRG	9.62221164332447e-06	7075	rwr	BC
PPT1	9.62215404645173e-06	7076	rwr	BC
SYNM	9.62106561067701e-06	7077	rwr	BC
PPP4R3C	9.61900398538175e-06	7078	rwr	BC
ADGRA2	9.6180439047528e-06	7079	rwr	BC
KCNJ2	9.61407608407009e-06	7080	rwr	BC
ATP6V0D1	9.61346375028395e-06	7081	rwr	BC
GORASP1	9.61252381915575e-06	7082	rwr	BC
FBXL14	9.61054424284244e-06	7083	rwr	BC
TPTEP2-CSNK1E	9.60873571514816e-06	7084	rwr	BC
ETV1	9.60872581667965e-06	7085	rwr	BC
SERPING1	9.60671904833288e-06	7086	rwr	BC
GP9	9.59931820283524e-06	7087	rwr	BC
MCU	9.58703563178841e-06	7088	rwr	BC
CAMK2D	9.58544197431981e-06	7089	rwr	BC
MANF	9.58336947443122e-06	7090	rwr	BC
AP1M1	9.57951298610401e-06	7091	rwr	BC
PFAS	9.57895705218e-06	7092	rwr	BC
STAP2	9.57869054352524e-06	7093	rwr	BC
ECHS1	9.57704948038316e-06	7094	rwr	BC
DHODH	9.57631110495934e-06	7095	rwr	BC
LAIR1	9.57522844259649e-06	7096	rwr	BC
PTPN23	9.57382620229561e-06	7097	rwr	BC
GTF3C3	9.57105755965486e-06	7098	rwr	BC
MUC15	9.56509956370714e-06	7099	rwr	BC
GCC2	9.56366985603257e-06	7100	rwr	BC
RAB31	9.56081320105072e-06	7101	rwr	BC
CACNA2D2	9.55932704029183e-06	7102	rwr	BC
VPS18	9.55924702272752e-06	7103	rwr	BC
ARRDC1	9.55854946671389e-06	7104	rwr	BC
CLDN34	9.54959903546796e-06	7105	rwr	BC
HADHA	9.5476364463903e-06	7106	rwr	BC
ATP2B2	9.54644251822657e-06	7107	rwr	BC
CLPTM1L	9.53810295666097e-06	7108	rwr	BC
B9D1	9.53121462121097e-06	7109	rwr	BC
LPIN3	9.53034038317725e-06	7110	rwr	BC
TTC30A	9.52923237862709e-06	7111	rwr	BC
OPHN1	9.52374297493309e-06	7112	rwr	BC
METTL16	9.51953463838833e-06	7113	rwr	BC
SEMA6A	9.51182974601753e-06	7114	rwr	BC
KYAT1	9.51110455097533e-06	7115	rwr	BC
RNF139	9.51032627977531e-06	7116	rwr	BC
NRGN	9.50665426609136e-06	7117	rwr	BC
IL27	9.5044348835539e-06	7118	rwr	BC
ESRRG	9.50430222481525e-06	7119	rwr	BC
LSS	9.50165084999699e-06	7120	rwr	BC
PIGL	9.49939328875153e-06	7121	rwr	BC
AAK1	9.49796160086141e-06	7122	rwr	BC
TMEM231	9.49765427780543e-06	7123	rwr	BC
LSM14A	9.4956815427871e-06	7124	rwr	BC
DHX32	9.49404843576162e-06	7125	rwr	BC
ACSBG1	9.49381390390829e-06	7126	rwr	BC
DSC1	9.49322805917268e-06	7127	rwr	BC
SSX2	9.48894174732106e-06	7128	rwr	BC
CDCA4	9.4832922524033e-06	7129	rwr	BC
TFIP11	9.47761438573488e-06	7130	rwr	BC
ALOX12B	9.47422227224198e-06	7131	rwr	BC
TARS3	9.47215702494674e-06	7132	rwr	BC
LIM2	9.47084905803078e-06	7133	rwr	BC
NRARP	9.46970848838603e-06	7134	rwr	BC
PMF1-BGLAP	9.46742299113346e-06	7135	rwr	BC
VARS2	9.46625990761802e-06	7136	rwr	BC
TNIK	9.4646003452231e-06	7137	rwr	BC
SNAPIN	9.46457150561756e-06	7138	rwr	BC
MKNK2	9.46092216958902e-06	7139	rwr	BC
CACNG6	9.46008532436884e-06	7140	rwr	BC
RND2	9.45725863524468e-06	7141	rwr	BC
MAT1A	9.45611578509901e-06	7142	rwr	BC
DDC	9.45407459000734e-06	7143	rwr	BC
USH1C	9.4528458954234e-06	7144	rwr	BC
EXOC3	9.4526254036997e-06	7145	rwr	BC
MMP8	9.44969578352894e-06	7146	rwr	BC
FAAH	9.44893407708313e-06	7147	rwr	BC
TBC1D10A	9.44789092205242e-06	7148	rwr	BC
CCDC120	9.44554940629887e-06	7149	rwr	BC
LRRC32	9.44275397745883e-06	7150	rwr	BC
CHI3L1	9.43928986066744e-06	7151	rwr	BC
KPNA6	9.43855559403253e-06	7152	rwr	BC
MST1	9.438187350117e-06	7153	rwr	BC
TNRC6B	9.43610675866216e-06	7154	rwr	BC
HOOK3	9.43571143069512e-06	7155	rwr	BC
APOC1	9.4354693434666e-06	7156	rwr	BC
BRWD1	9.43397265331205e-06	7157	rwr	BC
PRSS2	9.43055969562879e-06	7158	rwr	BC
SERPINF2	9.42893169984399e-06	7159	rwr	BC
PDRG1	9.4261899399714e-06	7160	rwr	BC
COMMD6	9.4257105327992e-06	7161	rwr	BC
MOG	9.42538651555711e-06	7162	rwr	BC
LOC102724334	9.42466507132587e-06	7163	rwr	BC
MUC3A	9.42117675455519e-06	7164	rwr	BC
PDE4C-2	9.41741249181195e-06	7165	rwr	BC
CHML	9.41674092916661e-06	7166	rwr	BC
CD59	9.41334956768875e-06	7167	rwr	BC
PPFIA2	9.41228640856067e-06	7168	rwr	BC
TRUB1	9.40829444187522e-06	7169	rwr	BC
MAZ	9.40744030834258e-06	7170	rwr	BC
RGS1	9.40300308638963e-06	7171	rwr	BC
GOSR1	9.39897633623794e-06	7172	rwr	BC
TNFSF13	9.39519226034754e-06	7173	rwr	BC
GEMIN4	9.39252853572755e-06	7174	rwr	BC
TERB2	9.38868834196002e-06	7175	rwr	BC
ISYNA1	9.38843856826997e-06	7176	rwr	BC
PLAC1	9.36954039167534e-06	7177	rwr	BC
GJA5	9.36835497767988e-06	7178	rwr	BC
MCCC1	9.36794723206669e-06	7179	rwr	BC
ARHGAP8	9.36126467620065e-06	7180	rwr	BC
BET1	9.36042021490476e-06	7181	rwr	BC
BCL2L12	9.36041958527936e-06	7182	rwr	BC
CPLX2	9.35818748101818e-06	7183	rwr	BC
DCTD	9.35764806592242e-06	7184	rwr	BC
MUC19	9.34899571828013e-06	7185	rwr	BC
WDR83OS	9.34199707766308e-06	7186	rwr	BC
CYP11B2	9.34037914633398e-06	7187	rwr	BC
EIF4EBP3	9.33803723809665e-06	7188	rwr	BC
HSPA12A	9.33770791486133e-06	7189	rwr	BC
S1PR2	9.33755240207558e-06	7190	rwr	BC
TRPM4	9.3365859206681e-06	7191	rwr	BC
UBAP1	9.3347197863908e-06	7192	rwr	BC
PLIN2	9.33317396816263e-06	7193	rwr	BC
CIDEA	9.32871584487028e-06	7194	rwr	BC
PORCN	9.32843003999272e-06	7195	rwr	BC
CERT1	9.32823697293178e-06	7196	rwr	BC
DLGAP3	9.32588712149377e-06	7197	rwr	BC
ACSL5	9.3246577564243e-06	7198	rwr	BC
VPS37B	9.32464164337252e-06	7199	rwr	BC
ICAM3	9.32381283330047e-06	7200	rwr	BC
DTNBP1	9.32262789428257e-06	7201	rwr	BC
KXD1	9.32204068335952e-06	7202	rwr	BC
KIAA1328	9.32137840404982e-06	7203	rwr	BC
CLDN15	9.32097558163854e-06	7204	rwr	BC
RBM10	9.31956083460968e-06	7205	rwr	BC
CNIH1	9.31373395995133e-06	7206	rwr	BC
VMP1	9.3136972333559e-06	7207	rwr	BC
TIMM9	9.30042070389368e-06	7208	rwr	BC
CARD16	9.2949596274321e-06	7209	rwr	BC
MUC17	9.28909278214002e-06	7210	rwr	BC
TMEM237	9.28699184348876e-06	7211	rwr	BC
GRHL2	9.28681483137395e-06	7212	rwr	BC
MGST3	9.28559307059944e-06	7213	rwr	BC
ATOX1	9.283639347672e-06	7214	rwr	BC
TNNC2	9.28261580152114e-06	7215	rwr	BC
MADD	9.27514031850507e-06	7216	rwr	BC
SNX3	9.27024796955903e-06	7217	rwr	BC
ACIN1	9.26945725134378e-06	7218	rwr	BC
FCGRT	9.26614266579457e-06	7219	rwr	BC
HARS2	9.26249558525918e-06	7220	rwr	BC
VIPR2	9.26051842919253e-06	7221	rwr	BC
ELF3	9.26022129050928e-06	7222	rwr	BC
BBS5	9.25906608587145e-06	7223	rwr	BC
SCAPER	9.25200618660791e-06	7224	rwr	BC
GALNT3	9.25144284844221e-06	7225	rwr	BC
HFE	9.24819592296627e-06	7226	rwr	BC
ALKBH3	9.24558078791337e-06	7227	rwr	BC
PGRMC1	9.24531239894801e-06	7228	rwr	BC
GFPT2	9.24358468187641e-06	7229	rwr	BC
HSPA13	9.24024861468364e-06	7230	rwr	BC
GABRA1	9.2384596414308e-06	7231	rwr	BC
ALPL	9.23666795505093e-06	7232	rwr	BC
TNFRSF19	9.23584824859104e-06	7233	rwr	BC
SATB2	9.23502197735678e-06	7234	rwr	BC
S100A13	9.23367504406561e-06	7235	rwr	BC
SGCD	9.23173332302532e-06	7236	rwr	BC
KCNQ5	9.2250483580263e-06	7237	rwr	BC
RFXAP	9.2238871057546e-06	7238	rwr	BC
ZMIZ1	9.21097446538187e-06	7239	rwr	BC
USP17L2	9.21091632797995e-06	7240	rwr	BC
DAD1	9.20698602959929e-06	7241	rwr	BC
SLC32A1	9.20488465659526e-06	7242	rwr	BC
TTC8	9.19843104934904e-06	7243	rwr	BC
VPS37A	9.1954853290664e-06	7244	rwr	BC
PEX7	9.19379691313287e-06	7245	rwr	BC
CYP2D6	9.19023123860995e-06	7246	rwr	BC
WASHC5	9.18969040610162e-06	7247	rwr	BC
ZFPM2	9.18899722551843e-06	7248	rwr	BC
ABI3	9.1886789117792e-06	7249	rwr	BC
S1PR3	9.18699157337293e-06	7250	rwr	BC
PLPP4	9.1867535302083e-06	7251	rwr	BC
PPP1R3B	9.18659307716033e-06	7252	rwr	BC
PLPP5	9.1845702364591e-06	7253	rwr	BC
LRIG3	9.18395532366616e-06	7254	rwr	BC
PATL1	9.17886775048932e-06	7255	rwr	BC
WDPCP	9.17795164803131e-06	7256	rwr	BC
TMED7-TICAM2	9.17198575407497e-06	7257	rwr	BC
ARHGEF3	9.17171452712659e-06	7258	rwr	BC
TAF1A	9.16959963263413e-06	7259	rwr	BC
C17orf80	9.16332228528325e-06	7260	rwr	BC
EXOG	9.16232186965336e-06	7261	rwr	BC
UNC13A	9.16021935071431e-06	7262	rwr	BC
ERLIN2	9.16011147738923e-06	7263	rwr	BC
ABCC2	9.15687398080681e-06	7264	rwr	BC
SLA2	9.15589179034422e-06	7265	rwr	BC
NCBP3	9.1539712520446e-06	7266	rwr	BC
NXT1	9.15316005063125e-06	7267	rwr	BC
MPPE1	9.15281385071239e-06	7268	rwr	BC
USP9Y	9.1514979028485e-06	7269	rwr	BC
ULBP1	9.1495038934171e-06	7270	rwr	BC
CYP24A1	9.1488192452238e-06	7271	rwr	BC
POLR3GL	9.14308877676287e-06	7272	rwr	BC
SERTAD4	9.1410839065533e-06	7273	rwr	BC
TRPV2	9.1370552815386e-06	7274	rwr	BC
MAP2	9.13523749594144e-06	7275	rwr	BC
PIGR	9.13471657359995e-06	7276	rwr	BC
E5RI56_HUMAN	9.12995749886104e-06	7277	rwr	BC
COL11A2	9.12945863487496e-06	7278	rwr	BC
PDK3	9.12467457829588e-06	7279	rwr	BC
LARP4B	9.12161801152441e-06	7280	rwr	BC
PTPN14	9.11279931603544e-06	7281	rwr	BC
MMP16	9.11119264140228e-06	7282	rwr	BC
AJUBA	9.10819016486106e-06	7283	rwr	BC
SLC16A3	9.10446345510172e-06	7284	rwr	BC
CLK3	9.10332308179162e-06	7285	rwr	BC
GPR55	9.10142232367334e-06	7286	rwr	BC
MICU1	9.10102677121136e-06	7287	rwr	BC
XPOT	9.09354141708936e-06	7288	rwr	BC
GUCY2C	9.09350969689379e-06	7289	rwr	BC
TNFSF15	9.09152647101579e-06	7290	rwr	BC
ERP44	9.08779518384932e-06	7291	rwr	BC
TACR1	9.08697683130516e-06	7292	rwr	BC
AP4B1	9.08538194159918e-06	7293	rwr	BC
CCKBR	9.08061800922283e-06	7294	rwr	BC
SLC26A4	9.0790362313994e-06	7295	rwr	BC
CACNG5	9.07223021316875e-06	7296	rwr	BC
SCN10A	9.07085563728491e-06	7297	rwr	BC
CITED1	9.06754041034765e-06	7298	rwr	BC
ATXN7L1	9.06662787368865e-06	7299	rwr	BC
PLA2G10	9.06284854961085e-06	7300	rwr	BC
SNF8	9.06189614696143e-06	7301	rwr	BC
TARS2	9.0602686918088e-06	7302	rwr	BC
MVD	9.0597122526256e-06	7303	rwr	BC
MCCC2	9.05829358636333e-06	7304	rwr	BC
UBFD1	9.05678094583982e-06	7305	rwr	BC
WNK1	9.05613404664114e-06	7306	rwr	BC
PDSS2	9.05531193905178e-06	7307	rwr	BC
IL37	9.05237046271278e-06	7308	rwr	BC
SMPD2	9.05077374852594e-06	7309	rwr	BC
TRIM22	9.05030598541555e-06	7310	rwr	BC
FABP1	9.05008652922571e-06	7311	rwr	BC
SEMA3E	9.04650956605492e-06	7312	rwr	BC
NR1I3	9.04645153355623e-06	7313	rwr	BC
LONP1	9.04597342623485e-06	7314	rwr	BC
MGST2	9.04243126258694e-06	7315	rwr	BC
LGALS3BP	9.03963708704716e-06	7316	rwr	BC
ALAS1	9.0345047396712e-06	7317	rwr	BC
EFS	9.03395721643262e-06	7318	rwr	BC
SH3BP4	9.03134199786353e-06	7319	rwr	BC
CCDC155	9.03109006801487e-06	7320	rwr	BC
IL17RC	9.02815177891921e-06	7321	rwr	BC
SEPTIN5	9.02754136799925e-06	7322	rwr	BC
TCTN1	9.02741265752171e-06	7323	rwr	BC
RNF185	9.02090906492214e-06	7324	rwr	BC
ARHGEF5	9.01961133646844e-06	7325	rwr	BC
SRXN1	9.01885820047105e-06	7326	rwr	BC
IDI1	9.01195784207679e-06	7327	rwr	BC
FAT1	9.00852541292903e-06	7328	rwr	BC
CARS2	9.00694236056943e-06	7329	rwr	BC
BLOC1S6	9.00385000664154e-06	7330	rwr	BC
PEG10	9.00092761137266e-06	7331	rwr	BC
SOX1	8.99848703655515e-06	7332	rwr	BC
TRUB2	8.9907648442327e-06	7333	rwr	BC
MUC21	8.98955849969041e-06	7334	rwr	BC
PSAT1	8.98937527343884e-06	7335	rwr	BC
ZNF687	8.98726282881109e-06	7336	rwr	BC
KCNK4	8.98706979671658e-06	7337	rwr	BC
NOP9	8.98530224935426e-06	7338	rwr	BC
MAGEL2	8.98294424933213e-06	7339	rwr	BC
IGFBP4	8.98122864027751e-06	7340	rwr	BC
CTSF	8.98040570283421e-06	7341	rwr	BC
PPP1R15B	8.97656894259978e-06	7342	rwr	BC
SH3BP5	8.97641562574768e-06	7343	rwr	BC
BDKRB1	8.97247208548704e-06	7344	rwr	BC
IST1	8.97038397815956e-06	7345	rwr	BC
NME8	8.96824660050552e-06	7346	rwr	BC
RPN1	8.96748041058743e-06	7347	rwr	BC
CLEC4D	8.96335057415281e-06	7348	rwr	BC
OSBP	8.96307567697287e-06	7349	rwr	BC
PROCR	8.96287441514498e-06	7350	rwr	BC
CLCN6	8.96202614287409e-06	7351	rwr	BC
SNCAIP	8.96061028890928e-06	7352	rwr	BC
LRRC7	8.95941288065496e-06	7353	rwr	BC
ATP6AP2	8.95938384749609e-06	7354	rwr	BC
KLKB1	8.95867582260623e-06	7355	rwr	BC
FBXL17	8.95566892000521e-06	7356	rwr	BC
FBXO45	8.95276224956659e-06	7357	rwr	BC
PDE6C	8.95170340253599e-06	7358	rwr	BC
UGT2B7	8.94995094122651e-06	7359	rwr	BC
C14orf39	8.9485622790272e-06	7360	rwr	BC
HEYL	8.94848428441289e-06	7361	rwr	BC
CEP250	8.9453416166725e-06	7362	rwr	BC
NECTIN4	8.9439209096281e-06	7363	rwr	BC
CORO1B	8.94140333272691e-06	7364	rwr	BC
CEP131	8.93450115800036e-06	7365	rwr	BC
LY75-CD302	8.93367140699946e-06	7366	rwr	BC
UPP2	8.93204591260321e-06	7367	rwr	BC
RPUSD3	8.92901861626327e-06	7368	rwr	BC
CACNA1I	8.92853781782467e-06	7369	rwr	BC
GDF11	8.92823128951156e-06	7370	rwr	BC
ABLIM3	8.92783082793895e-06	7371	rwr	BC
ARVCF	8.92763127558535e-06	7372	rwr	BC
PRKAR1B	8.92738923418144e-06	7373	rwr	BC
LRRK1	8.92619935767545e-06	7374	rwr	BC
ABLIM1	8.92076805592272e-06	7375	rwr	BC
F8	8.92029140942285e-06	7376	rwr	BC
PLS1	8.92006924900802e-06	7377	rwr	BC
NFE2L1	8.91684208651067e-06	7378	rwr	BC
TRPM7	8.91263088175873e-06	7379	rwr	BC
FAH	8.90515053499356e-06	7380	rwr	BC
ADRA1D	8.90061857342399e-06	7381	rwr	BC
DTNA	8.89331456794636e-06	7382	rwr	BC
CYP27A1	8.88912523260631e-06	7383	rwr	BC
SLC25A22	8.88854212685179e-06	7384	rwr	BC
SNAPC4	8.88586672439799e-06	7385	rwr	BC
NKX6-1	8.87892114078238e-06	7386	rwr	BC
DAZ1	8.87702437060739e-06	7387	rwr	BC
RIT1	8.873969992825e-06	7388	rwr	BC
FBLN2	8.87391927327273e-06	7389	rwr	BC
ANKRD28	8.87265066778314e-06	7390	rwr	BC
EDA2R	8.86827324416325e-06	7391	rwr	BC
IL17RB	8.86707681210258e-06	7392	rwr	BC
FBLN1	8.86480133197218e-06	7393	rwr	BC
CDSN	8.85878181672426e-06	7394	rwr	BC
LDB3	8.85806200802252e-06	7395	rwr	BC
ROBO3	8.85065644458981e-06	7396	rwr	BC
LIME1	8.8494920373429e-06	7397	rwr	BC
COL6A5	8.84589200589073e-06	7398	rwr	BC
HMGCLL1	8.84428848633077e-06	7399	rwr	BC
APOM	8.84290301311231e-06	7400	rwr	BC
FOXJ1	8.83715725645908e-06	7401	rwr	BC
IPCEF1	8.83360667176579e-06	7402	rwr	BC
TAF1B	8.83247804259543e-06	7403	rwr	BC
DLGAP2	8.82876412999716e-06	7404	rwr	BC
PNN	8.82768414406679e-06	7405	rwr	BC
PPAN	8.82620344951825e-06	7406	rwr	BC
SCN9A	8.82228369911177e-06	7407	rwr	BC
PLA2G1B	8.82113354586713e-06	7408	rwr	BC
SLC20A2	8.81622265478765e-06	7409	rwr	BC
ATXN2L	8.81516414978225e-06	7410	rwr	BC
ACTN3	8.81208874304029e-06	7411	rwr	BC
CDK14	8.81166165505913e-06	7412	rwr	BC
IPO11	8.79969517487105e-06	7413	rwr	BC
FMNL1	8.79462628616829e-06	7414	rwr	BC
MTHFD1L	8.78839808959913e-06	7415	rwr	BC
CNN1	8.78407361999616e-06	7416	rwr	BC
ADRA2A	8.77796052354465e-06	7417	rwr	BC
JMJD6	8.77663624901324e-06	7418	rwr	BC
BHMT	8.77220386242149e-06	7419	rwr	BC
TRPV6	8.77109110322146e-06	7420	rwr	BC
CYBRD1	8.77037121254126e-06	7421	rwr	BC
TGFBRAP1	8.76907326615573e-06	7422	rwr	BC
CNP	8.76905218840396e-06	7423	rwr	BC
NPC1	8.76864513770308e-06	7424	rwr	BC
PIP	8.76635111569024e-06	7425	rwr	BC
DLG5	8.76503092467608e-06	7426	rwr	BC
HNF1B	8.76323514223519e-06	7427	rwr	BC
BCL2L13	8.76155603355435e-06	7428	rwr	BC
SPTLC1	8.76128098385479e-06	7429	rwr	BC
TIFA	8.75966830327131e-06	7430	rwr	BC
DDX55	8.75928569808541e-06	7431	rwr	BC
LPXN	8.75856730151361e-06	7432	rwr	BC
HSPA12B	8.75676058453009e-06	7433	rwr	BC
PMEL	8.74922756291659e-06	7434	rwr	BC
LPCAT2	8.74380940251891e-06	7435	rwr	BC
ADAT2	8.74268002716809e-06	7436	rwr	BC
KRT17	8.73977392152263e-06	7437	rwr	BC
DDOST	8.73938701847652e-06	7438	rwr	BC
RHOBTB2	8.73727536288026e-06	7439	rwr	BC
GANAB	8.73208076517792e-06	7440	rwr	BC
OSBPL3	8.72269414509893e-06	7441	rwr	BC
WBP2NL	8.72096836269005e-06	7442	rwr	BC
DMRT1	8.71804777061346e-06	7443	rwr	BC
RHAG	8.71205001305824e-06	7444	rwr	BC
HSD17B12	8.71157106959286e-06	7445	rwr	BC
ARHGAP29	8.71023320506511e-06	7446	rwr	BC
PROKR2	8.70955037895354e-06	7447	rwr	BC
FFAR4	8.70653472222497e-06	7448	rwr	BC
UBASH3A	8.70592087726371e-06	7449	rwr	BC
HACL1	8.70342343016651e-06	7450	rwr	BC
BRSK2	8.7024896502545e-06	7451	rwr	BC
SNUPN	8.69956843916064e-06	7452	rwr	BC
CFAP20	8.69789420668536e-06	7453	rwr	BC
REPS1	8.69726126448984e-06	7454	rwr	BC
PNPLA6	8.6949993831163e-06	7455	rwr	BC
GRIN3A	8.6921952423922e-06	7456	rwr	BC
DUSP19	8.68207514443379e-06	7457	rwr	BC
SYNE3	8.6811716361576e-06	7458	rwr	BC
DCTN6	8.67707405075027e-06	7459	rwr	BC
ASCC2	8.67558307951273e-06	7460	rwr	BC
KCNA3	8.67556589749166e-06	7461	rwr	BC
SLC25A1	8.67434609954828e-06	7462	rwr	BC
TRIB2	8.67276213334572e-06	7463	rwr	BC
MOGS	8.66493233633626e-06	7464	rwr	BC
CACNB3	8.66463580581901e-06	7465	rwr	BC
TLE5	8.66444366315643e-06	7466	rwr	BC
STX12	8.66223789467252e-06	7467	rwr	BC
GNPTG	8.65993056928729e-06	7468	rwr	BC
HAX1	8.65746190981824e-06	7469	rwr	BC
TBC1D17	8.65448426944727e-06	7470	rwr	BC
GPC4	8.65369744520695e-06	7471	rwr	BC
CNTNAP1	8.6523528915426e-06	7472	rwr	BC
SSTR4	8.65222371094079e-06	7473	rwr	BC
IGFALS	8.65168652925443e-06	7474	rwr	BC
LMO1	8.64890952407921e-06	7475	rwr	BC
CAPN3	8.64782649867666e-06	7476	rwr	BC
LALBA	8.64640346269759e-06	7477	rwr	BC
IER3	8.6456496960487e-06	7478	rwr	BC
CD207	8.64389068684687e-06	7479	rwr	BC
MMEL1	8.64236327287623e-06	7480	rwr	BC
PRPH2	8.6406588580944e-06	7481	rwr	BC
GPR161	8.63805002757307e-06	7482	rwr	BC
MAF1	8.6370588563027e-06	7483	rwr	BC
EPHX1	8.63443221550364e-06	7484	rwr	BC
SFTPD	8.63345165866001e-06	7485	rwr	BC
PDE9A	8.63278003297915e-06	7486	rwr	BC
CDCA7	8.63263524780212e-06	7487	rwr	BC
MNS1	8.6307042752611e-06	7488	rwr	BC
PELI2	8.63066225945686e-06	7489	rwr	BC
GPAM	8.62540634793115e-06	7490	rwr	BC
UCK2	8.62221569873422e-06	7491	rwr	BC
IL18RAP	8.62104157076849e-06	7492	rwr	BC
CCDC93	8.6178361568858e-06	7493	rwr	BC
ADGRD1	8.60840845807522e-06	7494	rwr	BC
LOC112694756	8.60560450335095e-06	7495	rwr	BC
GTF2IRD1	8.60133934712816e-06	7496	rwr	BC
FBF1	8.60024815993464e-06	7497	rwr	BC
PHLDB1	8.59964260645178e-06	7498	rwr	BC
TIMM8B	8.59907201379739e-06	7499	rwr	BC
F10	8.59786831552988e-06	7500	rwr	BC
KCNA1	8.59767890001288e-06	7501	rwr	BC
SYN2	8.59759091856653e-06	7502	rwr	BC
HTR3A	8.5940220339954e-06	7503	rwr	BC
NAB2	8.59023553236931e-06	7504	rwr	BC
WIPF3	8.58564781714859e-06	7505	rwr	BC
PLEKHM1	8.58420616912983e-06	7506	rwr	BC
QPRT	8.58161019081639e-06	7507	rwr	BC
KRT10	8.58073786269689e-06	7508	rwr	BC
EFHC1	8.58067299859693e-06	7509	rwr	BC
CYP11A1	8.57979569532085e-06	7510	rwr	BC
STAB2	8.57931648198377e-06	7511	rwr	BC
SFTPB	8.57096330702605e-06	7512	rwr	BC
C1orf158	8.56716468533875e-06	7513	rwr	BC
WARS2	8.56580468817269e-06	7514	rwr	BC
TRIM72	8.55981439516715e-06	7515	rwr	BC
EID2	8.55935778244878e-06	7516	rwr	BC
DIXDC1	8.55147745652549e-06	7517	rwr	BC
ATP6AP1	8.54541381121544e-06	7518	rwr	BC
FOXD3	8.54430132657677e-06	7519	rwr	BC
FRG1	8.54145547817766e-06	7520	rwr	BC
HHEX	8.53949201522171e-06	7521	rwr	BC
PTGDR	8.53878236628383e-06	7522	rwr	BC
TEAD3	8.53748842176625e-06	7523	rwr	BC
GUCY1B1	8.53099256759764e-06	7524	rwr	BC
PAX4	8.52951347798054e-06	7525	rwr	BC
SDCCAG8	8.5288828162536e-06	7526	rwr	BC
SLC18A2	8.52811627615893e-06	7527	rwr	BC
COL16A1	8.52634255849834e-06	7528	rwr	BC
PPIH	8.5240085892263e-06	7529	rwr	BC
ATP2B1	8.52309371320421e-06	7530	rwr	BC
SAA2	8.52239791087886e-06	7531	rwr	BC
DCUN1D4	8.52228727827024e-06	7532	rwr	BC
PLD4	8.52036974825402e-06	7533	rwr	BC
LY75	8.51631639809782e-06	7534	rwr	BC
SLC27A1	8.51595538657445e-06	7535	rwr	BC
GUCY1A2	8.51592996975245e-06	7536	rwr	BC
LONP2	8.51441475735984e-06	7537	rwr	BC
TNFRSF11B	8.51269526336869e-06	7538	rwr	BC
POM121	8.51062328916022e-06	7539	rwr	BC
FBLIM1	8.50797585639039e-06	7540	rwr	BC
USP39	8.50663434711156e-06	7541	rwr	BC
EMCN	8.50247335046097e-06	7542	rwr	BC
INTS6L	8.50047017982344e-06	7543	rwr	BC
KCNE3	8.49961916330782e-06	7544	rwr	BC
STX18	8.48839415446485e-06	7545	rwr	BC
QRSL1	8.48422280641593e-06	7546	rwr	BC
FBXO15	8.48387068496801e-06	7547	rwr	BC
ADAMTS4	8.48353796514017e-06	7548	rwr	BC
CAPNS1	8.4795175112878e-06	7549	rwr	BC
CLDN19	8.47851524821796e-06	7550	rwr	BC
VPS33A	8.47833018871358e-06	7551	rwr	BC
PENK	8.47196162355736e-06	7552	rwr	BC
SFTPC	8.47009604354747e-06	7553	rwr	BC
UGT2B15	8.46968582709441e-06	7554	rwr	BC
PHETA1	8.46718746951912e-06	7555	rwr	BC
SNAPC3	8.46713502229509e-06	7556	rwr	BC
C1R	8.46664730994722e-06	7557	rwr	BC
SNX6	8.46604485006677e-06	7558	rwr	BC
MID1	8.46005037912305e-06	7559	rwr	BC
F12	8.45940998801494e-06	7560	rwr	BC
ARHGAP31	8.4592190409904e-06	7561	rwr	BC
LUC7L2	8.45816313670477e-06	7562	rwr	BC
HADH	8.4532282045754e-06	7563	rwr	BC
MSI2	8.45296667068289e-06	7564	rwr	BC
LCLAT1	8.44709610099284e-06	7565	rwr	BC
KRI1	8.44475621123095e-06	7566	rwr	BC
RGP1	8.44313962841198e-06	7567	rwr	BC
CYP2C18	8.43916774639384e-06	7568	rwr	BC
FAM131B	8.43887402024972e-06	7569	rwr	BC
MLLT6	8.43814126091967e-06	7570	rwr	BC
CBY1	8.42722556897891e-06	7571	rwr	BC
BBS12	8.42716570522756e-06	7572	rwr	BC
RAB9A	8.42315587431345e-06	7573	rwr	BC
MYOZ2	8.42081614448635e-06	7574	rwr	BC
MYOT	8.41153211134676e-06	7575	rwr	BC
ADH6	8.41047235373601e-06	7576	rwr	BC
PDP1	8.40709477914215e-06	7577	rwr	BC
YY2	8.40585435383636e-06	7578	rwr	BC
RNF38	8.40282248393365e-06	7579	rwr	BC
GYPB	8.40014837990843e-06	7580	rwr	BC
MAT2B	8.39775597165616e-06	7581	rwr	BC
ISCA2	8.39578197331839e-06	7582	rwr	BC
STS	8.39483714558062e-06	7583	rwr	BC
POU1F1	8.39012497738414e-06	7584	rwr	BC
IPO7	8.38971586268341e-06	7585	rwr	BC
FARS2	8.38964932166763e-06	7586	rwr	BC
SCAF11	8.38855379185498e-06	7587	rwr	BC
NUDT5	8.38798496788013e-06	7588	rwr	BC
TLK2	8.38686001299162e-06	7589	rwr	BC
GLO1	8.38234168569208e-06	7590	rwr	BC
NUDT16L1	8.38054366549416e-06	7591	rwr	BC
DRAP1	8.38016611533883e-06	7592	rwr	BC
FLII	8.37950033000212e-06	7593	rwr	BC
ZCCHC4	8.3755932111358e-06	7594	rwr	BC
THOC3	8.37347318821499e-06	7595	rwr	BC
LGI1	8.370983867966e-06	7596	rwr	BC
PRICKLE1	8.37071440110518e-06	7597	rwr	BC
PRY	8.37061672735225e-06	7598	rwr	BC
SERPINA5	8.36969021646381e-06	7599	rwr	BC
TF	8.36951796989732e-06	7600	rwr	BC
TNPO3	8.36200920090125e-06	7601	rwr	BC
VPS45	8.36018401633093e-06	7602	rwr	BC
TNFSF18	8.35960135385844e-06	7603	rwr	BC
P2RY1	8.3574536722745e-06	7604	rwr	BC
SRGAP1	8.35688708839224e-06	7605	rwr	BC
SEMA4A	8.35581982322857e-06	7606	rwr	BC
PPP1R3D	8.35183911302141e-06	7607	rwr	BC
DDN	8.34668734089237e-06	7608	rwr	BC
LAYN	8.3394130836889e-06	7609	rwr	BC
SERPINA3	8.33788510146564e-06	7610	rwr	BC
PSME3IP1	8.3338490701087e-06	7611	rwr	BC
MTCH2	8.33248356461034e-06	7612	rwr	BC
NEK8	8.330465175242e-06	7613	rwr	BC
LILRB4	8.32943743689408e-06	7614	rwr	BC
RIPOR2	8.32893901307887e-06	7615	rwr	BC
NKRF	8.32774545512865e-06	7616	rwr	BC
CCR4	8.3272221043999e-06	7617	rwr	BC
RASD1	8.32512788364772e-06	7618	rwr	BC
WDR70	8.32470463709194e-06	7619	rwr	BC
SAT1	8.32353939347731e-06	7620	rwr	BC
CMA1	8.32178000253879e-06	7621	rwr	BC
VIPR1	8.3177704584063e-06	7622	rwr	BC
ASPA	8.31718973161863e-06	7623	rwr	BC
SKIV2L	8.31684000326052e-06	7624	rwr	BC
PUS1	8.31562838269767e-06	7625	rwr	BC
AP3S1	8.31487679193543e-06	7626	rwr	BC
PTAFR	8.31351090312487e-06	7627	rwr	BC
BLOC1S1	8.31236635254118e-06	7628	rwr	BC
TMPRSS6	8.31100002400961e-06	7629	rwr	BC
SLC40A1	8.31053634649824e-06	7630	rwr	BC
PRKY	8.30668705271202e-06	7631	rwr	BC
SEPTIN3	8.30618301089019e-06	7632	rwr	BC
COL9A1	8.30567771005591e-06	7633	rwr	BC
CHM	8.30428707333567e-06	7634	rwr	BC
UGP2	8.29978508471592e-06	7635	rwr	BC
TAS1R2	8.29889199506658e-06	7636	rwr	BC
LAP3	8.29809979076457e-06	7637	rwr	BC
COL9A2	8.29407650416904e-06	7638	rwr	BC
DEFB4A	8.29236385504846e-06	7639	rwr	BC
MICU3	8.29164177628642e-06	7640	rwr	BC
CNIH3	8.29126135366582e-06	7641	rwr	BC
PLAG1	8.29098550283827e-06	7642	rwr	BC
ZNRF1	8.28939714337851e-06	7643	rwr	BC
AVEN	8.2881741502176e-06	7644	rwr	BC
ZNF629	8.28705928135705e-06	7645	rwr	BC
LHX9	8.28493899886754e-06	7646	rwr	BC
ZNF436	8.28319886574178e-06	7647	rwr	BC
ZNF763	8.27225250002014e-06	7648	rwr	BC
RFX5	8.27135132539253e-06	7649	rwr	BC
HTR1D	8.27056072667631e-06	7650	rwr	BC
ZNF44	8.27036421811794e-06	7651	rwr	BC
CNGA1	8.27026037760813e-06	7652	rwr	BC
CYP2A13	8.2660557690221e-06	7653	rwr	BC
SETD3	8.26163092479691e-06	7654	rwr	BC
ABCA4	8.2615215696777e-06	7655	rwr	BC
VPS37C	8.26140648382789e-06	7656	rwr	BC
MTX1	8.25840310007066e-06	7657	rwr	BC
RGS16	8.25821154266485e-06	7658	rwr	BC
WDR34	8.25688807049812e-06	7659	rwr	BC
SON	8.255318527127e-06	7660	rwr	BC
PDE7A	8.25283461597245e-06	7661	rwr	BC
AKR1D1	8.25179961605394e-06	7662	rwr	BC
RNF114	8.25114344694089e-06	7663	rwr	BC
PTRH1	8.24747386055385e-06	7664	rwr	BC
EXT1	8.24693698929871e-06	7665	rwr	BC
CIDEC	8.23827743828027e-06	7666	rwr	BC
GGCX	8.23483222280099e-06	7667	rwr	BC
FBXO17	8.23431382472925e-06	7668	rwr	BC
SARS2-2	8.23321848965738e-06	7669	rwr	BC
MPST	8.21929596850073e-06	7670	rwr	BC
ACBD3	8.21772619830384e-06	7671	rwr	BC
AZIN2	8.21712382371549e-06	7672	rwr	BC
UGT1A3	8.21277644048674e-06	7673	rwr	BC
TRNAU1AP	8.21004229829743e-06	7674	rwr	BC
FOXF1	8.20680753383622e-06	7675	rwr	BC
RHEBL1	8.20579845804074e-06	7676	rwr	BC
FBXL13	8.20412518657617e-06	7677	rwr	BC
GUCY1A1	8.20299987801791e-06	7678	rwr	BC
SGCG	8.19307603766721e-06	7679	rwr	BC
DNAJB5	8.1925566833595e-06	7680	rwr	BC
PIGA	8.1892881858195e-06	7681	rwr	BC
MSI1	8.18870601118617e-06	7682	rwr	BC
ETFB	8.18302312185561e-06	7683	rwr	BC
NAAA	8.18263907493105e-06	7684	rwr	BC
ARAP1	8.18095635415904e-06	7685	rwr	BC
TRPV3	8.18001582233755e-06	7686	rwr	BC
EDC3	8.17524432851202e-06	7687	rwr	BC
CACNA1E	8.17302165224951e-06	7688	rwr	BC
MPV17	8.1671500574936e-06	7689	rwr	BC
RGS3	8.1644969189706e-06	7690	rwr	BC
CACTIN	8.15545431510402e-06	7691	rwr	BC
ATP2B4	8.15176089831413e-06	7692	rwr	BC
USP48	8.14556734764764e-06	7693	rwr	BC
CDCP1	8.14467088862952e-06	7694	rwr	BC
PRODH	8.14449013745847e-06	7695	rwr	BC
PLEKHA3	8.14416828828718e-06	7696	rwr	BC
DYNC2LI1	8.14395973025083e-06	7697	rwr	BC
DDX31	8.14226354036124e-06	7698	rwr	BC
AP3S2	8.14195580773497e-06	7699	rwr	BC
PPP1R8	8.14118747898852e-06	7700	rwr	BC
BCAT1	8.14001005159529e-06	7701	rwr	BC
ARPIN	8.13403047194313e-06	7702	rwr	BC
ST14	8.13264236749765e-06	7703	rwr	BC
CRYGC	8.13180777644579e-06	7704	rwr	BC
SLC26A3	8.12702592546631e-06	7705	rwr	BC
USH2A	8.11803436371311e-06	7706	rwr	BC
AFTPH	8.11714431757439e-06	7707	rwr	BC
CRABP2	8.1153792143059e-06	7708	rwr	BC
TMEM17	8.11529243212646e-06	7709	rwr	BC
RDH12	8.11345869619352e-06	7710	rwr	BC
SOX5	8.11321587254413e-06	7711	rwr	BC
MTERF3	8.11209155612373e-06	7712	rwr	BC
UGGT1	8.11095919591612e-06	7713	rwr	BC
TFAP2B	8.10883405078411e-06	7714	rwr	BC
RRBP1	8.10807409045207e-06	7715	rwr	BC
C4BPA	8.10116013380925e-06	7716	rwr	BC
CSNK1G2	8.10033664382647e-06	7717	rwr	BC
RXFP1	8.09558826266902e-06	7718	rwr	BC
SRA1	8.09412237682194e-06	7719	rwr	BC
ZCWPW1	8.0907992900803e-06	7720	rwr	BC
SCFD1	8.08563180417974e-06	7721	rwr	BC
KCTD15	8.08441587918985e-06	7722	rwr	BC
BPY2	8.0779794045344e-06	7723	rwr	BC
CPB2	8.07418367138682e-06	7724	rwr	BC
ANXA8	8.07350849642897e-06	7725	rwr	BC
COL8A2	8.06850284050952e-06	7726	rwr	BC
SFI1	8.06752733206462e-06	7727	rwr	BC
METTL17	8.06700942083238e-06	7728	rwr	BC
MVB12B	8.06625810879105e-06	7729	rwr	BC
DOCK7	8.06559311860467e-06	7730	rwr	BC
SVIP	8.06276518501144e-06	7731	rwr	BC
ARHGEF18-2	8.05687257601033e-06	7732	rwr	BC
F9	8.05647105918562e-06	7733	rwr	BC
GIPR	8.04900185390747e-06	7734	rwr	BC
IL1F10	8.04743426997783e-06	7735	rwr	BC
CLIC5	8.04565493035071e-06	7736	rwr	BC
SEC24C	8.04553534737721e-06	7737	rwr	BC
MYH13	8.03943495150491e-06	7738	rwr	BC
COA1	8.03886980794417e-06	7739	rwr	BC
SARS2	8.03786607761779e-06	7740	rwr	BC
DBI	8.02457535991136e-06	7741	rwr	BC
ADH1B	8.01866733581267e-06	7742	rwr	BC
MTFR2	8.01554411732961e-06	7743	rwr	BC
PITPNA	8.01520607120278e-06	7744	rwr	BC
CYTH4	8.01350150701902e-06	7745	rwr	BC
LYPLA1	8.01337269792749e-06	7746	rwr	BC
PEX26	8.01218087352752e-06	7747	rwr	BC
UGT1A9	8.00811966169373e-06	7748	rwr	BC
KLK4	8.00789342550453e-06	7749	rwr	BC
EYA3	8.00730135270718e-06	7750	rwr	BC
NCALD	8.00390091320459e-06	7751	rwr	BC
ATAD1	8.00275548009273e-06	7752	rwr	BC
ADPGK	8.0027500417405e-06	7753	rwr	BC
MON1A	8.00204431157346e-06	7754	rwr	BC
NCAN	8.00085591124571e-06	7755	rwr	BC
MSMO1	7.99761666593772e-06	7756	rwr	BC
ATP6V0D2	7.99568538965481e-06	7757	rwr	BC
MRM1	7.98992949483178e-06	7758	rwr	BC
GAS2	7.98733970951618e-06	7759	rwr	BC
LEMD2	7.98697168292598e-06	7760	rwr	BC
MMADHC	7.9832495893173e-06	7761	rwr	BC
DEFB103A	7.98222721371848e-06	7762	rwr	BC
GRIK4	7.98168412721084e-06	7763	rwr	BC
MSLN	7.97564889985776e-06	7764	rwr	BC
NOM1	7.97225819039821e-06	7765	rwr	BC
SLC5A2	7.97162896098102e-06	7766	rwr	BC
NADK	7.97120276521227e-06	7767	rwr	BC
CHN1	7.97078955557569e-06	7768	rwr	BC
GUCY2F	7.9650429344896e-06	7769	rwr	BC
NR4A3	7.963002684987e-06	7770	rwr	BC
LILRA4	7.96129563842838e-06	7771	rwr	BC
STX7	7.96005967553786e-06	7772	rwr	BC
CAMLG	7.95184893955428e-06	7773	rwr	BC
ZFAND2B	7.95107539532677e-06	7774	rwr	BC
DYNLT3	7.95085329441116e-06	7775	rwr	BC
PHKA2	7.94858341206236e-06	7776	rwr	BC
SEMA7A	7.9393656866883e-06	7777	rwr	BC
FRMD1	7.93535393524832e-06	7778	rwr	BC
JADE1	7.93410237611517e-06	7779	rwr	BC
GYG1	7.93276182435501e-06	7780	rwr	BC
TNRC6C	7.932484406899e-06	7781	rwr	BC
EXT2	7.93171319159632e-06	7782	rwr	BC
ZP2	7.92818488786442e-06	7783	rwr	BC
ERG	7.92734549208789e-06	7784	rwr	BC
KLRC4	7.92597647300909e-06	7785	rwr	BC
CPT1C	7.92553089637317e-06	7786	rwr	BC
MPZL1	7.92477209282157e-06	7787	rwr	BC
EHD2	7.92291710434137e-06	7788	rwr	BC
ULBP2	7.92074902821825e-06	7789	rwr	BC
AVP	7.91912018432949e-06	7790	rwr	BC
HOXA5	7.91864776625555e-06	7791	rwr	BC
TST	7.91615614079574e-06	7792	rwr	BC
UMOD	7.91346691727852e-06	7793	rwr	BC
PLA2G15	7.91026137536808e-06	7794	rwr	BC
ZIC3	7.90912681506246e-06	7795	rwr	BC
GRK1	7.90811951294703e-06	7796	rwr	BC
NFKBID	7.90154492495953e-06	7797	rwr	BC
CAST	7.89907137411956e-06	7798	rwr	BC
U2SURP	7.89157492229036e-06	7799	rwr	BC
RTCA	7.88971334908174e-06	7800	rwr	BC
IL34	7.88764484896975e-06	7801	rwr	BC
TMSB4X	7.88648934532827e-06	7802	rwr	BC
MOAP1	7.88602358061751e-06	7803	rwr	BC
ACTG2	7.88536623954228e-06	7804	rwr	BC
ADAT3	7.88528669467027e-06	7805	rwr	BC
TFF3	7.88468620037137e-06	7806	rwr	BC
MAP3K13	7.8832842045959e-06	7807	rwr	BC
AKAP4	7.88151873954799e-06	7808	rwr	BC
GCGR	7.87428467212453e-06	7809	rwr	BC
ATP6V1H	7.87246611566509e-06	7810	rwr	BC
RGS12	7.87216883739145e-06	7811	rwr	BC
TUBB8	7.86939566786494e-06	7812	rwr	BC
ADH1C	7.86689095074482e-06	7813	rwr	BC
AHCYL2	7.8655667777002e-06	7814	rwr	BC
PGM5	7.86478790716706e-06	7815	rwr	BC
KCNE1	7.86463372111462e-06	7816	rwr	BC
ZC3H15	7.8644356495611e-06	7817	rwr	BC
TAP1	7.86350536773397e-06	7818	rwr	BC
ADH1A	7.85867995119595e-06	7819	rwr	BC
SDF4	7.85657943396286e-06	7820	rwr	BC
LIN7B	7.85626973595151e-06	7821	rwr	BC
PRY2	7.85611438266568e-06	7822	rwr	BC
ADH7	7.85261220236147e-06	7823	rwr	BC
HTR1E	7.85175101170469e-06	7824	rwr	BC
TAF1D	7.84755482294422e-06	7825	rwr	BC
IL1R2	7.84195874464158e-06	7826	rwr	BC
PQBP1	7.8416977250006e-06	7827	rwr	BC
MTHFD2L	7.83758926302835e-06	7828	rwr	BC
TRA2A	7.83709105305636e-06	7829	rwr	BC
PRYP3	7.8352759856243e-06	7830	rwr	BC
ASPN	7.83492266801575e-06	7831	rwr	BC
MICOS13	7.83352803844305e-06	7832	rwr	BC
CKM	7.83073731040342e-06	7833	rwr	BC
NKAP	7.82765979985963e-06	7834	rwr	BC
BCAN	7.8234100787466e-06	7835	rwr	BC
RASSF8	7.82055281960814e-06	7836	rwr	BC
ATOH1	7.82054513627648e-06	7837	rwr	BC
FBN2	7.81994158066678e-06	7838	rwr	BC
ASPH	7.81843283821866e-06	7839	rwr	BC
IYD	7.81589557151433e-06	7840	rwr	BC
XRRA1	7.80964322823291e-06	7841	rwr	BC
VPREB1	7.80686675985257e-06	7842	rwr	BC
CCT8L2	7.80180318317951e-06	7843	rwr	BC
TCTN3	7.80103405389221e-06	7844	rwr	BC
SLC27A2	7.79829352449712e-06	7845	rwr	BC
SYN3	7.79438512357821e-06	7846	rwr	BC
AGPAT4	7.79419053447901e-06	7847	rwr	BC
TLX1	7.79357291525849e-06	7848	rwr	BC
ADRA1B	7.79290078211118e-06	7849	rwr	BC
MCTS2P	7.790925107928e-06	7850	rwr	BC
PPWD1	7.78938230643335e-06	7851	rwr	BC
HPR	7.78286276470975e-06	7852	rwr	BC
COQ9	7.78176688407419e-06	7853	rwr	BC
MERTK	7.77836092655083e-06	7854	rwr	BC
ALDH3A1	7.77490202789359e-06	7855	rwr	BC
CDAN1	7.77253235193485e-06	7856	rwr	BC
SPATA5	7.77192321137212e-06	7857	rwr	BC
KDM7A	7.77096832519698e-06	7858	rwr	BC
ABCA7	7.77055079710127e-06	7859	rwr	BC
SLC51A	7.77051988143034e-06	7860	rwr	BC
CEP128	7.77022241632005e-06	7861	rwr	BC
RBPMS2	7.76901865448878e-06	7862	rwr	BC
HAUS8	7.76847849272451e-06	7863	rwr	BC
FBXL2	7.76447812300307e-06	7864	rwr	BC
DNM3	7.76027132028758e-06	7865	rwr	BC
RABGGTB	7.7572186198959e-06	7866	rwr	BC
TNS1	7.7569796611083e-06	7867	rwr	BC
ACP1	7.75249461553273e-06	7868	rwr	BC
LCP1	7.75062420174167e-06	7869	rwr	BC
PDCL3	7.75057814871592e-06	7870	rwr	BC
GRPR	7.75030074100596e-06	7871	rwr	BC
ECI2	7.74801942059515e-06	7872	rwr	BC
BICD1	7.74511059117654e-06	7873	rwr	BC
RALY	7.74254492429033e-06	7874	rwr	BC
AMY1B	7.73630619314591e-06	7875	rwr	BC
ESS2	7.73421769178576e-06	7876	rwr	BC
PDE7B	7.73366608143808e-06	7877	rwr	BC
SLC12A2	7.73329574762181e-06	7878	rwr	BC
RPGRIP1	7.7318585575093e-06	7879	rwr	BC
CLN3	7.73066064106412e-06	7880	rwr	BC
TSSC4	7.73003585208365e-06	7881	rwr	BC
STX3	7.72738344396819e-06	7882	rwr	BC
ARHGAP26	7.72447523761936e-06	7883	rwr	BC
RNGTT	7.72157659716517e-06	7884	rwr	BC
FCSK	7.7153287223542e-06	7885	rwr	BC
ELOA2	7.71076520892823e-06	7886	rwr	BC
P2RY2	7.70996693492843e-06	7887	rwr	BC
POM121C	7.70748719874823e-06	7888	rwr	BC
PMM2	7.70411001505151e-06	7889	rwr	BC
GREM2	7.70366415577964e-06	7890	rwr	BC
TAS1R3	7.69601837830159e-06	7891	rwr	BC
LHX1	7.69560060909961e-06	7892	rwr	BC
DRD5	7.69545637658925e-06	7893	rwr	BC
PRKRIP1	7.6926583239513e-06	7894	rwr	BC
HNMT	7.68946771698659e-06	7895	rwr	BC
SUB1	7.68940107515084e-06	7896	rwr	BC
ADORA1	7.68373613755959e-06	7897	rwr	BC
PTPRD	7.68270714821865e-06	7898	rwr	BC
AGPAT1	7.67853097049509e-06	7899	rwr	BC
GEMIN5	7.67495666140154e-06	7900	rwr	BC
LEFTY1	7.67341075228935e-06	7901	rwr	BC
NEXN	7.67305947621766e-06	7902	rwr	BC
ATP6V1G1	7.67187907118876e-06	7903	rwr	BC
PTGES	7.66327595619398e-06	7904	rwr	BC
CYP46A1	7.66327268214268e-06	7905	rwr	BC
MAGIX	7.65869421839846e-06	7906	rwr	BC
CEP83	7.65835719652269e-06	7907	rwr	BC
PPP1R3E	7.65833330097467e-06	7908	rwr	BC
BACE2	7.6550121105687e-06	7909	rwr	BC
EIF4E3	7.65457449090453e-06	7910	rwr	BC
SPATC1	7.64998827085384e-06	7911	rwr	BC
SARNP	7.64860916220573e-06	7912	rwr	BC
EPB41L5	7.64831121626386e-06	7913	rwr	BC
AMY2A	7.64579468862404e-06	7914	rwr	BC
VAMP4	7.64461264467215e-06	7915	rwr	BC
PEX1	7.63619963515032e-06	7916	rwr	BC
TSKS	7.63616406444367e-06	7917	rwr	BC
FRZB	7.63543596959709e-06	7918	rwr	BC
CXCL17	7.63290681925588e-06	7919	rwr	BC
RGS18	7.63022837608058e-06	7920	rwr	BC
SLA	7.62924502942117e-06	7921	rwr	BC
RGS21	7.62793604482673e-06	7922	rwr	BC
BOLA2B	7.62679836241864e-06	7923	rwr	BC
ABCA2	7.62611049109379e-06	7924	rwr	BC
RGS13	7.6240620247911e-06	7925	rwr	BC
SEC24D	7.61943377875371e-06	7926	rwr	BC
ADAP1	7.61843625663485e-06	7927	rwr	BC
AKAP6	7.60448772611732e-06	7928	rwr	BC
ZNRF2	7.60334271553801e-06	7929	rwr	BC
UGT2B4	7.6024050516611e-06	7930	rwr	BC
TEKT1	7.60179675244292e-06	7931	rwr	BC
RGMA	7.59548228359958e-06	7932	rwr	BC
NEUROG1	7.59426989305049e-06	7933	rwr	BC
MKKS	7.59318452525117e-06	7934	rwr	BC
OTOF	7.59276384673681e-06	7935	rwr	BC
CDK10	7.5923536599732e-06	7936	rwr	BC
COPG2	7.58470921401705e-06	7937	rwr	BC
TTBK2	7.58257515098181e-06	7938	rwr	BC
CACNA2D4	7.58124765964249e-06	7939	rwr	BC
NAGPA	7.5808103954735e-06	7940	rwr	BC
MCEE	7.57921328019061e-06	7941	rwr	BC
SPTB	7.57425641570549e-06	7942	rwr	BC
MFNG	7.57346245479703e-06	7943	rwr	BC
TCTN2	7.57239246635427e-06	7944	rwr	BC
TRIP11	7.57054922134816e-06	7945	rwr	BC
WDR1	7.57050274870948e-06	7946	rwr	BC
ASMT	7.57014741700195e-06	7947	rwr	BC
CCDC12	7.56700956893229e-06	7948	rwr	BC
POU3F3	7.56603203808386e-06	7949	rwr	BC
POFUT1	7.56592042567058e-06	7950	rwr	BC
ABCB8	7.56310207126621e-06	7951	rwr	BC
NFIX	7.56306716710157e-06	7952	rwr	BC
ANKRD31	7.56009134146137e-06	7953	rwr	BC
ACADL	7.55746960876954e-06	7954	rwr	BC
GNPDA2	7.55701677624902e-06	7955	rwr	BC
IL1RL2	7.55296254255266e-06	7956	rwr	BC
SFMBT1	7.55112234894185e-06	7957	rwr	BC
ALG12	7.55014762476749e-06	7958	rwr	BC
ZNF569	7.54935713047652e-06	7959	rwr	BC
APLP2	7.54860501114577e-06	7960	rwr	BC
USP47	7.54604020710202e-06	7961	rwr	BC
ORMDL3	7.54325644934545e-06	7962	rwr	BC
ZNF501	7.54274403678922e-06	7963	rwr	BC
PTGDS	7.54205778795154e-06	7964	rwr	BC
GRXCR2	7.54116231623005e-06	7965	rwr	BC
ORM2	7.53337295740788e-06	7966	rwr	BC
BICDL1	7.52486813096684e-06	7967	rwr	BC
ACADVL	7.52308139206146e-06	7968	rwr	BC
PISD	7.52300979083537e-06	7969	rwr	BC
SORD	7.52284233474927e-06	7970	rwr	BC
H2AB1	7.52044276540489e-06	7971	rwr	BC
NIPSNAP1	7.52004629980907e-06	7972	rwr	BC
KNDC1	7.51370469136609e-06	7973	rwr	BC
RFNG	7.51278692618232e-06	7974	rwr	BC
TGFBI	7.50701562456283e-06	7975	rwr	BC
GRM2	7.50638638233428e-06	7976	rwr	BC
HTR1F	7.50623941917788e-06	7977	rwr	BC
PTGER1	7.49916259715707e-06	7978	rwr	BC
ACOT12	7.49818088133484e-06	7979	rwr	BC
GGA2	7.49360481705031e-06	7980	rwr	BC
DPT	7.49317471416435e-06	7981	rwr	BC
TRMT6	7.49187137645372e-06	7982	rwr	BC
PDAP1	7.48945148353365e-06	7983	rwr	BC
ATP6V0A1	7.48849968100034e-06	7984	rwr	BC
CWF19L2	7.4877388871872e-06	7985	rwr	BC
NINL	7.48526949766312e-06	7986	rwr	BC
NAA15	7.48520390778177e-06	7987	rwr	BC
TMEM70	7.48433687410962e-06	7988	rwr	BC
FBLN5	7.47849925692986e-06	7989	rwr	BC
KATNAL2	7.47639400916117e-06	7990	rwr	BC
CGB5	7.47035361825678e-06	7991	rwr	BC
NDFIP2	7.46790436052274e-06	7992	rwr	BC
PEX5L	7.46539050390981e-06	7993	rwr	BC
KYAT3	7.46445557342868e-06	7994	rwr	BC
COLQ	7.46102233314626e-06	7995	rwr	BC
NFE2L3	7.45624556700755e-06	7996	rwr	BC
VPREB3	7.45401013863366e-06	7997	rwr	BC
FAM32A	7.45356152117566e-06	7998	rwr	BC
SLC12A1	7.45262369239915e-06	7999	rwr	BC
PARL	7.45063360182269e-06	8000	rwr	BC
USP35	7.44986351860642e-06	8001	rwr	BC
LIPT2	7.44949038355485e-06	8002	rwr	BC
APBA2	7.44800563693282e-06	8003	rwr	BC
NPR2	7.4454801916807e-06	8004	rwr	BC
MPP1	7.4395061353036e-06	8005	rwr	BC
SLC23A3	7.43421944113372e-06	8006	rwr	BC
ADH5	7.43338697056937e-06	8007	rwr	BC
SPAM1	7.43100763953068e-06	8008	rwr	BC
RARG	7.42903157331254e-06	8009	rwr	BC
GBE1	7.42842967777849e-06	8010	rwr	BC
MAP1LC3B2	7.42815027650357e-06	8011	rwr	BC
RGS10	7.42685649056255e-06	8012	rwr	BC
RPE65	7.42625003332754e-06	8013	rwr	BC
HAUS2	7.42071253801181e-06	8014	rwr	BC
GPD1L	7.42032808931551e-06	8015	rwr	BC
NCR3LG1	7.41948289766218e-06	8016	rwr	BC
RGS20	7.41608555093602e-06	8017	rwr	BC
RAP1GAP	7.414009195326e-06	8018	rwr	BC
LTBP3	7.41231335825875e-06	8019	rwr	BC
UACA	7.41147336661896e-06	8020	rwr	BC
KIF4B	7.4112238117842e-06	8021	rwr	BC
RRP36	7.40703210595774e-06	8022	rwr	BC
CUBN	7.40633226118485e-06	8023	rwr	BC
FBXO22	7.40616493543665e-06	8024	rwr	BC
PIN4	7.40447372468721e-06	8025	rwr	BC
EIF2B1	7.40430449765857e-06	8026	rwr	BC
FKBP10	7.39885122744741e-06	8027	rwr	BC
HTR2B	7.38775706698753e-06	8028	rwr	BC
WDCP	7.38698544050323e-06	8029	rwr	BC
PHETA2	7.38619328850517e-06	8030	rwr	BC
CYB5A	7.38379248786333e-06	8031	rwr	BC
CBR4	7.38223662023994e-06	8032	rwr	BC
LPCAT3	7.37403491519238e-06	8033	rwr	BC
TIMM13	7.37224417079445e-06	8034	rwr	BC
ZNF609	7.36828702669415e-06	8035	rwr	BC
SDSL	7.3668846288887e-06	8036	rwr	BC
KHK	7.3667268228523e-06	8037	rwr	BC
RXFP3	7.36539930665702e-06	8038	rwr	BC
OBSCN	7.36419958414306e-06	8039	rwr	BC
SLIT3	7.36236038613773e-06	8040	rwr	BC
NKX6-2	7.35892194822835e-06	8041	rwr	BC
TGM1	7.35488170017964e-06	8042	rwr	BC
TSTD1	7.35479322271782e-06	8043	rwr	BC
SEC24A	7.35395107371052e-06	8044	rwr	BC
RAB33B	7.35242511361383e-06	8045	rwr	BC
CARD6	7.34741972213381e-06	8046	rwr	BC
PHLDA2	7.3472731489119e-06	8047	rwr	BC
AKIRIN2	7.34436706284441e-06	8048	rwr	BC
COPA	7.33882051284062e-06	8049	rwr	BC
AQP2	7.33776047756787e-06	8050	rwr	BC
MC2R	7.3355458579736e-06	8051	rwr	BC
CES1	7.33386478316467e-06	8052	rwr	BC
ATP7A	7.33297139214932e-06	8053	rwr	BC
MMP25	7.32976425686201e-06	8054	rwr	BC
TNFRSF6B	7.32912713237345e-06	8055	rwr	BC
PTPRU	7.32416822464296e-06	8056	rwr	BC
ZFYVE27	7.32368119696725e-06	8057	rwr	BC
KIF13B	7.32194879483657e-06	8058	rwr	BC
PTPN21	7.32194242820455e-06	8059	rwr	BC
EIF2B5	7.31979045108335e-06	8060	rwr	BC
TAF1C	7.31247372106648e-06	8061	rwr	BC
DACT1	7.30796809604244e-06	8062	rwr	BC
SIX2	7.30651567367048e-06	8063	rwr	BC
HOMER2	7.30518927265163e-06	8064	rwr	BC
CPOX	7.30290362594959e-06	8065	rwr	BC
SEPTIN11	7.30246518342595e-06	8066	rwr	BC
CERKL	7.30210689264876e-06	8067	rwr	BC
MAJIN	7.30142519320422e-06	8068	rwr	BC
L2HGDH	7.30117594908976e-06	8069	rwr	BC
LTBP1	7.30011837722772e-06	8070	rwr	BC
RCVRN	7.30010469966868e-06	8071	rwr	BC
ENPEP	7.29972034566601e-06	8072	rwr	BC
UROS	7.29876248440509e-06	8073	rwr	BC
CIZ1	7.29844574960288e-06	8074	rwr	BC
TRIM11	7.29782088406219e-06	8075	rwr	BC
SLC45A3	7.29635156705566e-06	8076	rwr	BC
ANKS6	7.29627238411582e-06	8077	rwr	BC
HSD17B3	7.29589347436976e-06	8078	rwr	BC
ATXN1L	7.29266023315649e-06	8079	rwr	BC
PACRG	7.29019223885908e-06	8080	rwr	BC
WNK4	7.29002372089535e-06	8081	rwr	BC
RREB1	7.28589221699221e-06	8082	rwr	BC
ADAMTSL3	7.28420523939293e-06	8083	rwr	BC
CD2BP2	7.28410410045958e-06	8084	rwr	BC
SPTBN5	7.28352566305509e-06	8085	rwr	BC
MTNR1A	7.28232834207744e-06	8086	rwr	BC
TNS4	7.28214909302426e-06	8087	rwr	BC
SDS	7.28145166737683e-06	8088	rwr	BC
TBX1	7.28059832828068e-06	8089	rwr	BC
BMX	7.28017712536028e-06	8090	rwr	BC
ACOT2	7.2739870561983e-06	8091	rwr	BC
SBDS	7.27369816671162e-06	8092	rwr	BC
ADRA1A	7.27359854279537e-06	8093	rwr	BC
PAFAH2	7.27003235633556e-06	8094	rwr	BC
UBAP2	7.26757201404431e-06	8095	rwr	BC
ROBO4	7.26454846515617e-06	8096	rwr	BC
MMP17	7.26252229993976e-06	8097	rwr	BC
CSNK2B-2	7.26082709321777e-06	8098	rwr	BC
ABCB6	7.25606522593245e-06	8099	rwr	BC
PAK1IP1	7.2551078642632e-06	8100	rwr	BC
APOO	7.25454088995365e-06	8101	rwr	BC
SPTLC2	7.24754833657428e-06	8102	rwr	BC
MTFMT	7.24680542756556e-06	8103	rwr	BC
WIZ	7.24679538523346e-06	8104	rwr	BC
WDR25	7.24342834817033e-06	8105	rwr	BC
FSTL1	7.24244086394017e-06	8106	rwr	BC
GUCA1B	7.2419556512142e-06	8107	rwr	BC
MMP15	7.23865284339995e-06	8108	rwr	BC
MRI1	7.23857394670112e-06	8109	rwr	BC
CYB5B	7.23772525048644e-06	8110	rwr	BC
NAA80	7.23653334584566e-06	8111	rwr	BC
MIER1	7.23628295141167e-06	8112	rwr	BC
SERPIND1	7.2355390634508e-06	8113	rwr	BC
EFHC2	7.23548201118056e-06	8114	rwr	BC
DPM2	7.23451338432651e-06	8115	rwr	BC
EI24	7.22375184670825e-06	8116	rwr	BC
MYBPC2	7.21995024699521e-06	8117	rwr	BC
H1-7	7.21991492023306e-06	8118	rwr	BC
NIPA1	7.21695619718407e-06	8119	rwr	BC
IGHV3-11	7.21432308210928e-06	8120	rwr	BC
AP1S3	7.21291822609074e-06	8121	rwr	BC
GPRC6A	7.2123941821051e-06	8122	rwr	BC
ZNF521	7.20973108895699e-06	8123	rwr	BC
NAT1	7.20913242506883e-06	8124	rwr	BC
SERPINE2	7.2090048701562e-06	8125	rwr	BC
SLC30A4	7.20824161235927e-06	8126	rwr	BC
TMEM107	7.20663378139376e-06	8127	rwr	BC
VTCN1	7.20636845489283e-06	8128	rwr	BC
TAZ	7.2054110085565e-06	8129	rwr	BC
NXF2B	7.20371874920992e-06	8130	rwr	BC
ACKR4	7.20167035332162e-06	8131	rwr	BC
INA	7.20164452838926e-06	8132	rwr	BC
RAB7B	7.20157999179102e-06	8133	rwr	BC
CCNG2	7.19836682093139e-06	8134	rwr	BC
AP3D1	7.19829220285007e-06	8135	rwr	BC
CEP295	7.19763777177215e-06	8136	rwr	BC
F2RL1	7.19573300845739e-06	8137	rwr	BC
TPO	7.19537174563822e-06	8138	rwr	BC
ATP6V0A4	7.19398512731354e-06	8139	rwr	BC
SEPTIN1	7.18359597181069e-06	8140	rwr	BC
RGS5	7.18195227960643e-06	8141	rwr	BC
ADI1	7.17698301717331e-06	8142	rwr	BC
SCN3B	7.17518164602977e-06	8143	rwr	BC
EBI3	7.1750609418597e-06	8144	rwr	BC
D2HGDH	7.17479291011635e-06	8145	rwr	BC
FFAR1	7.173542721839e-06	8146	rwr	BC
CORO1A	7.17087103680146e-06	8147	rwr	BC
CASS4	7.16956251460992e-06	8148	rwr	BC
PHAX	7.16924476623302e-06	8149	rwr	BC
KCNU1	7.16812616305712e-06	8150	rwr	BC
SLCO1B1	7.16748598317555e-06	8151	rwr	BC
FMNL3	7.16535322231186e-06	8152	rwr	BC
FERMT1	7.16211520293487e-06	8153	rwr	BC
BHMT2	7.16131651652144e-06	8154	rwr	BC
SPTLC3	7.16061089923993e-06	8155	rwr	BC
CBR1	7.16024761691675e-06	8156	rwr	BC
ACOT1	7.15982623902745e-06	8157	rwr	BC
SEPTIN8	7.15679716249333e-06	8158	rwr	BC
SLC3A1	7.15353979717838e-06	8159	rwr	BC
SETBP1	7.14815244727509e-06	8160	rwr	BC
SH3GLB2	7.14780977779283e-06	8161	rwr	BC
MRPS36	7.14539960799976e-06	8162	rwr	BC
TEF	7.14212425150012e-06	8163	rwr	BC
TSTD3	7.14003936382616e-06	8164	rwr	BC
TCERG1L	7.13987011062202e-06	8165	rwr	BC
NLRP10	7.13886169647891e-06	8166	rwr	BC
SDE2	7.13758087619128e-06	8167	rwr	BC
SSH3	7.13553645690154e-06	8168	rwr	BC
CFAP53	7.13282973479962e-06	8169	rwr	BC
DBH	7.13240388537254e-06	8170	rwr	BC
IMMP1L	7.13066031159214e-06	8171	rwr	BC
AZU1	7.13039926965908e-06	8172	rwr	BC
TIMM8A	7.1254067187046e-06	8173	rwr	BC
GRM3	7.12532371687846e-06	8174	rwr	BC
CCAR1	7.12406160574367e-06	8175	rwr	BC
NMU	7.12365701706587e-06	8176	rwr	BC
SHISA9	7.12211137534162e-06	8177	rwr	BC
UNC45B	7.12086051844148e-06	8178	rwr	BC
IGHV3-72	7.11849871980848e-06	8179	rwr	BC
NOS1AP	7.11180819040854e-06	8180	rwr	BC
FGF11	7.10980096703545e-06	8181	rwr	BC
SLC1A2	7.10873318378925e-06	8182	rwr	BC
PIGV	7.10816591501993e-06	8183	rwr	BC
KCND3	7.10564433144479e-06	8184	rwr	BC
TAS1R1	7.10538106336739e-06	8185	rwr	BC
CRIPT	7.10502315776387e-06	8186	rwr	BC
PACSIN1	7.10357923097029e-06	8187	rwr	BC
MICALL1	7.09723203004544e-06	8188	rwr	BC
UBE2Z	7.09385984132055e-06	8189	rwr	BC
AKR1A1	7.09337809275163e-06	8190	rwr	BC
SMCO1	7.09014740357382e-06	8191	rwr	BC
UGT2A3	7.08995387509207e-06	8192	rwr	BC
CATSPER2	7.08965411500294e-06	8193	rwr	BC
TM4SF1	7.08924041440114e-06	8194	rwr	BC
COQ8A	7.088884746719e-06	8195	rwr	BC
MPND	7.08881143210156e-06	8196	rwr	BC
HOXA7	7.08776683545645e-06	8197	rwr	BC
PIGY	7.08750231077067e-06	8198	rwr	BC
SCLT1	7.08335973403267e-06	8199	rwr	BC
ARCN1	7.07985718781568e-06	8200	rwr	BC
CDC42EP4	7.07787789159411e-06	8201	rwr	BC
CHDH	7.07754360724877e-06	8202	rwr	BC
CRMP1	7.07591838741762e-06	8203	rwr	BC
USPL1	7.07591497756039e-06	8204	rwr	BC
KCNMB1	7.07519786435986e-06	8205	rwr	BC
LDLRAP1	7.07208626487596e-06	8206	rwr	BC
MAP3K12	7.06657175895746e-06	8207	rwr	BC
SLC5A5	7.066069746068e-06	8208	rwr	BC
AVPR1A	7.06496391194191e-06	8209	rwr	BC
NID2	7.06310031938097e-06	8210	rwr	BC
SEC23A	7.0598322247414e-06	8211	rwr	BC
GBP5	7.05943973324432e-06	8212	rwr	BC
NAPRT	7.05894231491362e-06	8213	rwr	BC
PIGW	7.05892905759588e-06	8214	rwr	BC
CTPS2	7.05545596565135e-06	8215	rwr	BC
UGT2B28	7.054052825618e-06	8216	rwr	BC
VPS37D	7.05150031234421e-06	8217	rwr	BC
CCZ1B	7.05097908907031e-06	8218	rwr	BC
RHPN1	7.04958742318732e-06	8219	rwr	BC
ZFHX3	7.04522331680428e-06	8220	rwr	BC
COG3	7.04423878458079e-06	8221	rwr	BC
RERE	7.04403570071594e-06	8222	rwr	BC
MTX2	7.04336648078519e-06	8223	rwr	BC
PEG3	7.04254214579105e-06	8224	rwr	BC
WNK3	7.03729815007203e-06	8225	rwr	BC
ADAMTS3	7.03619577594261e-06	8226	rwr	BC
GNB1L	7.03416439437279e-06	8227	rwr	BC
HMOX2	7.03304727844036e-06	8228	rwr	BC
BSCL2	7.0323404071087e-06	8229	rwr	BC
CTSO	7.03153821837143e-06	8230	rwr	BC
SLC51B	7.03109873942063e-06	8231	rwr	BC
APOOL	7.02602118506585e-06	8232	rwr	BC
AGPS	7.02589291031558e-06	8233	rwr	BC
EHD1	7.02433444839501e-06	8234	rwr	BC
PAM16	7.01938644046079e-06	8235	rwr	BC
ATP4A	7.01828049102801e-06	8236	rwr	BC
SEMA5A	7.017160693971e-06	8237	rwr	BC
NKD2	7.01119523368741e-06	8238	rwr	BC
MFF	7.01056684119534e-06	8239	rwr	BC
CYP2U1	7.00803356229479e-06	8240	rwr	BC
DPPA4	7.00771410170227e-06	8241	rwr	BC
BMP2K	7.00659342225874e-06	8242	rwr	BC
MS4A6A	7.00413934371063e-06	8243	rwr	BC
CPT2	7.00100609382877e-06	8244	rwr	BC
GRID2	6.99901154532672e-06	8245	rwr	BC
RAMP2	6.99515204117575e-06	8246	rwr	BC
EXOSC6	6.99325691268901e-06	8247	rwr	BC
SORCS2	6.99179044483383e-06	8248	rwr	BC
BBIP1	6.98582068102152e-06	8249	rwr	BC
RSU1	6.9851699549343e-06	8250	rwr	BC
FRAT2	6.98267570703574e-06	8251	rwr	BC
CRTC1	6.9816337500347e-06	8252	rwr	BC
TNS2	6.97895042201226e-06	8253	rwr	BC
MYH7B	6.97846864044581e-06	8254	rwr	BC
POU3F2	6.9750180352829e-06	8255	rwr	BC
NDRG2	6.96521594552235e-06	8256	rwr	BC
ADH4	6.96378068130738e-06	8257	rwr	BC
TNR	6.96293555339826e-06	8258	rwr	BC
SPRR3	6.95707982181139e-06	8259	rwr	BC
CPE	6.95597569808189e-06	8260	rwr	BC
ZC3H3	6.95434416414809e-06	8261	rwr	BC
AP5Z1	6.95209547198931e-06	8262	rwr	BC
BOLA2	6.95178042873278e-06	8263	rwr	BC
FTL	6.95058942514607e-06	8264	rwr	BC
UGT2B10	6.94709937324562e-06	8265	rwr	BC
BANK1	6.94684221177265e-06	8266	rwr	BC
TEKT2	6.94212031461136e-06	8267	rwr	BC
IL25	6.93841676982098e-06	8268	rwr	BC
GYG2	6.93817855815459e-06	8269	rwr	BC
LPAR6	6.93799029310274e-06	8270	rwr	BC
AKAP11	6.93690426647203e-06	8271	rwr	BC
NRXN3	6.93429424459072e-06	8272	rwr	BC
PIGQ	6.9338830648553e-06	8273	rwr	BC
HOXB4	6.93268082020149e-06	8274	rwr	BC
HSD17B6	6.93247455592119e-06	8275	rwr	BC
TEFM	6.93073693040122e-06	8276	rwr	BC
LRTOMT	6.92945448494718e-06	8277	rwr	BC
ALDH3B1	6.9287438325999e-06	8278	rwr	BC
CDKN2AIP	6.92352594721516e-06	8279	rwr	BC
TRIM31	6.92287086073603e-06	8280	rwr	BC
GDF3	6.91525310780035e-06	8281	rwr	BC
PFN2	6.91478171945301e-06	8282	rwr	BC
SP3	6.91452151830541e-06	8283	rwr	BC
ERP29	6.91345033482465e-06	8284	rwr	BC
FYCO1	6.91258101049429e-06	8285	rwr	BC
SLC12A3	6.91117662080384e-06	8286	rwr	BC
DEFA4	6.91115541320923e-06	8287	rwr	BC
LIPG	6.91038354710318e-06	8288	rwr	BC
MAN1B1	6.90687122236744e-06	8289	rwr	BC
FNDC5	6.9036821244179e-06	8290	rwr	BC
EML1	6.89959571995627e-06	8291	rwr	BC
SEMA3C	6.8984706264804e-06	8292	rwr	BC
PABPC4	6.89444719133828e-06	8293	rwr	BC
P3H1	6.89358306482435e-06	8294	rwr	BC
GNE	6.89152090845453e-06	8295	rwr	BC
TFCP2	6.88986629872531e-06	8296	rwr	BC
PRDM2	6.88948439615559e-06	8297	rwr	BC
LAMB4	6.88858667492475e-06	8298	rwr	BC
WDR45	6.8854402859231e-06	8299	rwr	BC
TMC1	6.88441030372439e-06	8300	rwr	BC
EPG5	6.88402174094068e-06	8301	rwr	BC
TMEM189	6.88353808940291e-06	8302	rwr	BC
SC5D	6.88176027728917e-06	8303	rwr	BC
ALKBH1	6.88076749474541e-06	8304	rwr	BC
LTBP2	6.8804897715026e-06	8305	rwr	BC
CDC42BPA	6.87914608163298e-06	8306	rwr	BC
FBXW12	6.87392634945515e-06	8307	rwr	BC
STX11	6.87207981512187e-06	8308	rwr	BC
CATSPER3	6.87084166304452e-06	8309	rwr	BC
C1QC	6.8703332439436e-06	8310	rwr	BC
CTDSP1	6.8702055211886e-06	8311	rwr	BC
CD8B2	6.87017554328789e-06	8312	rwr	BC
RNF25	6.86262779440067e-06	8313	rwr	BC
MLN	6.86237279070047e-06	8314	rwr	BC
MEPE	6.86034931376551e-06	8315	rwr	BC
CLEC11A	6.85971567338233e-06	8316	rwr	BC
RECK	6.85961394288997e-06	8317	rwr	BC
TBX20	6.85849996373922e-06	8318	rwr	BC
CRYZ	6.85672515245398e-06	8319	rwr	BC
FGD1	6.85396097801718e-06	8320	rwr	BC
HBB	6.85177702116429e-06	8321	rwr	BC
FBXO31	6.8499188095721e-06	8322	rwr	BC
SELENON	6.84790239810184e-06	8323	rwr	BC
TBC1D5	6.84703416813114e-06	8324	rwr	BC
TREM1	6.83851173077125e-06	8325	rwr	BC
GLRX2	6.83820791826734e-06	8326	rwr	BC
CHCHD6	6.83507156383103e-06	8327	rwr	BC
DOK3	6.83477297564458e-06	8328	rwr	BC
RPRD2	6.8307111753765e-06	8329	rwr	BC
MYO10	6.82966421721083e-06	8330	rwr	BC
SPICE1	6.8258498028097e-06	8331	rwr	BC
CEP350	6.81901107055159e-06	8332	rwr	BC
CRTAM	6.81877330364667e-06	8333	rwr	BC
ANGPTL3	6.81743068846876e-06	8334	rwr	BC
PLS3	6.81620093694128e-06	8335	rwr	BC
MXD4	6.81187845565906e-06	8336	rwr	BC
UGT1A5	6.81010586004652e-06	8337	rwr	BC
GPD1	6.80780374271915e-06	8338	rwr	BC
LUC7L	6.8058044690904e-06	8339	rwr	BC
CYP4X1	6.8052667717308e-06	8340	rwr	BC
SIPA1	6.80436800540545e-06	8341	rwr	BC
DSPP	6.80120030916172e-06	8342	rwr	BC
MINDY3	6.7992791909111e-06	8343	rwr	BC
AGK	6.7975367960603e-06	8344	rwr	BC
TIPARP	6.7907357966785e-06	8345	rwr	BC
ADGRV1	6.79015220313445e-06	8346	rwr	BC
COBL	6.78658109281227e-06	8347	rwr	BC
UGT2B11	6.78641926469385e-06	8348	rwr	BC
STX8	6.78457509967908e-06	8349	rwr	BC
PNOC	6.7839475069336e-06	8350	rwr	BC
COL15A1	6.77851649272034e-06	8351	rwr	BC
APOC4	6.77847018202026e-06	8352	rwr	BC
C6orf52	6.77770968211871e-06	8353	rwr	BC
ZNF274	6.77666143838836e-06	8354	rwr	BC
RSPO3	6.7762940918475e-06	8355	rwr	BC
NXF3	6.77525836908015e-06	8356	rwr	BC
TDRD1	6.7735441849995e-06	8357	rwr	BC
C1GALT1	6.77316315611608e-06	8358	rwr	BC
SLC25A46	6.76484052142339e-06	8359	rwr	BC
ANXA6	6.76338384359078e-06	8360	rwr	BC
VPS41	6.76327666194577e-06	8361	rwr	BC
TRAPPC4	6.75577206701403e-06	8362	rwr	BC
COA3	6.75567320362574e-06	8363	rwr	BC
AP1S2	6.75357072133445e-06	8364	rwr	BC
CACNA2D3	6.75232722384801e-06	8365	rwr	BC
USP49	6.75125618301047e-06	8366	rwr	BC
SGCA	6.75123649398536e-06	8367	rwr	BC
VPS33B	6.74575883943001e-06	8368	rwr	BC
DNAJB12	6.74399366593717e-06	8369	rwr	BC
NTAN1	6.74359908456289e-06	8370	rwr	BC
RAD54L2	6.73869938306272e-06	8371	rwr	BC
ASAP2	6.73859581319497e-06	8372	rwr	BC
NPY1R	6.73661510603255e-06	8373	rwr	BC
RC3H1	6.73100924114592e-06	8374	rwr	BC
GDF1	6.72982783243058e-06	8375	rwr	BC
APOBEC1	6.72787539616304e-06	8376	rwr	BC
HOOK1	6.72670618895103e-06	8377	rwr	BC
RGS2	6.72644524220855e-06	8378	rwr	BC
SPG11	6.72445111812354e-06	8379	rwr	BC
HAUS5	6.72429497487932e-06	8380	rwr	BC
ME3	6.72341364868818e-06	8381	rwr	BC
LRRFIP1	6.72240154566366e-06	8382	rwr	BC
MCHR1	6.71956228272012e-06	8383	rwr	BC
SLC45A2	6.71880154963642e-06	8384	rwr	BC
NAT2	6.71530016618444e-06	8385	rwr	BC
CHAC2	6.71506974984753e-06	8386	rwr	BC
TMBIM4	6.71473046098322e-06	8387	rwr	BC
CEP89	6.70826077457038e-06	8388	rwr	BC
TSN	6.70657889088353e-06	8389	rwr	BC
PARL-2	6.70327049833057e-06	8390	rwr	BC
DISP1	6.7024604062148e-06	8391	rwr	BC
RBFA	6.70045863642414e-06	8392	rwr	BC
NSDHL	6.70027052529588e-06	8393	rwr	BC
CFAP45	6.69922620689484e-06	8394	rwr	BC
ZGRF1	6.6975889861771e-06	8395	rwr	BC
IER2	6.69547498417878e-06	8396	rwr	BC
ITGB1BP2	6.69365911487682e-06	8397	rwr	BC
PDIK1L	6.6920150252255e-06	8398	rwr	BC
ATP6V1E2	6.68996689153574e-06	8399	rwr	BC
PIGT	6.68912987973994e-06	8400	rwr	BC
SHQ1	6.68661459219079e-06	8401	rwr	BC
RAB29	6.68429776667481e-06	8402	rwr	BC
RBM4	6.68345530473806e-06	8403	rwr	BC
LILRA1	6.68341837383112e-06	8404	rwr	BC
RALGAPB	6.68286303623243e-06	8405	rwr	BC
SSNA1	6.68010053072044e-06	8406	rwr	BC
RBM42	6.67667104174999e-06	8407	rwr	BC
PIGK	6.67465386814262e-06	8408	rwr	BC
DCSTAMP	6.67346568226346e-06	8409	rwr	BC
SIGLEC9	6.6733912669605e-06	8410	rwr	BC
KIF21A	6.67311929264157e-06	8411	rwr	BC
THAP1	6.6689544781679e-06	8412	rwr	BC
GOLGA5	6.66533034519881e-06	8413	rwr	BC
TMPRSS15	6.66487960456217e-06	8414	rwr	BC
SCD5	6.66375029115061e-06	8415	rwr	BC
NEU1	6.66042431050633e-06	8416	rwr	BC
ADAMTS12	6.66008894681992e-06	8417	rwr	BC
CLSTN1	6.65851774526526e-06	8418	rwr	BC
IGHV3-15	6.65658088563917e-06	8419	rwr	BC
HOXB5	6.65465561836852e-06	8420	rwr	BC
RBP4	6.65152189185884e-06	8421	rwr	BC
GDA	6.65116835387798e-06	8422	rwr	BC
SRD5A1	6.65046790548334e-06	8423	rwr	BC
HOGA1	6.64970553831175e-06	8424	rwr	BC
SLCO1A2	6.64862840278724e-06	8425	rwr	BC
SPATA46	6.64794665698955e-06	8426	rwr	BC
TAX1BP3	6.64790609291525e-06	8427	rwr	BC
BLOC1S5	6.64757666767592e-06	8428	rwr	BC
HOMER3	6.64105668046941e-06	8429	rwr	BC
ANKRA2	6.63880675392964e-06	8430	rwr	BC
ABAT	6.63782620624675e-06	8431	rwr	BC
AKR1C1	6.63622785613914e-06	8432	rwr	BC
CYP11B1	6.63603681062983e-06	8433	rwr	BC
SERPINF1	6.62683825337241e-06	8434	rwr	BC
TDRD9	6.6267786720336e-06	8435	rwr	BC
GBP2	6.62561835519791e-06	8436	rwr	BC
ZNF326	6.62492841185104e-06	8437	rwr	BC
PEMT	6.62447733364457e-06	8438	rwr	BC
MPP6	6.62258800614777e-06	8439	rwr	BC
PHYH	6.62125936341519e-06	8440	rwr	BC
SCUBE3	6.62065656374908e-06	8441	rwr	BC
NOL12	6.61687759655176e-06	8442	rwr	BC
GRIN3B	6.61654228294908e-06	8443	rwr	BC
SLC25A20	6.61654199027525e-06	8444	rwr	BC
OPRD1	6.61550389406406e-06	8445	rwr	BC
RMND5A	6.60964258715742e-06	8446	rwr	BC
WDR60	6.60700903282132e-06	8447	rwr	BC
FRRS1L	6.60544852498896e-06	8448	rwr	BC
PLOD3	6.59944589093169e-06	8449	rwr	BC
POU2F3	6.59162407438916e-06	8450	rwr	BC
NEUROD2	6.59050598103613e-06	8451	rwr	BC
SLC22A18	6.58982373566708e-06	8452	rwr	BC
ZSCAN10	6.58508307516453e-06	8453	rwr	BC
AP5M1	6.5849178008909e-06	8454	rwr	BC
CACNB1	6.58416813170882e-06	8455	rwr	BC
LIAS	6.58169993301292e-06	8456	rwr	BC
DIS3	6.57993969429319e-06	8457	rwr	BC
SPINT1	6.57032284473085e-06	8458	rwr	BC
REEP1	6.56973564924979e-06	8459	rwr	BC
EFHB	6.56553912569799e-06	8460	rwr	BC
PJVK	6.56337409543656e-06	8461	rwr	BC
SCN2B	6.56153046188785e-06	8462	rwr	BC
DRG2	6.55991399354305e-06	8463	rwr	BC
KLRC3-2	6.55869718004745e-06	8464	rwr	BC
KLRF1	6.55710103102672e-06	8465	rwr	BC
MTIF3	6.55630146959616e-06	8466	rwr	BC
OSBPL5	6.55469067097951e-06	8467	rwr	BC
KCTD1	6.55456516641748e-06	8468	rwr	BC
PRPF40B	6.552900583379e-06	8469	rwr	BC
RNF126	6.55195388786077e-06	8470	rwr	BC
SEPTIN12	6.5515778734263e-06	8471	rwr	BC
SRD5A2	6.55137608180326e-06	8472	rwr	BC
PDLIM4	6.5505175189268e-06	8473	rwr	BC
RBM20	6.54991437871596e-06	8474	rwr	BC
PIGO	6.54690516512972e-06	8475	rwr	BC
KHDRBS3	6.54643112507532e-06	8476	rwr	BC
LAX1	6.54641075275574e-06	8477	rwr	BC
ARHGEF25	6.54160444171674e-06	8478	rwr	BC
APLN	6.53370991253181e-06	8479	rwr	BC
PRB4	6.53226656384946e-06	8480	rwr	BC
SCAF8	6.53203143755767e-06	8481	rwr	BC
PPP1R2	6.52959406780836e-06	8482	rwr	BC
HSD11B2	6.52701778997757e-06	8483	rwr	BC
ORAI2	6.52569727385434e-06	8484	rwr	BC
PRPF18	6.52531767960366e-06	8485	rwr	BC
MYLIP	6.5242690333837e-06	8486	rwr	BC
USO1	6.52356057736398e-06	8487	rwr	BC
PGLYRP1	6.52286233160683e-06	8488	rwr	BC
MYO18B	6.52262507183515e-06	8489	rwr	BC
NOTO	6.52169167990746e-06	8490	rwr	BC
ZIC2	6.51745504647768e-06	8491	rwr	BC
UGT2A2	6.51711612870948e-06	8492	rwr	BC
PMVK	6.51346230510012e-06	8493	rwr	BC
KIF19	6.50938994095107e-06	8494	rwr	BC
GPSM1	6.50935079264941e-06	8495	rwr	BC
RAMP3	6.50877051281981e-06	8496	rwr	BC
MBD5	6.50656022339072e-06	8497	rwr	BC
BPY2B	6.5040693460907e-06	8498	rwr	BC
BPY2C	6.5040693460907e-06	8499	rwr	BC
CORO7-PAM16	6.50350901510502e-06	8500	rwr	BC
ANKZF1	6.50263570732163e-06	8501	rwr	BC
TBC1D20	6.5026354949218e-06	8502	rwr	BC
PKHD1	6.50232116765727e-06	8503	rwr	BC
ERMARD	6.50168611555444e-06	8504	rwr	BC
SLC17A6	6.50141024569787e-06	8505	rwr	BC
TEKT3	6.49909290470448e-06	8506	rwr	BC
PLEKHM2	6.49873020013735e-06	8507	rwr	BC
CATSPER1	6.49286075497287e-06	8508	rwr	BC
ACOT4	6.49269816666067e-06	8509	rwr	BC
HSD17B1	6.49256973385466e-06	8510	rwr	BC
C1GALT1C1	6.49121542263887e-06	8511	rwr	BC
ABCA6	6.49015240457336e-06	8512	rwr	BC
RAB32	6.48911713757676e-06	8513	rwr	BC
CLDN17	6.48872246006286e-06	8514	rwr	BC
GJA8	6.48841406525819e-06	8515	rwr	BC
CLNS1A	6.48749351195562e-06	8516	rwr	BC
PLOD2	6.48264886859508e-06	8517	rwr	BC
TPCN1	6.4815265674302e-06	8518	rwr	BC
DUX4	6.48013430605486e-06	8519	rwr	BC
MSRB1	6.47748764110323e-06	8520	rwr	BC
FAM161A	6.4752142501747e-06	8521	rwr	BC
VAMP1	6.47385625279864e-06	8522	rwr	BC
MLX	6.47189146774349e-06	8523	rwr	BC
ZFP57	6.46964745967383e-06	8524	rwr	BC
KPNA5	6.46928340902579e-06	8525	rwr	BC
LPAR4	6.46887715915236e-06	8526	rwr	BC
LRAT	6.46739670930001e-06	8527	rwr	BC
ATP2B3	6.45985944566581e-06	8528	rwr	BC
KCNA4	6.45853339468717e-06	8529	rwr	BC
KTN1	6.45739762225223e-06	8530	rwr	BC
PNPLA7	6.45206688326319e-06	8531	rwr	BC
MICOS10	6.4514608454827e-06	8532	rwr	BC
PRELID1	6.45067226765131e-06	8533	rwr	BC
CHKB	6.44937000057602e-06	8534	rwr	BC
RPN2	6.44617487759402e-06	8535	rwr	BC
GIGYF1	6.4453722316189e-06	8536	rwr	BC
UBXN10	6.44523953589364e-06	8537	rwr	BC
DHRS11	6.44182657841601e-06	8538	rwr	BC
NAT8L	6.43613447720663e-06	8539	rwr	BC
GSDMB	6.43105586942359e-06	8540	rwr	BC
DCP1B	6.42982233612631e-06	8541	rwr	BC
AVPR1B	6.42573759310503e-06	8542	rwr	BC
PACS1	6.42569664612897e-06	8543	rwr	BC
CLEC4C	6.42448367991898e-06	8544	rwr	BC
GALM	6.42018389069494e-06	8545	rwr	BC
LGALS8	6.41886216497463e-06	8546	rwr	BC
TMC6	6.41822732184265e-06	8547	rwr	BC
HBG2	6.41418428623956e-06	8548	rwr	BC
GBF1	6.40871331426517e-06	8549	rwr	BC
PYCR1	6.40846198555163e-06	8550	rwr	BC
CLDN25	6.40494786685894e-06	8551	rwr	BC
PCYOX1	6.40467644050192e-06	8552	rwr	BC
PIGC	6.40443899030129e-06	8553	rwr	BC
DPYSL5	6.40293484380692e-06	8554	rwr	BC
IL36RN	6.40235386228273e-06	8555	rwr	BC
ROR1	6.40225071728736e-06	8556	rwr	BC
C9orf116	6.40077129243618e-06	8557	rwr	BC
HIRIP3	6.39891742271194e-06	8558	rwr	BC
NBEA	6.39517595123815e-06	8559	rwr	BC
BORCS6	6.39517115165252e-06	8560	rwr	BC
TCN2	6.39465603987791e-06	8561	rwr	BC
HIVEP3	6.39285006749651e-06	8562	rwr	BC
CLCF1	6.3910201928921e-06	8563	rwr	BC
HAUS3	6.38212349043515e-06	8564	rwr	BC
MKRN3	6.38048121983302e-06	8565	rwr	BC
RAP1GAP2	6.37755288928333e-06	8566	rwr	BC
AP4S1	6.37268276282932e-06	8567	rwr	BC
SGCE	6.36976489403383e-06	8568	rwr	BC
S100A11	6.36968389516664e-06	8569	rwr	BC
DCPS	6.36932800394167e-06	8570	rwr	BC
KCNMB4	6.36641325082032e-06	8571	rwr	BC
OSCAR	6.36565304698632e-06	8572	rwr	BC
SRCIN1	6.36557432266815e-06	8573	rwr	BC
OARD1	6.36515197321868e-06	8574	rwr	BC
PTGES2	6.36417409951347e-06	8575	rwr	BC
MMP24	6.36368311880343e-06	8576	rwr	BC
ALAD	6.36359667195758e-06	8577	rwr	BC
SLK	6.36031264455718e-06	8578	rwr	BC
SH2D1B	6.36013515770801e-06	8579	rwr	BC
RAB3GAP1	6.35949280650395e-06	8580	rwr	BC
CTRL	6.3566026709484e-06	8581	rwr	BC
LCA5	6.35651974709526e-06	8582	rwr	BC
RNF128	6.35587836218346e-06	8583	rwr	BC
SNX18	6.35433826816851e-06	8584	rwr	BC
SLAMF7	6.35207290369987e-06	8585	rwr	BC
ERF	6.35147043921824e-06	8586	rwr	BC
RIC8A	6.35091105285405e-06	8587	rwr	BC
CALCA	6.34985938583619e-06	8588	rwr	BC
CALU	6.34749631365302e-06	8589	rwr	BC
ARID5B	6.34747281864458e-06	8590	rwr	BC
ABCC4	6.34586288327815e-06	8591	rwr	BC
ARHGEF15	6.34249814452574e-06	8592	rwr	BC
RGS17	6.34087327364207e-06	8593	rwr	BC
ACP6	6.33727659827612e-06	8594	rwr	BC
STAC3	6.33386536625965e-06	8595	rwr	BC
EDEM2	6.3295845630122e-06	8596	rwr	BC
EDAR	6.32856839953331e-06	8597	rwr	BC
CCDC14	6.3261231347517e-06	8598	rwr	BC
LHPP	6.32518410811431e-06	8599	rwr	BC
SNX17	6.32413577725793e-06	8600	rwr	BC
NCS1	6.32402104597345e-06	8601	rwr	BC
HM13	6.31908475183725e-06	8602	rwr	BC
RNF13	6.31892301508359e-06	8603	rwr	BC
WDR4	6.3161674031435e-06	8604	rwr	BC
CFB	6.3144959953367e-06	8605	rwr	BC
MASP2	6.3128342498587e-06	8606	rwr	BC
ZHX2	6.30446277986317e-06	8607	rwr	BC
PRICKLE2	6.30292766175119e-06	8608	rwr	BC
IQSEC1	6.30272472665028e-06	8609	rwr	BC
CD55	6.29872073085667e-06	8610	rwr	BC
CFAP126	6.29802287329535e-06	8611	rwr	BC
LPAR5	6.29497006863182e-06	8612	rwr	BC
MYO1F	6.29377124379129e-06	8613	rwr	BC
FCRL3	6.29284272169918e-06	8614	rwr	BC
RHOT2	6.29249744301999e-06	8615	rwr	BC
KLHDC1	6.2918731512314e-06	8616	rwr	BC
PTOV1	6.29021628051714e-06	8617	rwr	BC
GABRA5	6.28968113363149e-06	8618	rwr	BC
CUEDC2	6.28785715078921e-06	8619	rwr	BC
CPLX1	6.28456916028298e-06	8620	rwr	BC
LRFN3	6.28238519921368e-06	8621	rwr	BC
GEMIN2	6.28080683441521e-06	8622	rwr	BC
CEBPE	6.27962903124928e-06	8623	rwr	BC
METTL15	6.27284165120144e-06	8624	rwr	BC
CAMSAP3	6.27222189001967e-06	8625	rwr	BC
KRT2	6.26880308203367e-06	8626	rwr	BC
STARD13	6.26802157516584e-06	8627	rwr	BC
ARX	6.26625735450025e-06	8628	rwr	BC
TACR3	6.26602566810875e-06	8629	rwr	BC
VGLL4	6.26041461350759e-06	8630	rwr	BC
PMEPA1	6.25837381206033e-06	8631	rwr	BC
TSNAX	6.25709384288544e-06	8632	rwr	BC
GABRG2	6.25697342927147e-06	8633	rwr	BC
SLC30A1	6.25678776309091e-06	8634	rwr	BC
DMPK	6.25323480153443e-06	8635	rwr	BC
LMOD1	6.24915952516509e-06	8636	rwr	BC
CTDSP2	6.24881893155425e-06	8637	rwr	BC
GALE	6.24808436082216e-06	8638	rwr	BC
CLIC4	6.24669569683189e-06	8639	rwr	BC
SNRNP27	6.24666371788134e-06	8640	rwr	BC
CLCN5	6.24345513214702e-06	8641	rwr	BC
CDK11B	6.24175827710334e-06	8642	rwr	BC
VGF	6.23906785504604e-06	8643	rwr	BC
ARHGEF16	6.23658259338517e-06	8644	rwr	BC
ENOPH1	6.2357500684471e-06	8645	rwr	BC
PDE4DIP	6.23560599183215e-06	8646	rwr	BC
CNPY3	6.23404167596087e-06	8647	rwr	BC
SPR	6.23019427966827e-06	8648	rwr	BC
PRPS1	6.22854301701878e-06	8649	rwr	BC
MMAB	6.22749755368686e-06	8650	rwr	BC
APOBEC3D	6.22725473949249e-06	8651	rwr	BC
ALDH1L1	6.22687675134724e-06	8652	rwr	BC
CRYBB3	6.22683527980089e-06	8653	rwr	BC
ZFY	6.22642139800728e-06	8654	rwr	BC
ILVBL	6.22541073167598e-06	8655	rwr	BC
SEC23B	6.22509208678499e-06	8656	rwr	BC
TRAPPC9	6.22179780344605e-06	8657	rwr	BC
APOD	6.22032922845468e-06	8658	rwr	BC
CTAG2	6.21978054927496e-06	8659	rwr	BC
MAGEC2	6.21900767522122e-06	8660	rwr	BC
SSX2IP	6.21884929651601e-06	8661	rwr	BC
ADCYAP1R1	6.2178673817261e-06	8662	rwr	BC
FAHD1	6.21622129027167e-06	8663	rwr	BC
TLX3	6.21529277548968e-06	8664	rwr	BC
ST6GALNAC1	6.21288464680788e-06	8665	rwr	BC
WDTC1	6.21180238542707e-06	8666	rwr	BC
SPINK5	6.20948703009524e-06	8667	rwr	BC
ARFGAP1	6.20731096951386e-06	8668	rwr	BC
MTCH1	6.2071558632069e-06	8669	rwr	BC
CH25H	6.20657474757572e-06	8670	rwr	BC
PCARE	6.20277060272652e-06	8671	rwr	BC
CSDE1	6.20058601931343e-06	8672	rwr	BC
EIF2B3	6.19824037400632e-06	8673	rwr	BC
NPFF	6.19547399505445e-06	8674	rwr	BC
CHRNA4	6.19510836308499e-06	8675	rwr	BC
AFF3	6.19481790118602e-06	8676	rwr	BC
MFAP2	6.19162942821508e-06	8677	rwr	BC
CD300LB	6.18836962601454e-06	8678	rwr	BC
POC1B	6.18760703383032e-06	8679	rwr	BC
IGKV2D-40	6.18501006527909e-06	8680	rwr	BC
CAT	6.18467054953026e-06	8681	rwr	BC
DOK7	6.18344804603449e-06	8682	rwr	BC
IGHD	6.18125541552921e-06	8683	rwr	BC
LGMN	6.18082483977525e-06	8684	rwr	BC
SLC16A4	6.18025121541276e-06	8685	rwr	BC
LGR4	6.17754988776973e-06	8686	rwr	BC
HAO2	6.17620039051211e-06	8687	rwr	BC
PPP1R11	6.17614290966018e-06	8688	rwr	BC
CADPS2	6.17542996007392e-06	8689	rwr	BC
F5H5P2_HUMAN	6.17377927596854e-06	8690	rwr	BC
CATSPERG	6.17329377536569e-06	8691	rwr	BC
CFAP161	6.17263485494948e-06	8692	rwr	BC
GNL1	6.16885688166586e-06	8693	rwr	BC
AGPAT5	6.16428379337886e-06	8694	rwr	BC
SGCB	6.16409237742438e-06	8695	rwr	BC
ZNF740	6.16153020193585e-06	8696	rwr	BC
DCT	6.15769546976961e-06	8697	rwr	BC
CDK11A	6.15753214404806e-06	8698	rwr	BC
ATP6V1C1	6.15484878995266e-06	8699	rwr	BC
SAT2	6.15387586210284e-06	8700	rwr	BC
SARDH	6.15303461382648e-06	8701	rwr	BC
OPN4	6.15255228381298e-06	8702	rwr	BC
NR2E3	6.14955467636795e-06	8703	rwr	BC
PNRC2	6.14936311609612e-06	8704	rwr	BC
VPS11	6.14861799223592e-06	8705	rwr	BC
C1orf194	6.14744148775446e-06	8706	rwr	BC
DDX39A	6.1469521370919e-06	8707	rwr	BC
CLPX	6.14645862071873e-06	8708	rwr	BC
TNN	6.14610380180793e-06	8709	rwr	BC
DNAJB8	6.14590887274973e-06	8710	rwr	BC
CATSPERB	6.142966953248e-06	8711	rwr	BC
NPM3	6.14232676204718e-06	8712	rwr	BC
CLEC12A	6.14021579687069e-06	8713	rwr	BC
FBXO44	6.13876026339762e-06	8714	rwr	BC
PBX2	6.13616910950071e-06	8715	rwr	BC
KIFC2	6.13492597126645e-06	8716	rwr	BC
ARR3	6.12974137117126e-06	8717	rwr	BC
ARHGAP9	6.12433871644868e-06	8718	rwr	BC
PTGFRN	6.12141290861691e-06	8719	rwr	BC
DHX36	6.1204928710894e-06	8720	rwr	BC
PPP1R3F	6.12046405281203e-06	8721	rwr	BC
RBM5	6.11805323778813e-06	8722	rwr	BC
ANKRD44	6.11796707489637e-06	8723	rwr	BC
USE1	6.11431799649277e-06	8724	rwr	BC
CYP21A2	6.11028944788101e-06	8725	rwr	BC
ETV4	6.11028150535502e-06	8726	rwr	BC
TRARG1	6.10809638299236e-06	8727	rwr	BC
SRPK2	6.1065571432953e-06	8728	rwr	BC
CFP	6.10462022512156e-06	8729	rwr	BC
C5orf49	6.10365136426323e-06	8730	rwr	BC
VSX2	6.10298945467381e-06	8731	rwr	BC
KCNJ4	6.10008098791982e-06	8732	rwr	BC
GORASP2	6.09944900864439e-06	8733	rwr	BC
CFHR5	6.09519594981764e-06	8734	rwr	BC
SLIT1	6.09273439026572e-06	8735	rwr	BC
GSKIP	6.09229528186174e-06	8736	rwr	BC
RGS8	6.08851597381714e-06	8737	rwr	BC
CNGA2	6.08731351763976e-06	8738	rwr	BC
PTPRN	6.08647577604532e-06	8739	rwr	BC
FER	6.08568244034831e-06	8740	rwr	BC
RBM17	6.0820513641572e-06	8741	rwr	BC
EYS	6.08113966213232e-06	8742	rwr	BC
CADM3	6.08056837135741e-06	8743	rwr	BC
TRPM6	6.07892916194794e-06	8744	rwr	BC
GCNT1	6.07841902305089e-06	8745	rwr	BC
TEKT4	6.07692258614555e-06	8746	rwr	BC
CAMK1G	6.07637634251849e-06	8747	rwr	BC
OTUD4	6.07440970494888e-06	8748	rwr	BC
ADAM19	6.07424884506582e-06	8749	rwr	BC
ABCF2	6.07202938307096e-06	8750	rwr	BC
SRFBP1	6.07197526214623e-06	8751	rwr	BC
ALG3	6.07195927287724e-06	8752	rwr	BC
GPR37	6.07113302811361e-06	8753	rwr	BC
ABCC1	6.06966485420491e-06	8754	rwr	BC
RBM7	6.06800239760996e-06	8755	rwr	BC
RELT	6.0621393280442e-06	8756	rwr	BC
PAPSS2	6.06041212758692e-06	8757	rwr	BC
HCN4	6.05946986926922e-06	8758	rwr	BC
SCNM1	6.05813556371357e-06	8759	rwr	BC
CYP2S1	6.05809252655334e-06	8760	rwr	BC
AGPAT3	6.05800302698842e-06	8761	rwr	BC
PPP6R3	6.05724326725937e-06	8762	rwr	BC
PPAN-P2RY11	6.0571004660978e-06	8763	rwr	BC
TBXA2R	6.05528241958476e-06	8764	rwr	BC
CCDC173	6.05329854534024e-06	8765	rwr	BC
PHLDB2	6.05226659070184e-06	8766	rwr	BC
PPP1R17	6.04678790670341e-06	8767	rwr	BC
COMMD5	6.04274814938936e-06	8768	rwr	BC
PIH1D3	6.04248296083492e-06	8769	rwr	BC
CATSPER4	6.04246114987144e-06	8770	rwr	BC
CD200R1	6.03858720964915e-06	8771	rwr	BC
STK38	6.0384972511304e-06	8772	rwr	BC
C9orf135	6.03738480856781e-06	8773	rwr	BC
NFAT5	6.03674018117639e-06	8774	rwr	BC
EFCAB9	6.03484718733525e-06	8775	rwr	BC
LOC102724788	6.0336586857233e-06	8776	rwr	BC
PSCA	6.03274058699342e-06	8777	rwr	BC
HOXC6	6.03214477729735e-06	8778	rwr	BC
MYO1E	6.03122930909451e-06	8779	rwr	BC
NANOGP8	6.03033598861583e-06	8780	rwr	BC
PLXNC1	6.0276355844576e-06	8781	rwr	BC
PDE8A	6.02709684102885e-06	8782	rwr	BC
FABP5	6.02697602758221e-06	8783	rwr	BC
COX19	6.02586606405376e-06	8784	rwr	BC
ISOC2	6.02319375834438e-06	8785	rwr	BC
HBG1	6.02162002827348e-06	8786	rwr	BC
MYCBPAP	6.02121254742671e-06	8787	rwr	BC
TXNL1	6.01865386933813e-06	8788	rwr	BC
CATSPERD	6.01684337611209e-06	8789	rwr	BC
CATSPERE	6.01488843827943e-06	8790	rwr	BC
COMMD4	6.01451680247219e-06	8791	rwr	BC
TYRO3	6.01362830534504e-06	8792	rwr	BC
CAMK1D	6.01325022763009e-06	8793	rwr	BC
C15orf40	6.01318679607534e-06	8794	rwr	BC
GK	6.01292205800749e-06	8795	rwr	BC
SPECC1	6.01070141957191e-06	8796	rwr	BC
ASCL2	6.01029472892045e-06	8797	rwr	BC
PDLIM1	6.00803988601785e-06	8798	rwr	BC
GK2	6.00691616757148e-06	8799	rwr	BC
GLA	6.00658101629047e-06	8800	rwr	BC
TRHR	6.00579816818217e-06	8801	rwr	BC
ACBD5	6.00141807892445e-06	8802	rwr	BC
CXorf56	6.00095756945379e-06	8803	rwr	BC
DNAJC5B	6.0002814104957e-06	8804	rwr	BC
DNAAF2	5.9965235977677e-06	8805	rwr	BC
K7ERJ3_HUMAN	5.99275613483395e-06	8806	rwr	BC
CRB1	5.98751719418205e-06	8807	rwr	BC
PRKCSH	5.98694921851731e-06	8808	rwr	BC
LY86	5.98527325974232e-06	8809	rwr	BC
CHCHD10	5.98508672709839e-06	8810	rwr	BC
SPAG8	5.9827644724291e-06	8811	rwr	BC
ACY1	5.98094103043509e-06	8812	rwr	BC
ZC3HC1	5.97918547614793e-06	8813	rwr	BC
SDCBP2	5.97749110731263e-06	8814	rwr	BC
BSN	5.9772681921465e-06	8815	rwr	BC
REELD1	5.97536858714032e-06	8816	rwr	BC
NAF1	5.97359138525355e-06	8817	rwr	BC
GTF3C1	5.97294804726664e-06	8818	rwr	BC
ANKS3	5.97222517176623e-06	8819	rwr	BC
ZFC3H1	5.96901278632346e-06	8820	rwr	BC
MICAL1	5.96831219838094e-06	8821	rwr	BC
KCTD9	5.96658522133228e-06	8822	rwr	BC
NAGS	5.96520790326317e-06	8823	rwr	BC
P4HA1	5.9636676829341e-06	8824	rwr	BC
UGDH	5.96316067226164e-06	8825	rwr	BC
MACF1	5.96269066970125e-06	8826	rwr	BC
SIK2	5.96075791027851e-06	8827	rwr	BC
AMY2B	5.95450358850436e-06	8828	rwr	BC
C15orf65	5.95263947074209e-06	8829	rwr	BC
SRM	5.95211360486014e-06	8830	rwr	BC
TBCD	5.9515136737807e-06	8831	rwr	BC
RIPOR1	5.95130897382869e-06	8832	rwr	BC
WBP1	5.95070700521628e-06	8833	rwr	BC
XYLB	5.95013908062203e-06	8834	rwr	BC
FUT7	5.94989931184159e-06	8835	rwr	BC
ATP2A3	5.94987511983348e-06	8836	rwr	BC
FABP6	5.94950419253278e-06	8837	rwr	BC
CROCC	5.94562648148633e-06	8838	rwr	BC
HAS2	5.94426478371038e-06	8839	rwr	BC
STK35	5.94275203037148e-06	8840	rwr	BC
SIRPB1	5.94266675767787e-06	8841	rwr	BC
ABCB11	5.94173272735151e-06	8842	rwr	BC
FAM122A	5.94061289769986e-06	8843	rwr	BC
ULBP3	5.94038349936853e-06	8844	rwr	BC
TECPR1	5.94016862910427e-06	8845	rwr	BC
TBCB	5.93945654266263e-06	8846	rwr	BC
KIF1C	5.9391536192649e-06	8847	rwr	BC
CCN4	5.9388592329862e-06	8848	rwr	BC
AP3B1	5.93880408562023e-06	8849	rwr	BC
ME2	5.93876402451587e-06	8850	rwr	BC
FAM183A	5.93828707551797e-06	8851	rwr	BC
WFS1	5.93773701331765e-06	8852	rwr	BC
HINT1	5.93706007198621e-06	8853	rwr	BC
CASQ2	5.93690571512802e-06	8854	rwr	BC
C2	5.93532624051798e-06	8855	rwr	BC
HOPX	5.93383709980675e-06	8856	rwr	BC
LILRA2	5.93320072561296e-06	8857	rwr	BC
CDK5RAP3	5.9286588046529e-06	8858	rwr	BC
CCDC130	5.92738685605047e-06	8859	rwr	BC
SSR1	5.9271310353503e-06	8860	rwr	BC
KCNN1	5.9242732507169e-06	8861	rwr	BC
OXCT2	5.9209985820678e-06	8862	rwr	BC
GPR143	5.9205992985013e-06	8863	rwr	BC
C1orf189	5.92039267886359e-06	8864	rwr	BC
TOR1B	5.91838898600241e-06	8865	rwr	BC
SLC39A11	5.91831109228177e-06	8866	rwr	BC
CATSPERZ	5.91697207388748e-06	8867	rwr	BC
KRT6A	5.91607499346475e-06	8868	rwr	BC
SIX5	5.91448030850958e-06	8869	rwr	BC
S100G	5.91301344214356e-06	8870	rwr	BC
MTTP	5.91110243949277e-06	8871	rwr	BC
AP1M2	5.91076098515113e-06	8872	rwr	BC
FAM166B	5.91013925491343e-06	8873	rwr	BC
GNMT	5.91011328838894e-06	8874	rwr	BC
ANO2	5.90894591529661e-06	8875	rwr	BC
DNAJC11	5.90682543247461e-06	8876	rwr	BC
TBC1D15	5.9062089773674e-06	8877	rwr	BC
IL31RA	5.90453451035733e-06	8878	rwr	BC
ZFP36L2	5.90395038621343e-06	8879	rwr	BC
HSD17B2	5.90280937030404e-06	8880	rwr	BC
ETV5	5.90279043412527e-06	8881	rwr	BC
HOXD13	5.90093962466556e-06	8882	rwr	BC
RGS9	5.89743981862998e-06	8883	rwr	BC
IFNE	5.89527659540444e-06	8884	rwr	BC
UBN2	5.89417680123552e-06	8885	rwr	BC
CPS1	5.89296481170837e-06	8886	rwr	BC
SLC8A1	5.89231339222803e-06	8887	rwr	BC
HINFP	5.89177424826239e-06	8888	rwr	BC
SLC39A14	5.89095885517926e-06	8889	rwr	BC
SCN3A	5.88926657826135e-06	8890	rwr	BC
CDH24	5.88864097241529e-06	8891	rwr	BC
INSIG2	5.88765096063612e-06	8892	rwr	BC
LBP	5.8875662169216e-06	8893	rwr	BC
RBMY1A1	5.88593891036929e-06	8894	rwr	BC
GTF3C5	5.88525615200089e-06	8895	rwr	BC
ACADSB	5.88128821590454e-06	8896	rwr	BC
KCNE2	5.87957806792716e-06	8897	rwr	BC
CLN6	5.87955622758191e-06	8898	rwr	BC
RNF123	5.87903221804219e-06	8899	rwr	BC
THOC7	5.87859694203402e-06	8900	rwr	BC
GPR119	5.87559578868142e-06	8901	rwr	BC
SLC30A9	5.87481541160005e-06	8902	rwr	BC
TP53I13	5.87227107928518e-06	8903	rwr	BC
S1PR4	5.87207341091071e-06	8904	rwr	BC
APLP1	5.8716865651507e-06	8905	rwr	BC
RIN3	5.87102532772335e-06	8906	rwr	BC
MACROD2	5.86960539135675e-06	8907	rwr	BC
VPS26C	5.86931087009421e-06	8908	rwr	BC
SPACA9	5.868074208046e-06	8909	rwr	BC
FAM166C	5.86787791454814e-06	8910	rwr	BC
PAH	5.86700612457747e-06	8911	rwr	BC
KANK1	5.86699985459136e-06	8912	rwr	BC
RGS7BP	5.86554331682756e-06	8913	rwr	BC
HOXB6	5.86375473489521e-06	8914	rwr	BC
UBE2H	5.8612621726385e-06	8915	rwr	BC
KLK8	5.85928623166641e-06	8916	rwr	BC
HS2ST1	5.8576252632819e-06	8917	rwr	BC
SEMA3F	5.85410556472614e-06	8918	rwr	BC
HAUS7	5.85142420278843e-06	8919	rwr	BC
REEP6	5.8510655018383e-06	8920	rwr	BC
SLC2A3	5.84965602980431e-06	8921	rwr	BC
MAGEA11	5.84926890473285e-06	8922	rwr	BC
MSR1	5.84768018506843e-06	8923	rwr	BC
SLC39A9	5.84712568682293e-06	8924	rwr	BC
TRAPPC3	5.84651848652537e-06	8925	rwr	BC
ARMC8	5.84584438431991e-06	8926	rwr	BC
BAIAP2L1	5.84448241260517e-06	8927	rwr	BC
ECHDC1	5.84333252505912e-06	8928	rwr	BC
PRAM1	5.8430049240036e-06	8929	rwr	BC
SP110	5.84092201387212e-06	8930	rwr	BC
MNX1	5.84048386864454e-06	8931	rwr	BC
CCPG1	5.8402273353695e-06	8932	rwr	BC
ARMC7	5.8392028646157e-06	8933	rwr	BC
CFAP77	5.83747348084385e-06	8934	rwr	BC
ABCF2-2	5.83660556787309e-06	8935	rwr	BC
CERS2	5.8365327772279e-06	8936	rwr	BC
CYP4F11	5.83372883875654e-06	8937	rwr	BC
KCNMB2	5.83323073669182e-06	8938	rwr	BC
JADE2	5.83076195839573e-06	8939	rwr	BC
URM1	5.82703960153244e-06	8940	rwr	BC
AGTR2	5.82670657286549e-06	8941	rwr	BC
UBAC2	5.82283665568281e-06	8942	rwr	BC
ITGAD	5.82204056766511e-06	8943	rwr	BC
ZC3H14	5.82181555184421e-06	8944	rwr	BC
APOBEC4	5.82058483075322e-06	8945	rwr	BC
INAVA	5.82024871763329e-06	8946	rwr	BC
KRT76	5.81950177981437e-06	8947	rwr	BC
MGAM2	5.81906499698493e-06	8948	rwr	BC
IQSEC2	5.81758937976466e-06	8949	rwr	BC
CLDN24	5.81604059562629e-06	8950	rwr	BC
MTMR9	5.81219978387213e-06	8951	rwr	BC
NISCH	5.81181274223447e-06	8952	rwr	BC
TBL2	5.80876044199857e-06	8953	rwr	BC
C11orf1	5.80631017546935e-06	8954	rwr	BC
CNBP	5.80478221330718e-06	8955	rwr	BC
FOXC1	5.80361912440166e-06	8956	rwr	BC
LILRA6	5.80302565749803e-06	8957	rwr	BC
TOMM5	5.801703377354e-06	8958	rwr	BC
SNRNP48	5.8004620634415e-06	8959	rwr	BC
EIF4G3	5.80031443297892e-06	8960	rwr	BC
COX14	5.79369408820863e-06	8961	rwr	BC
INSL3	5.79244774944728e-06	8962	rwr	BC
DTX4	5.79200570324448e-06	8963	rwr	BC
TCTEX1D2	5.7915620773959e-06	8964	rwr	BC
PRICKLE3	5.79074303894834e-06	8965	rwr	BC
OXCT1	5.7906856988667e-06	8966	rwr	BC
TMEM262	5.78852577958572e-06	8967	rwr	BC
BPI	5.78843042026501e-06	8968	rwr	BC
AHSP	5.78034323709388e-06	8969	rwr	BC
ALDH3B2	5.7766278000089e-06	8970	rwr	BC
STBD1	5.77159216099035e-06	8971	rwr	BC
GBX2	5.76988633119863e-06	8972	rwr	BC
ZBTB24	5.7685137932382e-06	8973	rwr	BC
FBXW9	5.76687405987446e-06	8974	rwr	BC
ATP6V1C2	5.7631425095006e-06	8975	rwr	BC
PRCD	5.76212822616996e-06	8976	rwr	BC
NUS1	5.76132315267305e-06	8977	rwr	BC
SLC12A5	5.76117518886073e-06	8978	rwr	BC
PDE8B	5.76060006922075e-06	8979	rwr	BC
TAS2R50	5.76036847037623e-06	8980	rwr	BC
ATP6V0E1	5.76000433619062e-06	8981	rwr	BC
PTPRM	5.75675900045649e-06	8982	rwr	BC
BLVRA	5.75668232446146e-06	8983	rwr	BC
TRPM5	5.75276720822129e-06	8984	rwr	BC
CNTN4	5.75274444453418e-06	8985	rwr	BC
F5	5.75235186990417e-06	8986	rwr	BC
BATF2	5.75151518247149e-06	8987	rwr	BC
KCNJ12	5.75090954824157e-06	8988	rwr	BC
ACOT7	5.74765750175881e-06	8989	rwr	BC
KCNAB1	5.74695309912108e-06	8990	rwr	BC
TSR2	5.74647096323054e-06	8991	rwr	BC
SLC30A6	5.74573422318073e-06	8992	rwr	BC
S1PR5	5.74560568779729e-06	8993	rwr	BC
NXN	5.74535423653183e-06	8994	rwr	BC
TPTE	5.74500504675766e-06	8995	rwr	BC
MIP	5.74410119044077e-06	8996	rwr	BC
LYRM7	5.74344244154326e-06	8997	rwr	BC
MOGAT1	5.74254693826607e-06	8998	rwr	BC
KCNMB3	5.74245585638693e-06	8999	rwr	BC
TMED7	5.73878752053001e-06	9000	rwr	BC
MMAA	5.73476952792048e-06	9001	rwr	BC
SMG9	5.73093523713203e-06	9002	rwr	BC
ADM2	5.72629628772447e-06	9003	rwr	BC
SNRNP35	5.72122233463137e-06	9004	rwr	BC
WASHC1	5.71748853408884e-06	9005	rwr	BC
GALC	5.7173851550218e-06	9006	rwr	BC
ALKAL2	5.71285262430499e-06	9007	rwr	BC
GHITM	5.71175261479665e-06	9008	rwr	BC
TYW1	5.71142790358913e-06	9009	rwr	BC
CD200	5.71053306663554e-06	9010	rwr	BC
CNGA4	5.71037467400086e-06	9011	rwr	BC
TENT2	5.70917002730011e-06	9012	rwr	BC
TAAR1	5.70650976443523e-06	9013	rwr	BC
SEC16A	5.70462349091745e-06	9014	rwr	BC
SNX33	5.70336719470233e-06	9015	rwr	BC
CTRC	5.70294235326741e-06	9016	rwr	BC
TGIF2	5.7010502707437e-06	9017	rwr	BC
CRYGN	5.69665277773742e-06	9018	rwr	BC
RSPO2	5.69243320490446e-06	9019	rwr	BC
DOK6	5.6896998028829e-06	9020	rwr	BC
PRM1	5.68819994842149e-06	9021	rwr	BC
IFNK	5.68708584055841e-06	9022	rwr	BC
APOF	5.68661461377575e-06	9023	rwr	BC
OLFM4	5.68635193420779e-06	9024	rwr	BC
DYNLRB2	5.68506879665206e-06	9025	rwr	BC
SEC16B	5.67779555927756e-06	9026	rwr	BC
IMPG2	5.67680927199388e-06	9027	rwr	BC
LMBRD1	5.67529839394048e-06	9028	rwr	BC
RHBDL2	5.67315178435943e-06	9029	rwr	BC
ID4	5.67307322918026e-06	9030	rwr	BC
EN1	5.6727674551591e-06	9031	rwr	BC
NAIF1	5.67148607170076e-06	9032	rwr	BC
FCN2	5.67083581860421e-06	9033	rwr	BC
DAO	5.66823131409255e-06	9034	rwr	BC
MAGEF1	5.66819920781419e-06	9035	rwr	BC
C11orf88	5.66721349956709e-06	9036	rwr	BC
RAB3GAP2	5.66545546722017e-06	9037	rwr	BC
SDHAF4	5.66128586262296e-06	9038	rwr	BC
COX8C	5.65942310166785e-06	9039	rwr	BC
FOLR1	5.65911392973262e-06	9040	rwr	BC
NHLRC1	5.65599800940085e-06	9041	rwr	BC
MAMLD1	5.65387882217458e-06	9042	rwr	BC
NAA40	5.65192729398025e-06	9043	rwr	BC
GALR2	5.6507249146188e-06	9044	rwr	BC
SBF1	5.64905932704634e-06	9045	rwr	BC
CEP78	5.64818749682809e-06	9046	rwr	BC
LASP1	5.64757936976119e-06	9047	rwr	BC
SIPA1L1	5.64690277548451e-06	9048	rwr	BC
LGSN	5.64310375213015e-06	9049	rwr	BC
ANKRD9	5.64242807366011e-06	9050	rwr	BC
HRNR	5.63189810634511e-06	9051	rwr	BC
SPIB	5.63155899735953e-06	9052	rwr	BC
PGM3	5.63152599716432e-06	9053	rwr	BC
AHRR	5.62699346564302e-06	9054	rwr	BC
MPP3	5.62247635606357e-06	9055	rwr	BC
ASB2	5.62189184024115e-06	9056	rwr	BC
BEST1	5.61951428268372e-06	9057	rwr	BC
EPB41L2	5.61780238530331e-06	9058	rwr	BC
NOL9	5.61637320598115e-06	9059	rwr	BC
FOXP2	5.61549249900276e-06	9060	rwr	BC
IL1RAPL1	5.61408437282981e-06	9061	rwr	BC
AGFG1	5.61247406972347e-06	9062	rwr	BC
PRMT7	5.61162125289663e-06	9063	rwr	BC
HEG1	5.61120619185934e-06	9064	rwr	BC
OLR1	5.60736785248799e-06	9065	rwr	BC
ARHGAP21	5.60706286819949e-06	9066	rwr	BC
HEXIM2	5.60581235341273e-06	9067	rwr	BC
MCOLN1	5.6020963940383e-06	9068	rwr	BC
PHF3	5.60112323077974e-06	9069	rwr	BC
NPC1L1	5.59264403236806e-06	9070	rwr	BC
MINDY1	5.59220517252776e-06	9071	rwr	BC
MOCOS	5.59179084227729e-06	9072	rwr	BC
ANKS1A	5.59054453007938e-06	9073	rwr	BC
MLXIP	5.58821907162471e-06	9074	rwr	BC
CLEC5A	5.58816682042332e-06	9075	rwr	BC
STX10	5.58782932422717e-06	9076	rwr	BC
PRICKLE4	5.58603144324602e-06	9077	rwr	BC
VRK2	5.58568289653636e-06	9078	rwr	BC
SMG8	5.58519431069892e-06	9079	rwr	BC
MYO9B	5.5797975722232e-06	9080	rwr	BC
WDR73	5.57885115337597e-06	9081	rwr	BC
MTRF1L	5.57836832073775e-06	9082	rwr	BC
RAB23	5.57817574618607e-06	9083	rwr	BC
HSD11B1	5.57812556130476e-06	9084	rwr	BC
ALDH1A3	5.57806796005761e-06	9085	rwr	BC
BCAT2	5.57792657310913e-06	9086	rwr	BC
XPO4	5.57508342872562e-06	9087	rwr	BC
FCN1	5.57303652099491e-06	9088	rwr	BC
DUSP22	5.5699884058498e-06	9089	rwr	BC
GABRG3	5.56741912389528e-06	9090	rwr	BC
ATP6V0E2	5.5667724938145e-06	9091	rwr	BC
ATP10A	5.5657225645956e-06	9092	rwr	BC
NPPB	5.56430260580266e-06	9093	rwr	BC
COPE	5.56217041251111e-06	9094	rwr	BC
SLN	5.56081382158629e-06	9095	rwr	BC
SPSB2	5.5582825589846e-06	9096	rwr	BC
TSEN2	5.55685332356577e-06	9097	rwr	BC
FCRLA	5.5562647194864e-06	9098	rwr	BC
FBXL7	5.55470733655729e-06	9099	rwr	BC
SCLY	5.55228018091962e-06	9100	rwr	BC
SOD3	5.55223566026887e-06	9101	rwr	BC
SCAI	5.55215727945608e-06	9102	rwr	BC
RNPC3	5.550661351198e-06	9103	rwr	BC
SBF2	5.55054004486195e-06	9104	rwr	BC
KIF27	5.54855313843121e-06	9105	rwr	BC
GLG1	5.54673614884632e-06	9106	rwr	BC
EPS8L2	5.54562982614949e-06	9107	rwr	BC
MC3R	5.54540301667102e-06	9108	rwr	BC
APPL2	5.54448390589429e-06	9109	rwr	BC
RGSL1	5.54394885121713e-06	9110	rwr	BC
TLR10	5.54333163181064e-06	9111	rwr	BC
TCEAL4	5.54089605046563e-06	9112	rwr	BC
AZGP1	5.54051476186954e-06	9113	rwr	BC
ANKFY1	5.539708612427e-06	9114	rwr	BC
PPFIBP1	5.53605285433696e-06	9115	rwr	BC
DNTTIP1	5.53281655412261e-06	9116	rwr	BC
TMEM249	5.52774539617653e-06	9117	rwr	BC
EIF4ENIF1	5.52676095486151e-06	9118	rwr	BC
BTAF1	5.52573438968586e-06	9119	rwr	BC
H1-6	5.52327458025416e-06	9120	rwr	BC
PAPSS1	5.52284958395691e-06	9121	rwr	BC
PCTP	5.52263298320522e-06	9122	rwr	BC
FAM126A	5.52050168277064e-06	9123	rwr	BC
CALCB	5.51721709857166e-06	9124	rwr	BC
GID8	5.5162570154503e-06	9125	rwr	BC
PIGH	5.515218736032e-06	9126	rwr	BC
SEMA4C	5.51202890496642e-06	9127	rwr	BC
TMSB4Y	5.51162327264723e-06	9128	rwr	BC
P4HA2	5.51102284821508e-06	9129	rwr	BC
OPLAH	5.5103334209664e-06	9130	rwr	BC
TRMT11	5.51016276191283e-06	9131	rwr	BC
ARHGAP39	5.50664673434537e-06	9132	rwr	BC
GSTZ1	5.50649407057263e-06	9133	rwr	BC
PGRMC2	5.50390805883363e-06	9134	rwr	BC
CARTPT	5.50121776107024e-06	9135	rwr	BC
S100A3	5.4997404855854e-06	9136	rwr	BC
TNNC1	5.49801067975659e-06	9137	rwr	BC
MYBPH	5.49743403267222e-06	9138	rwr	BC
SPAG1	5.4973569787001e-06	9139	rwr	BC
SEPHS2	5.4961579469698e-06	9140	rwr	BC
GALNS	5.49351198233733e-06	9141	rwr	BC
YRDC	5.49297094412256e-06	9142	rwr	BC
ZNF93	5.49065297647844e-06	9143	rwr	BC
MAN2B1	5.48602836505864e-06	9144	rwr	BC
FBXO25	5.48428747654263e-06	9145	rwr	BC
WDR53	5.48376700182379e-06	9146	rwr	BC
DMAC2L	5.483571722156e-06	9147	rwr	BC
MTX3	5.48231809684015e-06	9148	rwr	BC
RNASEK	5.48123187198996e-06	9149	rwr	BC
HOXD4	5.4803724481216e-06	9150	rwr	BC
LARP1	5.47769437943885e-06	9151	rwr	BC
KIF25	5.47697603279502e-06	9152	rwr	BC
DHDDS	5.4769033270604e-06	9153	rwr	BC
APBB2	5.47675575105572e-06	9154	rwr	BC
LRSAM1	5.47614800105402e-06	9155	rwr	BC
HSPB7	5.46840321196901e-06	9156	rwr	BC
PRR14	5.46651120115092e-06	9157	rwr	BC
SMYD1	5.46584662029161e-06	9158	rwr	BC
SPAG4	5.46377877911632e-06	9159	rwr	BC
TRMT61A	5.46247533466373e-06	9160	rwr	BC
MEIS2	5.45978443017198e-06	9161	rwr	BC
UBAC1	5.45951219111485e-06	9162	rwr	BC
COL5A3	5.45889734765946e-06	9163	rwr	BC
HTR6	5.45884242848708e-06	9164	rwr	BC
FABP7	5.45666715335196e-06	9165	rwr	BC
ATP6V1G2	5.45557607313764e-06	9166	rwr	BC
CLEC9A	5.45534864906712e-06	9167	rwr	BC
ELOVL4	5.45453731454145e-06	9168	rwr	BC
DCAKD	5.4478098272504e-06	9169	rwr	BC
ZNF513	5.44397112527468e-06	9170	rwr	BC
CIP2A	5.44258256581277e-06	9171	rwr	BC
AP3M2	5.43947992753105e-06	9172	rwr	BC
PCYT2	5.4339329882477e-06	9173	rwr	BC
FASTKD2	5.43334259638461e-06	9174	rwr	BC
KRT6B	5.42834760478952e-06	9175	rwr	BC
CHD6	5.42662075024527e-06	9176	rwr	BC
GGCT	5.42541694526021e-06	9177	rwr	BC
DGKD	5.42497105947104e-06	9178	rwr	BC
NKX3-2	5.42211688915553e-06	9179	rwr	BC
PAPPA2	5.42012427792143e-06	9180	rwr	BC
DNAAF4	5.41878382683462e-06	9181	rwr	BC
GADL1	5.41844350121774e-06	9182	rwr	BC
MDN1	5.41811040895864e-06	9183	rwr	BC
TOMM40L	5.41803724077464e-06	9184	rwr	BC
SRD5A3	5.4141930087794e-06	9185	rwr	BC
SPRR2B	5.41241605251071e-06	9186	rwr	BC
SPRR1A	5.41039883656928e-06	9187	rwr	BC
SLC10A2	5.40997946628874e-06	9188	rwr	BC
SEPTIN10	5.40542824666797e-06	9189	rwr	BC
PILRB	5.40488691705539e-06	9190	rwr	BC
CNDP2	5.40066383497869e-06	9191	rwr	BC
DOK5	5.39706444818005e-06	9192	rwr	BC
KCNK3	5.39606668216535e-06	9193	rwr	BC
ERN2	5.39557106579224e-06	9194	rwr	BC
NAPEPLD	5.39264262581872e-06	9195	rwr	BC
TEX15	5.39121592439504e-06	9196	rwr	BC
CARD18	5.38921250262414e-06	9197	rwr	BC
HYAL1	5.38660578404125e-06	9198	rwr	BC
NDP	5.38270353350919e-06	9199	rwr	BC
LOXL2	5.38178282176296e-06	9200	rwr	BC
NR6A1	5.37946786101018e-06	9201	rwr	BC
SELENOK	5.37527091024324e-06	9202	rwr	BC
WAC	5.37269008791729e-06	9203	rwr	BC
CEP70	5.37103735947429e-06	9204	rwr	BC
RBM38	5.36965874542827e-06	9205	rwr	BC
HTR5A	5.3686941502874e-06	9206	rwr	BC
IGKV2-40	5.36594374995222e-06	9207	rwr	BC
MGP	5.36291395879887e-06	9208	rwr	BC
KHDRBS2	5.36205432306509e-06	9209	rwr	BC
PRPS2	5.36007009010285e-06	9210	rwr	BC
HEBP2	5.35838390511353e-06	9211	rwr	BC
QTRT1	5.35800799409862e-06	9212	rwr	BC
TACO1	5.357799507551e-06	9213	rwr	BC
GRIK1	5.35413119308099e-06	9214	rwr	BC
PAFAH1B2	5.35247268089079e-06	9215	rwr	BC
HAVCR1	5.3506821290497e-06	9216	rwr	BC
SKOR1	5.35051534904338e-06	9217	rwr	BC
EFEMP2	5.35003331058411e-06	9218	rwr	BC
TDRKH	5.3440232995055e-06	9219	rwr	BC
TRIM37	5.34286356875412e-06	9220	rwr	BC
CRYL1	5.34118818925497e-06	9221	rwr	BC
SCTR	5.33796420444058e-06	9222	rwr	BC
HSPBAP1	5.3378835204924e-06	9223	rwr	BC
INO80C-2	5.33753255320026e-06	9224	rwr	BC
LYRM2	5.33583404297054e-06	9225	rwr	BC
PRB1	5.33553721705984e-06	9226	rwr	BC
PRMT3	5.33466400325469e-06	9227	rwr	BC
ALDH1A2	5.33452591935703e-06	9228	rwr	BC
ARHGAP24	5.33449214447083e-06	9229	rwr	BC
CYP26B1	5.33441975492534e-06	9230	rwr	BC
CHORDC1	5.33346762956957e-06	9231	rwr	BC
AKAP10	5.33331553260175e-06	9232	rwr	BC
EPM2AIP1	5.33162205355684e-06	9233	rwr	BC
BEX1	5.33130144194575e-06	9234	rwr	BC
VSIG4	5.32807251381076e-06	9235	rwr	BC
SLC17A1	5.3260448589454e-06	9236	rwr	BC
AFMID	5.32577612695614e-06	9237	rwr	BC
COQ3	5.32545105014409e-06	9238	rwr	BC
STX2	5.32433859015727e-06	9239	rwr	BC
COPG1	5.32217609697233e-06	9240	rwr	BC
NACAD	5.31941941093126e-06	9241	rwr	BC
PLA2G2D	5.31765095547988e-06	9242	rwr	BC
EDEM3	5.31535964514315e-06	9243	rwr	BC
PRPF39	5.31531476710487e-06	9244	rwr	BC
AP5S1	5.31421359472013e-06	9245	rwr	BC
VKORC1	5.31044141248003e-06	9246	rwr	BC
CLIC1	5.30982069822421e-06	9247	rwr	BC
ZPR1	5.30947913867607e-06	9248	rwr	BC
ABCF3	5.30558992178687e-06	9249	rwr	BC
MYPN	5.30367839310742e-06	9250	rwr	BC
CMPK1	5.3022627281437e-06	9251	rwr	BC
SUOX	5.30043992625704e-06	9252	rwr	BC
NFX1	5.30004253069202e-06	9253	rwr	BC
CARMIL2	5.29602930061953e-06	9254	rwr	BC
DTX3	5.29475962433567e-06	9255	rwr	BC
RP9	5.2897966153258e-06	9256	rwr	BC
SETDB2	5.28739397429401e-06	9257	rwr	BC
SSU72P2	5.28569435865506e-06	9258	rwr	BC
SSU72P3	5.28569435865506e-06	9259	rwr	BC
SSU72P4	5.28569435865506e-06	9260	rwr	BC
SSU72P5	5.28569435865506e-06	9261	rwr	BC
SSU72P7	5.28569435865506e-06	9262	rwr	BC
SSU72P8	5.28569435865506e-06	9263	rwr	BC
TNP1	5.28461152840543e-06	9264	rwr	BC
MRFAP1	5.28383382200883e-06	9265	rwr	BC
THAP7	5.28256185403337e-06	9266	rwr	BC
SNTB1	5.28200459591994e-06	9267	rwr	BC
DPP8	5.27841958952738e-06	9268	rwr	BC
MUSK	5.27599371697525e-06	9269	rwr	BC
PNLIPRP1	5.27472780208986e-06	9270	rwr	BC
LILRB3	5.27424144896659e-06	9271	rwr	BC
TAP2	5.27197212829873e-06	9272	rwr	BC
TOMM34	5.26807285455744e-06	9273	rwr	BC
MPIG6B	5.26582930104027e-06	9274	rwr	BC
SMS	5.26523880271443e-06	9275	rwr	BC
CDC42EP5	5.26467270063141e-06	9276	rwr	BC
DPP9	5.26300015291497e-06	9277	rwr	BC
CHCHD2	5.2622458904976e-06	9278	rwr	BC
MARVELD3	5.25442118608642e-06	9279	rwr	BC
CFC1	5.2542262948562e-06	9280	rwr	BC
RGN	5.25171671788854e-06	9281	rwr	BC
FKRP	5.24791725499452e-06	9282	rwr	BC
HCCS	5.24283276506186e-06	9283	rwr	BC
PIGP	5.24240340651722e-06	9284	rwr	BC
RHCE	5.24021677412941e-06	9285	rwr	BC
PCBD1	5.2390929713548e-06	9286	rwr	BC
SMPD1	5.2319792074807e-06	9287	rwr	BC
GJA3	5.2299780615178e-06	9288	rwr	BC
SLC30A10	5.22882281288113e-06	9289	rwr	BC
ACOX2	5.22569669607058e-06	9290	rwr	BC
SSPN	5.22462850768185e-06	9291	rwr	BC
TARBP1	5.22162151844451e-06	9292	rwr	BC
ZBED3	5.21733195084908e-06	9293	rwr	BC
FLRT1	5.21047863104388e-06	9294	rwr	BC
CCDC68	5.21037865264422e-06	9295	rwr	BC
SIX4	5.2098501539598e-06	9296	rwr	BC
CYP4F12	5.20864253287549e-06	9297	rwr	BC
SPATA5L1	5.20606204463774e-06	9298	rwr	BC
CFHR1	5.20573925192771e-06	9299	rwr	BC
PCOLCE	5.20468376673113e-06	9300	rwr	BC
MINDY2	5.20408846830151e-06	9301	rwr	BC
PRPS1L1	5.20362259572462e-06	9302	rwr	BC
ASB9	5.20347751858632e-06	9303	rwr	BC
HAUS4	5.20271488201982e-06	9304	rwr	BC
WDR11	5.20191334677472e-06	9305	rwr	BC
SYNJ2BP	5.19910469669134e-06	9306	rwr	BC
CFI	5.19207128366145e-06	9307	rwr	BC
FRMPD2	5.19058277807994e-06	9308	rwr	BC
UCKL1	5.18733472943857e-06	9309	rwr	BC
DAAM2	5.18506580153512e-06	9310	rwr	BC
SNAPC1	5.18157933334829e-06	9311	rwr	BC
LRRTM2	5.18116115147787e-06	9312	rwr	BC
LRMDA	5.17661618259095e-06	9313	rwr	BC
RBM48	5.17274300434112e-06	9314	rwr	BC
FGD3	5.17233020463823e-06	9315	rwr	BC
APEH	5.17222762695647e-06	9316	rwr	BC
SCYL1	5.17165283539261e-06	9317	rwr	BC
TBCA	5.16734501802707e-06	9318	rwr	BC
UCK1	5.1648951453124e-06	9319	rwr	BC
SLC1A6	5.16432795036264e-06	9320	rwr	BC
PCDH15	5.16408792192263e-06	9321	rwr	BC
MIEF2	5.16371809260444e-06	9322	rwr	BC
SEMA4B	5.16232623121282e-06	9323	rwr	BC
UBXN11	5.16074297075561e-06	9324	rwr	BC
CRTAP	5.16035616292821e-06	9325	rwr	BC
KATNB1	5.15709952435666e-06	9326	rwr	BC
SRI	5.15537127776713e-06	9327	rwr	BC
B3GNT6	5.1541977087972e-06	9328	rwr	BC
NACC1	5.15215665840709e-06	9329	rwr	BC
TRIM9	5.15031823037874e-06	9330	rwr	BC
PGM2L1	5.15000966658423e-06	9331	rwr	BC
TPTE2	5.14792030132565e-06	9332	rwr	BC
PAEP	5.14544723841995e-06	9333	rwr	BC
SIK1	5.14292858562602e-06	9334	rwr	BC
SH3TC2	5.14231630770494e-06	9335	rwr	BC
BEX2	5.14138012688447e-06	9336	rwr	BC
MIXL1	5.13981807749299e-06	9337	rwr	BC
DHX30	5.13928298512876e-06	9338	rwr	BC
PPRC1	5.13838278275027e-06	9339	rwr	BC
KCNQ4	5.13768704211433e-06	9340	rwr	BC
SELENOF	5.13672669810379e-06	9341	rwr	BC
SUGP1	5.12862295240169e-06	9342	rwr	BC
UFM1	5.12809862065423e-06	9343	rwr	BC
ASB6	5.12808909734535e-06	9344	rwr	BC
MCF2L	5.12807249745036e-06	9345	rwr	BC
STK36	5.1228417574806e-06	9346	rwr	BC
C8G	5.1207865149434e-06	9347	rwr	BC
SLC30A5	5.11631635056396e-06	9348	rwr	BC
TMED2	5.11597277975736e-06	9349	rwr	BC
MOGAT2	5.11289191099038e-06	9350	rwr	BC
MTO1	5.11064758836728e-06	9351	rwr	BC
KDELR1	5.10801455153961e-06	9352	rwr	BC
QDPR	5.10779226470816e-06	9353	rwr	BC
WTIP	5.10677800983815e-06	9354	rwr	BC
CYSLTR2	5.10643597884653e-06	9355	rwr	BC
AP5B1	5.10626749377179e-06	9356	rwr	BC
ITFG1	5.10524200282418e-06	9357	rwr	BC
DDI1	5.10410108599727e-06	9358	rwr	BC
LTK	5.0998529438762e-06	9359	rwr	BC
COPZ1	5.09982662528685e-06	9360	rwr	BC
MTSS1	5.09611666512352e-06	9361	rwr	BC
ETFDH	5.09441034519965e-06	9362	rwr	BC
STARD8	5.09417468714663e-06	9363	rwr	BC
CRYBB2	5.09398419369096e-06	9364	rwr	BC
CTDSPL	5.09308594735386e-06	9365	rwr	BC
GABRB1	5.09276005845109e-06	9366	rwr	BC
KRT16	5.09057054770988e-06	9367	rwr	BC
ACSBG2	5.08874294045259e-06	9368	rwr	BC
MARK1	5.08751352472238e-06	9369	rwr	BC
PACSIN3	5.08721162185502e-06	9370	rwr	BC
NUTM1	5.08647828307041e-06	9371	rwr	BC
PTH2R	5.08438084011649e-06	9372	rwr	BC
RPIA	5.08369781639734e-06	9373	rwr	BC
SYT2	5.083369959413e-06	9374	rwr	BC
PTPN4	5.07851899678432e-06	9375	rwr	BC
F2RL3	5.07394151819354e-06	9376	rwr	BC
CDC42EP3	5.07054293889136e-06	9377	rwr	BC
PREB	5.06936439720043e-06	9378	rwr	BC
GSAP	5.06898318450881e-06	9379	rwr	BC
ARSB	5.06489312314897e-06	9380	rwr	BC
BLOC1S3	5.06100242434018e-06	9381	rwr	BC
MLF1	5.06056098775114e-06	9382	rwr	BC
HPN	5.05968628987109e-06	9383	rwr	BC
SEMA6D	5.0588750864856e-06	9384	rwr	BC
KCTD5	5.05748257272421e-06	9385	rwr	BC
BFSP2	5.05721669216206e-06	9386	rwr	BC
MYBL1	5.0552948209193e-06	9387	rwr	BC
FADS6	5.05496796356182e-06	9388	rwr	BC
TRIT1	5.05476695356785e-06	9389	rwr	BC
LCORL	5.04814205234625e-06	9390	rwr	BC
PRELID3A	5.04669433739224e-06	9391	rwr	BC
YBEY	5.04636960305022e-06	9392	rwr	BC
ADRA2C	5.04538571675985e-06	9393	rwr	BC
GPN2	5.04468352332725e-06	9394	rwr	BC
CSTB	5.04394779674858e-06	9395	rwr	BC
FCHSD2	5.04064969270107e-06	9396	rwr	BC
PEAK1	5.04028772964689e-06	9397	rwr	BC
CXADR	5.03867019890458e-06	9398	rwr	BC
hCG642624	5.03661308274999e-06	9399	rwr	BC
PRRX1	5.02715807334869e-06	9400	rwr	BC
ZCCHC8	5.02336056814102e-06	9401	rwr	BC
RIMS2	5.02185380833157e-06	9402	rwr	BC
HBD	5.02081805194988e-06	9403	rwr	BC
UBIAD1	5.01913164081751e-06	9404	rwr	BC
PGAP2	5.01827784519677e-06	9405	rwr	BC
DNAJB14	5.0177123226659e-06	9406	rwr	BC
CRTC3	5.01327322228574e-06	9407	rwr	BC
SLC24A4	5.01156218523204e-06	9408	rwr	BC
GOLGA3	5.0030715190385e-06	9409	rwr	BC
C2CD5	4.9998267302755e-06	9410	rwr	BC
RAB11FIP4	4.99769980806012e-06	9411	rwr	BC
PPP1R16A	4.99395834983245e-06	9412	rwr	BC
RTN4RL1	4.99239074272004e-06	9413	rwr	BC
VPS52	4.99010649464505e-06	9414	rwr	BC
SPSB1	4.98943155583812e-06	9415	rwr	BC
GABRG1	4.98882900659351e-06	9416	rwr	BC
COMMD9	4.98840622658415e-06	9417	rwr	BC
SASH3	4.98662719619794e-06	9418	rwr	BC
FIGLA	4.98499449627117e-06	9419	rwr	BC
DOK4	4.98086588326507e-06	9420	rwr	BC
DGCR2	4.98011619365344e-06	9421	rwr	BC
ERGIC2	4.97976859156596e-06	9422	rwr	BC
INHBE	4.9776659190678e-06	9423	rwr	BC
FYTTD1	4.97586594898973e-06	9424	rwr	BC
ZMAT5	4.9749826825264e-06	9425	rwr	BC
OSGEP	4.97100151228943e-06	9426	rwr	BC
SCAP	4.97085703541836e-06	9427	rwr	BC
PTGDR2	4.96506566340729e-06	9428	rwr	BC
THAP5	4.96056635676478e-06	9429	rwr	BC
AAMP	4.95805964547415e-06	9430	rwr	BC
LMX1A	4.95788108980074e-06	9431	rwr	BC
KLF9	4.95697303739741e-06	9432	rwr	BC
SEC23IP	4.95400191965251e-06	9433	rwr	BC
NNAT	4.9535174640416e-06	9434	rwr	BC
GALR1	4.95244662497801e-06	9435	rwr	BC
MACC1	4.95217835522455e-06	9436	rwr	BC
BNIPL	4.95211826620136e-06	9437	rwr	BC
MOCS3	4.95031724785131e-06	9438	rwr	BC
GABRD	4.94970508429987e-06	9439	rwr	BC
ZNF207	4.94771506484531e-06	9440	rwr	BC
SULT2B1	4.9438743491388e-06	9441	rwr	BC
TRAPPC1	4.94000990935439e-06	9442	rwr	BC
RAB11FIP2	4.93900374005987e-06	9443	rwr	BC
LIPF	4.93575204542077e-06	9444	rwr	BC
PTCHD1	4.93570761789302e-06	9445	rwr	BC
NR2F1	4.93537867492542e-06	9446	rwr	BC
RAB11FIP1	4.93446554072974e-06	9447	rwr	BC
SLC18A3	4.9328672197592e-06	9448	rwr	BC
HBE1	4.93271847824231e-06	9449	rwr	BC
KCNAB3	4.92910988968819e-06	9450	rwr	BC
TPMT	4.92896382138807e-06	9451	rwr	BC
CLN5	4.92893378402777e-06	9452	rwr	BC
PLA2G2F	4.92732458099082e-06	9453	rwr	BC
NUDCD3	4.9251734523161e-06	9454	rwr	BC
ADAMTS1	4.92507798063268e-06	9455	rwr	BC
GJC2	4.92453879407399e-06	9456	rwr	BC
TCHH	4.9242525716572e-06	9457	rwr	BC
PLIN3	4.92348866186687e-06	9458	rwr	BC
SSR4	4.92251039826383e-06	9459	rwr	BC
OR13G1	4.91735217949813e-06	9460	rwr	BC
MFAP5	4.91297724210153e-06	9461	rwr	BC
RSPH3	4.91289035503972e-06	9462	rwr	BC
COQ6	4.91174102699233e-06	9463	rwr	BC
TRIM50	4.90875236991515e-06	9464	rwr	BC
ZC3H11A	4.90852242265264e-06	9465	rwr	BC
FKTN	4.9076431029464e-06	9466	rwr	BC
OSBP2	4.90734394797896e-06	9467	rwr	BC
STXBP5	4.90642011227109e-06	9468	rwr	BC
GMFG	4.90490287754565e-06	9469	rwr	BC
LRIG2	4.90208946699235e-06	9470	rwr	BC
DNER	4.90189388445633e-06	9471	rwr	BC
IRF6	4.89971374232579e-06	9472	rwr	BC
CABLES2	4.89733368530862e-06	9473	rwr	BC
PMM1	4.89413488525085e-06	9474	rwr	BC
KIRREL3	4.8930363302328e-06	9475	rwr	BC
SRGN	4.89173477582191e-06	9476	rwr	BC
ZCRB1	4.88527810938603e-06	9477	rwr	BC
TOX4	4.88416106901495e-06	9478	rwr	BC
CLPS	4.88407848537196e-06	9479	rwr	BC
BASP1	4.88218383379277e-06	9480	rwr	BC
CPA3	4.88036783277779e-06	9481	rwr	BC
SAR1B	4.87928479993422e-06	9482	rwr	BC
RXFP4	4.8790895815858e-06	9483	rwr	BC
CHRNA3	4.8776269534843e-06	9484	rwr	BC
PITPNM1	4.87745810833502e-06	9485	rwr	BC
RSC1A1	4.87609282173639e-06	9486	rwr	BC
ASIP	4.87467514071878e-06	9487	rwr	BC
STX1B	4.87428506221725e-06	9488	rwr	BC
PADI6	4.87040820490164e-06	9489	rwr	BC
IDUA	4.86940120508513e-06	9490	rwr	BC
CYP4V2	4.86881413430029e-06	9491	rwr	BC
UCP3	4.865817693551e-06	9492	rwr	BC
SLC25A17	4.86543126882788e-06	9493	rwr	BC
TRIM8	4.86353569817473e-06	9494	rwr	BC
KCTD7	4.86215581513344e-06	9495	rwr	BC
TRIM29	4.85904916677577e-06	9496	rwr	BC
AWAT2	4.85868210160689e-06	9497	rwr	BC
ALG1	4.85762692908289e-06	9498	rwr	BC
MTRF1	4.85720753337094e-06	9499	rwr	BC
STXBP3	4.85717195011343e-06	9500	rwr	BC
PTGIS	4.85574433728971e-06	9501	rwr	BC
CHAD	4.85466921315945e-06	9502	rwr	BC
VPS51	4.85377450409261e-06	9503	rwr	BC
LCN1	4.85303694159666e-06	9504	rwr	BC
NRDE2	4.85300763126573e-06	9505	rwr	BC
PTDSS1	4.8523321828195e-06	9506	rwr	BC
HERPUD1	4.84823357755245e-06	9507	rwr	BC
MMACHC	4.84618239747863e-06	9508	rwr	BC
PHTF1	4.84433533592195e-06	9509	rwr	BC
GJC1	4.84291933451244e-06	9510	rwr	BC
GRIK5	4.83988590200807e-06	9511	rwr	BC
RALGAPA2	4.83975285694194e-06	9512	rwr	BC
CD52	4.83849363327639e-06	9513	rwr	BC
MIER2	4.83811654937117e-06	9514	rwr	BC
PTPRK	4.83731600864277e-06	9515	rwr	BC
SYNC	4.83688327735432e-06	9516	rwr	BC
PDZD2	4.83644767737688e-06	9517	rwr	BC
INHBC	4.83435686516739e-06	9518	rwr	BC
MMP11	4.83204452334668e-06	9519	rwr	BC
BAAT	4.83120905222731e-06	9520	rwr	BC
VPS26B	4.83030250855551e-06	9521	rwr	BC
LIMS2	4.82866343838969e-06	9522	rwr	BC
PMP22	4.8284473791895e-06	9523	rwr	BC
TOM1L1	4.82705394042351e-06	9524	rwr	BC
MZB1	4.82590412613518e-06	9525	rwr	BC
NCBP2L	4.82437612424157e-06	9526	rwr	BC
MESP2	4.821587510997e-06	9527	rwr	BC
CDK20	4.82038791101226e-06	9528	rwr	BC
HDC	4.82031736654225e-06	9529	rwr	BC
MOSPD2	4.81929375127735e-06	9530	rwr	BC
RSPH4A	4.81681809149663e-06	9531	rwr	BC
SLC27A4	4.81639922838663e-06	9532	rwr	BC
DMGDH	4.81400956347161e-06	9533	rwr	BC
ACOT8	4.80975193702873e-06	9534	rwr	BC
DNAJC15	4.80741053467138e-06	9535	rwr	BC
DTNB	4.80701953624014e-06	9536	rwr	BC
FBXO40	4.80666215762841e-06	9537	rwr	BC
NAPB	4.80625447622482e-06	9538	rwr	BC
MIB1	4.80101598350695e-06	9539	rwr	BC
FAM160A2	4.79922211909963e-06	9540	rwr	BC
OLFM2	4.79562533359961e-06	9541	rwr	BC
WASHC3	4.79419701427082e-06	9542	rwr	BC
RARRES2	4.79290784933626e-06	9543	rwr	BC
TSEN54	4.79123056921821e-06	9544	rwr	BC
ABT1	4.79116635796955e-06	9545	rwr	BC
RGL4	4.79067876873673e-06	9546	rwr	BC
P2RX4	4.79063014895555e-06	9547	rwr	BC
FBXO3	4.79029394087383e-06	9548	rwr	BC
B4GALT1	4.7889309454826e-06	9549	rwr	BC
FBXO21	4.7872851450119e-06	9550	rwr	BC
VGLL1	4.78665634186688e-06	9551	rwr	BC
ASAH1	4.78659942775505e-06	9552	rwr	BC
P2RY11	4.78115702154004e-06	9553	rwr	BC
RASSF6	4.77849845695014e-06	9554	rwr	BC
HPS4	4.77734978437485e-06	9555	rwr	BC
SAP30BP	4.77311408867403e-06	9556	rwr	BC
CYP7B1	4.77276945770812e-06	9557	rwr	BC
TSPY1	4.77168065385693e-06	9558	rwr	BC
NOVA1	4.76867802279075e-06	9559	rwr	BC
HRH1	4.76772090227349e-06	9560	rwr	BC
HTRA1	4.76548314902383e-06	9561	rwr	BC
USP50	4.76394538134756e-06	9562	rwr	BC
RNF103	4.76304083551353e-06	9563	rwr	BC
TENT4B	4.75833159850835e-06	9564	rwr	BC
COL8A1	4.75533327183608e-06	9565	rwr	BC
SLC6A2	4.75090866402623e-06	9566	rwr	BC
BCAR3	4.75067821808679e-06	9567	rwr	BC
RALGPS2	4.75000610520821e-06	9568	rwr	BC
DUOXA2	4.7497985665997e-06	9569	rwr	BC
CCNDBP1	4.74445831726772e-06	9570	rwr	BC
LMO7	4.7435769053551e-06	9571	rwr	BC
RNF167	4.74339326912289e-06	9572	rwr	BC
SEPTIN14	4.74173162694953e-06	9573	rwr	BC
PSG1	4.74023497050567e-06	9574	rwr	BC
CRLF1	4.73928687400011e-06	9575	rwr	BC
SP140	4.73614537949241e-06	9576	rwr	BC
SP140L	4.73614537949241e-06	9577	rwr	BC
RPUSD2	4.7349578905822e-06	9578	rwr	BC
LITAF	4.73121826020448e-06	9579	rwr	BC
PRAMEF2	4.73015496811251e-06	9580	rwr	BC
MAGEA2	4.72861369423131e-06	9581	rwr	BC
ZBTB18	4.72789488693463e-06	9582	rwr	BC
ZPBP2	4.72710123697403e-06	9583	rwr	BC
ASZ1	4.72615924212579e-06	9584	rwr	BC
NEK6	4.72263553191722e-06	9585	rwr	BC
PLA2G5	4.72238941333093e-06	9586	rwr	BC
KIF3C	4.71984256310588e-06	9587	rwr	BC
RWDD3	4.71825337684358e-06	9588	rwr	BC
XPO6	4.71365342685699e-06	9589	rwr	BC
KIFBP	4.71178657183086e-06	9590	rwr	BC
REXO1	4.70818528630862e-06	9591	rwr	BC
HPS3	4.70766972830893e-06	9592	rwr	BC
ACSS3	4.70137210663878e-06	9593	rwr	BC
TBC1D10B	4.69701814086591e-06	9594	rwr	BC
NAALADL1	4.69649299173124e-06	9595	rwr	BC
ERO1B	4.69643578787752e-06	9596	rwr	BC
HOXA6	4.69563297058653e-06	9597	rwr	BC
CDHR1	4.69517353110372e-06	9598	rwr	BC
CALHM1	4.69420802466662e-06	9599	rwr	BC
CFHR3	4.69378283226168e-06	9600	rwr	BC
EDARADD	4.69269347075126e-06	9601	rwr	BC
SCN7A	4.68941911119808e-06	9602	rwr	BC
ADHFE1	4.68716516418665e-06	9603	rwr	BC
ARID3B	4.68510601796125e-06	9604	rwr	BC
DOLK	4.68490325190338e-06	9605	rwr	BC
CYP26C1	4.68436904339306e-06	9606	rwr	BC
SLC35E3	4.68072838105996e-06	9607	rwr	BC
CSN3	4.68047121026845e-06	9608	rwr	BC
COMMD8	4.6803054661803e-06	9609	rwr	BC
CHCHD7	4.67969881065199e-06	9610	rwr	BC
DIS3L2	4.67747892060167e-06	9611	rwr	BC
EXOC6B	4.67713941478863e-06	9612	rwr	BC
C19orf54	4.67537614719332e-06	9613	rwr	BC
PRDM4	4.67237998651244e-06	9614	rwr	BC
HSH2D	4.67168210452455e-06	9615	rwr	BC
PDP2	4.67121511608593e-06	9616	rwr	BC
OTUD1	4.67037054497388e-06	9617	rwr	BC
UEVLD	4.67026768802691e-06	9618	rwr	BC
RAB9B	4.66886997273824e-06	9619	rwr	BC
ATAD3B	4.66883650290981e-06	9620	rwr	BC
IFIT1B	4.66836430876536e-06	9621	rwr	BC
ACCS	4.66715111464899e-06	9622	rwr	BC
ZFAND6	4.6663213579412e-06	9623	rwr	BC
CASTOR2	4.66559136052157e-06	9624	rwr	BC
FOXA3	4.66444318823518e-06	9625	rwr	BC
CBLIF	4.66378894992572e-06	9626	rwr	BC
ACTBL2	4.6597008227617e-06	9627	rwr	BC
CNDP1	4.65876262421013e-06	9628	rwr	BC
CHERP	4.65848528253742e-06	9629	rwr	BC
MASP1	4.65791224166119e-06	9630	rwr	BC
GABRA4	4.65709966865995e-06	9631	rwr	BC
RNH1	4.65392917462784e-06	9632	rwr	BC
PLA2G12A	4.65283342132002e-06	9633	rwr	BC
HPS5	4.65163850986384e-06	9634	rwr	BC
ZNF92	4.65108207741361e-06	9635	rwr	BC
GAREM1	4.64981220526215e-06	9636	rwr	BC
DISP2	4.6494748013e-06	9637	rwr	BC
ACTR1B	4.64919807029316e-06	9638	rwr	BC
CHRNB4	4.64570179426972e-06	9639	rwr	BC
SLC35A2	4.64541009336511e-06	9640	rwr	BC
PROP1	4.64401019483233e-06	9641	rwr	BC
RASL10A	4.64273159654355e-06	9642	rwr	BC
ACCSL	4.64015819000951e-06	9643	rwr	BC
TMEM119	4.63971264796956e-06	9644	rwr	BC
EVI5	4.6323164656072e-06	9645	rwr	BC
STARD3NL	4.63167280243327e-06	9646	rwr	BC
TPPP	4.62962244799354e-06	9647	rwr	BC
NUDT9	4.62927953564092e-06	9648	rwr	BC
NKIRAS2	4.62899960096499e-06	9649	rwr	BC
HMGB2	4.62888962151907e-06	9650	rwr	BC
HNRNPLL	4.62798325306273e-06	9651	rwr	BC
FLRT2	4.62712122229431e-06	9652	rwr	BC
WASHC2C	4.62692087701965e-06	9653	rwr	BC
SLC29A1	4.62671198995132e-06	9654	rwr	BC
LRGUK	4.62492621593884e-06	9655	rwr	BC
SGSM3	4.62332257498018e-06	9656	rwr	BC
GEMIN7	4.62251393068751e-06	9657	rwr	BC
FBXL19	4.62168850051391e-06	9658	rwr	BC
MTSS2	4.62140116807648e-06	9659	rwr	BC
CERS3	4.62089731152044e-06	9660	rwr	BC
TREML1	4.62041855652181e-06	9661	rwr	BC
SLC26A6	4.61998778266571e-06	9662	rwr	BC
SLCO1B3	4.61822367289261e-06	9663	rwr	BC
CIART	4.61813375771788e-06	9664	rwr	BC
P2RX1	4.6177618109674e-06	9665	rwr	BC
CREBZF	4.61643548983586e-06	9666	rwr	BC
SAA4	4.61204384878406e-06	9667	rwr	BC
BET1L	4.61133871011935e-06	9668	rwr	BC
CLEC4A	4.61035867903782e-06	9669	rwr	BC
TIMM23B	4.6090298606262e-06	9670	rwr	BC
NPPC	4.60805661228762e-06	9671	rwr	BC
KCNH1	4.60600507636566e-06	9672	rwr	BC
LRRTM4	4.60280433486515e-06	9673	rwr	BC
SEMA4F	4.6007027838183e-06	9674	rwr	BC
RUFY1	4.59990517772385e-06	9675	rwr	BC
CLK2	4.59815443668892e-06	9676	rwr	BC
PIH1D2	4.59470084738879e-06	9677	rwr	BC
EIF2B2	4.59323000165415e-06	9678	rwr	BC
SERPINA7	4.59027835996558e-06	9679	rwr	BC
ABHD5	4.58832889263082e-06	9680	rwr	BC
SAR1A	4.58776269916117e-06	9681	rwr	BC
NIPSNAP2	4.58630008395447e-06	9682	rwr	BC
FBXL18	4.58542477621927e-06	9683	rwr	BC
SEMA4G	4.58508824211521e-06	9684	rwr	BC
PRDX4	4.58452084755168e-06	9685	rwr	BC
TMEM11	4.58185234386308e-06	9686	rwr	BC
GRM4	4.58158474677491e-06	9687	rwr	BC
PRAMEF1	4.58066016292526e-06	9688	rwr	BC
STRA6	4.58055731113285e-06	9689	rwr	BC
AOC1	4.57697976105557e-06	9690	rwr	BC
UBE3D	4.57654321692124e-06	9691	rwr	BC
DHX34	4.57606887117631e-06	9692	rwr	BC
CERS6	4.57310264088542e-06	9693	rwr	BC
WASHC4	4.56943874153544e-06	9694	rwr	BC
TTC7A	4.56856084400596e-06	9695	rwr	BC
CRYAA	4.56842614915356e-06	9696	rwr	BC
UHMK1	4.56834904030924e-06	9697	rwr	BC
ADGRG1	4.56815725780606e-06	9698	rwr	BC
PRTFDC1	4.56678692814085e-06	9699	rwr	BC
SPSB4	4.56392368742076e-06	9700	rwr	BC
SLPI	4.56250421449962e-06	9701	rwr	BC
SNTG2	4.56059535838898e-06	9702	rwr	BC
CKB	4.5600135394319e-06	9703	rwr	BC
ZNF512B	4.55943611365581e-06	9704	rwr	BC
XPNPEP2	4.55675201435642e-06	9705	rwr	BC
BAZ2B	4.55670515054662e-06	9706	rwr	BC
SCN11A	4.5561476058882e-06	9707	rwr	BC
ATXN10	4.55584234394338e-06	9708	rwr	BC
ARHGAP44	4.55518457655395e-06	9709	rwr	BC
TULP3	4.55490514978577e-06	9710	rwr	BC
LGALS7	4.55419154007458e-06	9711	rwr	BC
PITPNM3	4.55292346119149e-06	9712	rwr	BC
TESK1	4.55052201894646e-06	9713	rwr	BC
TMEM198	4.549557371973e-06	9714	rwr	BC
POU2F2	4.54621391380859e-06	9715	rwr	BC
POMT1	4.54549022669008e-06	9716	rwr	BC
PTPRG	4.54299795604272e-06	9717	rwr	BC
GABRB2	4.54263451836419e-06	9718	rwr	BC
EIF2B4	4.54242473742333e-06	9719	rwr	BC
PIGB	4.54234295251859e-06	9720	rwr	BC
SUMF1	4.54161577239196e-06	9721	rwr	BC
DCLK1	4.54028584667824e-06	9722	rwr	BC
MAEA	4.53928946833835e-06	9723	rwr	BC
CLN8	4.53926460689528e-06	9724	rwr	BC
TPP2	4.53555346444688e-06	9725	rwr	BC
PLA2G12B	4.53482105376443e-06	9726	rwr	BC
DECR1	4.53300384280147e-06	9727	rwr	BC
PLK5	4.53054931056167e-06	9728	rwr	BC
GBP4	4.52944362019385e-06	9729	rwr	BC
GRSF1	4.52928127878371e-06	9730	rwr	BC
CHRM3	4.52805460166388e-06	9731	rwr	BC
ZGPAT	4.52602831475112e-06	9732	rwr	BC
BMP3	4.52482492920789e-06	9733	rwr	BC
MYBPC1	4.52443252387234e-06	9734	rwr	BC
CHURC1	4.52360636544721e-06	9735	rwr	BC
CXXC5	4.52254933292353e-06	9736	rwr	BC
PUM1	4.52086815829328e-06	9737	rwr	BC
HOXA11	4.51956119223083e-06	9738	rwr	BC
IMMP2L	4.51934217600827e-06	9739	rwr	BC
DOHH	4.51867459015999e-06	9740	rwr	BC
FAM8A1	4.51842220227651e-06	9741	rwr	BC
TRPM3	4.51776643535455e-06	9742	rwr	BC
ZC3H18	4.51726441581098e-06	9743	rwr	BC
TSPYL2	4.51330838077992e-06	9744	rwr	BC
NSUN5	4.51314246833992e-06	9745	rwr	BC
HOXC5	4.51127291183644e-06	9746	rwr	BC
CLIC2	4.51119474986755e-06	9747	rwr	BC
GOLGA4	4.51079085996514e-06	9748	rwr	BC
TCTE3	4.50461108580663e-06	9749	rwr	BC
THOC6	4.50444238772936e-06	9750	rwr	BC
BAIAP2L2	4.50110012353207e-06	9751	rwr	BC
HACD1	4.49857012132802e-06	9752	rwr	BC
VCY	4.49447164766893e-06	9753	rwr	BC
DUOXA1	4.49378507717028e-06	9754	rwr	BC
PLEKHO1	4.49257242673404e-06	9755	rwr	BC
KDM4D	4.49240968372317e-06	9756	rwr	BC
HYDIN	4.49195330145839e-06	9757	rwr	BC
PGAP1	4.49176040947944e-06	9758	rwr	BC
RO60	4.49087052703758e-06	9759	rwr	BC
LGR6	4.49029435504255e-06	9760	rwr	BC
CBR3	4.48940177869165e-06	9761	rwr	BC
SOAT2	4.48684593667433e-06	9762	rwr	BC
VCY1B	4.48577611911602e-06	9763	rwr	BC
CASQ1	4.48543051439318e-06	9764	rwr	BC
RCSD1	4.48508397604732e-06	9765	rwr	BC
LPP	4.48506604899512e-06	9766	rwr	BC
PPOX	4.48393185247018e-06	9767	rwr	BC
CLDN20	4.48063672753786e-06	9768	rwr	BC
ZIC4	4.48027286381867e-06	9769	rwr	BC
PRAMEF11	4.47915854378361e-06	9770	rwr	BC
PRAMEF12	4.47915854378361e-06	9771	rwr	BC
PRAMEF13	4.47915854378361e-06	9772	rwr	BC
PRAMEF14	4.47915854378361e-06	9773	rwr	BC
PRAMEF20	4.47915854378361e-06	9774	rwr	BC
PRAMEF25	4.47915854378361e-06	9775	rwr	BC
PRAMEF26	4.47915854378361e-06	9776	rwr	BC
PRAMEF27	4.47915854378361e-06	9777	rwr	BC
PRAMEF4	4.47915854378361e-06	9778	rwr	BC
PRAMEF5	4.47915854378361e-06	9779	rwr	BC
PRAMEF7	4.47915854378361e-06	9780	rwr	BC
PRAMEF8	4.47915854378361e-06	9781	rwr	BC
PRAMEF9	4.47915854378361e-06	9782	rwr	BC
MIEF1	4.47915714334139e-06	9783	rwr	BC
TTC7B	4.47830335173862e-06	9784	rwr	BC
P2RX3	4.47693428113884e-06	9785	rwr	BC
SLC22A12	4.47575229646901e-06	9786	rwr	BC
DBP	4.47444671297482e-06	9787	rwr	BC
NXF5	4.47420486793465e-06	9788	rwr	BC
RAB40B	4.47401443581637e-06	9789	rwr	BC
L1TD1	4.47082074524626e-06	9790	rwr	BC
AKAP14	4.47018212182727e-06	9791	rwr	BC
TGS1	4.46931936037289e-06	9792	rwr	BC
PSPC1	4.46737943317911e-06	9793	rwr	BC
NPY2R	4.46623645215175e-06	9794	rwr	BC
SSR2	4.46564519784533e-06	9795	rwr	BC
TYSND1	4.46281756825176e-06	9796	rwr	BC
EPB41L3	4.46254855772483e-06	9797	rwr	BC
CDC42EP2	4.45870992205076e-06	9798	rwr	BC
NGB	4.45821579283162e-06	9799	rwr	BC
AADAT	4.45642279873658e-06	9800	rwr	BC
RAB39B	4.45634436893708e-06	9801	rwr	BC
PRMT8	4.45211673904528e-06	9802	rwr	BC
COQ5	4.45146282260891e-06	9803	rwr	BC
ADA2	4.45084560706804e-06	9804	rwr	BC
KCNC1	4.45013650718925e-06	9805	rwr	BC
CARNS1	4.44978292969629e-06	9806	rwr	BC
HOOK2	4.44951832826735e-06	9807	rwr	BC
RCC1L	4.44864242565854e-06	9808	rwr	BC
SLC35C1	4.44683523056278e-06	9809	rwr	BC
TM7SF2	4.44649539620237e-06	9810	rwr	BC
B4GALT2	4.44539239538732e-06	9811	rwr	BC
TJAP1	4.44532738911018e-06	9812	rwr	BC
CCDC22	4.44436308331867e-06	9813	rwr	BC
SUGCT	4.44260440096459e-06	9814	rwr	BC
MPP2	4.43695477126243e-06	9815	rwr	BC
NUDT18	4.43429318662562e-06	9816	rwr	BC
BTG1	4.4323356767284e-06	9817	rwr	BC
NAA60	4.43096573094028e-06	9818	rwr	BC
NRDC	4.43091011420008e-06	9819	rwr	BC
CLDN22	4.43053018267983e-06	9820	rwr	BC
LGALS13	4.42492758400176e-06	9821	rwr	BC
RAB40AL	4.42476511004282e-06	9822	rwr	BC
HPS6	4.42405773525005e-06	9823	rwr	BC
HROB	4.42157548175711e-06	9824	rwr	BC
MAP4K4	4.42036087235595e-06	9825	rwr	BC
THEM5	4.42023632370478e-06	9826	rwr	BC
LRRC37B	4.41966577122435e-06	9827	rwr	BC
ARPIN-AP3S2	4.41962932632574e-06	9828	rwr	BC
STAC	4.41921715149174e-06	9829	rwr	BC
ESPNL	4.41917128991228e-06	9830	rwr	BC
DEGS2	4.41724277685186e-06	9831	rwr	BC
UGT8	4.41689980191519e-06	9832	rwr	BC
RAMAC	4.41499534591229e-06	9833	rwr	BC
SNAPC5	4.41464585254873e-06	9834	rwr	BC
DHX35	4.41275729426826e-06	9835	rwr	BC
MEX3C	4.41204408547169e-06	9836	rwr	BC
NSMAF	4.41104999975515e-06	9837	rwr	BC
AHRR-2	4.40990723390664e-06	9838	rwr	BC
GCM2	4.40981469466741e-06	9839	rwr	BC
MALL	4.4075478167137e-06	9840	rwr	BC
CHRNB2	4.40444032331405e-06	9841	rwr	BC
RPE	4.40442423587308e-06	9842	rwr	BC
CTSA	4.40441284107111e-06	9843	rwr	BC
DSTN	4.39797233883883e-06	9844	rwr	BC
ARFGEF1	4.39664540693137e-06	9845	rwr	BC
FFAR2	4.39518099887607e-06	9846	rwr	BC
PTH2	4.39334528896166e-06	9847	rwr	BC
SLC17A8	4.39325964995963e-06	9848	rwr	BC
NOCT	4.38899892764148e-06	9849	rwr	BC
SERPINA12	4.3851867284309e-06	9850	rwr	BC
SFTPA1	4.38514199429806e-06	9851	rwr	BC
GABRA6	4.38209226075287e-06	9852	rwr	BC
GEMIN6	4.38034826304107e-06	9853	rwr	BC
DDX42	4.37958010472668e-06	9854	rwr	BC
RNASE3	4.37719214089993e-06	9855	rwr	BC
CCBE1	4.37586660037926e-06	9856	rwr	BC
LIMS3	4.37314806382738e-06	9857	rwr	BC
SNTG1	4.37287490202546e-06	9858	rwr	BC
TIMM10B	4.36844459146682e-06	9859	rwr	BC
CDK17	4.36753013838352e-06	9860	rwr	BC
FAM9A	4.36621023929954e-06	9861	rwr	BC
RAB38	4.36016082990862e-06	9862	rwr	BC
LTB4R	4.35911355589293e-06	9863	rwr	BC
NOBOX	4.35847407898039e-06	9864	rwr	BC
CERS4	4.356255726547e-06	9865	rwr	BC
MARCHF1	4.35603406216677e-06	9866	rwr	BC
A2ML1	4.35081391337081e-06	9867	rwr	BC
TIMD4	4.35046842823465e-06	9868	rwr	BC
PHOSPHO1	4.35001820549745e-06	9869	rwr	BC
NRBP1	4.34719252157639e-06	9870	rwr	BC
ATE1	4.34633877475615e-06	9871	rwr	BC
TNPO2	4.34123932830743e-06	9872	rwr	BC
APMAP	4.33604226835865e-06	9873	rwr	BC
NPC2	4.33533025619926e-06	9874	rwr	BC
RAB11FIP5	4.33470122420796e-06	9875	rwr	BC
IL17RE	4.33346353789982e-06	9876	rwr	BC
PSTPIP2	4.33263884723311e-06	9877	rwr	BC
HEPH	4.33059509497286e-06	9878	rwr	BC
ZHX1	4.32990682352365e-06	9879	rwr	BC
LRTOMT-2	4.32955088916554e-06	9880	rwr	BC
SLC24A5	4.32623921364827e-06	9881	rwr	BC
CCNY	4.32606789491682e-06	9882	rwr	BC
TMC8	4.32577838299805e-06	9883	rwr	BC
FAM53C	4.32406477186244e-06	9884	rwr	BC
GRK7	4.32380176727362e-06	9885	rwr	BC
TRIM39	4.32325728891041e-06	9886	rwr	BC
DNAJC13	4.31973880061777e-06	9887	rwr	BC
ALDH1L2	4.31786868854703e-06	9888	rwr	BC
LAPTM4B	4.31584440331693e-06	9889	rwr	BC
MOV10L1	4.31102952815811e-06	9890	rwr	BC
ADAMTS2	4.31079042888862e-06	9891	rwr	BC
DPM3	4.31071790547555e-06	9892	rwr	BC
MAGEA6	4.3100932958143e-06	9893	rwr	BC
EYA2	4.30586692159894e-06	9894	rwr	BC
TCTEX1D4	4.30358950652944e-06	9895	rwr	BC
GEMIN8	4.30238129518663e-06	9896	rwr	BC
DEGS1	4.30213676174921e-06	9897	rwr	BC
TRAPPC5	4.30199038512928e-06	9898	rwr	BC
LGALS7B	4.3013288075479e-06	9899	rwr	BC
SLC30A7	4.29995778668021e-06	9900	rwr	BC
CERS5	4.29950962883413e-06	9901	rwr	BC
DAZAP2	4.29906847694747e-06	9902	rwr	BC
VPS35L	4.29750715311577e-06	9903	rwr	BC
GNPDA1	4.2974045629361e-06	9904	rwr	BC
COG6	4.29562510188815e-06	9905	rwr	BC
LY6E	4.29401678222463e-06	9906	rwr	BC
TAS2R46	4.29311600826453e-06	9907	rwr	BC
CAPNS2	4.29279360525783e-06	9908	rwr	BC
HTN3	4.29139793120171e-06	9909	rwr	BC
RAB18	4.29081400255295e-06	9910	rwr	BC
FBXO10	4.29016762692987e-06	9911	rwr	BC
SELENOO	4.28855939379198e-06	9912	rwr	BC
DIS3L	4.28798934886826e-06	9913	rwr	BC
KBTBD13	4.28524814840692e-06	9914	rwr	BC
CDHR5	4.28390087780014e-06	9915	rwr	BC
ZNHIT2	4.28097245196774e-06	9916	rwr	BC
DOCK11	4.28013566727624e-06	9917	rwr	BC
HGSNAT	4.27988471237502e-06	9918	rwr	BC
ZCCHC7	4.27727373267223e-06	9919	rwr	BC
UTF1	4.26656961649895e-06	9920	rwr	BC
GALK1	4.26649342208862e-06	9921	rwr	BC
HIVEP2	4.26604120391639e-06	9922	rwr	BC
AREL1	4.26538085120263e-06	9923	rwr	BC
MBD6	4.26424298261306e-06	9924	rwr	BC
ACPP	4.26424163658909e-06	9925	rwr	BC
CHRNA1	4.26126726025349e-06	9926	rwr	BC
P2RX6	4.2603146156021e-06	9927	rwr	BC
CSNK1G3	4.25976321094066e-06	9928	rwr	BC
NUP62CL	4.25371697978871e-06	9929	rwr	BC
SURF4	4.2523777083351e-06	9930	rwr	BC
NR2C1	4.25223845221716e-06	9931	rwr	BC
LETM1	4.25025807420685e-06	9932	rwr	BC
RXFP2	4.2454433923154e-06	9933	rwr	BC
BLOC1S4	4.24457805753883e-06	9934	rwr	BC
GUCA2A	4.24402639691389e-06	9935	rwr	BC
MON1B	4.24181035782476e-06	9936	rwr	BC
TSSK6	4.2415655760368e-06	9937	rwr	BC
RENBP	4.24094059502885e-06	9938	rwr	BC
EFEMP1	4.23994032650624e-06	9939	rwr	BC
NCOA5	4.23791301680455e-06	9940	rwr	BC
ACOT13	4.23764468468471e-06	9941	rwr	BC
TPK1	4.23583124890821e-06	9942	rwr	BC
ERG28	4.23519053698672e-06	9943	rwr	BC
PDLIM5	4.23489217192654e-06	9944	rwr	BC
STX19	4.2333198768837e-06	9945	rwr	BC
COL7A1	4.23212028453588e-06	9946	rwr	BC
TRIM54	4.22959604307773e-06	9947	rwr	BC
GLP2R	4.22901237833443e-06	9948	rwr	BC
CNGA3	4.22687857164769e-06	9949	rwr	BC
ORAI3	4.22589538831613e-06	9950	rwr	BC
PIPOX	4.22578005629501e-06	9951	rwr	BC
TSPAN32	4.22547911477641e-06	9952	rwr	BC
OPTC	4.22311979027736e-06	9953	rwr	BC
PLA2G2E	4.22194109628706e-06	9954	rwr	BC
TTC37	4.22094304632848e-06	9955	rwr	BC
AMDHD2-2	4.21959637553635e-06	9956	rwr	BC
SERPINB13	4.21694018556221e-06	9957	rwr	BC
FAAH2	4.21598133494463e-06	9958	rwr	BC
TXNL4B	4.21262145271993e-06	9959	rwr	BC
DNAI1	4.21185772598607e-06	9960	rwr	BC
AMELX	4.21015236669485e-06	9961	rwr	BC
FOXE1	4.20998713045038e-06	9962	rwr	BC
LAGE3	4.20826034536205e-06	9963	rwr	BC
BORCS5	4.20781322981302e-06	9964	rwr	BC
NOL8	4.20561763583038e-06	9965	rwr	BC
GABRA3	4.20560040139319e-06	9966	rwr	BC
BMPER	4.20511612953906e-06	9967	rwr	BC
SEMA3D	4.20236786828169e-06	9968	rwr	BC
TRPS1	4.20193034954712e-06	9969	rwr	BC
RBM45	4.20150533163347e-06	9970	rwr	BC
MTCL1	4.1989478778579e-06	9971	rwr	BC
GORAB	4.1967965826617e-06	9972	rwr	BC
PREP	4.1957788572074e-06	9973	rwr	BC
RAB27B	4.19308274357292e-06	9974	rwr	BC
JADE3	4.19275537356286e-06	9975	rwr	BC
LY6G6F	4.1916409181399e-06	9976	rwr	BC
COG1	4.19125607164014e-06	9977	rwr	BC
CISD2	4.19087442229393e-06	9978	rwr	BC
MYO3B	4.18905284404538e-06	9979	rwr	BC
PAIP2	4.18903314524383e-06	9980	rwr	BC
ZMYM4	4.18696642495075e-06	9981	rwr	BC
IFNW1	4.18686629448318e-06	9982	rwr	BC
RIC8B	4.18578388774673e-06	9983	rwr	BC
CLMP	4.18521760116271e-06	9984	rwr	BC
V9GYH0_HUMAN	4.18481096766105e-06	9985	rwr	BC
CDC123	4.18415880820001e-06	9986	rwr	BC
FGF14	4.18311971721509e-06	9987	rwr	BC
C15orf41	4.18286444919755e-06	9988	rwr	BC
TRIM14	4.18185612348389e-06	9989	rwr	BC
SNAP47	4.18134985862722e-06	9990	rwr	BC
TRIM16	4.17768432334883e-06	9991	rwr	BC
DSG4	4.17576501488206e-06	9992	rwr	BC
SLC25A37	4.17358413431025e-06	9993	rwr	BC
CHRM4	4.16777325317239e-06	9994	rwr	BC
P4HTM	4.1674336802794e-06	9995	rwr	BC
SPRR2A	4.16019192951401e-06	9996	rwr	BC
EDN2	4.15745007518936e-06	9997	rwr	BC
RETSAT	4.15715561352529e-06	9998	rwr	BC
SRSF8	4.15651021386002e-06	9999	rwr	BC
CRAMP1	4.15599455225709e-06	10000	rwr	BC
EIF2A	4.15413152817556e-06	10001	rwr	BC
INHA	4.15301403000614e-06	10002	rwr	BC
SLC47A1	4.15281091923469e-06	10003	rwr	BC
ASB1	4.15151083490727e-06	10004	rwr	BC
HEXB	4.15143400021888e-06	10005	rwr	BC
ITLN1	4.1477107033241e-06	10006	rwr	BC
REXO4	4.14706334857224e-06	10007	rwr	BC
PUS3	4.14381782034154e-06	10008	rwr	BC
CLCN1	4.14355414424789e-06	10009	rwr	BC
ABCC9	4.14327078379528e-06	10010	rwr	BC
PPT2	4.13913621452921e-06	10011	rwr	BC
PHF23	4.13781058711177e-06	10012	rwr	BC
GID4	4.1357926474277e-06	10013	rwr	BC
SEMG1	4.13253694344381e-06	10014	rwr	BC
HPD	4.13120038261444e-06	10015	rwr	BC
CHD9	4.13114607942339e-06	10016	rwr	BC
PLSCR1	4.13011596937878e-06	10017	rwr	BC
DAZ2	4.1280716510112e-06	10018	rwr	BC
GMPPB	4.12389086145344e-06	10019	rwr	BC
RAP2C	4.12091389156496e-06	10020	rwr	BC
AKR1C4	4.11974741948269e-06	10021	rwr	BC
ASB7	4.1143145141086e-06	10022	rwr	BC
MYO9A	4.1129399663284e-06	10023	rwr	BC
TBX4	4.11002803363676e-06	10024	rwr	BC
FHDC1	4.10868686194908e-06	10025	rwr	BC
MEA1	4.10692774811221e-06	10026	rwr	BC
DENND10	4.10526538490647e-06	10027	rwr	BC
MFSD2A	4.10131412044147e-06	10028	rwr	BC
ZNF384	4.10044811235028e-06	10029	rwr	BC
NAPG	4.10009203643461e-06	10030	rwr	BC
PPHLN1	4.09761873548347e-06	10031	rwr	BC
UNC45A	4.09575358209438e-06	10032	rwr	BC
TBC1D10C	4.09352488723933e-06	10033	rwr	BC
RAET1E	4.09268260958903e-06	10034	rwr	BC
OSTC	4.08677101554437e-06	10035	rwr	BC
GHDC	4.08369194769307e-06	10036	rwr	BC
RSPH9	4.07938192415948e-06	10037	rwr	BC
KCNJ8	4.07556209006306e-06	10038	rwr	BC
PRG4	4.07109750499508e-06	10039	rwr	BC
P2RY8	4.06949992069193e-06	10040	rwr	BC
PPP1R12B	4.06946284806593e-06	10041	rwr	BC
DNAI2	4.06825201985274e-06	10042	rwr	BC
GPAA1	4.06783210537753e-06	10043	rwr	BC
PPIL3	4.06754505444745e-06	10044	rwr	BC
TEX264	4.06629603982859e-06	10045	rwr	BC
SIGLEC10	4.06598813863435e-06	10046	rwr	BC
PET100	4.06569912102478e-06	10047	rwr	BC
TDO2	4.06418334288725e-06	10048	rwr	BC
LMOD2	4.06069237856221e-06	10049	rwr	BC
DHPS	4.06041971098593e-06	10050	rwr	BC
MCUB	4.06011521716245e-06	10051	rwr	BC
FBXO38	4.05989049033314e-06	10052	rwr	BC
PLEKHJ1	4.05482490256638e-06	10053	rwr	BC
KHDC3L	4.05400056064816e-06	10054	rwr	BC
PGS1	4.05203804582354e-06	10055	rwr	BC
WDR17	4.05167276976626e-06	10056	rwr	BC
CCDC61	4.05163929063317e-06	10057	rwr	BC
DQX1	4.05020864092175e-06	10058	rwr	BC
CHL1	4.0493848374827e-06	10059	rwr	BC
TRMT10C	4.04745015925988e-06	10060	rwr	BC
PITX1	4.04706926835275e-06	10061	rwr	BC
SRR	4.04341642542499e-06	10062	rwr	BC
MATN3	4.04051558825139e-06	10063	rwr	BC
MSRA	4.04040927377501e-06	10064	rwr	BC
NMRK1	4.0374511360358e-06	10065	rwr	BC
DENND1B	4.03663726280744e-06	10066	rwr	BC
SIRPG	4.03012417306941e-06	10067	rwr	BC
SLC2A9	4.02687516115591e-06	10068	rwr	BC
SERPINB3	4.02655757870591e-06	10069	rwr	BC
ASB10	4.02497185096196e-06	10070	rwr	BC
DIRAS1	4.02467695497976e-06	10071	rwr	BC
USP36	4.02332657200463e-06	10072	rwr	BC
SNX12	4.02155268157029e-06	10073	rwr	BC
YIPF6	4.02025340555785e-06	10074	rwr	BC
CCN3	4.02020451730753e-06	10075	rwr	BC
LOXL1	4.01991839704002e-06	10076	rwr	BC
DCAF4L1	4.01726905187405e-06	10077	rwr	BC
ERAP1	4.01502246370727e-06	10078	rwr	BC
BCAP29	4.01313554645563e-06	10079	rwr	BC
POGLUT1	4.01303177147756e-06	10080	rwr	BC
GSPT2	4.01280067926246e-06	10081	rwr	BC
DLX2	4.01020921196131e-06	10082	rwr	BC
HSD3B7	4.00974115267499e-06	10083	rwr	BC
CLEC10A	4.00914520003629e-06	10084	rwr	BC
CELA3A	4.00778533270079e-06	10085	rwr	BC
SLC4A11	4.00713419755277e-06	10086	rwr	BC
ELAVL4	4.00590727141387e-06	10087	rwr	BC
NIPA2	4.00559857542542e-06	10088	rwr	BC
CLEC16A	4.00388134789515e-06	10089	rwr	BC
SLC22A1	4.00361753470115e-06	10090	rwr	BC
PSMG3	4.00264112973898e-06	10091	rwr	BC
POMGNT1	4.0011155834683e-06	10092	rwr	BC
MICALL2	3.99978033820014e-06	10093	rwr	BC
NEMP1	3.9934896299316e-06	10094	rwr	BC
KLF3	3.99346909539352e-06	10095	rwr	BC
SGPP1	3.99325937440237e-06	10096	rwr	BC
SSX1	3.98982467772278e-06	10097	rwr	BC
ANKRD1	3.98972405868379e-06	10098	rwr	BC
CD93	3.98937614375921e-06	10099	rwr	BC
GPAT4	3.98916472461785e-06	10100	rwr	BC
ZNF41	3.98803288309503e-06	10101	rwr	BC
HIBADH	3.98356966299307e-06	10102	rwr	BC
C2CD3	3.9812619774585e-06	10103	rwr	BC
SOX7	3.98040444825898e-06	10104	rwr	BC
PIBF1	3.98021838969539e-06	10105	rwr	BC
MCUR1	3.97539691223458e-06	10106	rwr	BC
LRRTM3	3.97498803047077e-06	10107	rwr	BC
KCNK18	3.97072337836672e-06	10108	rwr	BC
ASAH2	3.97041607259156e-06	10109	rwr	BC
SLC8A3	3.96742957924933e-06	10110	rwr	BC
GP2	3.96606667914576e-06	10111	rwr	BC
OSTM1	3.96545461947489e-06	10112	rwr	BC
HENMT1	3.96484298168755e-06	10113	rwr	BC
TCN1	3.96324019139601e-06	10114	rwr	BC
ALG6	3.96311257945883e-06	10115	rwr	BC
KCNJ10	3.96307938530231e-06	10116	rwr	BC
POFUT2	3.96250545150202e-06	10117	rwr	BC
PPP4R4	3.95990065854555e-06	10118	rwr	BC
CABP4	3.95648669287257e-06	10119	rwr	BC
UBOX5	3.95153082944584e-06	10120	rwr	BC
TAS2R1	3.94943350236998e-06	10121	rwr	BC
ACER2	3.94901996421494e-06	10122	rwr	BC
GPC2	3.94889347045002e-06	10123	rwr	BC
OMA1	3.94633946325443e-06	10124	rwr	BC
AKAP8	3.94522552145648e-06	10125	rwr	BC
DDR2	3.94509483190633e-06	10126	rwr	BC
KLK10	3.94498329413244e-06	10127	rwr	BC
MPLKIP	3.94095124475255e-06	10128	rwr	BC
MYT1L	3.939790485046e-06	10129	rwr	BC
ASDURF	3.9357278218527e-06	10130	rwr	BC
SLC39A8	3.9352639282768e-06	10131	rwr	BC
FAM104A	3.93499687273686e-06	10132	rwr	BC
FMNL2	3.934573625998e-06	10133	rwr	BC
CELF3	3.93407922542563e-06	10134	rwr	BC
ECE2	3.93213708733349e-06	10135	rwr	BC
OGN	3.93152966782666e-06	10136	rwr	BC
SAC3D1	3.93122467060221e-06	10137	rwr	BC
EFR3B	3.93075380717812e-06	10138	rwr	BC
SPA17	3.93007492918031e-06	10139	rwr	BC
TUSC3	3.92956261066401e-06	10140	rwr	BC
DPP6	3.92945308656361e-06	10141	rwr	BC
NLRP5	3.92694725362887e-06	10142	rwr	BC
RBFOX1	3.92366630304308e-06	10143	rwr	BC
GSDMA	3.92216214078493e-06	10144	rwr	BC
COA5	3.92159718552584e-06	10145	rwr	BC
CCDC122	3.92082419875661e-06	10146	rwr	BC
KIAA1671	3.92075224854258e-06	10147	rwr	BC
PAQR3	3.92042282948151e-06	10148	rwr	BC
PSG7	3.91890129745341e-06	10149	rwr	BC
YIPF1	3.91877341982702e-06	10150	rwr	BC
GDPD1	3.91871284165288e-06	10151	rwr	BC
LRRTM1	3.91838088672724e-06	10152	rwr	BC
ABCD2	3.91544118062231e-06	10153	rwr	BC
CHRM5	3.91284796754436e-06	10154	rwr	BC
MICAL3	3.91209192159146e-06	10155	rwr	BC
PANK2	3.91187099756336e-06	10156	rwr	BC
EFR3A	3.90937529720447e-06	10157	rwr	BC
FCRL5	3.90921523544509e-06	10158	rwr	BC
ARHGEF26	3.90861257046597e-06	10159	rwr	BC
PCBD2	3.90681516926511e-06	10160	rwr	BC
HOXB13	3.90516850980475e-06	10161	rwr	BC
DCAF12L1	3.90460057817012e-06	10162	rwr	BC
RNF138	3.90428384446573e-06	10163	rwr	BC
MPRIP	3.90352964709904e-06	10164	rwr	BC
URB1	3.90281188412978e-06	10165	rwr	BC
GGH	3.90278205782372e-06	10166	rwr	BC
MT1E	3.90266296785047e-06	10167	rwr	BC
FRMD4B	3.90222358913363e-06	10168	rwr	BC
PPM1G	3.90127023654297e-06	10169	rwr	BC
HLA-DQB2	3.90117297533873e-06	10170	rwr	BC
ANKRD52	3.89872100432036e-06	10171	rwr	BC
DNMBP	3.89430413069654e-06	10172	rwr	BC
DOCK6	3.89371974780242e-06	10173	rwr	BC
MAGT1	3.89320322122678e-06	10174	rwr	BC
PRRC2C	3.89315004386946e-06	10175	rwr	BC
ATP6V1G3	3.89111638450617e-06	10176	rwr	BC
PABPC1L	3.89076925986062e-06	10177	rwr	BC
ECE1	3.89050587815364e-06	10178	rwr	BC
TRIL	3.88989681205497e-06	10179	rwr	BC
THUMPD2	3.88934286713409e-06	10180	rwr	BC
SPON1	3.88814130078151e-06	10181	rwr	BC
PTP4A1	3.88703604658831e-06	10182	rwr	BC
TSEN34	3.88639896433164e-06	10183	rwr	BC
MANBA	3.88098793817617e-06	10184	rwr	BC
P3H3	3.87988027382153e-06	10185	rwr	BC
PTDSS2	3.87891293443945e-06	10186	rwr	BC
TAF11L10	3.87883994668382e-06	10187	rwr	BC
TAF11L3	3.87883994668382e-06	10188	rwr	BC
TAF11L4	3.87883994668382e-06	10189	rwr	BC
TAF11L5	3.87883994668382e-06	10190	rwr	BC
TAF11L6	3.87883994668382e-06	10191	rwr	BC
TAF11L7	3.87883994668382e-06	10192	rwr	BC
TAF11L8	3.87883994668382e-06	10193	rwr	BC
TRIM62	3.87664628425008e-06	10194	rwr	BC
SLC22A8	3.87581570312281e-06	10195	rwr	BC
COX18	3.87572075854442e-06	10196	rwr	BC
NRL	3.87484836933135e-06	10197	rwr	BC
IAH1	3.87479831052273e-06	10198	rwr	BC
KRT71	3.87461304284704e-06	10199	rwr	BC
MYCBP	3.87286884659411e-06	10200	rwr	BC
RANBP10	3.87149269567557e-06	10201	rwr	BC
ITIH2	3.87148052376875e-06	10202	rwr	BC
SELENBP1	3.87136238948204e-06	10203	rwr	BC
TRIOBP	3.87065317115223e-06	10204	rwr	BC
KCNE5	3.8705380151111e-06	10205	rwr	BC
RNF14	3.86981862284563e-06	10206	rwr	BC
PVRIG	3.86296463664992e-06	10207	rwr	BC
PPM1L	3.86152015355989e-06	10208	rwr	BC
KIAA0319	3.85904981438772e-06	10209	rwr	BC
ADAMTS13	3.85760731661132e-06	10210	rwr	BC
IMPACT	3.85655667201539e-06	10211	rwr	BC
CNR2	3.85615674396298e-06	10212	rwr	BC
UROD	3.85573210256271e-06	10213	rwr	BC
PTPRE	3.85540208839115e-06	10214	rwr	BC
ECM1	3.85180106176162e-06	10215	rwr	BC
TMEM258	3.85119672339365e-06	10216	rwr	BC
MAEL	3.84875140756345e-06	10217	rwr	BC
DDX19A	3.84812240171083e-06	10218	rwr	BC
CPLANE1	3.84744267052497e-06	10219	rwr	BC
ZNF830	3.84727793590973e-06	10220	rwr	BC
COMMD7	3.84654485028616e-06	10221	rwr	BC
MORC2	3.84646519635426e-06	10222	rwr	BC
ALG5	3.84202705007665e-06	10223	rwr	BC
CITED4	3.84128160712919e-06	10224	rwr	BC
PTGFR	3.8379724774166e-06	10225	rwr	BC
RLN1	3.8354784843328e-06	10226	rwr	BC
LIPA	3.83306415771846e-06	10227	rwr	BC
ACER3	3.83212579685798e-06	10228	rwr	BC
CFAP221	3.82374142761303e-06	10229	rwr	BC
GRM7	3.82260624399586e-06	10230	rwr	BC
PRELP	3.82029753698874e-06	10231	rwr	BC
TENT5A	3.82000268394495e-06	10232	rwr	BC
LRRC45	3.81960390684128e-06	10233	rwr	BC
FHOD1	3.81834342164482e-06	10234	rwr	BC
CHRNE	3.81725323134518e-06	10235	rwr	BC
SLC39A6	3.81591842157074e-06	10236	rwr	BC
TMEM138	3.81340725538447e-06	10237	rwr	BC
PXMP2	3.81293935149627e-06	10238	rwr	BC
CEP85	3.81231212358107e-06	10239	rwr	BC
AGMAT	3.8102923654543e-06	10240	rwr	BC
BORCS7	3.80765738266479e-06	10241	rwr	BC
TMEM199	3.80669052604243e-06	10242	rwr	BC
ESD	3.80584604260619e-06	10243	rwr	BC
PLEKHG2	3.80530330995505e-06	10244	rwr	BC
IVD	3.8041637860103e-06	10245	rwr	BC
TGM2	3.80088813161867e-06	10246	rwr	BC
TECPR2	3.80086759450121e-06	10247	rwr	BC
CDO1	3.8006907153093e-06	10248	rwr	BC
SLC39A10	3.80037597511052e-06	10249	rwr	BC
PDPR	3.79951581150671e-06	10250	rwr	BC
TOR1AIP1	3.79760708219059e-06	10251	rwr	BC
HEMK1	3.79627855850406e-06	10252	rwr	BC
SLIRP	3.79623861358317e-06	10253	rwr	BC
DIPK2A	3.79603542462722e-06	10254	rwr	BC
CHIA	3.79489493900746e-06	10255	rwr	BC
HOXB3	3.79240616618332e-06	10256	rwr	BC
MRVI1	3.78984299556038e-06	10257	rwr	BC
RLN2	3.78911192059203e-06	10258	rwr	BC
IL36B	3.78802846834281e-06	10259	rwr	BC
RIPPLY2	3.7876104786255e-06	10260	rwr	BC
CCDC40	3.78734403396664e-06	10261	rwr	BC
AOC2	3.78469297779751e-06	10262	rwr	BC
COPRS	3.78374840135158e-06	10263	rwr	BC
COMMD2	3.78179347959925e-06	10264	rwr	BC
ZNF74	3.78128166623388e-06	10265	rwr	BC
CEACAM6	3.77994198008118e-06	10266	rwr	BC
ZFP1	3.77609380420215e-06	10267	rwr	BC
PTPN3	3.77518918938038e-06	10268	rwr	BC
NTN4	3.77513052039769e-06	10269	rwr	BC
HOXB8	3.77304410154132e-06	10270	rwr	BC
SPNS1	3.76965278285852e-06	10271	rwr	BC
PEX11G	3.76884209686854e-06	10272	rwr	BC
TKFC	3.7673129008737e-06	10273	rwr	BC
DAZ3	3.76636486890214e-06	10274	rwr	BC
IL20	3.76233155788447e-06	10275	rwr	BC
RASSF4	3.76101314302835e-06	10276	rwr	BC
GET1	3.75885981545685e-06	10277	rwr	BC
ANG	3.75672461522921e-06	10278	rwr	BC
C4orf19	3.75654746100575e-06	10279	rwr	BC
GABRE	3.75538587864293e-06	10280	rwr	BC
GALNT4	3.75518614104579e-06	10281	rwr	BC
NMRK2	3.7539609534324e-06	10282	rwr	BC
COMMD10	3.75208955216632e-06	10283	rwr	BC
LINC02218	3.75132832886277e-06	10284	rwr	BC
MEGF10	3.75067543264312e-06	10285	rwr	BC
FCRL4	3.75035071509842e-06	10286	rwr	BC
TAF11L11	3.7478272856288e-06	10287	rwr	BC
TAF11L12	3.7478272856288e-06	10288	rwr	BC
TAF11L13	3.7478272856288e-06	10289	rwr	BC
TAF11L14	3.7478272856288e-06	10290	rwr	BC
TAF11L2	3.7478272856288e-06	10291	rwr	BC
TAF11L9	3.7478272856288e-06	10292	rwr	BC
HGD	3.74430657609651e-06	10293	rwr	BC
SMDT1	3.74423019875141e-06	10294	rwr	BC
HPS1	3.74291446947896e-06	10295	rwr	BC
ECI1	3.74235952786585e-06	10296	rwr	BC
NAV1	3.74058538468451e-06	10297	rwr	BC
RMND5B	3.74044555213474e-06	10298	rwr	BC
FOXP1-2	3.73773107521201e-06	10299	rwr	BC
FAM83H	3.73578272779164e-06	10300	rwr	BC
TRAPPC10	3.73420209846857e-06	10301	rwr	BC
CYB5R3	3.73367348573198e-06	10302	rwr	BC
NYX	3.73346579688748e-06	10303	rwr	BC
DHRS4	3.72813154831578e-06	10304	rwr	BC
CRISP3	3.72354693575851e-06	10305	rwr	BC
FAM199X	3.71986569946027e-06	10306	rwr	BC
GPCPD1	3.71829919632814e-06	10307	rwr	BC
LAPTM4A	3.71825993941241e-06	10308	rwr	BC
ANTXR1	3.71809151307858e-06	10309	rwr	BC
RNF19A	3.71651892262598e-06	10310	rwr	BC
CALR3	3.7160596630813e-06	10311	rwr	BC
PRELID3B	3.71558853509444e-06	10312	rwr	BC
PCLO	3.71459718209383e-06	10313	rwr	BC
DPP10	3.7136943958055e-06	10314	rwr	BC
TRNT1	3.71271748568517e-06	10315	rwr	BC
KLF15	3.7117189579198e-06	10316	rwr	BC
GDPD3	3.71158582652427e-06	10317	rwr	BC
DAZAP1	3.71083143578499e-06	10318	rwr	BC
RANBP6	3.71019545478356e-06	10319	rwr	BC
NAB1	3.70953767620826e-06	10320	rwr	BC
GCNA	3.70939025828633e-06	10321	rwr	BC
FBXL12	3.70920284023671e-06	10322	rwr	BC
CCNJ	3.70654688902037e-06	10323	rwr	BC
PRUNE1	3.70480418552719e-06	10324	rwr	BC
YIPF5	3.70420552822688e-06	10325	rwr	BC
LYZ	3.70342515144487e-06	10326	rwr	BC
ENAM	3.70303976886953e-06	10327	rwr	BC
ACER1	3.70287612169441e-06	10328	rwr	BC
MAGED4B	3.70146477022471e-06	10329	rwr	BC
BTN3A2	3.70086679057705e-06	10330	rwr	BC
MAN2B2	3.7008392136596e-06	10331	rwr	BC
MICA	3.69977573475606e-06	10332	rwr	BC
TDRD12	3.69641955267187e-06	10333	rwr	BC
CCDC115	3.69633966229837e-06	10334	rwr	BC
COG4	3.6951319909094e-06	10335	rwr	BC
SLC39A13	3.6941673525334e-06	10336	rwr	BC
PDIA2	3.69195247931254e-06	10337	rwr	BC
SORCS3	3.69076041890706e-06	10338	rwr	BC
TRAPPC2L	3.68869641778851e-06	10339	rwr	BC
MARCHF8	3.68521981024493e-06	10340	rwr	BC
SMPD3	3.68478287818477e-06	10341	rwr	BC
CIB2	3.68382860050424e-06	10342	rwr	BC
MOBP	3.68338359743615e-06	10343	rwr	BC
NXT2	3.68270297558753e-06	10344	rwr	BC
PRCP	3.68223336564104e-06	10345	rwr	BC
DNAJC4	3.68186971496276e-06	10346	rwr	BC
DPM1	3.68116107458349e-06	10347	rwr	BC
TRIM59	3.67873464486806e-06	10348	rwr	BC
CEP57	3.67835016457703e-06	10349	rwr	BC
SERPINB6	3.67634099621448e-06	10350	rwr	BC
SGPP2	3.67619666356779e-06	10351	rwr	BC
MAPK4	3.67454112879628e-06	10352	rwr	BC
QRFP	3.67314168919024e-06	10353	rwr	BC
PBX3	3.67263224015973e-06	10354	rwr	BC
DNAJB7	3.67231569826645e-06	10355	rwr	BC
TCEAL6	3.66800656672783e-06	10356	rwr	BC
API5	3.6648723538517e-06	10357	rwr	BC
LENG8	3.66394722256487e-06	10358	rwr	BC
B3GAT2	3.66358338999727e-06	10359	rwr	BC
FCN3	3.66270317703463e-06	10360	rwr	BC
NANOS1	3.66259930572318e-06	10361	rwr	BC
POMT2	3.6618681111823e-06	10362	rwr	BC
TRAPPC6B	3.66186239243521e-06	10363	rwr	BC
GRIPAP1	3.66137107704004e-06	10364	rwr	BC
ELP6	3.66079917385268e-06	10365	rwr	BC
TRIM13	3.65971549657947e-06	10366	rwr	BC
UGCG	3.65762550352116e-06	10367	rwr	BC
FREM2	3.6558995399519e-06	10368	rwr	BC
NRN1	3.65454804811655e-06	10369	rwr	BC
PPP1R42	3.65453042120472e-06	10370	rwr	BC
LRRC3	3.65335829987703e-06	10371	rwr	BC
FBXO9	3.65005712637904e-06	10372	rwr	BC
SIX6	3.64898615868466e-06	10373	rwr	BC
ASRGL1	3.64830271793954e-06	10374	rwr	BC
GTF2A1L	3.64761469493441e-06	10375	rwr	BC
PNLIPRP3	3.64619384268197e-06	10376	rwr	BC
TPRKB	3.64391923777634e-06	10377	rwr	BC
SYNGR1	3.64250679695883e-06	10378	rwr	BC
TPCN2	3.64246559873074e-06	10379	rwr	BC
CDCP2	3.63906022340188e-06	10380	rwr	BC
ELMSAN1	3.63632331044636e-06	10381	rwr	BC
CPB1	3.63604792653947e-06	10382	rwr	BC
FPR3	3.63602642455766e-06	10383	rwr	BC
XYLT2	3.63592346130162e-06	10384	rwr	BC
PLEKHG4	3.63566614199969e-06	10385	rwr	BC
COMMD3	3.63503038865071e-06	10386	rwr	BC
A1CF	3.63458617602642e-06	10387	rwr	BC
LST1	3.63168748588594e-06	10388	rwr	BC
MAFA	3.63167036613276e-06	10389	rwr	BC
RGS9BP	3.63139912119665e-06	10390	rwr	BC
VPS8	3.63126614696329e-06	10391	rwr	BC
COLGALT2	3.63059982594296e-06	10392	rwr	BC
SLC30A2	3.63034216893072e-06	10393	rwr	BC
KIAA1614	3.63029184797378e-06	10394	rwr	BC
CHRNA6	3.63000429103479e-06	10395	rwr	BC
SREK1	3.62940288095834e-06	10396	rwr	BC
TRMT10B	3.62908368772345e-06	10397	rwr	BC
TMEM63C	3.62649282723899e-06	10398	rwr	BC
SV2A	3.62538515556983e-06	10399	rwr	BC
CD177	3.62490906269038e-06	10400	rwr	BC
TMEM26	3.62490821013769e-06	10401	rwr	BC
ZNF532	3.62442747275703e-06	10402	rwr	BC
AUH	3.62285793037169e-06	10403	rwr	BC
MS4A4E	3.62243656017682e-06	10404	rwr	BC
GOLGA1	3.62241691037322e-06	10405	rwr	BC
UFC1	3.62143515743858e-06	10406	rwr	BC
CELF6	3.62000120016224e-06	10407	rwr	BC
NCOA7	3.61439651751494e-06	10408	rwr	BC
ZP3	3.61344914140581e-06	10409	rwr	BC
RPP25L	3.61155358879461e-06	10410	rwr	BC
SLC8A2	3.61154831118753e-06	10411	rwr	BC
MFAP4	3.61124907833075e-06	10412	rwr	BC
NOSTRIN	3.60916078363645e-06	10413	rwr	BC
CIRBP	3.60827120097692e-06	10414	rwr	BC
BORCS8	3.60784178052105e-06	10415	rwr	BC
MFSD8	3.60626675359187e-06	10416	rwr	BC
DNAJC8	3.605510159969e-06	10417	rwr	BC
P2RX5	3.60500818837999e-06	10418	rwr	BC
KCNIP3	3.60237404012383e-06	10419	rwr	BC
DCDC2	3.60177683850185e-06	10420	rwr	BC
CHRND	3.60000529208889e-06	10421	rwr	BC
EMC3	3.59786354453743e-06	10422	rwr	BC
TRIM55	3.59772093177205e-06	10423	rwr	BC
RPEL1	3.59708193925568e-06	10424	rwr	BC
RHPN2	3.59636444027687e-06	10425	rwr	BC
FGD4	3.59532752529612e-06	10426	rwr	BC
HTN1	3.5945279457323e-06	10427	rwr	BC
BRINP1	3.59388544370954e-06	10428	rwr	BC
CEP76	3.59297314895971e-06	10429	rwr	BC
BHLHA9	3.59272851751027e-06	10430	rwr	BC
FBXO27	3.59261959641859e-06	10431	rwr	BC
KCNJ18	3.59193365716855e-06	10432	rwr	BC
SNX32	3.59106535412244e-06	10433	rwr	BC
MOGAT3	3.59076632139675e-06	10434	rwr	BC
CCL23	3.58788780381406e-06	10435	rwr	BC
GLIS2	3.58656032424028e-06	10436	rwr	BC
CARD17	3.5862163863468e-06	10437	rwr	BC
BVES	3.58512358354395e-06	10438	rwr	BC
THRSP	3.58491142474881e-06	10439	rwr	BC
RBM41	3.58429782065713e-06	10440	rwr	BC
MTERF1	3.58417536800986e-06	10441	rwr	BC
KLRC3	3.58401578534017e-06	10442	rwr	BC
TUT4	3.58269205805941e-06	10443	rwr	BC
ARL1	3.58232533083062e-06	10444	rwr	BC
ARFGAP2	3.58214772875267e-06	10445	rwr	BC
TLE7	3.58180875227698e-06	10446	rwr	BC
EMC6	3.58065684024968e-06	10447	rwr	BC
GAA	3.57836522128495e-06	10448	rwr	BC
TRMT5	3.57835160978873e-06	10449	rwr	BC
ANGPTL2	3.57625688718109e-06	10450	rwr	BC
DIO1	3.575957203741e-06	10451	rwr	BC
CRYGD	3.57536718631166e-06	10452	rwr	BC
TCTEX1D1	3.5739293736585e-06	10453	rwr	BC
ADAM23	3.57299532622339e-06	10454	rwr	BC
TSPAN15	3.57292562060812e-06	10455	rwr	BC
CEP72	3.57160326390648e-06	10456	rwr	BC
SPCS2	3.56936789599298e-06	10457	rwr	BC
KEL	3.56817632362923e-06	10458	rwr	BC
GCFC2	3.56710480193818e-06	10459	rwr	BC
DGCR6L	3.56485841152927e-06	10460	rwr	BC
MGRN1	3.5645782321956e-06	10461	rwr	BC
ANGPTL1	3.56456502614598e-06	10462	rwr	BC
LDLR	3.56302646350661e-06	10463	rwr	BC
TUBE1	3.5628345674877e-06	10464	rwr	BC
PNISR	3.56191279296744e-06	10465	rwr	BC
MYEOV	3.56178988741757e-06	10466	rwr	BC
ZNF224	3.56078829089255e-06	10467	rwr	BC
DLGAP4	3.56012128364849e-06	10468	rwr	BC
PDE6H	3.55987008129707e-06	10469	rwr	BC
ZFYVE26	3.55834762902354e-06	10470	rwr	BC
KCNB1	3.55832374966014e-06	10471	rwr	BC
VPS53	3.55694057271724e-06	10472	rwr	BC
SLC39A5	3.55689715036021e-06	10473	rwr	BC
AQP5	3.55677993572306e-06	10474	rwr	BC
SNRNP25	3.55655046344382e-06	10475	rwr	BC
SYTL4	3.55650101427115e-06	10476	rwr	BC
ATP6AP1L	3.55447248097284e-06	10477	rwr	BC
FGL2	3.55411199347989e-06	10478	rwr	BC
FBXL4	3.55375978288272e-06	10479	rwr	BC
TES	3.55172750022282e-06	10480	rwr	BC
COG8	3.55083186386447e-06	10481	rwr	BC
EMC1	3.54992427157028e-06	10482	rwr	BC
AKR1C2	3.54855559406015e-06	10483	rwr	BC
PKNOX1	3.54846985301399e-06	10484	rwr	BC
EDA	3.54803606767729e-06	10485	rwr	BC
ZBTB7A	3.54709849110181e-06	10486	rwr	BC
LZTFL1	3.54668271649042e-06	10487	rwr	BC
RPUSD1	3.54579970790811e-06	10488	rwr	BC
IBTK	3.53952743935506e-06	10489	rwr	BC
HSFY1	3.53870124572178e-06	10490	rwr	BC
PIGN	3.53549229674883e-06	10491	rwr	BC
RHBDF1	3.53523256382618e-06	10492	rwr	BC
RC3H2	3.53422410767348e-06	10493	rwr	BC
RHD	3.53351366125084e-06	10494	rwr	BC
TCF21	3.5324014311093e-06	10495	rwr	BC
DOCK9	3.53211378547768e-06	10496	rwr	BC
PNPLA4	3.52807412330463e-06	10497	rwr	BC
HABP2	3.52470054422715e-06	10498	rwr	BC
MS4A3	3.52135124645603e-06	10499	rwr	BC
OOEP	3.52065648464419e-06	10500	rwr	BC
COQ4	3.52037117122924e-06	10501	rwr	BC
TNIP3	3.52029178504187e-06	10502	rwr	BC
HLCS	3.51988353418892e-06	10503	rwr	BC
NAA38	3.51899931488075e-06	10504	rwr	BC
WDYHV1	3.51376364059653e-06	10505	rwr	BC
GPIHBP1	3.50949775530248e-06	10506	rwr	BC
PRRC2A	3.50883612712564e-06	10507	rwr	BC
PLP2	3.50828074396345e-06	10508	rwr	BC
GLIS3	3.50738749403264e-06	10509	rwr	BC
RAB21	3.50711263044559e-06	10510	rwr	BC
GDPD5	3.50489868225346e-06	10511	rwr	BC
AMBN	3.50330852889991e-06	10512	rwr	BC
NAP1L5	3.50248087738547e-06	10513	rwr	BC
NLRC3	3.49944849764718e-06	10514	rwr	BC
MAST3	3.49888219182418e-06	10515	rwr	BC
ARSA	3.49789003079957e-06	10516	rwr	BC
USP17L25	3.49547824765703e-06	10517	rwr	BC
TSEN15	3.49448718899221e-06	10518	rwr	BC
SLC47A2	3.49349635021662e-06	10519	rwr	BC
HACE1	3.49216690522983e-06	10520	rwr	BC
FMN1	3.49152774440812e-06	10521	rwr	BC
CERK	3.49150872213244e-06	10522	rwr	BC
DZIP1	3.4909251715085e-06	10523	rwr	BC
SNPH	3.48836311892669e-06	10524	rwr	BC
GRM6	3.48697623923571e-06	10525	rwr	BC
SLC22A4	3.48635610167145e-06	10526	rwr	BC
COLEC11	3.48572875603283e-06	10527	rwr	BC
CCDC28B	3.48566667664575e-06	10528	rwr	BC
LDHD	3.48560063878547e-06	10529	rwr	BC
THAP11	3.48534916587303e-06	10530	rwr	BC
ZNF750	3.48372578887332e-06	10531	rwr	BC
ABCB4	3.48263289656468e-06	10532	rwr	BC
PEAR1	3.4821148591501e-06	10533	rwr	BC
DPP3	3.48173445915094e-06	10534	rwr	BC
MTFR1	3.48133889140995e-06	10535	rwr	BC
KMO	3.47940547285002e-06	10536	rwr	BC
AP3B2	3.47785398793611e-06	10537	rwr	BC
ATP4B	3.47537695137221e-06	10538	rwr	BC
RILP	3.4731193536227e-06	10539	rwr	BC
TRMT61B	3.47081098387063e-06	10540	rwr	BC
KIAA1143	3.47056095647699e-06	10541	rwr	BC
PDCD7	3.46959859778821e-06	10542	rwr	BC
CLC	3.46898091232264e-06	10543	rwr	BC
PLD6	3.46843986261659e-06	10544	rwr	BC
ZNF208	3.46739981557551e-06	10545	rwr	BC
FUT2	3.46651146985265e-06	10546	rwr	BC
PPP1R9A	3.46616487634064e-06	10547	rwr	BC
NAA25	3.46559634055327e-06	10548	rwr	BC
MIER3	3.46495717047903e-06	10549	rwr	BC
PNMA8B	3.46432184284134e-06	10550	rwr	BC
GPHA2	3.46094653488638e-06	10551	rwr	BC
ALMS1	3.46080393872947e-06	10552	rwr	BC
ENGASE	3.45832446124208e-06	10553	rwr	BC
CST7	3.45831671044436e-06	10554	rwr	BC
BCO1	3.45807553541122e-06	10555	rwr	BC
LPGAT1	3.457417762135e-06	10556	rwr	BC
PLEKHG6	3.45665926345308e-06	10557	rwr	BC
TUBD1	3.45328434084653e-06	10558	rwr	BC
DNAH5	3.45265323896963e-06	10559	rwr	BC
CGB8	3.451958493471e-06	10560	rwr	BC
GABRA2	3.45094237588497e-06	10561	rwr	BC
UNC13D	3.45040082921649e-06	10562	rwr	BC
GTF3C4	3.45022920483477e-06	10563	rwr	BC
TINAG	3.44965513054362e-06	10564	rwr	BC
GALP	3.44614960104185e-06	10565	rwr	BC
GJD3	3.44578862931465e-06	10566	rwr	BC
RUNDC3A	3.44509330406667e-06	10567	rwr	BC
SLC26A8	3.443086207125e-06	10568	rwr	BC
ZYG11A	3.44296526588695e-06	10569	rwr	BC
AUNIP	3.44227871352864e-06	10570	rwr	BC
HOXA10	3.44051098014224e-06	10571	rwr	BC
MPHOSPH6	3.43966425970862e-06	10572	rwr	BC
RTRAF	3.43886781357253e-06	10573	rwr	BC
CRHR2	3.43517829007656e-06	10574	rwr	BC
SUN3	3.43305705738464e-06	10575	rwr	BC
DAGLA	3.43236341999353e-06	10576	rwr	BC
SSX4	3.43141829495727e-06	10577	rwr	BC
FGL1	3.43129680374881e-06	10578	rwr	BC
TRPC7	3.42863525775707e-06	10579	rwr	BC
GNPNAT1	3.42856072350497e-06	10580	rwr	BC
HEATR6	3.4284786034387e-06	10581	rwr	BC
SLC1A1	3.42788506493398e-06	10582	rwr	BC
SGSM1	3.42679879456714e-06	10583	rwr	BC
TCF15	3.42561846041065e-06	10584	rwr	BC
SERPINA4	3.4248998214696e-06	10585	rwr	BC
CGB3	3.42428770626611e-06	10586	rwr	BC
APBB3	3.42277369929487e-06	10587	rwr	BC
ART3	3.42078025350931e-06	10588	rwr	BC
CXXC4	3.41672398138101e-06	10589	rwr	BC
RHOXF2	3.41482715130065e-06	10590	rwr	BC
CFD	3.4147719284314e-06	10591	rwr	BC
SSR3	3.41244756038367e-06	10592	rwr	BC
SLC19A1	3.41212225944226e-06	10593	rwr	BC
TMLHE	3.41208318182389e-06	10594	rwr	BC
UPB1	3.41158647164386e-06	10595	rwr	BC
MKRN1	3.41030856972287e-06	10596	rwr	BC
PLEKHG5	3.41028415288833e-06	10597	rwr	BC
KIAA0586	3.40913383921032e-06	10598	rwr	BC
PCP4	3.40837749808721e-06	10599	rwr	BC
KCNG1	3.40746766117183e-06	10600	rwr	BC
TMEM219	3.40712455708258e-06	10601	rwr	BC
GPAT3	3.40573605943321e-06	10602	rwr	BC
SIPA1L2	3.40555210076857e-06	10603	rwr	BC
BRSK1	3.40422312592918e-06	10604	rwr	BC
CST4	3.40353401421741e-06	10605	rwr	BC
HESX1	3.40322443642243e-06	10606	rwr	BC
SLC22A11	3.403056886975e-06	10607	rwr	BC
TRAM2	3.40265366910422e-06	10608	rwr	BC
PIGG	3.40188028235843e-06	10609	rwr	BC
PXMP4	3.40100203380188e-06	10610	rwr	BC
GALT	3.39903626177141e-06	10611	rwr	BC
AQP1	3.39451924318e-06	10612	rwr	BC
RNASE1	3.39373389460968e-06	10613	rwr	BC
SCG5	3.39112734629487e-06	10614	rwr	BC
GTF3C2	3.38995607830541e-06	10615	rwr	BC
IP6K1	3.38947402810623e-06	10616	rwr	BC
SERPINA6	3.38687357303858e-06	10617	rwr	BC
ZFPL1	3.38494473794963e-06	10618	rwr	BC
NPR3	3.38314277729828e-06	10619	rwr	BC
EMB	3.38038749542377e-06	10620	rwr	BC
SERPINB9	3.37812637597257e-06	10621	rwr	BC
MRTFB	3.37793145322359e-06	10622	rwr	BC
FREM1	3.37778008202647e-06	10623	rwr	BC
NPY5R	3.37576631294127e-06	10624	rwr	BC
METTL5	3.37574518365883e-06	10625	rwr	BC
CD300LF	3.37384561194612e-06	10626	rwr	BC
CLCN3	3.3737335847903e-06	10627	rwr	BC
ARHGAP12	3.37314351065227e-06	10628	rwr	BC
CCDC39	3.37310939676767e-06	10629	rwr	BC
CARMIL1	3.37180160409849e-06	10630	rwr	BC
GPATCH2L	3.37090266490878e-06	10631	rwr	BC
FRAS1	3.36875276083362e-06	10632	rwr	BC
CD180	3.36792212149642e-06	10633	rwr	BC
RER1	3.36745321770787e-06	10634	rwr	BC
ARPC4-TTLL3	3.36623712353921e-06	10635	rwr	BC
OSGEPL1	3.36607777836063e-06	10636	rwr	BC
TRIM71	3.36304910401584e-06	10637	rwr	BC
ATP7B	3.35928445178027e-06	10638	rwr	BC
NET1	3.35914958029648e-06	10639	rwr	BC
CEP41	3.35630069776578e-06	10640	rwr	BC
FABP3	3.35562565000895e-06	10641	rwr	BC
MAGEA12	3.35423824451548e-06	10642	rwr	BC
SLC6A5	3.35423284879166e-06	10643	rwr	BC
FAM117B	3.35208404607111e-06	10644	rwr	BC
OST4	3.35105190256824e-06	10645	rwr	BC
CLEC4G	3.34417171293471e-06	10646	rwr	BC
PNMA2	3.34397274354819e-06	10647	rwr	BC
AAR2	3.34167110842206e-06	10648	rwr	BC
NUB1	3.34152587122443e-06	10649	rwr	BC
ACMSD	3.34125742970237e-06	10650	rwr	BC
DIP2B	3.34120283955806e-06	10651	rwr	BC
CD300A	3.34086532269659e-06	10652	rwr	BC
S100A16	3.34037501526525e-06	10653	rwr	BC
PUDP	3.33969976746756e-06	10654	rwr	BC
RIMKLA	3.33703730171236e-06	10655	rwr	BC
YPEL5	3.33433977754482e-06	10656	rwr	BC
STMN2	3.33125817644029e-06	10657	rwr	BC
CELSR2	3.33087906244586e-06	10658	rwr	BC
RCAN3	3.32898262486539e-06	10659	rwr	BC
LTB4R2	3.32572089675449e-06	10660	rwr	BC
ASGR1	3.32500921400907e-06	10661	rwr	BC
MAP4	3.32304695281892e-06	10662	rwr	BC
RAB6B	3.32220003145274e-06	10663	rwr	BC
SCAF4	3.32202555295267e-06	10664	rwr	BC
CMC2	3.32199087878371e-06	10665	rwr	BC
ARL14EP	3.32121082002663e-06	10666	rwr	BC
IGSF8	3.31858071433169e-06	10667	rwr	BC
FSTL3	3.31856061246827e-06	10668	rwr	BC
CYB5R4	3.31855060608892e-06	10669	rwr	BC
HCRTR2	3.31841091465646e-06	10670	rwr	BC
NMB	3.31748398239919e-06	10671	rwr	BC
TMEM18	3.31484518779047e-06	10672	rwr	BC
CLK1	3.31424792738944e-06	10673	rwr	BC
BIN3	3.31257277056932e-06	10674	rwr	BC
DSCAM	3.31202231619632e-06	10675	rwr	BC
PABPC5	3.311385752812e-06	10676	rwr	BC
CMIP	3.31093655518249e-06	10677	rwr	BC
GMIP	3.31080897119475e-06	10678	rwr	BC
DPH3	3.3097093801216e-06	10679	rwr	BC
PITX3	3.30923498498723e-06	10680	rwr	BC
TMEM170A	3.30916405518547e-06	10681	rwr	BC
MAB21L1	3.3086640189175e-06	10682	rwr	BC
ZNF746	3.30660146143154e-06	10683	rwr	BC
PRB3	3.30528642641308e-06	10684	rwr	BC
L3MBTL3	3.30353358600412e-06	10685	rwr	BC
ASIC1	3.3032970850613e-06	10686	rwr	BC
IL17C	3.30136516562491e-06	10687	rwr	BC
ANKK1	3.29913408888399e-06	10688	rwr	BC
ADORA2B	3.29578694380263e-06	10689	rwr	BC
ETFRF1	3.29534702558844e-06	10690	rwr	BC
FBXW10	3.29364240872855e-06	10691	rwr	BC
CKMT2	3.29232714981012e-06	10692	rwr	BC
KLF8	3.29146604745137e-06	10693	rwr	BC
SAFB2	3.29126121656034e-06	10694	rwr	BC
CLCN7	3.29046173344829e-06	10695	rwr	BC
ID3	3.29029094584685e-06	10696	rwr	BC
SEMA6C	3.28879702766521e-06	10697	rwr	BC
TLE6	3.28801932079718e-06	10698	rwr	BC
EBP	3.28768467872202e-06	10699	rwr	BC
PDXP	3.28684613327206e-06	10700	rwr	BC
TTL	3.28186742440087e-06	10701	rwr	BC
PKIA	3.28155467427508e-06	10702	rwr	BC
HOXA1	3.28126915803646e-06	10703	rwr	BC
PKD2L1	3.2808644872075e-06	10704	rwr	BC
SYNPO2	3.27987487128364e-06	10705	rwr	BC
SCNN1D	3.27867750514477e-06	10706	rwr	BC
ICAM4	3.27738395674363e-06	10707	rwr	BC
OR10P1	3.27676231129216e-06	10708	rwr	BC
RD3	3.27490756348451e-06	10709	rwr	BC
PSG9	3.27428517715953e-06	10710	rwr	BC
L7N2F9_HUMAN	3.27345136037988e-06	10711	rwr	BC
RSPH6A	3.2727426692496e-06	10712	rwr	BC
FJX1	3.27230102494093e-06	10713	rwr	BC
HBQ1	3.27157312783854e-06	10714	rwr	BC
ANO5	3.27089327686736e-06	10715	rwr	BC
CNTNAP4	3.26980602620978e-06	10716	rwr	BC
SELENOH	3.26949284542671e-06	10717	rwr	BC
NIF3L1	3.26851528276946e-06	10718	rwr	BC
TNMD	3.26658538906046e-06	10719	rwr	BC
FBXO30	3.26562215659489e-06	10720	rwr	BC
CREBRF	3.26231488739553e-06	10721	rwr	BC
GANC	3.26079448096231e-06	10722	rwr	BC
HMGN3	3.26050233570068e-06	10723	rwr	BC
HBM	3.25995331363679e-06	10724	rwr	BC
RNF165	3.2597303491716e-06	10725	rwr	BC
FBXO34	3.25967015519494e-06	10726	rwr	BC
CCDC114	3.25721302037912e-06	10727	rwr	BC
LILRB5	3.25558384160207e-06	10728	rwr	BC
AMELY	3.25393321852398e-06	10729	rwr	BC
EYA4	3.25304509657432e-06	10730	rwr	BC
LRFN2	3.25294777482652e-06	10731	rwr	BC
CEP44	3.25226406643201e-06	10732	rwr	BC
EBAG9	3.25004938167121e-06	10733	rwr	BC
TUBB8B	3.24940288995873e-06	10734	rwr	BC
TM4SF5	3.24907447570862e-06	10735	rwr	BC
NPS	3.2482368133124e-06	10736	rwr	BC
PADI2	3.24658801190087e-06	10737	rwr	BC
RUBCNL	3.24504231975683e-06	10738	rwr	BC
KYNU	3.24417382469279e-06	10739	rwr	BC
SLC16A1	3.24374092285711e-06	10740	rwr	BC
LRRC4B	3.2432307377351e-06	10741	rwr	BC
MYO1G	3.23898665806028e-06	10742	rwr	BC
CD300LD	3.23654054436349e-06	10743	rwr	BC
COG2	3.23608497828616e-06	10744	rwr	BC
RASD2	3.22953113061136e-06	10745	rwr	BC
UBR3	3.2274144847729e-06	10746	rwr	BC
PLEKHA8	3.22533621387741e-06	10747	rwr	BC
GON7	3.22502385238665e-06	10748	rwr	BC
DCAF4L2	3.22429120965129e-06	10749	rwr	BC
LRRC74B	3.22281592063079e-06	10750	rwr	BC
SPINK2	3.22271625354679e-06	10751	rwr	BC
EFCAB6	3.22185482658803e-06	10752	rwr	BC
RLN3	3.22156354549425e-06	10753	rwr	BC
STXBP2	3.22064366481903e-06	10754	rwr	BC
CRELD2	3.21482602808821e-06	10755	rwr	BC
ARFGAP3	3.21298583368692e-06	10756	rwr	BC
ZFAND5	3.20918589665847e-06	10757	rwr	BC
CDK5RAP1	3.20648550113714e-06	10758	rwr	BC
SSX2B	3.20565935214865e-06	10759	rwr	BC
TMTC1	3.20543691096092e-06	10760	rwr	BC
HTD2	3.20502043271009e-06	10761	rwr	BC
C1GALT1C1L	3.20338648075642e-06	10762	rwr	BC
GPAT2	3.20286261844894e-06	10763	rwr	BC
PSG2	3.20088886858165e-06	10764	rwr	BC
PPIP5K1	3.19915069593547e-06	10765	rwr	BC
CYSLTR1	3.19628663739052e-06	10766	rwr	BC
KIRREL2	3.19376603915281e-06	10767	rwr	BC
LHX8	3.19366876669063e-06	10768	rwr	BC
TMEM201	3.19357802159446e-06	10769	rwr	BC
DDX53	3.19169521072838e-06	10770	rwr	BC
HDLBP	3.1898247485149e-06	10771	rwr	BC
SIM1	3.18798305305469e-06	10772	rwr	BC
COG7	3.18748689310561e-06	10773	rwr	BC
NBAS	3.18509938407087e-06	10774	rwr	BC
MRFAP1L1	3.18226635078444e-06	10775	rwr	BC
PPIL4	3.18208982481001e-06	10776	rwr	BC
CAND2	3.18086084163822e-06	10777	rwr	BC
B4GALT3	3.1798967467542e-06	10778	rwr	BC
CDADC1	3.17951531285258e-06	10779	rwr	BC
SLC28A2	3.1774556550728e-06	10780	rwr	BC
TMEM213	3.17412182309944e-06	10781	rwr	BC
CNNM4	3.1741087546331e-06	10782	rwr	BC
PGLS	3.17300766908871e-06	10783	rwr	BC
PHKG1	3.1727228566341e-06	10784	rwr	BC
GNG14	3.1720670975378e-06	10785	rwr	BC
EXOC1L	3.17184123569225e-06	10786	rwr	BC
ZCCHC12	3.1711606082843e-06	10787	rwr	BC
ELP5	3.16910011223686e-06	10788	rwr	BC
VPS13C	3.16903750891306e-06	10789	rwr	BC
MEP1A	3.16751971332078e-06	10790	rwr	BC
ENTHD1	3.16582607199202e-06	10791	rwr	BC
ZRANB2	3.16558790741856e-06	10792	rwr	BC
ARID3C	3.16312494019487e-06	10793	rwr	BC
IPPK	3.16143903027666e-06	10794	rwr	BC
DNAL1	3.15971522916767e-06	10795	rwr	BC
LY9	3.15920638839633e-06	10796	rwr	BC
NALCN	3.15805542652555e-06	10797	rwr	BC
ZNHIT6	3.15773183686676e-06	10798	rwr	BC
TRIM56	3.15764114275311e-06	10799	rwr	BC
NAGLU	3.15727083659574e-06	10800	rwr	BC
GBA2	3.15668930686386e-06	10801	rwr	BC
DEDD2	3.15006594026346e-06	10802	rwr	BC
PPFIBP2	3.14774029718748e-06	10803	rwr	BC
IFITM2	3.14762157668028e-06	10804	rwr	BC
SEMA3G	3.1456953667954e-06	10805	rwr	BC
CHRNB1	3.14337383592842e-06	10806	rwr	BC
CKMT1B	3.14311703167683e-06	10807	rwr	BC
NPM2	3.14211588911116e-06	10808	rwr	BC
USH1G	3.14209730678476e-06	10809	rwr	BC
OVOL2	3.13908355206128e-06	10810	rwr	BC
CDIP1	3.13904592745324e-06	10811	rwr	BC
DEFA5	3.1382180441653e-06	10812	rwr	BC
B4GALNT1	3.13804054534404e-06	10813	rwr	BC
SMNDC1	3.13733143393392e-06	10814	rwr	BC
NHLH2	3.13728035318634e-06	10815	rwr	BC
CNK3/IPCEF1	3.13464863275789e-06	10816	rwr	BC
CIDEB	3.13164951085674e-06	10817	rwr	BC
CNNM2	3.1309680419546e-06	10818	rwr	BC
MEP1B	3.13080054768685e-06	10819	rwr	BC
TRIM3	3.12930379048575e-06	10820	rwr	BC
RANGRF	3.12861795671798e-06	10821	rwr	BC
AACS	3.12775344304462e-06	10822	rwr	BC
OR1F1	3.12569017744087e-06	10823	rwr	BC
RBM3	3.12566505358099e-06	10824	rwr	BC
LRIF1	3.12054309119002e-06	10825	rwr	BC
EHD3	3.12016549200191e-06	10826	rwr	BC
VGLL2	3.11804072388934e-06	10827	rwr	BC
AP3M1	3.11725250853571e-06	10828	rwr	BC
COQ8B	3.11655847279855e-06	10829	rwr	BC
CHRNA9	3.1150675401557e-06	10830	rwr	BC
GJB6	3.11488771654314e-06	10831	rwr	BC
BCAS4	3.11426662329085e-06	10832	rwr	BC
PRKX	3.11287880295736e-06	10833	rwr	BC
METTL21A	3.11131632733958e-06	10834	rwr	BC
ALKBH8	3.10916707738626e-06	10835	rwr	BC
WDR7	3.10779050346847e-06	10836	rwr	BC
SPX	3.10727841328388e-06	10837	rwr	BC
TMEM129	3.10673765896392e-06	10838	rwr	BC
NDRG3	3.10540394256825e-06	10839	rwr	BC
PCSK2	3.10414850331485e-06	10840	rwr	BC
SOAT1	3.10358674211888e-06	10841	rwr	BC
SRRM3	3.10354972799483e-06	10842	rwr	BC
UBL3	3.10329132050944e-06	10843	rwr	BC
TLNRD1	3.10241910018651e-06	10844	rwr	BC
GPRIN2	3.09980335171798e-06	10845	rwr	BC
RMC1	3.09921214933963e-06	10846	rwr	BC
SLC36A4	3.09850071842917e-06	10847	rwr	BC
RTCB	3.09761053262467e-06	10848	rwr	BC
AKIP1	3.0957431851411e-06	10849	rwr	BC
EXOC3L1	3.09241007921663e-06	10850	rwr	BC
OLAH	3.09179889276829e-06	10851	rwr	BC
CDC42BPB	3.09123751894806e-06	10852	rwr	BC
WASHC2A	3.08886455487833e-06	10853	rwr	BC
ALG11	3.08795276978101e-06	10854	rwr	BC
PLA2R1	3.08679889870981e-06	10855	rwr	BC
CA1	3.08604992803678e-06	10856	rwr	BC
KCNIP1	3.08530293052431e-06	10857	rwr	BC
RASSF3	3.08265136847989e-06	10858	rwr	BC
ZMYND10	3.07968352648034e-06	10859	rwr	BC
NMT2	3.07864185781096e-06	10860	rwr	BC
GCAT	3.07641910980353e-06	10861	rwr	BC
TRIM7	3.07601091198693e-06	10862	rwr	BC
COG5	3.07269361016593e-06	10863	rwr	BC
LCE3D	3.07032852150699e-06	10864	rwr	BC
DNAH14	3.0700942703037e-06	10865	rwr	BC
NEGR1	3.06952437346294e-06	10866	rwr	BC
CAVIN2	3.06603587367262e-06	10867	rwr	BC
LCTL	3.0652322050557e-06	10868	rwr	BC
HIGD1A	3.06370478315315e-06	10869	rwr	BC
TRAPPC2	3.06121393774854e-06	10870	rwr	BC
FEZF2	3.06096209837147e-06	10871	rwr	BC
MTPAP	3.0585240173722e-06	10872	rwr	BC
TRMU	3.05834861916817e-06	10873	rwr	BC
LSM12	3.0580014484132e-06	10874	rwr	BC
TMEM179B	3.05641050022624e-06	10875	rwr	BC
PKNOX2	3.05542544776538e-06	10876	rwr	BC
PPCDC	3.05402100506626e-06	10877	rwr	BC
SLC16A2	3.05291044337576e-06	10878	rwr	BC
KLF13	3.05219823876389e-06	10879	rwr	BC
SGSM2	3.04977066462533e-06	10880	rwr	BC
BEND3	3.0496224120377e-06	10881	rwr	BC
SHROOM2	3.04787853081802e-06	10882	rwr	BC
DMBT1	3.04659534002337e-06	10883	rwr	BC
TOMM6	3.04467427634607e-06	10884	rwr	BC
PDZD7	3.04369091624668e-06	10885	rwr	BC
BTF3L4	3.04256902160792e-06	10886	rwr	BC
MAPK15	3.04123167095676e-06	10887	rwr	BC
HOXB9	3.0410415405631e-06	10888	rwr	BC
LY6K	3.04095311659222e-06	10889	rwr	BC
ARL2	3.03897794621862e-06	10890	rwr	BC
ATPAF2	3.03768088103085e-06	10891	rwr	BC
CES2	3.03521719659525e-06	10892	rwr	BC
PHACTR1	3.02949356064474e-06	10893	rwr	BC
ADORA3	3.02743168120995e-06	10894	rwr	BC
IL36G	3.02621921273509e-06	10895	rwr	BC
NMT1	3.02537147143456e-06	10896	rwr	BC
ARHGAP22	3.02291361961394e-06	10897	rwr	BC
BTN3A1	3.02242845780201e-06	10898	rwr	BC
KLK6	3.02221033589272e-06	10899	rwr	BC
SLC46A1	3.02141331893753e-06	10900	rwr	BC
RHOBTB3	3.02060390131416e-06	10901	rwr	BC
ARFGEF2	3.0190477418865e-06	10902	rwr	BC
DHX40	3.01776013155052e-06	10903	rwr	BC
ABRA	3.01689119247683e-06	10904	rwr	BC
OTUD6B	3.01577880051273e-06	10905	rwr	BC
TASOR	3.01442985143121e-06	10906	rwr	BC
CHRNA7	3.01340046205941e-06	10907	rwr	BC
UNC119B	3.0131085546586e-06	10908	rwr	BC
C1orf109	3.01243788072628e-06	10909	rwr	BC
TRIM4	3.01202681244715e-06	10910	rwr	BC
ZIC1	3.01027515522735e-06	10911	rwr	BC
FADS1	3.00859608304067e-06	10912	rwr	BC
SEMG2	3.00707106159785e-06	10913	rwr	BC
CNNM1	3.0046053143536e-06	10914	rwr	BC
UQCC1	3.00442031779719e-06	10915	rwr	BC
TRDV1	3.00419020338904e-06	10916	rwr	BC
METTL4	3.00147137489014e-06	10917	rwr	BC
IL18BP	3.00077144930896e-06	10918	rwr	BC
NTSR2	3.00003969251907e-06	10919	rwr	BC
TCEAL7	2.99889583869845e-06	10920	rwr	BC
VSIR	2.99780831288141e-06	10921	rwr	BC
NUDT13	2.99361010467765e-06	10922	rwr	BC
TAPT1	2.99216961325116e-06	10923	rwr	BC
WFIKKN1	2.99142068700499e-06	10924	rwr	BC
CNTN5	2.99063079164291e-06	10925	rwr	BC
TSC22D4	2.9903189947439e-06	10926	rwr	BC
DNAJC30	2.98806813803596e-06	10927	rwr	BC
PITRM1	2.98728677143519e-06	10928	rwr	BC
FADS2	2.98637398578879e-06	10929	rwr	BC
BARX1	2.98526533339155e-06	10930	rwr	BC
F13A1	2.98205164391053e-06	10931	rwr	BC
SELENOM	2.98111550996849e-06	10932	rwr	BC
KCNJ14	2.97921334651379e-06	10933	rwr	BC
CRABP1	2.977032076614e-06	10934	rwr	BC
SLC1A4	2.97668028141351e-06	10935	rwr	BC
SLC49A4	2.97350722918878e-06	10936	rwr	BC
TOM1L2	2.97048046390277e-06	10937	rwr	BC
TRMT1	2.96934225164794e-06	10938	rwr	BC
RIOX1	2.9676594488312e-06	10939	rwr	BC
HS6ST1	2.96575054230788e-06	10940	rwr	BC
SV2B	2.96525818927979e-06	10941	rwr	BC
APBA3	2.96433213172229e-06	10942	rwr	BC
OLFM1	2.96408838152647e-06	10943	rwr	BC
CD84	2.96334543464325e-06	10944	rwr	BC
PSG3	2.96195623849887e-06	10945	rwr	BC
F13B	2.96133770683539e-06	10946	rwr	BC
DPAGT1	2.96037220619912e-06	10947	rwr	BC
TSPAN12	2.95698323311231e-06	10948	rwr	BC
ATOH7	2.95491833848006e-06	10949	rwr	BC
SLC26A2	2.95106293969649e-06	10950	rwr	BC
STH	2.95062728338498e-06	10951	rwr	BC
PDE12	2.94876422202023e-06	10952	rwr	BC
CHGB	2.94856693665062e-06	10953	rwr	BC
CBFA2T2	2.94810442598552e-06	10954	rwr	BC
CYP27C1	2.94764587944043e-06	10955	rwr	BC
SEC22A	2.94711091255215e-06	10956	rwr	BC
MAST1	2.94578614535088e-06	10957	rwr	BC
CHIT1	2.94517820383732e-06	10958	rwr	BC
GPR52	2.94484121232348e-06	10959	rwr	BC
TMIGD2	2.9427011765093e-06	10960	rwr	BC
TMSB10	2.94109612051072e-06	10961	rwr	BC
HLF	2.94062615900094e-06	10962	rwr	BC
SLC39A4	2.94033093537335e-06	10963	rwr	BC
ZNF304	2.94029420815346e-06	10964	rwr	BC
ACYP2	2.94015276961828e-06	10965	rwr	BC
NXF2	2.93951711953795e-06	10966	rwr	BC
GALR3	2.9394844472436e-06	10967	rwr	BC
HOXC8	2.93871246990918e-06	10968	rwr	BC
MRGPRD	2.93846727285089e-06	10969	rwr	BC
LTBP4	2.93790079330298e-06	10970	rwr	BC
CCDC170	2.93647260104286e-06	10971	rwr	BC
RBMY1D	2.93346925061854e-06	10972	rwr	BC
ZMIZ2	2.93307981380815e-06	10973	rwr	BC
ALPP	2.93208236179652e-06	10974	rwr	BC
SPATA7	2.93161102786504e-06	10975	rwr	BC
SLCO2B1	2.93125654845774e-06	10976	rwr	BC
TENM4	2.93103883562194e-06	10977	rwr	BC
DNAAF1	2.93050615531833e-06	10978	rwr	BC
DHDH	2.92947012817883e-06	10979	rwr	BC
GPR183	2.92775548507072e-06	10980	rwr	BC
TRERF1	2.92756087488958e-06	10981	rwr	BC
EZHIP	2.92736541426467e-06	10982	rwr	BC
FAIM2	2.92692908879792e-06	10983	rwr	BC
MTRNR2L8	2.92649824609558e-06	10984	rwr	BC
ATP8B1	2.92341243903296e-06	10985	rwr	BC
STYX	2.92274944967576e-06	10986	rwr	BC
EMC2	2.92219351169618e-06	10987	rwr	BC
YIPF7	2.921993535958e-06	10988	rwr	BC
SHTN1	2.92008194265017e-06	10989	rwr	BC
KATNA1	2.92005594159282e-06	10990	rwr	BC
EMP1	2.9193993312431e-06	10991	rwr	BC
KCNK1	2.91846853748636e-06	10992	rwr	BC
SCGB3A2	2.91842213259992e-06	10993	rwr	BC
LRCH3	2.91832243324122e-06	10994	rwr	BC
PTP4A3	2.91707261151936e-06	10995	rwr	BC
KCNIP2	2.9160938837344e-06	10996	rwr	BC
HOXC9	2.91399757863829e-06	10997	rwr	BC
POC1A	2.91281963757138e-06	10998	rwr	BC
OAZ1	2.9119904255971e-06	10999	rwr	BC
RSPO4	2.91147315708714e-06	11000	rwr	BC
M6PR	2.90852614449682e-06	11001	rwr	BC
PIR	2.90654736639535e-06	11002	rwr	BC
CELF4	2.9049855734353e-06	11003	rwr	BC
GSDMC	2.90478774913209e-06	11004	rwr	BC
LRP4	2.90371906061707e-06	11005	rwr	BC
TXNDC5	2.90270271850766e-06	11006	rwr	BC
SPG21	2.90233979479909e-06	11007	rwr	BC
SHROOM3	2.90169365728511e-06	11008	rwr	BC
HPSE2	2.89989339645982e-06	11009	rwr	BC
TGM4	2.89884105227676e-06	11010	rwr	BC
ZNF282	2.89759902599122e-06	11011	rwr	BC
HOXB2	2.89717218775772e-06	11012	rwr	BC
FAM160A1	2.8962168504234e-06	11013	rwr	BC
ZNRF4	2.89569306733306e-06	11014	rwr	BC
UBL4B	2.89494826133844e-06	11015	rwr	BC
NKIRAS1	2.8945564954727e-06	11016	rwr	BC
RIPPLY1	2.89256070882973e-06	11017	rwr	BC
HEPN1	2.89196021633729e-06	11018	rwr	BC
HACD2	2.89125574451564e-06	11019	rwr	BC
DIRAS3	2.8910238778649e-06	11020	rwr	BC
ST3GAL2	2.89076047792829e-06	11021	rwr	BC
NPNT	2.89034587238684e-06	11022	rwr	BC
CNTN6	2.88876797077749e-06	11023	rwr	BC
COBLL1	2.88516005291116e-06	11024	rwr	BC
DLX3	2.88494313486609e-06	11025	rwr	BC
EMC8	2.88394231485776e-06	11026	rwr	BC
PTCD1	2.88375070037196e-06	11027	rwr	BC
IZUMO1	2.88374301282347e-06	11028	rwr	BC
NPY4R2	2.8834645103478e-06	11029	rwr	BC
CHST15	2.88331864893154e-06	11030	rwr	BC
LACRT	2.88245304981314e-06	11031	rwr	BC
MLEC	2.88102675579849e-06	11032	rwr	BC
KIAA0930	2.87888961769308e-06	11033	rwr	BC
RCCD1	2.87874685495841e-06	11034	rwr	BC
MORN1	2.87809005791719e-06	11035	rwr	BC
PDLIM2	2.87795615059683e-06	11036	rwr	BC
NMNAT3	2.87780619519642e-06	11037	rwr	BC
ANKRD27	2.87496647345609e-06	11038	rwr	BC
TMEM207	2.87127890322742e-06	11039	rwr	BC
HACD3	2.8707211265227e-06	11040	rwr	BC
CDC42EP1	2.87047959972013e-06	11041	rwr	BC
SEMA6B	2.86748416527563e-06	11042	rwr	BC
FAT4	2.86726024818825e-06	11043	rwr	BC
LMBR1	2.86657907200246e-06	11044	rwr	BC
CCDC151	2.86597567449212e-06	11045	rwr	BC
EXOC3L2	2.86465733786053e-06	11046	rwr	BC
TSTA3	2.8618687957252e-06	11047	rwr	BC
HACD4	2.86185613820533e-06	11048	rwr	BC
PCSK5	2.86176835655844e-06	11049	rwr	BC
ZNF33A	2.85916060150631e-06	11050	rwr	BC
SVIL	2.85904932335107e-06	11051	rwr	BC
COL27A1	2.85701064876542e-06	11052	rwr	BC
COLGALT1	2.85654570938344e-06	11053	rwr	BC
SYTL1	2.85640180694859e-06	11054	rwr	BC
TRAPPC8	2.85588916745779e-06	11055	rwr	BC
P2RX2	2.85533789185687e-06	11056	rwr	BC
TUBA3C	2.85028365796521e-06	11057	rwr	BC
DCAF8L2	2.85011408023744e-06	11058	rwr	BC
CCDC62	2.84655106193715e-06	11059	rwr	BC
FMC1-LUC7L2	2.84540977549199e-06	11060	rwr	BC
KERA	2.84406102301656e-06	11061	rwr	BC
RCAN2	2.84257672519969e-06	11062	rwr	BC
DDX60L	2.84203188702211e-06	11063	rwr	BC
CNGB3	2.8416488318432e-06	11064	rwr	BC
AASS	2.84009539268536e-06	11065	rwr	BC
CD248	2.83247701016083e-06	11066	rwr	BC
GTF3A	2.82858285773867e-06	11067	rwr	BC
CC2D1A	2.82620513956233e-06	11068	rwr	BC
ST3GAL1	2.82483857989029e-06	11069	rwr	BC
ADRA2B	2.82122656726269e-06	11070	rwr	BC
UNC80	2.82107005309602e-06	11071	rwr	BC
FCER2	2.82036644925937e-06	11072	rwr	BC
EVC2	2.81377707727413e-06	11073	rwr	BC
TRAFD1	2.81237902494542e-06	11074	rwr	BC
INSM2	2.81154549999751e-06	11075	rwr	BC
TRAPPC11	2.80980860194989e-06	11076	rwr	BC
ZNF398	2.80496472798873e-06	11077	rwr	BC
ASAP3	2.80494681721802e-06	11078	rwr	BC
ZDHHC21	2.80450808739677e-06	11079	rwr	BC
EXOC3L4	2.80340685333723e-06	11080	rwr	BC
FOXN1	2.80164074897372e-06	11081	rwr	BC
ETV7	2.80091454057039e-06	11082	rwr	BC
HIC2	2.7986950084684e-06	11083	rwr	BC
LYST	2.79762155227045e-06	11084	rwr	BC
SIGLEC11	2.79754093878839e-06	11085	rwr	BC
RDH10	2.79715856885998e-06	11086	rwr	BC
RGPD5	2.79490254362316e-06	11087	rwr	BC
DNAJC24	2.79435584470909e-06	11088	rwr	BC
RPH3A	2.79266562656517e-06	11089	rwr	BC
BFSP1	2.79258657009533e-06	11090	rwr	BC
SOX3	2.79197500184607e-06	11091	rwr	BC
MAP6	2.79190593288015e-06	11092	rwr	BC
NPAP1	2.79158803287058e-06	11093	rwr	BC
KDSR	2.78903624183478e-06	11094	rwr	BC
ASIC2	2.78894462528736e-06	11095	rwr	BC
PCDH7	2.78874672059385e-06	11096	rwr	BC
HOXA2	2.78858502322179e-06	11097	rwr	BC
HEXA	2.78825064433248e-06	11098	rwr	BC
DHRS9	2.78369847696932e-06	11099	rwr	BC
UCN2	2.78324512080565e-06	11100	rwr	BC
NAA35	2.7823496690132e-06	11101	rwr	BC
SULT2A1	2.78231271038763e-06	11102	rwr	BC
SLC6A1	2.78196458854542e-06	11103	rwr	BC
HELZ	2.78139535376148e-06	11104	rwr	BC
RAB3IL1	2.77874536704828e-06	11105	rwr	BC
ELF5	2.77862382380913e-06	11106	rwr	BC
UTS2	2.77743402579144e-06	11107	rwr	BC
RNASE2	2.77718879998463e-06	11108	rwr	BC
PAFAH1B3	2.77508574132422e-06	11109	rwr	BC
KDELR2	2.77465210073586e-06	11110	rwr	BC
SLC7A8	2.7745564813102e-06	11111	rwr	BC
ABHD6	2.77266297317736e-06	11112	rwr	BC
MORC4	2.77049797643031e-06	11113	rwr	BC
IRF2BPL	2.76840649793585e-06	11114	rwr	BC
SNCB	2.76734721849462e-06	11115	rwr	BC
THAP12	2.76712446899464e-06	11116	rwr	BC
TCIM	2.76652951991429e-06	11117	rwr	BC
CELF2	2.76469389211185e-06	11118	rwr	BC
ZNF644	2.7646904825098e-06	11119	rwr	BC
EOGT	2.76418155321318e-06	11120	rwr	BC
STRC	2.76332377307078e-06	11121	rwr	BC
RPH3AL	2.76223139928038e-06	11122	rwr	BC
FAM184B	2.76217957508371e-06	11123	rwr	BC
YIF1A	2.76053277691495e-06	11124	rwr	BC
SLC44A2	2.75972563857783e-06	11125	rwr	BC
DLEC1	2.75962622190063e-06	11126	rwr	BC
SHKBP1	2.75668482964174e-06	11127	rwr	BC
TEPP	2.7559788647609e-06	11128	rwr	BC
KCNE4	2.75441360860088e-06	11129	rwr	BC
CRHBP	2.75293600219254e-06	11130	rwr	BC
FOLR2	2.75283066659299e-06	11131	rwr	BC
ABCC3	2.75273404799721e-06	11132	rwr	BC
SEMA5B	2.75116231288582e-06	11133	rwr	BC
MDH1B	2.7494076366191e-06	11134	rwr	BC
TANC1	2.74903589732574e-06	11135	rwr	BC
ELOVL3	2.74894564788182e-06	11136	rwr	BC
PRRT2	2.74844812213311e-06	11137	rwr	BC
KANSL1L	2.74838203916344e-06	11138	rwr	BC
LHFPL5	2.7483133745513e-06	11139	rwr	BC
BIN2	2.74744994560893e-06	11140	rwr	BC
SIT1	2.74739911407185e-06	11141	rwr	BC
GAMT	2.74588660582545e-06	11142	rwr	BC
NMUR2	2.7446680424538e-06	11143	rwr	BC
RBMY1F	2.74291046311556e-06	11144	rwr	BC
PUS10	2.7426146303896e-06	11145	rwr	BC
POU3F1	2.74144637042065e-06	11146	rwr	BC
SEPSECS	2.74094803326995e-06	11147	rwr	BC
NRAP	2.74029475799214e-06	11148	rwr	BC
GPR18	2.73864696949204e-06	11149	rwr	BC
RABL2B	2.73701804023844e-06	11150	rwr	BC
TPSAB1	2.73666315805941e-06	11151	rwr	BC
STOML2	2.7363396092115e-06	11152	rwr	BC
ECH1	2.7360414272374e-06	11153	rwr	BC
SCFD2	2.73251091458589e-06	11154	rwr	BC
MYO5C	2.72735996652895e-06	11155	rwr	BC
NSUN3	2.72632138804662e-06	11156	rwr	BC
ZBTB7B	2.72548086471393e-06	11157	rwr	BC
VGLL3	2.72497125001478e-06	11158	rwr	BC
SYNGR2	2.72468433288487e-06	11159	rwr	BC
CNPY1	2.72118507160223e-06	11160	rwr	BC
TRIM26	2.71838487532589e-06	11161	rwr	BC
FBXL8	2.7183107171671e-06	11162	rwr	BC
SMPX	2.71790285247914e-06	11163	rwr	BC
CD320	2.71738558562537e-06	11164	rwr	BC
LRRFIP2	2.71674678196838e-06	11165	rwr	BC
SERF1A	2.71660516488846e-06	11166	rwr	BC
IRF2BP2	2.71559226526396e-06	11167	rwr	BC
TMEM38B	2.71222899447361e-06	11168	rwr	BC
ISM2	2.7121638399777e-06	11169	rwr	BC
INSC	2.7118614877897e-06	11170	rwr	BC
SEC31B	2.70864041803205e-06	11171	rwr	BC
KCTD11	2.7074551708053e-06	11172	rwr	BC
OPALIN	2.70558951697775e-06	11173	rwr	BC
PPCS	2.70506107503486e-06	11174	rwr	BC
RBKS	2.70370151454522e-06	11175	rwr	BC
SLC22A6	2.70353153068055e-06	11176	rwr	BC
CNNM3	2.70146250954782e-06	11177	rwr	BC
PTP4A2	2.70093389655988e-06	11178	rwr	BC
LRIT3	2.69843911682529e-06	11179	rwr	BC
LCE2B	2.69785116289783e-06	11180	rwr	BC
RBP1	2.69610029201556e-06	11181	rwr	BC
RDH11	2.69443605323814e-06	11182	rwr	BC
TFF2	2.69435606566676e-06	11183	rwr	BC
SGMS1	2.69393042383663e-06	11184	rwr	BC
CSAD	2.69315466370099e-06	11185	rwr	BC
ABCB5	2.69169512112208e-06	11186	rwr	BC
MESD	2.69113025281878e-06	11187	rwr	BC
FBXO33	2.69035904981748e-06	11188	rwr	BC
CAVIN3	2.68987633357286e-06	11189	rwr	BC
STRBP	2.6894512701827e-06	11190	rwr	BC
WDR81	2.68933042848434e-06	11191	rwr	BC
MR1	2.68884921996461e-06	11192	rwr	BC
LILRA5	2.68877060254557e-06	11193	rwr	BC
ARHGEF19	2.68810269375671e-06	11194	rwr	BC
SRPX2	2.68619134145415e-06	11195	rwr	BC
EHBP1	2.68611559607079e-06	11196	rwr	BC
VPS54	2.68398647906172e-06	11197	rwr	BC
DYRK4	2.68391987273349e-06	11198	rwr	BC
PRODH2	2.68278632930911e-06	11199	rwr	BC
TMEM106B	2.68225009388842e-06	11200	rwr	BC
LZTS2	2.68032204380068e-06	11201	rwr	BC
DIRAS2	2.67979312561086e-06	11202	rwr	BC
SPSB3	2.67929767488662e-06	11203	rwr	BC
CTNNAL1	2.67917455619255e-06	11204	rwr	BC
FUT1	2.6779698297425e-06	11205	rwr	BC
GPR182	2.67796456173105e-06	11206	rwr	BC
PWWP2A	2.67760533437997e-06	11207	rwr	BC
BEX5	2.67754822810603e-06	11208	rwr	BC
PYCR2	2.67751331170019e-06	11209	rwr	BC
PLCL1	2.67668010975837e-06	11210	rwr	BC
SLC26A5	2.67523354948467e-06	11211	rwr	BC
TSPAN14	2.67446216297967e-06	11212	rwr	BC
HECW2	2.67426489971181e-06	11213	rwr	BC
GCNT2	2.6710285523657e-06	11214	rwr	BC
OLFM3	2.67096987027616e-06	11215	rwr	BC
SLC22A18AS	2.67089093789345e-06	11216	rwr	BC
DPP7	2.67064925309716e-06	11217	rwr	BC
SCAF1	2.67015933545738e-06	11218	rwr	BC
NMS	2.66986832324916e-06	11219	rwr	BC
FBXL22	2.66945605896664e-06	11220	rwr	BC
FOXN3	2.66931650996114e-06	11221	rwr	BC
LTC4S	2.66762853207942e-06	11222	rwr	BC
FCGBP	2.66664355415034e-06	11223	rwr	BC
CRAT	2.66540667631308e-06	11224	rwr	BC
TMEM214	2.66358876148298e-06	11225	rwr	BC
DNAJC1	2.66338359507954e-06	11226	rwr	BC
NAA50	2.6591294645308e-06	11227	rwr	BC
TUBA4B	2.65906196704708e-06	11228	rwr	BC
FBXO28	2.65756091610811e-06	11229	rwr	BC
PPP1R16B	2.65614437179105e-06	11230	rwr	BC
FBXL6	2.65552828565862e-06	11231	rwr	BC
DDIAS	2.65504407363808e-06	11232	rwr	BC
JPH2	2.65214703055886e-06	11233	rwr	BC
ANXA11	2.65024392318908e-06	11234	rwr	BC
CNN2	2.64935126559384e-06	11235	rwr	BC
ANKRD49	2.64903399483017e-06	11236	rwr	BC
LACC1	2.64815334612034e-06	11237	rwr	BC
SLC38A2	2.64788181457808e-06	11238	rwr	BC
SIGLEC5-2	2.64768509099293e-06	11239	rwr	BC
XYLT1	2.64528946409269e-06	11240	rwr	BC
ARL5B	2.64434413539373e-06	11241	rwr	BC
MEAK7	2.64344687183441e-06	11242	rwr	BC
ADGRF1	2.6405998297605e-06	11243	rwr	BC
LOXHD1	2.63816311697218e-06	11244	rwr	BC
TMED3	2.6377801822819e-06	11245	rwr	BC
SCG3	2.63717695358281e-06	11246	rwr	BC
RNF213	2.63655227767511e-06	11247	rwr	BC
MPP4	2.63614815356503e-06	11248	rwr	BC
NIBAN2	2.63586953510318e-06	11249	rwr	BC
PURB	2.63497782422554e-06	11250	rwr	BC
HOXD10	2.63473260116706e-06	11251	rwr	BC
HIGD2A	2.63428226407098e-06	11252	rwr	BC
FAXDC2	2.63374452959339e-06	11253	rwr	BC
FUBP3	2.63374019577243e-06	11254	rwr	BC
NCAM2	2.63289448240877e-06	11255	rwr	BC
GPR17	2.6306748622264e-06	11256	rwr	BC
C12orf45	2.62943391675243e-06	11257	rwr	BC
KIAA0753	2.62734587552341e-06	11258	rwr	BC
FOPNL	2.627051102057e-06	11259	rwr	BC
SLC52A3	2.62678056590742e-06	11260	rwr	BC
GPR139	2.62623642730903e-06	11261	rwr	BC
ABCB10	2.62293908512775e-06	11262	rwr	BC
SKIDA1	2.62206371389676e-06	11263	rwr	BC
WFDC12	2.61873796688071e-06	11264	rwr	BC
ASNSD1	2.61861466163965e-06	11265	rwr	BC
SNX7	2.61483242441144e-06	11266	rwr	BC
NKTR	2.61455829718114e-06	11267	rwr	BC
MPZL3	2.61027782474295e-06	11268	rwr	BC
FAM167A	2.60899656761394e-06	11269	rwr	BC
TBC1D13	2.60760157387194e-06	11270	rwr	BC
CLIP3	2.60688705150728e-06	11271	rwr	BC
FOXP4	2.60676982295139e-06	11272	rwr	BC
ADGRB3	2.60551627937601e-06	11273	rwr	BC
FBXL20	2.60474126378917e-06	11274	rwr	BC
GPR3	2.60452773614474e-06	11275	rwr	BC
KIF26A	2.60356983781793e-06	11276	rwr	BC
CCM2L	2.60280320852076e-06	11277	rwr	BC
SLC6A19	2.60189345114643e-06	11278	rwr	BC
CADPS	2.6009468841836e-06	11279	rwr	BC
TBX18	2.600654080417e-06	11280	rwr	BC
KLF11	2.59679741861772e-06	11281	rwr	BC
TMEFF2	2.59564813641981e-06	11282	rwr	BC
SPTSSA	2.59375548885869e-06	11283	rwr	BC
STMN4	2.59107847520325e-06	11284	rwr	BC
ABHD12	2.59049138057198e-06	11285	rwr	BC
GRIK3	2.59034709619929e-06	11286	rwr	BC
HSPA14-2	2.58643708406607e-06	11287	rwr	BC
INCA1	2.58605861893549e-06	11288	rwr	BC
CABYR	2.58537040687174e-06	11289	rwr	BC
CLCC1	2.58426804071622e-06	11290	rwr	BC
KHNYN	2.58372452427324e-06	11291	rwr	BC
ESX1	2.58358633003249e-06	11292	rwr	BC
AKAP3	2.58164918395974e-06	11293	rwr	BC
HOXD11	2.57797994342034e-06	11294	rwr	BC
MTMR12	2.5772829879366e-06	11295	rwr	BC
DNASE1L2	2.57551051885552e-06	11296	rwr	BC
PODXL2	2.57423491918258e-06	11297	rwr	BC
CELA3B	2.57371771365907e-06	11298	rwr	BC
MYOM1	2.57350515552719e-06	11299	rwr	BC
CIPC	2.5723897374058e-06	11300	rwr	BC
ADNP2	2.57229992063415e-06	11301	rwr	BC
SGMS2	2.57159865843312e-06	11302	rwr	BC
RBP3	2.57130439957815e-06	11303	rwr	BC
ATAD3A	2.57062370450721e-06	11304	rwr	BC
TMUB1	2.56810194792371e-06	11305	rwr	BC
UBR7	2.56749853968307e-06	11306	rwr	BC
HAPLN1	2.56689799418086e-06	11307	rwr	BC
SULT1C4	2.56677906064634e-06	11308	rwr	BC
FFAR3	2.5665911147357e-06	11309	rwr	BC
FEZ1	2.56591234657442e-06	11310	rwr	BC
MTRNR2L12	2.56582749076027e-06	11311	rwr	BC
ARL6IP4	2.56538491796375e-06	11312	rwr	BC
NMBR	2.56476581968684e-06	11313	rwr	BC
ERI3	2.56476326753684e-06	11314	rwr	BC
DEFA1B	2.56455011872377e-06	11315	rwr	BC
CLRN1	2.56348442330033e-06	11316	rwr	BC
DIP2A	2.56261718871108e-06	11317	rwr	BC
TSNARE1	2.56171186361274e-06	11318	rwr	BC
BTN1A1	2.56156346915799e-06	11319	rwr	BC
PYCR3	2.56129094441173e-06	11320	rwr	BC
LSM14B	2.56004600231337e-06	11321	rwr	BC
PYDC2	2.55593377686669e-06	11322	rwr	BC
LRFN1	2.55458249940449e-06	11323	rwr	BC
ACAP2	2.55297280518491e-06	11324	rwr	BC
FBXL16	2.55137748952257e-06	11325	rwr	BC
WFIKKN2	2.55127476449254e-06	11326	rwr	BC
PRG2	2.55119994913697e-06	11327	rwr	BC
MAP11	2.55064333101637e-06	11328	rwr	BC
AGTRAP	2.55012419301218e-06	11329	rwr	BC
CTIF	2.54971891078055e-06	11330	rwr	BC
ZDHHC16	2.5492205595646e-06	11331	rwr	BC
MID2	2.54743300865386e-06	11332	rwr	BC
RIPK4	2.54741576906422e-06	11333	rwr	BC
ARHGAP20	2.54718134795764e-06	11334	rwr	BC
UCN3	2.54601768290333e-06	11335	rwr	BC
SPTSSB	2.5458774208449e-06	11336	rwr	BC
CELSR3	2.54464097505186e-06	11337	rwr	BC
MEOX1	2.54331425400058e-06	11338	rwr	BC
ANGPTL8	2.54270789524493e-06	11339	rwr	BC
PSG4	2.54269059972273e-06	11340	rwr	BC
SULT1B1	2.54007231830311e-06	11341	rwr	BC
SCUBE2	2.5386284016496e-06	11342	rwr	BC
STATH	2.5383276096381e-06	11343	rwr	BC
GABRQ	2.53784353266062e-06	11344	rwr	BC
ARHGAP27	2.53644016082642e-06	11345	rwr	BC
IP6K3	2.53354428940627e-06	11346	rwr	BC
PHRF1	2.5295323066665e-06	11347	rwr	BC
DCAF12L2	2.52889017926436e-06	11348	rwr	BC
IL17B	2.52668023679023e-06	11349	rwr	BC
SCG2	2.52661011770357e-06	11350	rwr	BC
SMPD4	2.52402828295007e-06	11351	rwr	BC
SLC41A1	2.52305286760997e-06	11352	rwr	BC
TAGLN2	2.52296859053963e-06	11353	rwr	BC
ACAD11	2.52283683009431e-06	11354	rwr	BC
NECAB3	2.52268080974175e-06	11355	rwr	BC
IDNK	2.52233206678408e-06	11356	rwr	BC
TRIM36	2.52167644223585e-06	11357	rwr	BC
FBXO46	2.51921336040135e-06	11358	rwr	BC
CDNF	2.51916249735135e-06	11359	rwr	BC
SLC18A1	2.51843370600073e-06	11360	rwr	BC
SULT1C3	2.51757054475936e-06	11361	rwr	BC
MMP23B	2.51730846468983e-06	11362	rwr	BC
GPR88	2.51604647472402e-06	11363	rwr	BC
CD300E	2.51531940358575e-06	11364	rwr	BC
PUSL1	2.51516798420616e-06	11365	rwr	BC
SEC11C	2.51472561968497e-06	11366	rwr	BC
KCNE1B	2.51466947884677e-06	11367	rwr	BC
CCL14	2.51243683665693e-06	11368	rwr	BC
ADPRM	2.5122061045508e-06	11369	rwr	BC
FBXO24	2.51167279955746e-06	11370	rwr	BC
MS4A12	2.51090022425369e-06	11371	rwr	BC
CRYBA1	2.51084823673092e-06	11372	rwr	BC
CDK18	2.51057322898221e-06	11373	rwr	BC
ASPDH	2.50663624040451e-06	11374	rwr	BC
TREML2	2.50519669547954e-06	11375	rwr	BC
UPK1A	2.50415859815987e-06	11376	rwr	BC
DOC2A	2.50405229026639e-06	11377	rwr	BC
SMTN	2.50117223425053e-06	11378	rwr	BC
ALG8	2.49919891028197e-06	11379	rwr	BC
SLC16A7	2.49882814225304e-06	11380	rwr	BC
PROK1	2.49819524292714e-06	11381	rwr	BC
PAN2	2.49782270832971e-06	11382	rwr	BC
HPSE	2.49691141305476e-06	11383	rwr	BC
ANXA7	2.49631084681677e-06	11384	rwr	BC
FBXO16	2.49562328723907e-06	11385	rwr	BC
HIKESHI	2.49418351873695e-06	11386	rwr	BC
PPM1F	2.4930960975496e-06	11387	rwr	BC
TCEAL3	2.49198502240188e-06	11388	rwr	BC
KIF24	2.49197142984417e-06	11389	rwr	BC
HAL	2.49179172181098e-06	11390	rwr	BC
ARL8B	2.49169192000693e-06	11391	rwr	BC
ENPP7	2.49012618782095e-06	11392	rwr	BC
OR51E1	2.48992021772508e-06	11393	rwr	BC
ZNF114	2.48896124090601e-06	11394	rwr	BC
TNFAIP2	2.48825816393135e-06	11395	rwr	BC
COLEC10	2.48819291874502e-06	11396	rwr	BC
DAGLB	2.48761716018357e-06	11397	rwr	BC
SNAPC2	2.48700717007069e-06	11398	rwr	BC
GPR132	2.48661963281381e-06	11399	rwr	BC
GPR68	2.48661963281381e-06	11400	rwr	BC
ZMYND19	2.48657937571908e-06	11401	rwr	BC
ACAD8	2.48451664399115e-06	11402	rwr	BC
MRAP	2.48418800079264e-06	11403	rwr	BC
JAML	2.48239674631706e-06	11404	rwr	BC
CAMSAP1	2.48239458352076e-06	11405	rwr	BC
EMC4	2.4821691529011e-06	11406	rwr	BC
NBPF1	2.48126919922994e-06	11407	rwr	BC
AQP9	2.48095429761478e-06	11408	rwr	BC
M0R3G1_HUMAN	2.48065942963795e-06	11409	rwr	BC
STC2	2.47880226197592e-06	11410	rwr	BC
DAZ4	2.47816795038488e-06	11411	rwr	BC
PRSS57	2.47765518440741e-06	11412	rwr	BC
TBC1D23	2.4756409579876e-06	11413	rwr	BC
NPTXR	2.47499188502931e-06	11414	rwr	BC
C4BPB	2.47200979892831e-06	11415	rwr	BC
MAGEH1	2.47058886248902e-06	11416	rwr	BC
KANK2	2.46723457053872e-06	11417	rwr	BC
AKAP8L	2.46671928487926e-06	11418	rwr	BC
CCDC65	2.46595253012848e-06	11419	rwr	BC
GON4L	2.46580790898548e-06	11420	rwr	BC
ART1	2.46233386238153e-06	11421	rwr	BC
HAAO	2.45990961376921e-06	11422	rwr	BC
PHYKPL	2.45969767725874e-06	11423	rwr	BC
DCDC1	2.45848827969824e-06	11424	rwr	BC
CASP14	2.45836744661506e-06	11425	rwr	BC
ZDHHC8	2.45615396451548e-06	11426	rwr	BC
BPIFA2	2.45464476795508e-06	11427	rwr	BC
PARP11	2.45336871440854e-06	11428	rwr	BC
HSD11B1L	2.45285383399441e-06	11429	rwr	BC
EMC7	2.45280732519225e-06	11430	rwr	BC
ASB3	2.45202968385861e-06	11431	rwr	BC
KRTCAP2	2.45189060956596e-06	11432	rwr	BC
PLEKHA2	2.45098113521366e-06	11433	rwr	BC
ERCC6L2	2.45064674321717e-06	11434	rwr	BC
PCNP	2.45017863589563e-06	11435	rwr	BC
C12orf43	2.44985393102517e-06	11436	rwr	BC
RNF26	2.44772027612088e-06	11437	rwr	BC
CA8	2.44573837270745e-06	11438	rwr	BC
EXTL3	2.44528227806311e-06	11439	rwr	BC
PAOX	2.44435621008947e-06	11440	rwr	BC
AZIN1	2.44272823690031e-06	11441	rwr	BC
MYO1B	2.4412218496778e-06	11442	rwr	BC
SVBP	2.43986903138006e-06	11443	rwr	BC
STAU2	2.4394997913074e-06	11444	rwr	BC
SIK1B	2.43905918951924e-06	11445	rwr	BC
MXD3	2.43900229478426e-06	11446	rwr	BC
VSNL1	2.43830566776315e-06	11447	rwr	BC
KCNIP4	2.43641738354068e-06	11448	rwr	BC
PSG6	2.43403152393355e-06	11449	rwr	BC
SPOUT1	2.43210347628845e-06	11450	rwr	BC
DDRGK1	2.43154984659708e-06	11451	rwr	BC
MYH15	2.43107869664567e-06	11452	rwr	BC
RBMS1	2.43074282350838e-06	11453	rwr	BC
ZNF408	2.4286427360356e-06	11454	rwr	BC
STEAP2	2.42785737327536e-06	11455	rwr	BC
FAM98A	2.42768883427721e-06	11456	rwr	BC
MAN2A1	2.42752453356032e-06	11457	rwr	BC
SPRR2F	2.42613823296853e-06	11458	rwr	BC
KTI12	2.4261353535222e-06	11459	rwr	BC
FICD	2.42524313391907e-06	11460	rwr	BC
LACTB	2.42427395853377e-06	11461	rwr	BC
SLC36A1	2.42130167209732e-06	11462	rwr	BC
ACAP1	2.42117379681567e-06	11463	rwr	BC
FIZ1	2.41602925974696e-06	11464	rwr	BC
SLC6A11	2.41558722806744e-06	11465	rwr	BC
EBF2	2.41352795428841e-06	11466	rwr	BC
NTN3	2.41330229527438e-06	11467	rwr	BC
CHRNA2	2.41312400155145e-06	11468	rwr	BC
SLC2A4RG	2.40703887775013e-06	11469	rwr	BC
MRGPRX1	2.40566653229284e-06	11470	rwr	BC
DKKL1	2.40451727233248e-06	11471	rwr	BC
COX16	2.40328065417225e-06	11472	rwr	BC
ZKSCAN7	2.40325062154193e-06	11473	rwr	BC
EMX2	2.40266364982868e-06	11474	rwr	BC
GPATCH1	2.40127638598316e-06	11475	rwr	BC
HTR4	2.40093341557546e-06	11476	rwr	BC
S100P	2.39996327661945e-06	11477	rwr	BC
DHRS2	2.39986685976183e-06	11478	rwr	BC
C19orf12	2.39925952086875e-06	11479	rwr	BC
OC90	2.39925824748039e-06	11480	rwr	BC
LY6G5B	2.39845879235765e-06	11481	rwr	BC
ACTL7A	2.39842367376522e-06	11482	rwr	BC
RPTN	2.39774859445619e-06	11483	rwr	BC
PRSS8	2.39698033197289e-06	11484	rwr	BC
SLC9A9	2.39673603103758e-06	11485	rwr	BC
KIAA1522	2.39621124453231e-06	11486	rwr	BC
AHNAK2	2.3950423079678e-06	11487	rwr	BC
VASN	2.39315171016116e-06	11488	rwr	BC
SH3BP1	2.39005030582325e-06	11489	rwr	BC
PANK1	2.38917435187023e-06	11490	rwr	BC
TP53INP2	2.38900488525759e-06	11491	rwr	BC
STAP1	2.3877419939568e-06	11492	rwr	BC
IL36A	2.38758273077914e-06	11493	rwr	BC
ZNHIT3	2.38624583977272e-06	11494	rwr	BC
INSL5	2.38557184217073e-06	11495	rwr	BC
CSRNP1	2.38333646918785e-06	11496	rwr	BC
FARSA	2.38241591149478e-06	11497	rwr	BC
KRT15	2.38211189218871e-06	11498	rwr	BC
CRYBB1	2.37681587887559e-06	11499	rwr	BC
NAA16	2.37663600265602e-06	11500	rwr	BC
NAA30	2.37660318309087e-06	11501	rwr	BC
PDC	2.37556652381649e-06	11502	rwr	BC
KPNA7	2.37396225942904e-06	11503	rwr	BC
CD5L	2.37097560565751e-06	11504	rwr	BC
LGALS2	2.37085570778275e-06	11505	rwr	BC
HCRTR1	2.37024285116993e-06	11506	rwr	BC
CYB5R1	2.36975157410613e-06	11507	rwr	BC
GPC5	2.36846786262141e-06	11508	rwr	BC
HYKK	2.36499914393977e-06	11509	rwr	BC
MS4A7	2.36482082656136e-06	11510	rwr	BC
KCNK9	2.36473836833722e-06	11511	rwr	BC
SLC5A7	2.36196885686304e-06	11512	rwr	BC
MESP1	2.3605972041316e-06	11513	rwr	BC
LTA4H	2.3600624637907e-06	11514	rwr	BC
LRRC8B	2.35936738430185e-06	11515	rwr	BC
TBCE-2	2.35921936013461e-06	11516	rwr	BC
AMDHD2	2.35555639937088e-06	11517	rwr	BC
PTAR1	2.35512404812407e-06	11518	rwr	BC
LRG1	2.35488311455358e-06	11519	rwr	BC
TWSG1	2.35449727900151e-06	11520	rwr	BC
TTC21A	2.35408233527233e-06	11521	rwr	BC
SLC7A6OS	2.35399064516397e-06	11522	rwr	BC
GTF2IRD2B	2.35094424581936e-06	11523	rwr	BC
SOHLH1	2.34922454085991e-06	11524	rwr	BC
GUCA2B	2.34839505297796e-06	11525	rwr	BC
PRB2	2.34486144058719e-06	11526	rwr	BC
POF1B	2.34444749147009e-06	11527	rwr	BC
PRND	2.34159889222868e-06	11528	rwr	BC
ST8SIA1	2.34000510080863e-06	11529	rwr	BC
SLC25A19	2.33887388005238e-06	11530	rwr	BC
CCDC88C	2.33757398160375e-06	11531	rwr	BC
MTHFS	2.33721038739137e-06	11532	rwr	BC
SELENOV	2.33591194136412e-06	11533	rwr	BC
CHIC2	2.33483827191038e-06	11534	rwr	BC
ERGIC3	2.33455990083416e-06	11535	rwr	BC
YLPM1	2.33340777137476e-06	11536	rwr	BC
NPTN	2.33085599727605e-06	11537	rwr	BC
RDH5	2.3305331955455e-06	11538	rwr	BC
LRBA	2.33050557745311e-06	11539	rwr	BC
JMJD4	2.32992316689234e-06	11540	rwr	BC
SNX24	2.32542327351932e-06	11541	rwr	BC
EEF1AKMT2	2.32292622753679e-06	11542	rwr	BC
TMEM98	2.32292338560893e-06	11543	rwr	BC
LRFN5	2.32248139574667e-06	11544	rwr	BC
GAS2L1	2.32231747031119e-06	11545	rwr	BC
RDH8	2.32164698567813e-06	11546	rwr	BC
ASMTL	2.32142842290881e-06	11547	rwr	BC
PHF21B	2.32140107238595e-06	11548	rwr	BC
NEPRO	2.31988672901738e-06	11549	rwr	BC
FAM49B	2.31901218140477e-06	11550	rwr	BC
HOXA3	2.31823018603398e-06	11551	rwr	BC
RIDA	2.31822758762116e-06	11552	rwr	BC
NAA11	2.31734573046167e-06	11553	rwr	BC
NLRP11	2.31723663568581e-06	11554	rwr	BC
BCAS1	2.31650721922755e-06	11555	rwr	BC
IKZF4	2.31645507203171e-06	11556	rwr	BC
ETNPPL	2.31642843096364e-06	11557	rwr	BC
RXYLT1	2.31642222916927e-06	11558	rwr	BC
SRMS	2.31551709244845e-06	11559	rwr	BC
PHPT1	2.31510417567506e-06	11560	rwr	BC
PHOX2A	2.31425686515095e-06	11561	rwr	BC
TRIM46	2.31386357600038e-06	11562	rwr	BC
TTC27	2.31297671067582e-06	11563	rwr	BC
IP6K2	2.31194123827458e-06	11564	rwr	BC
LRCH1	2.3093192129922e-06	11565	rwr	BC
SIK3	2.30920105987304e-06	11566	rwr	BC
HYPK	2.30876317575938e-06	11567	rwr	BC
CCNQ	2.30756054631171e-06	11568	rwr	BC
PLEKHA1	2.30654575550327e-06	11569	rwr	BC
TMPRSS3	2.30510036913625e-06	11570	rwr	BC
PASK	2.30436644714133e-06	11571	rwr	BC
SLC4A4	2.30225341264476e-06	11572	rwr	BC
RGPD3	2.30087775600255e-06	11573	rwr	BC
TAS2R38	2.30080827567886e-06	11574	rwr	BC
NMUR1	2.3003079865831e-06	11575	rwr	BC
IRF2BP1	2.29899625803019e-06	11576	rwr	BC
GMPPA	2.29883027033922e-06	11577	rwr	BC
MTPN	2.29625182602613e-06	11578	rwr	BC
FBXO41	2.2946938335848e-06	11579	rwr	BC
TSPYL5	2.29331294341026e-06	11580	rwr	BC
ASPHD1	2.29323005894722e-06	11581	rwr	BC
RTN4RL2	2.29300290027176e-06	11582	rwr	BC
AATK	2.29228292034592e-06	11583	rwr	BC
TRAPPC12	2.29185985953519e-06	11584	rwr	BC
UFL1	2.29042837691589e-06	11585	rwr	BC
CLGN	2.28911373631026e-06	11586	rwr	BC
GPR19	2.28783694671179e-06	11587	rwr	BC
NPEPPS	2.28749132287266e-06	11588	rwr	BC
DOLPP1	2.28648189666463e-06	11589	rwr	BC
REXO5	2.28622899973573e-06	11590	rwr	BC
OPN1SW	2.28582982137079e-06	11591	rwr	BC
NUDT10	2.28556857054008e-06	11592	rwr	BC
POU6F2	2.28546253329614e-06	11593	rwr	BC
PSAPL1	2.28539869114477e-06	11594	rwr	BC
GDAP2	2.28415301914342e-06	11595	rwr	BC
ZNF280D	2.28407157879605e-06	11596	rwr	BC
LEPROTL1	2.28257176645e-06	11597	rwr	BC
CCS	2.28172116346599e-06	11598	rwr	BC
PLEKHA4	2.28160164205892e-06	11599	rwr	BC
PRR20A	2.28141881125615e-06	11600	rwr	BC
SLC38A1	2.27969231846171e-06	11601	rwr	BC
DNASE2	2.2791827143525e-06	11602	rwr	BC
DNAJC12	2.27747637399902e-06	11603	rwr	BC
ZNF703	2.27631521916415e-06	11604	rwr	BC
MEX3B	2.2740944765447e-06	11605	rwr	BC
KIAA0513	2.27214815628401e-06	11606	rwr	BC
SLC25A13	2.27171257078924e-06	11607	rwr	BC
KAZN	2.27114703935441e-06	11608	rwr	BC
OTUD6A	2.27074255397442e-06	11609	rwr	BC
AMN	2.27065177432158e-06	11610	rwr	BC
ARSF	2.27038310379661e-06	11611	rwr	BC
ATF7IP2	2.26952121475817e-06	11612	rwr	BC
MMP21	2.26906590314282e-06	11613	rwr	BC
DRAXIN	2.26704462767866e-06	11614	rwr	BC
E9PCH4_HUMAN	2.26681539620953e-06	11615	rwr	BC
METAP1D	2.26400949240935e-06	11616	rwr	BC
SH3BGRL	2.26394967832189e-06	11617	rwr	BC
ZNF354C	2.2616730441292e-06	11618	rwr	BC
PTCRA	2.26099359344012e-06	11619	rwr	BC
DGCR6	2.26085204249672e-06	11620	rwr	BC
LRRC41	2.25944537496129e-06	11621	rwr	BC
SLC22A3	2.25920385703443e-06	11622	rwr	BC
CLEC3B	2.25819378904985e-06	11623	rwr	BC
KCNA6	2.25815079540291e-06	11624	rwr	BC
RAET1G	2.25735220576461e-06	11625	rwr	BC
UGGT2	2.25496952616018e-06	11626	rwr	BC
RAMACL	2.25485964706962e-06	11627	rwr	BC
CREBL2	2.25471730398611e-06	11628	rwr	BC
CDR1	2.25465274965503e-06	11629	rwr	BC
DIO3	2.25344750929805e-06	11630	rwr	BC
EGR4	2.25188795176133e-06	11631	rwr	BC
CAPN6	2.2508928379102e-06	11632	rwr	BC
NDST2	2.25043689845583e-06	11633	rwr	BC
ARL4D	2.24895822776695e-06	11634	rwr	BC
PET117	2.24893476669503e-06	11635	rwr	BC
FOXN4	2.24871446071639e-06	11636	rwr	BC
MIA3	2.24766844775303e-06	11637	rwr	BC
SEPHS1	2.24746564549665e-06	11638	rwr	BC
DNAJC21	2.24678269742774e-06	11639	rwr	BC
TGDS	2.24583468950304e-06	11640	rwr	BC
LMTK2	2.24533416781593e-06	11641	rwr	BC
ASB8	2.24522471735584e-06	11642	rwr	BC
MAIP1	2.24518079773577e-06	11643	rwr	BC
RAET1L	2.24508911747953e-06	11644	rwr	BC
TAC4	2.24386017653974e-06	11645	rwr	BC
B3GNT3	2.24351745147795e-06	11646	rwr	BC
SLC39A12	2.24281199958967e-06	11647	rwr	BC
DENND2B	2.24157657205083e-06	11648	rwr	BC
ZNF10	2.24137221647017e-06	11649	rwr	BC
LYZL1	2.23986807879831e-06	11650	rwr	BC
TAL2	2.23920322413058e-06	11651	rwr	BC
DPPA5	2.23817838642244e-06	11652	rwr	BC
TRAPPC6A	2.23787765556264e-06	11653	rwr	BC
TPD52L2	2.23772948019768e-06	11654	rwr	BC
ZBED6	2.23712857747817e-06	11655	rwr	BC
DEFB4B	2.23599387189818e-06	11656	rwr	BC
TMEM94	2.23591989047842e-06	11657	rwr	BC
C15orf48	2.23414621593756e-06	11658	rwr	BC
ALDH16A1	2.23399997881808e-06	11659	rwr	BC
CRYGS	2.23363784127136e-06	11660	rwr	BC
FILIP1	2.2333989864202e-06	11661	rwr	BC
GCKR	2.23302798133289e-06	11662	rwr	BC
MYO1D	2.2329299253403e-06	11663	rwr	BC
PAQR5	2.23269995929795e-06	11664	rwr	BC
KLK11	2.23209857231928e-06	11665	rwr	BC
LUZP4	2.23208657769422e-06	11666	rwr	BC
NKAIN2	2.23116200394483e-06	11667	rwr	BC
MAGED4	2.23057465998298e-06	11668	rwr	BC
PHLDA1	2.22958728233778e-06	11669	rwr	BC
MS4A4A	2.22926989321698e-06	11670	rwr	BC
BRS3	2.22830457360363e-06	11671	rwr	BC
WDR91	2.22739491773168e-06	11672	rwr	BC
C17orf75	2.22632218475197e-06	11673	rwr	BC
BTN3A3	2.22341679236288e-06	11674	rwr	BC
MORN4	2.22294415657343e-06	11675	rwr	BC
ZNF621	2.22281929487282e-06	11676	rwr	BC
KLHL10	2.22190372886459e-06	11677	rwr	BC
ZNF205	2.21928954126981e-06	11678	rwr	BC
SSX4B	2.21576039216643e-06	11679	rwr	BC
POU5F1B	2.21535844522153e-06	11680	rwr	BC
ABTB1	2.21475371250399e-06	11681	rwr	BC
VCPKMT	2.21408026686292e-06	11682	rwr	BC
ZC3H7B	2.21341639569945e-06	11683	rwr	BC
FABP2	2.21318158514053e-06	11684	rwr	BC
SPRR2G	2.21260323126014e-06	11685	rwr	BC
PNPO	2.21208118594738e-06	11686	rwr	BC
GLIPR2	2.21169341856558e-06	11687	rwr	BC
NGRN	2.21168476088505e-06	11688	rwr	BC
ALPG	2.21063380167332e-06	11689	rwr	BC
MRC2	2.21030534837381e-06	11690	rwr	BC
SPIN2B	2.20918194713304e-06	11691	rwr	BC
ANKRD2	2.20782118701799e-06	11692	rwr	BC
PPEF1	2.20758740506899e-06	11693	rwr	BC
PXYLP1	2.20732813925247e-06	11694	rwr	BC
GSTK1	2.20713850928063e-06	11695	rwr	BC
CCDC103	2.2070547540386e-06	11696	rwr	BC
ARMC4	2.20671993939735e-06	11697	rwr	BC
RWDD2B	2.20564521573995e-06	11698	rwr	BC
GAL3ST1	2.20538681197792e-06	11699	rwr	BC
ERGIC1	2.20197569465205e-06	11700	rwr	BC
IGLON5	2.20092819308698e-06	11701	rwr	BC
ZNF335	2.19517871481866e-06	11702	rwr	BC
ADGRE5	2.19500409956901e-06	11703	rwr	BC
NRSN1	2.19498207711109e-06	11704	rwr	BC
CACHD1	2.19491363384038e-06	11705	rwr	BC
GUCA1A	2.19367757636562e-06	11706	rwr	BC
PSG8	2.19308225045592e-06	11707	rwr	BC
RNF152	2.19215351196179e-06	11708	rwr	BC
TCF25	2.19072874214746e-06	11709	rwr	BC
KCTD6	2.18991414776128e-06	11710	rwr	BC
TRAPPC13	2.18696726604954e-06	11711	rwr	BC
CMYA5	2.18683895299353e-06	11712	rwr	BC
NLRP14	2.18676844484069e-06	11713	rwr	BC
KCNV2	2.18531323459245e-06	11714	rwr	BC
ARL6	2.18492781905046e-06	11715	rwr	BC
ZNF354A	2.18485373834454e-06	11716	rwr	BC
RBAK	2.1824728966777e-06	11717	rwr	BC
CMTM6	2.18226883558269e-06	11718	rwr	BC
TSPAN5	2.18211922406185e-06	11719	rwr	BC
STARD4	2.18117216549936e-06	11720	rwr	BC
SLC25A28	2.18059810904292e-06	11721	rwr	BC
BTBD7	2.18028228369061e-06	11722	rwr	BC
PJA2	2.17988214614196e-06	11723	rwr	BC
CNIH4	2.17978461444219e-06	11724	rwr	BC
GPATCH2	2.17900103348779e-06	11725	rwr	BC
BRWD3	2.1787215359888e-06	11726	rwr	BC
COPZ2	2.17798707406908e-06	11727	rwr	BC
TMEM97	2.17413573410706e-06	11728	rwr	BC
SUCO	2.17410814938778e-06	11729	rwr	BC
KCND1	2.17325601440499e-06	11730	rwr	BC
GIMAP5	2.17282656208605e-06	11731	rwr	BC
C11orf95	2.17075500673667e-06	11732	rwr	BC
KCNC3	2.16957476869114e-06	11733	rwr	BC
GAREM2	2.16934523903149e-06	11734	rwr	BC
CORO2A	2.16927740688592e-06	11735	rwr	BC
TBC1D14	2.16663036845809e-06	11736	rwr	BC
DND1	2.16652982755286e-06	11737	rwr	BC
AOPEP	2.16539688208935e-06	11738	rwr	BC
TGM3	2.16534207732316e-06	11739	rwr	BC
CYGB	2.16506717017565e-06	11740	rwr	BC
COA4	2.16441768922955e-06	11741	rwr	BC
MICAL2	2.16441710938187e-06	11742	rwr	BC
LHFPL6	2.16439717309698e-06	11743	rwr	BC
MAGEA10	2.16413670458747e-06	11744	rwr	BC
ATAT1	2.16387478418107e-06	11745	rwr	BC
ARMH3	2.16375723817762e-06	11746	rwr	BC
INMT	2.1620962404227e-06	11747	rwr	BC
NUDT14	2.16202938750583e-06	11748	rwr	BC
TRAPPC3L	2.16181988948994e-06	11749	rwr	BC
MPPED2	2.1608346918769e-06	11750	rwr	BC
ABHD4	2.15991373212301e-06	11751	rwr	BC
CLTRN	2.15952290711012e-06	11752	rwr	BC
NAGK	2.15938629218983e-06	11753	rwr	BC
RAB40C	2.15839815305023e-06	11754	rwr	BC
IRX3	2.15799522453182e-06	11755	rwr	BC
B3GLCT	2.15776122366542e-06	11756	rwr	BC
NUTM2A	2.15677273631225e-06	11757	rwr	BC
PABPC3	2.15576444334851e-06	11758	rwr	BC
CYP2R1	2.15394008270467e-06	11759	rwr	BC
HOXC10	2.15353058997356e-06	11760	rwr	BC
PPP1R18	2.15165060521211e-06	11761	rwr	BC
CYP2F1	2.14987873768827e-06	11762	rwr	BC
TCF20	2.14954217262026e-06	11763	rwr	BC
SETD6	2.14888208145213e-06	11764	rwr	BC
CFHR4	2.14826062392613e-06	11765	rwr	BC
XPNPEP3	2.14795104980722e-06	11766	rwr	BC
FASTKD3	2.144972723013e-06	11767	rwr	BC
EVC	2.14460929256013e-06	11768	rwr	BC
PDLIM3	2.14448105868989e-06	11769	rwr	BC
CSPP1	2.14421317248832e-06	11770	rwr	BC
MEGF8	2.14379435158334e-06	11771	rwr	BC
KRT6C	2.14242850141816e-06	11772	rwr	BC
NOMO3	2.14212788871962e-06	11773	rwr	BC
TXLNA	2.13849751073729e-06	11774	rwr	BC
DMXL2	2.13771831455352e-06	11775	rwr	BC
ZP4	2.13748343154299e-06	11776	rwr	BC
NANOS3	2.13457667690553e-06	11777	rwr	BC
DNAJC28	2.13356259685071e-06	11778	rwr	BC
TMEM126A	2.13267716183967e-06	11779	rwr	BC
SEL1L2	2.13154550255098e-06	11780	rwr	BC
SLC27A3	2.12830509464792e-06	11781	rwr	BC
SHOX	2.12737987339863e-06	11782	rwr	BC
H0Y980_HUMAN	2.12641691881163e-06	11783	rwr	BC
UPK3BL1	2.12641691881163e-06	11784	rwr	BC
UPK3BL2	2.12641691881163e-06	11785	rwr	BC
ATRN	2.12517134995905e-06	11786	rwr	BC
ZNF281	2.12381029150651e-06	11787	rwr	BC
AMDHD1	2.12207526788941e-06	11788	rwr	BC
ASGR2	2.12150684598838e-06	11789	rwr	BC
RPRM	2.11968194756328e-06	11790	rwr	BC
PABPC4L	2.11782983573708e-06	11791	rwr	BC
DDAH2	2.11594137212229e-06	11792	rwr	BC
EEF1AKNMT	2.11541191375802e-06	11793	rwr	BC
LRRC6	2.11468386461136e-06	11794	rwr	BC
ALOX5AP	2.11361691014896e-06	11795	rwr	BC
FUT8	2.11359871021551e-06	11796	rwr	BC
NCDN	2.11355797892936e-06	11797	rwr	BC
PPIP5K2	2.11245813600405e-06	11798	rwr	BC
ZCCHC3	2.11200720571305e-06	11799	rwr	BC
ITGBL1	2.11171285056047e-06	11800	rwr	BC
FUT6	2.11154901161442e-06	11801	rwr	BC
OAZ3	2.11126473543625e-06	11802	rwr	BC
TENT5C	2.11094577319868e-06	11803	rwr	BC
G0S2	2.11057578907981e-06	11804	rwr	BC
PPTC7	2.11015649035255e-06	11805	rwr	BC
SAA2-SAA4	2.11006226174303e-06	11806	rwr	BC
NAA20	2.10867215918113e-06	11807	rwr	BC
NAALAD2	2.10837339162465e-06	11808	rwr	BC
PGGT1B	2.10835647138919e-06	11809	rwr	BC
SAMD12	2.10681115076696e-06	11810	rwr	BC
RHBDF2	2.10676847784548e-06	11811	rwr	BC
SS18L2	2.10591012722579e-06	11812	rwr	BC
STAB1	2.1057296111051e-06	11813	rwr	BC
ART5	2.10569942060051e-06	11814	rwr	BC
GNS	2.10542558643079e-06	11815	rwr	BC
TMA7	2.10397681051411e-06	11816	rwr	BC
RTTN	2.10396393286879e-06	11817	rwr	BC
MUC22	2.10369925318795e-06	11818	rwr	BC
SGSH	2.10363116355704e-06	11819	rwr	BC
SYT9	2.10184847625033e-06	11820	rwr	BC
ST6GALNAC5	2.10160469017447e-06	11821	rwr	BC
RSPH1	2.10160273051115e-06	11822	rwr	BC
SH3YL1	2.10150559680627e-06	11823	rwr	BC
PRM2	2.10106931384226e-06	11824	rwr	BC
ARHGAP6	2.10038469002882e-06	11825	rwr	BC
TSPAN4	2.09996213918135e-06	11826	rwr	BC
TENM2	2.09781089783476e-06	11827	rwr	BC
PNMA1	2.09718802337758e-06	11828	rwr	BC
TAS2R4	2.09645456052207e-06	11829	rwr	BC
SLC7A6	2.09591248243265e-06	11830	rwr	BC
OMD	2.095808695924e-06	11831	rwr	BC
CNPY2	2.09471283561459e-06	11832	rwr	BC
GPLD1	2.08992480031318e-06	11833	rwr	BC
KRT3	2.08933099830866e-06	11834	rwr	BC
OSR2	2.08927595812267e-06	11835	rwr	BC
CCNL1	2.08878242510941e-06	11836	rwr	BC
ELOVL2	2.08779573396598e-06	11837	rwr	BC
CHRNB3	2.08770043969984e-06	11838	rwr	BC
GPR158	2.08724072768805e-06	11839	rwr	BC
MBNL2	2.08708786498274e-06	11840	rwr	BC
IGHMBP2	2.08662684045819e-06	11841	rwr	BC
ALG10B	2.0864206344152e-06	11842	rwr	BC
ACR	2.0851507074161e-06	11843	rwr	BC
TENM1	2.08499793045638e-06	11844	rwr	BC
PLXDC2	2.08259842281058e-06	11845	rwr	BC
OPN1MW	2.08202201302047e-06	11846	rwr	BC
BPNT1	2.08087448714948e-06	11847	rwr	BC
CSMD3	2.08045208480091e-06	11848	rwr	BC
ABCB9	2.07997414599104e-06	11849	rwr	BC
APCDD1	2.07993440068274e-06	11850	rwr	BC
ASIC3	2.07981059469877e-06	11851	rwr	BC
OCSTAMP	2.07637311369745e-06	11852	rwr	BC
MAS1L	2.07584801341481e-06	11853	rwr	BC
ATPAF1	2.07194876874932e-06	11854	rwr	BC
UFSP2	2.07189892449739e-06	11855	rwr	BC
PALM2AKAP2	2.07011332863239e-06	11856	rwr	BC
SLC9C1	2.06894177915241e-06	11857	rwr	BC
RRAD	2.06879710259461e-06	11858	rwr	BC
KCNC4	2.06828699199061e-06	11859	rwr	BC
DNAAF5	2.06679283009822e-06	11860	rwr	BC
PAQR7	2.06399705193334e-06	11861	rwr	BC
BTN2A1	2.06064596136925e-06	11862	rwr	BC
KCMF1	2.06011466632107e-06	11863	rwr	BC
COL23A1	2.06009277349725e-06	11864	rwr	BC
ANP32B	2.05968844741342e-06	11865	rwr	BC
TXNDC17	2.05887894984933e-06	11866	rwr	BC
ALLC	2.0570839872379e-06	11867	rwr	BC
LECT2	2.05642648205644e-06	11868	rwr	BC
NEBL	2.0560259375088e-06	11869	rwr	BC
FUT3	2.05563904118584e-06	11870	rwr	BC
SIGLEC5	2.05444798212824e-06	11871	rwr	BC
ZG16	2.05392219157062e-06	11872	rwr	BC
ADAM2	2.05326474919869e-06	11873	rwr	BC
MBNL3	2.05324017015343e-06	11874	rwr	BC
M0QYT0_HUMAN	2.05215811411317e-06	11875	rwr	BC
HSF4	2.04892231775993e-06	11876	rwr	BC
TCF19	2.04830897453143e-06	11877	rwr	BC
MSC	2.04807833283409e-06	11878	rwr	BC
NUDCD1	2.04741301872148e-06	11879	rwr	BC
PTPRCAP	2.04401027568643e-06	11880	rwr	BC
UBTD1	2.04264270223436e-06	11881	rwr	BC
CHRNA5	2.0425763764845e-06	11882	rwr	BC
SLITRK1	2.04187699802159e-06	11883	rwr	BC
HSBP1	2.04093733382293e-06	11884	rwr	BC
SLCO1C1	2.04006152431297e-06	11885	rwr	BC
POMK	2.03968311923073e-06	11886	rwr	BC
DLX1	2.03924194308522e-06	11887	rwr	BC
TNP2	2.03897285403574e-06	11888	rwr	BC
KCNB2	2.03798325167575e-06	11889	rwr	BC
RILPL2	2.03724830854395e-06	11890	rwr	BC
MBD3L2	2.03493896429799e-06	11891	rwr	BC
ST3GAL6	2.03451192209175e-06	11892	rwr	BC
RGPD6	2.03443705679046e-06	11893	rwr	BC
ADAT1	2.03434271738009e-06	11894	rwr	BC
TRIM49	2.03162632570382e-06	11895	rwr	BC
INKA1	2.03100544262332e-06	11896	rwr	BC
MOB2	2.02706676268863e-06	11897	rwr	BC
ZNF385B	2.02614552848483e-06	11898	rwr	BC
TSPOAP1	2.02524134664698e-06	11899	rwr	BC
ENPP2	2.02524089568751e-06	11900	rwr	BC
KCNJ16	2.02496409326657e-06	11901	rwr	BC
ZBTB20	2.02469559202826e-06	11902	rwr	BC
EMILIN1	2.02334722915151e-06	11903	rwr	BC
PCSK1N	2.02232985959128e-06	11904	rwr	BC
MYRIP	2.0215135335903e-06	11905	rwr	BC
OLIG3	2.01955195839894e-06	11906	rwr	BC
SLC30A3	2.0188808879632e-06	11907	rwr	BC
SPRN	2.01803925642184e-06	11908	rwr	BC
BCAS3	2.01789253699688e-06	11909	rwr	BC
SDR16C5	2.01782902861922e-06	11910	rwr	BC
DNAH11	2.01765990255907e-06	11911	rwr	BC
UNC79	2.01733225224638e-06	11912	rwr	BC
ATP2C2	2.01696859504913e-06	11913	rwr	BC
ZNF638	2.01645610541997e-06	11914	rwr	BC
SLC16A8	2.01597404267676e-06	11915	rwr	BC
SLC9B2	2.01437474161336e-06	11916	rwr	BC
VIPAS39	2.01419864587241e-06	11917	rwr	BC
NEURL1	2.01109916431871e-06	11918	rwr	BC
TMEM45A	2.01056635824097e-06	11919	rwr	BC
GATA5	2.01023907761314e-06	11920	rwr	BC
SCRN2	2.01006322383653e-06	11921	rwr	BC
EEF1AKMT1	2.00953032106057e-06	11922	rwr	BC
DIP2C	2.00817914840108e-06	11923	rwr	BC
CCDC127	2.00781398680554e-06	11924	rwr	BC
DPYS	2.00770767770414e-06	11925	rwr	BC
SLC23A1	2.00666117580652e-06	11926	rwr	BC
TRIM44	2.00656092955282e-06	11927	rwr	BC
SLC27A5	2.00596717055105e-06	11928	rwr	BC
SLC23A2	2.00541981215167e-06	11929	rwr	BC
ZNF567	2.00510820072193e-06	11930	rwr	BC
PTPDC1	2.00435733196125e-06	11931	rwr	BC
FAM168A	2.00394356256706e-06	11932	rwr	BC
CHP1	2.00310335176864e-06	11933	rwr	BC
TRIM6-TRIM34	2.00163332661763e-06	11934	rwr	BC
C18orf25	1.99983315629349e-06	11935	rwr	BC
NSUN7	1.99927035276995e-06	11936	rwr	BC
TSPAN1	1.99891701361812e-06	11937	rwr	BC
PSMG4	1.99763732280235e-06	11938	rwr	BC
ZNF787	1.99733717642047e-06	11939	rwr	BC
DHRS3	1.99689488794143e-06	11940	rwr	BC
SV2C	1.99681414996477e-06	11941	rwr	BC
SGCZ	1.99659027466105e-06	11942	rwr	BC
PIGZ	1.99628673758096e-06	11943	rwr	BC
GPATCH4	1.99549365837219e-06	11944	rwr	BC
XPO7	1.99506906487344e-06	11945	rwr	BC
SPOCK1	1.99480439419982e-06	11946	rwr	BC
PNMT	1.99342068043391e-06	11947	rwr	BC
SLC12A6	1.9931577330515e-06	11948	rwr	BC
F2RL2	1.99217041974272e-06	11949	rwr	BC
DNAAF3	1.991387935686e-06	11950	rwr	BC
ST6GALNAC2	1.99132138001065e-06	11951	rwr	BC
FA2H	1.99081619260153e-06	11952	rwr	BC
BCKDK	1.9903913318028e-06	11953	rwr	BC
NEK1	1.99024599579385e-06	11954	rwr	BC
RLBP1	1.98975527031883e-06	11955	rwr	BC
SLC22A7	1.98890958990689e-06	11956	rwr	BC
SBSPON	1.9880531763991e-06	11957	rwr	BC
PLAAT4	1.9869531955745e-06	11958	rwr	BC
PYM1	1.98648902864355e-06	11959	rwr	BC
RNF170	1.98617863396967e-06	11960	rwr	BC
PREPL	1.98374521581609e-06	11961	rwr	BC
CD302	1.9834452850279e-06	11962	rwr	BC
CDC42SE2	1.9819588336567e-06	11963	rwr	BC
GLCE	1.98128298654644e-06	11964	rwr	BC
FAM107B	1.98105123069054e-06	11965	rwr	BC
POMGNT2	1.98060829727627e-06	11966	rwr	BC
BAHCC1	1.98028689174784e-06	11967	rwr	BC
MYOZ3	1.97957974950946e-06	11968	rwr	BC
RALGAPA1	1.97901553457858e-06	11969	rwr	BC
MEX3A	1.97843147492451e-06	11970	rwr	BC
TMEM116	1.97831152958868e-06	11971	rwr	BC
METTL22	1.97711822027429e-06	11972	rwr	BC
AQP7	1.97620472523697e-06	11973	rwr	BC
CELA1	1.97406354320722e-06	11974	rwr	BC
KCNK5	1.97330283497353e-06	11975	rwr	BC
FGD6	1.97285660955767e-06	11976	rwr	BC
DAOA	1.97251068233083e-06	11977	rwr	BC
F8A2	1.97238620493548e-06	11978	rwr	BC
ARHGAP30	1.97187151538489e-06	11979	rwr	BC
RBMS3	1.97160194487279e-06	11980	rwr	BC
FRYL	1.97105854899826e-06	11981	rwr	BC
SEC11A	1.9709151571644e-06	11982	rwr	BC
SLC25A11	1.96761929947941e-06	11983	rwr	BC
OSBPL8	1.96700078718292e-06	11984	rwr	BC
TRPM2	1.96695138216643e-06	11985	rwr	BC
NEUROD6	1.96659291334258e-06	11986	rwr	BC
STON1-GTF2A1L	1.96496054867701e-06	11987	rwr	BC
ABCC6	1.96495920837124e-06	11988	rwr	BC
JPH4	1.96362644446854e-06	11989	rwr	BC
HNF4G	1.96290052531916e-06	11990	rwr	BC
SPCS1	1.96205167279271e-06	11991	rwr	BC
OSBPL1A	1.96183554640635e-06	11992	rwr	BC
ANTXR2	1.95882653856976e-06	11993	rwr	BC
SYT11	1.95872017909836e-06	11994	rwr	BC
SLC5A8	1.95834194494166e-06	11995	rwr	BC
TSC22D1	1.95717363886026e-06	11996	rwr	BC
SPATA16	1.95656320785607e-06	11997	rwr	BC
HECA	1.95652462857254e-06	11998	rwr	BC
CEP19	1.95628066398459e-06	11999	rwr	BC
PLA1A	1.9552594593229e-06	12000	rwr	BC
TMEM42	1.95518512532366e-06	12001	rwr	BC
RAB26	1.95515929328316e-06	12002	rwr	BC
SLC17A3	1.95492281563534e-06	12003	rwr	BC
TOB2	1.95348616735479e-06	12004	rwr	BC
NPFFR1	1.95308616381058e-06	12005	rwr	BC
RNF19B	1.95287459081657e-06	12006	rwr	BC
MARCHF7	1.95165110082288e-06	12007	rwr	BC
TFAP2D	1.95075966157398e-06	12008	rwr	BC
SLC22A2	1.94968361771137e-06	12009	rwr	BC
TTPA	1.94925062843123e-06	12010	rwr	BC
MS4A6E	1.94866834828421e-06	12011	rwr	BC
IQCJ	1.94862597663132e-06	12012	rwr	BC
GJB4	1.94846252975456e-06	12013	rwr	BC
EAPP	1.94826050012554e-06	12014	rwr	BC
CILP	1.94813993208048e-06	12015	rwr	BC
FAM189A2	1.94676094626191e-06	12016	rwr	BC
TMEM175	1.94585722216292e-06	12017	rwr	BC
CD109	1.94576346001042e-06	12018	rwr	BC
SPP2	1.94567397311626e-06	12019	rwr	BC
TACR2	1.94470207095423e-06	12020	rwr	BC
SPON2	1.94462047346335e-06	12021	rwr	BC
NEURL1B	1.93740075508819e-06	12022	rwr	BC
NXNL1	1.9371831438287e-06	12023	rwr	BC
FRMD4A	1.93700479624091e-06	12024	rwr	BC
RAB40A	1.93652577372381e-06	12025	rwr	BC
IQCG	1.93449460302862e-06	12026	rwr	BC
LIX1	1.93435418966559e-06	12027	rwr	BC
MIPEP	1.93366684143699e-06	12028	rwr	BC
DNAH1	1.93098428099103e-06	12029	rwr	BC
SULT1A1	1.93030354091121e-06	12030	rwr	BC
CAPN10	1.92889059656058e-06	12031	rwr	BC
RALGPS1	1.92742070869832e-06	12032	rwr	BC
MMP20	1.9252059858546e-06	12033	rwr	BC
CAMTA1	1.92370421291498e-06	12034	rwr	BC
BTNL2	1.92209835653956e-06	12035	rwr	BC
LCE3E	1.9213007543699e-06	12036	rwr	BC
CELA2A	1.9206240879535e-06	12037	rwr	BC
PDZD3	1.91951114776667e-06	12038	rwr	BC
SCIMP	1.91909723773116e-06	12039	rwr	BC
AFAP1	1.91607921558045e-06	12040	rwr	BC
UPK1B	1.91506718423786e-06	12041	rwr	BC
ADGRG2	1.91447148758622e-06	12042	rwr	BC
RTN4IP1	1.91407986330578e-06	12043	rwr	BC
SGPL1	1.91363254488714e-06	12044	rwr	BC
RBP2	1.91254918551632e-06	12045	rwr	BC
PANK3	1.91208478989645e-06	12046	rwr	BC
DEFA3	1.91012216423835e-06	12047	rwr	BC
GLRB	1.90788993934665e-06	12048	rwr	BC
ZNF496	1.90682472177244e-06	12049	rwr	BC
MAGEC1	1.9043542917905e-06	12050	rwr	BC
PAXBP1	1.90378405258078e-06	12051	rwr	BC
BSND	1.90357393791817e-06	12052	rwr	BC
SPRR2D	1.9026255996487e-06	12053	rwr	BC
PSTK	1.9010817320214e-06	12054	rwr	BC
BTG3	1.90033204789532e-06	12055	rwr	BC
ASTL	1.90015886613528e-06	12056	rwr	BC
ZNF473	1.9000385131231e-06	12057	rwr	BC
KLF10	1.90002663259607e-06	12058	rwr	BC
MON2	1.89795004339679e-06	12059	rwr	BC
REEP2	1.89774093056894e-06	12060	rwr	BC
YY1AP1	1.89765629570743e-06	12061	rwr	BC
ADARB2	1.89755700896364e-06	12062	rwr	BC
PNLDC1	1.89727688353326e-06	12063	rwr	BC
DEAF1	1.8942983591841e-06	12064	rwr	BC
UAP1	1.89400171368959e-06	12065	rwr	BC
LRRD1	1.89246653230317e-06	12066	rwr	BC
FCRL1	1.89167265991666e-06	12067	rwr	BC
PECR	1.88939274197103e-06	12068	rwr	BC
C16orf87	1.88682402899912e-06	12069	rwr	BC
SIGLEC15	1.88299121244449e-06	12070	rwr	BC
OPN3	1.88178002712423e-06	12071	rwr	BC
OMP	1.88143142497384e-06	12072	rwr	BC
TCP11L1	1.88108484350094e-06	12073	rwr	BC
NUDT22	1.8808329397347e-06	12074	rwr	BC
FUZ	1.88017747488102e-06	12075	rwr	BC
RHOF	1.87991781294015e-06	12076	rwr	BC
SLC7A9	1.87861241231646e-06	12077	rwr	BC
U3KQP1_HUMAN	1.87827060151205e-06	12078	rwr	BC
HYAL3	1.87388319032629e-06	12079	rwr	BC
MMGT1	1.8732498943083e-06	12080	rwr	BC
IZUMO1R	1.87213157204726e-06	12081	rwr	BC
PPFIA4	1.87191726348793e-06	12082	rwr	BC
LRP1B	1.86987779470231e-06	12083	rwr	BC
ADAMTS10	1.86975324270266e-06	12084	rwr	BC
AVL9	1.86893091297241e-06	12085	rwr	BC
GPSM3	1.86747293226089e-06	12086	rwr	BC
TSSK4	1.86583198385812e-06	12087	rwr	BC
PRRC2B	1.86557750333349e-06	12088	rwr	BC
RSPH14	1.86401868607497e-06	12089	rwr	BC
SLC6A17	1.8637040569618e-06	12090	rwr	BC
LAMP3	1.86292365211315e-06	12091	rwr	BC
B3GALNT1	1.86188143844187e-06	12092	rwr	BC
KCNK10	1.86170295969734e-06	12093	rwr	BC
CYP39A1	1.86157992400973e-06	12094	rwr	BC
SOSTDC1	1.86069093902962e-06	12095	rwr	BC
NAT8	1.8606144766694e-06	12096	rwr	BC
HYLS1	1.85962662667847e-06	12097	rwr	BC
COLEC12	1.85857713310242e-06	12098	rwr	BC
CMTM4	1.8565818618025e-06	12099	rwr	BC
KCNK13	1.85412852127135e-06	12100	rwr	BC
LCE3C	1.8540479182775e-06	12101	rwr	BC
ADGRG4	1.85392365871235e-06	12102	rwr	BC
CBLN1	1.85347429298769e-06	12103	rwr	BC
PABPC1L2A	1.85219966011546e-06	12104	rwr	BC
CORO7	1.85203302909821e-06	12105	rwr	BC
YAE1	1.85079292540901e-06	12106	rwr	BC
JPH3	1.85075822222829e-06	12107	rwr	BC
CCDC9	1.85045168227205e-06	12108	rwr	BC
GRIP2	1.8497022237168e-06	12109	rwr	BC
TEX14	1.84859027491926e-06	12110	rwr	BC
SIGLEC14	1.84849075769075e-06	12111	rwr	BC
DMAC2	1.84749395854518e-06	12112	rwr	BC
SLC36A2	1.84322602839157e-06	12113	rwr	BC
GPHB5	1.84319581227766e-06	12114	rwr	BC
TMIE	1.8431035085683e-06	12115	rwr	BC
ZNF81	1.84258276228584e-06	12116	rwr	BC
SLC38A5	1.84231862617186e-06	12117	rwr	BC
CPLANE2	1.84126510001012e-06	12118	rwr	BC
RIOK3	1.84111320177158e-06	12119	rwr	BC
GALNT2	1.83940619784325e-06	12120	rwr	BC
RNF187	1.83831668945535e-06	12121	rwr	BC
DNAJC18	1.83689679043186e-06	12122	rwr	BC
PRRG2	1.83674912461541e-06	12123	rwr	BC
PITPNM2	1.83665437812168e-06	12124	rwr	BC
NEU4	1.83536878224423e-06	12125	rwr	BC
ARHGAP11B-2	1.8351548829362e-06	12126	rwr	BC
TAS2R16	1.83495282359513e-06	12127	rwr	BC
TRMT12	1.83491761292452e-06	12128	rwr	BC
FRG2	1.83454484294618e-06	12129	rwr	BC
DMXL1	1.83296072893104e-06	12130	rwr	BC
PROKR1	1.83085757460678e-06	12131	rwr	BC
SIGLEC7	1.83049560699057e-06	12132	rwr	BC
LZTS1	1.83029280749904e-06	12133	rwr	BC
PCDH11Y	1.83016735372533e-06	12134	rwr	BC
MT2A	1.82979397395986e-06	12135	rwr	BC
TEX35	1.82916635675729e-06	12136	rwr	BC
KLHL31	1.82764075837049e-06	12137	rwr	BC
MSRB2	1.82660679888932e-06	12138	rwr	BC
CLCNKB	1.82567585281263e-06	12139	rwr	BC
HAS1	1.8254097132075e-06	12140	rwr	BC
ZNF45	1.82501070248068e-06	12141	rwr	BC
CLEC2B	1.82450921255651e-06	12142	rwr	BC
TAS2R43	1.82435157434228e-06	12143	rwr	BC
CHP2	1.82430435042092e-06	12144	rwr	BC
SCGN	1.82288286323809e-06	12145	rwr	BC
CPA4	1.82252041269499e-06	12146	rwr	BC
SLC25A16	1.82194033417131e-06	12147	rwr	BC
MPP7	1.8215498068918e-06	12148	rwr	BC
SEC22C	1.82031061053403e-06	12149	rwr	BC
LOC102724770	1.81995141033341e-06	12150	rwr	BC
NLRP8	1.81859319214935e-06	12151	rwr	BC
SLC13A4	1.81831197322175e-06	12152	rwr	BC
CCDC32	1.81809766472625e-06	12153	rwr	BC
SRSF12	1.81763396776769e-06	12154	rwr	BC
AGAP1	1.81733982210526e-06	12155	rwr	BC
RABL2A	1.8170094724579e-06	12156	rwr	BC
SEL1L3	1.81635996473696e-06	12157	rwr	BC
PAN3	1.81633159583443e-06	12158	rwr	BC
DPH5	1.81613455743314e-06	12159	rwr	BC
HRH3	1.8139094773475e-06	12160	rwr	BC
AFAP1L1	1.81250937867519e-06	12161	rwr	BC
COCH	1.81122829199519e-06	12162	rwr	BC
STK19	1.81047756753743e-06	12163	rwr	BC
HPDL	1.80992009598587e-06	12164	rwr	BC
WDR45B	1.80900317344258e-06	12165	rwr	BC
MYO19	1.80726664966394e-06	12166	rwr	BC
ANKRD29	1.80671481993928e-06	12167	rwr	BC
TMEM232	1.80642165540056e-06	12168	rwr	BC
LCE2A	1.80630882176301e-06	12169	rwr	BC
LCE1C	1.80592864449778e-06	12170	rwr	BC
SFTPA2	1.80569332118759e-06	12171	rwr	BC
SLC17A5	1.80459900086348e-06	12172	rwr	BC
MRAP2	1.80425878564996e-06	12173	rwr	BC
SLAIN2	1.80412553079713e-06	12174	rwr	BC
PRKCH	1.80391305855766e-06	12175	rwr	BC
TRAPPC2B	1.80271729890186e-06	12176	rwr	BC
COL25A1	1.80198788782946e-06	12177	rwr	BC
CYB5R2	1.8012832353789e-06	12178	rwr	BC
SPRR2E	1.80078643651363e-06	12179	rwr	BC
ENDOV	1.80055622132505e-06	12180	rwr	BC
MIF4GD	1.79944435614962e-06	12181	rwr	BC
ZNF212	1.79942324020751e-06	12182	rwr	BC
CTU2	1.79845435234045e-06	12183	rwr	BC
FKBP11	1.7971051982787e-06	12184	rwr	BC
B3GALNT2	1.79654265980138e-06	12185	rwr	BC
SYNGR3	1.79393084640782e-06	12186	rwr	BC
B4GALT4	1.79333013243274e-06	12187	rwr	BC
NKX2-8	1.79296940869422e-06	12188	rwr	BC
C11orf58	1.79175193066487e-06	12189	rwr	BC
TMED9	1.79128616700972e-06	12190	rwr	BC
HSPE1-MOB4	1.79030781509118e-06	12191	rwr	BC
UBE2Q1	1.78734703026301e-06	12192	rwr	BC
TDRD5	1.78572033395998e-06	12193	rwr	BC
NEUROD4	1.78403698916545e-06	12194	rwr	BC
PIGU	1.78272039163388e-06	12195	rwr	BC
LYRM1	1.78171433750627e-06	12196	rwr	BC
HGH1	1.78150493178238e-06	12197	rwr	BC
ARMS2	1.7811617140976e-06	12198	rwr	BC
TBX2	1.77965269600457e-06	12199	rwr	BC
LRRC4C	1.77897066729198e-06	12200	rwr	BC
IDS	1.77865441218347e-06	12201	rwr	BC
CPA2	1.77586712792904e-06	12202	rwr	BC
NUDT17	1.77311238316212e-06	12203	rwr	BC
ANKRD45	1.77299595832802e-06	12204	rwr	BC
HLX	1.77229349795966e-06	12205	rwr	BC
ANKRD17	1.77221491739916e-06	12206	rwr	BC
CAPN7	1.77096256333119e-06	12207	rwr	BC
LRRC8C	1.76981944150667e-06	12208	rwr	BC
IER5	1.76908756132511e-06	12209	rwr	BC
GALNT14	1.76899863753882e-06	12210	rwr	BC
GBP3	1.76853406127251e-06	12211	rwr	BC
PLIN5	1.76852353683873e-06	12212	rwr	BC
GM2A	1.76816295410604e-06	12213	rwr	BC
SPARCL1	1.76651793806744e-06	12214	rwr	BC
PAGE4	1.76588301555018e-06	12215	rwr	BC
DPH1	1.7653682867619e-06	12216	rwr	BC
LCE1B	1.76515916320823e-06	12217	rwr	BC
ZNF19	1.76484652421684e-06	12218	rwr	BC
MRGPRX4	1.7644230538328e-06	12219	rwr	BC
P2RY13	1.76434190912523e-06	12220	rwr	BC
PIGF	1.76243644132815e-06	12221	rwr	BC
NOL4L	1.76239609014529e-06	12222	rwr	BC
CNPY4	1.76159084774415e-06	12223	rwr	BC
FHL3	1.76153672934858e-06	12224	rwr	BC
MAP7	1.76054593816684e-06	12225	rwr	BC
LYPD3	1.76042583655892e-06	12226	rwr	BC
LRRC8D	1.75858657480442e-06	12227	rwr	BC
HDDC2	1.75770250233059e-06	12228	rwr	BC
LRATD2	1.75677109681434e-06	12229	rwr	BC
CCHCR1	1.75605641267952e-06	12230	rwr	BC
GTF2IRD2	1.75588011847947e-06	12231	rwr	BC
DRC1	1.75586385375071e-06	12232	rwr	BC
RNASET2	1.75579870597672e-06	12233	rwr	BC
MIA	1.75401494238577e-06	12234	rwr	BC
ZP1	1.75397688292176e-06	12235	rwr	BC
TRMT10A	1.75381249979822e-06	12236	rwr	BC
GABRP	1.7511974352178e-06	12237	rwr	BC
VAX1	1.74921849679063e-06	12238	rwr	BC
PRPH	1.74920900119449e-06	12239	rwr	BC
ALPI	1.7481965397376e-06	12240	rwr	BC
AGAP2	1.74737942380951e-06	12241	rwr	BC
C5orf30	1.7469235566594e-06	12242	rwr	BC
MBOAT4	1.74659485455933e-06	12243	rwr	BC
LCE2D	1.74650934467251e-06	12244	rwr	BC
SLC8B1	1.74609359816839e-06	12245	rwr	BC
RFX7	1.74606983045731e-06	12246	rwr	BC
VMA21	1.74506860419309e-06	12247	rwr	BC
CDC42SE1	1.74420793322867e-06	12248	rwr	BC
UBE2Q2	1.74388843807366e-06	12249	rwr	BC
PXK	1.74360765582122e-06	12250	rwr	BC
CIB3	1.74291643422163e-06	12251	rwr	BC
GLRA1	1.74216972993444e-06	12252	rwr	BC
DEFA1	1.74185771529938e-06	12253	rwr	BC
CHN2	1.7416530248824e-06	12254	rwr	BC
MTFP1	1.74156249810996e-06	12255	rwr	BC
PYHIN1	1.74125326295709e-06	12256	rwr	BC
OR2AG1	1.73884898425041e-06	12257	rwr	BC
DECR2	1.73854931135528e-06	12258	rwr	BC
ARHGAP19	1.73847447594659e-06	12259	rwr	BC
ACYP1	1.73577528445002e-06	12260	rwr	BC
PCDH12	1.73538034920057e-06	12261	rwr	BC
FAM13A	1.73276666119364e-06	12262	rwr	BC
NOVA2	1.73116751655372e-06	12263	rwr	BC
ELAVL2	1.72955851408972e-06	12264	rwr	BC
RAX2	1.72915389862675e-06	12265	rwr	BC
GAS8	1.72732406407048e-06	12266	rwr	BC
LIPI	1.7249727463239e-06	12267	rwr	BC
DACT2	1.7238791132673e-06	12268	rwr	BC
SLURP1	1.72335763561881e-06	12269	rwr	BC
FAM155A	1.72252460726362e-06	12270	rwr	BC
PDE8B-2	1.72174801863203e-06	12271	rwr	BC
CLCN2	1.72065878478895e-06	12272	rwr	BC
RUSC2	1.71952529272102e-06	12273	rwr	BC
SOX13	1.71727779973037e-06	12274	rwr	BC
DDX25	1.71723362791977e-06	12275	rwr	BC
C19orf33	1.71710988746474e-06	12276	rwr	BC
LCE1A	1.7170353235129e-06	12277	rwr	BC
ZNF804A	1.71656711641172e-06	12278	rwr	BC
PRLH	1.71560393095366e-06	12279	rwr	BC
ARHGEF17	1.71401762517126e-06	12280	rwr	BC
IQSEC3	1.71358555983436e-06	12281	rwr	BC
PRAG1	1.71255712886946e-06	12282	rwr	BC
BPIFA1	1.71235498432376e-06	12283	rwr	BC
B3GALT5	1.71222293248334e-06	12284	rwr	BC
GOLM1	1.71100691128159e-06	12285	rwr	BC
YIPF3	1.70783747192149e-06	12286	rwr	BC
SAGE1	1.70565068929381e-06	12287	rwr	BC
ZBED1	1.70405580591983e-06	12288	rwr	BC
IKZF5	1.7038901454396e-06	12289	rwr	BC
PCDH11X	1.70327345175358e-06	12290	rwr	BC
ABHD16A	1.70146173182334e-06	12291	rwr	BC
FMN2	1.70145203586627e-06	12292	rwr	BC
BEGAIN	1.70067282555758e-06	12293	rwr	BC
CDR2L	1.70036617367555e-06	12294	rwr	BC
CADM2	1.70018992265101e-06	12295	rwr	BC
C10orf71	1.69992672457887e-06	12296	rwr	BC
VKORC1L1	1.69970893881732e-06	12297	rwr	BC
DEFB104A	1.69905948524495e-06	12298	rwr	BC
SARAF	1.69885223845801e-06	12299	rwr	BC
ZNF365	1.69628847810756e-06	12300	rwr	BC
TAPBPL	1.69540654827802e-06	12301	rwr	BC
OPA3	1.69326060899527e-06	12302	rwr	BC
COX20	1.69247700227481e-06	12303	rwr	BC
LRFN4	1.69161631337976e-06	12304	rwr	BC
MSS51	1.6911734804261e-06	12305	rwr	BC
TRO	1.68936848706038e-06	12306	rwr	BC
C9orf78	1.68784111634556e-06	12307	rwr	BC
FOXRED2	1.68606122789293e-06	12308	rwr	BC
B3GAT3	1.68428278999023e-06	12309	rwr	BC
EPPIN	1.68408801918707e-06	12310	rwr	BC
AQP11	1.68379967562912e-06	12311	rwr	BC
TOMM20L	1.6831777534707e-06	12312	rwr	BC
NLRP13	1.68159103186592e-06	12313	rwr	BC
OR5L2	1.68057985212835e-06	12314	rwr	BC
DAW1	1.68041485852681e-06	12315	rwr	BC
PSKH1	1.6794989838356e-06	12316	rwr	BC
ITM2B	1.67926716560764e-06	12317	rwr	BC
AAGAB	1.67768588320615e-06	12318	rwr	BC
SLC11A1	1.67743173040144e-06	12319	rwr	BC
TMUB2	1.67484563514209e-06	12320	rwr	BC
AKAP17A	1.67468919776473e-06	12321	rwr	BC
C19orf25	1.67411348901165e-06	12322	rwr	BC
USP26	1.67386046724174e-06	12323	rwr	BC
ECD	1.6728879017601e-06	12324	rwr	BC
ZNF747	1.67185383205073e-06	12325	rwr	BC
CRYBG1	1.67059121086284e-06	12326	rwr	BC
ANO3	1.67026544290773e-06	12327	rwr	BC
RUFY2	1.66971057262713e-06	12328	rwr	BC
AQP12A	1.66701766961053e-06	12329	rwr	BC
RAB33A	1.66658926629993e-06	12330	rwr	BC
PTTG1IP	1.66637182623677e-06	12331	rwr	BC
PRR3	1.66632601566555e-06	12332	rwr	BC
DZIP3	1.6658512381468e-06	12333	rwr	BC
KLK1	1.66419778273867e-06	12334	rwr	BC
FUT5	1.66385463289722e-06	12335	rwr	BC
TMEM250	1.66366491916456e-06	12336	rwr	BC
FCHSD1	1.66335537757542e-06	12337	rwr	BC
TLCD3B	1.66224585053866e-06	12338	rwr	BC
BTD	1.66208762326941e-06	12339	rwr	BC
NAXE	1.66001034173548e-06	12340	rwr	BC
PTRH2	1.65934842789718e-06	12341	rwr	BC
OR2A4	1.65653341078047e-06	12342	rwr	BC
NPFFR2	1.65400611933895e-06	12343	rwr	BC
PKD1L3	1.65375386023998e-06	12344	rwr	BC
NUTM2B	1.65350759497764e-06	12345	rwr	BC
MEX3D	1.65288795848859e-06	12346	rwr	BC
KCNH1-2	1.65236710744868e-06	12347	rwr	BC
SAMD4B	1.65209053060878e-06	12348	rwr	BC
PAIP2B	1.65163815282961e-06	12349	rwr	BC
SLC37A4	1.65034324093952e-06	12350	rwr	BC
SYBU	1.64853165984332e-06	12351	rwr	BC
CRYBA4	1.64832244066537e-06	12352	rwr	BC
TTLL12	1.64772235021532e-06	12353	rwr	BC
PSRC1	1.64614331476961e-06	12354	rwr	BC
SPATA20	1.64599085964806e-06	12355	rwr	BC
PASD1	1.64503709661232e-06	12356	rwr	BC
TUFT1	1.64396987770253e-06	12357	rwr	BC
TDRD6	1.64291760336061e-06	12358	rwr	BC
HRH2	1.64261195596601e-06	12359	rwr	BC
MIA2	1.64188609891696e-06	12360	rwr	BC
RCN1	1.64181661656674e-06	12361	rwr	BC
TRIM38	1.64096205281332e-06	12362	rwr	BC
SPEF1	1.6406630638137e-06	12363	rwr	BC
NIPAL4	1.64058457794876e-06	12364	rwr	BC
FOLR3	1.64058371101741e-06	12365	rwr	BC
ZNF704	1.64040342298814e-06	12366	rwr	BC
SMTNL2	1.64016205625883e-06	12367	rwr	BC
APOBEC2	1.63965726347797e-06	12368	rwr	BC
TAS2R31	1.63905105032479e-06	12369	rwr	BC
GATD3A	1.63871700101813e-06	12370	rwr	BC
PRMT2	1.63649702665254e-06	12371	rwr	BC
KLHL11	1.63529684859445e-06	12372	rwr	BC
ESYT1	1.63406122903585e-06	12373	rwr	BC
F8A1	1.63266623547953e-06	12374	rwr	BC
GPR148	1.63169708072773e-06	12375	rwr	BC
CYHR1	1.62908345181913e-06	12376	rwr	BC
KCNF1	1.62894324510529e-06	12377	rwr	BC
CHSY1	1.62491657326792e-06	12378	rwr	BC
FAM185A	1.62409943584468e-06	12379	rwr	BC
LIPN	1.62396389501066e-06	12380	rwr	BC
HRC	1.62370103320286e-06	12381	rwr	BC
NUCB2	1.62282764501938e-06	12382	rwr	BC
GPR4	1.62263861668554e-06	12383	rwr	BC
RAB24	1.62177680356329e-06	12384	rwr	BC
PTBP3	1.6215048683549e-06	12385	rwr	BC
PCDH17	1.6211094704278e-06	12386	rwr	BC
MATN1	1.61892684638158e-06	12387	rwr	BC
DRC3	1.61883181930184e-06	12388	rwr	BC
ANXA2R	1.61721784542735e-06	12389	rwr	BC
KIF13A	1.61686808436486e-06	12390	rwr	BC
SLC29A3	1.61453433645897e-06	12391	rwr	BC
SZRD1	1.61452346510034e-06	12392	rwr	BC
VASH2	1.61143515401596e-06	12393	rwr	BC
ADAMTS9	1.61072333761703e-06	12394	rwr	BC
FMO5	1.61009208673717e-06	12395	rwr	BC
ALX4	1.60872112726748e-06	12396	rwr	BC
LCE2C	1.60815259861538e-06	12397	rwr	BC
DPCD	1.60792438155138e-06	12398	rwr	BC
ITIH3	1.6070607734688e-06	12399	rwr	BC
PAM	1.60671699085869e-06	12400	rwr	BC
WWC3	1.60576920708276e-06	12401	rwr	BC
FAR1	1.60508903490973e-06	12402	rwr	BC
JKAMP	1.6050281368018e-06	12403	rwr	BC
NIBAN3	1.6042403481737e-06	12404	rwr	BC
SLC13A5	1.60420805571742e-06	12405	rwr	BC
AQP3	1.60412059741424e-06	12406	rwr	BC
METTL2B	1.60408410075116e-06	12407	rwr	BC
SPATA1	1.60405391206772e-06	12408	rwr	BC
FUT9	1.60362405123944e-06	12409	rwr	BC
WNK2	1.60355466321245e-06	12410	rwr	BC
FKBP15	1.60309019094362e-06	12411	rwr	BC
HOXD9	1.60225666211611e-06	12412	rwr	BC
ARMC5	1.6000954378963e-06	12413	rwr	BC
FARP1	1.59903260464872e-06	12414	rwr	BC
DNAJB13	1.59868902815941e-06	12415	rwr	BC
USP41	1.59856962202203e-06	12416	rwr	BC
CYB5RL	1.59843224686063e-06	12417	rwr	BC
TAGAP	1.5976553048377e-06	12418	rwr	BC
SLC6A20	1.59752641978791e-06	12419	rwr	BC
SLC2A5	1.59590210561955e-06	12420	rwr	BC
WDR72	1.59529493109352e-06	12421	rwr	BC
RDH16	1.59335557987991e-06	12422	rwr	BC
HCAR2	1.59315661563386e-06	12423	rwr	BC
MLPH	1.59102142278519e-06	12424	rwr	BC
GPR1	1.59098008683677e-06	12425	rwr	BC
DPYSL4	1.59053017281402e-06	12426	rwr	BC
VAMP5	1.59015535139911e-06	12427	rwr	BC
GLMP	1.58940255334169e-06	12428	rwr	BC
SDR42E1	1.58833247585529e-06	12429	rwr	BC
TBC1D24	1.58829134215752e-06	12430	rwr	BC
KLHL6	1.58655707079241e-06	12431	rwr	BC
CNTN3	1.58592580535795e-06	12432	rwr	BC
KCNA7	1.5838485098682e-06	12433	rwr	BC
CHRDL2	1.58030593565059e-06	12434	rwr	BC
CSRNP2	1.57962704511844e-06	12435	rwr	BC
KRT77	1.57858264192873e-06	12436	rwr	BC
TMEM187	1.57798486970795e-06	12437	rwr	BC
STXBP6	1.57683242071245e-06	12438	rwr	BC
MROH6	1.57419274066092e-06	12439	rwr	BC
ECHDC2	1.57393832926337e-06	12440	rwr	BC
GLDN	1.57318039275598e-06	12441	rwr	BC
SLC15A1	1.57214891394854e-06	12442	rwr	BC
CLCNKA	1.5717843832224e-06	12443	rwr	BC
ALG10	1.57177167386266e-06	12444	rwr	BC
DCAF8L1	1.57080077244006e-06	12445	rwr	BC
ICAM5	1.56931775567537e-06	12446	rwr	BC
FDXACB1	1.56879726737664e-06	12447	rwr	BC
RASSF10	1.56837971619435e-06	12448	rwr	BC
P4HA3	1.56707727207232e-06	12449	rwr	BC
C1orf112	1.56616983871093e-06	12450	rwr	BC
PIGS	1.56545925270744e-06	12451	rwr	BC
ZNF182	1.56282050041658e-06	12452	rwr	BC
ALG14	1.56128327174257e-06	12453	rwr	BC
GABRR2	1.56052748467244e-06	12454	rwr	BC
SALL2	1.56016858969236e-06	12455	rwr	BC
C20orf27	1.55655600719059e-06	12456	rwr	BC
FERD3L	1.5564635726242e-06	12457	rwr	BC
ADGRG6	1.55526058599062e-06	12458	rwr	BC
PLPBP	1.55503927527545e-06	12459	rwr	BC
SSX3	1.55442039731505e-06	12460	rwr	BC
ZXDC	1.55304103155618e-06	12461	rwr	BC
CWF19L1	1.54910692999685e-06	12462	rwr	BC
MFSD2B	1.54789131456144e-06	12463	rwr	BC
SERPINB4	1.54771035822953e-06	12464	rwr	BC
CDH22	1.54693956986648e-06	12465	rwr	BC
KCNH6	1.54488484934682e-06	12466	rwr	BC
ZNF444	1.54474432651519e-06	12467	rwr	BC
SYAP1	1.54374381085016e-06	12468	rwr	BC
BDH1	1.54298599247033e-06	12469	rwr	BC
PLEKHG3	1.5422248673783e-06	12470	rwr	BC
ZNF366	1.54113935617933e-06	12471	rwr	BC
NANP	1.54098627644917e-06	12472	rwr	BC
SIM2	1.54076496188793e-06	12473	rwr	BC
ZBTB4	1.54040956210066e-06	12474	rwr	BC
ZDHHC17	1.5401875141882e-06	12475	rwr	BC
PBX4	1.54012110392736e-06	12476	rwr	BC
BMERB1	1.53938826154795e-06	12477	rwr	BC
F6UB75_HUMAN	1.53938748738537e-06	12478	rwr	BC
DEPDC7	1.53798440484712e-06	12479	rwr	BC
NHSL2	1.53762733749028e-06	12480	rwr	BC
HES6	1.53541113352238e-06	12481	rwr	BC
SEZ6L2	1.53394627369556e-06	12482	rwr	BC
PLEKHG1	1.5338089063012e-06	12483	rwr	BC
DRAM2	1.53352115573871e-06	12484	rwr	BC
VCX3A	1.53340356890435e-06	12485	rwr	BC
SMTNL1	1.53202484141738e-06	12486	rwr	BC
ABCA9	1.53182001260418e-06	12487	rwr	BC
GZMM	1.53047711972163e-06	12488	rwr	BC
FAR2	1.52931939161287e-06	12489	rwr	BC
TREH	1.528749089409e-06	12490	rwr	BC
CTHRC1	1.52837624361462e-06	12491	rwr	BC
C2CD2	1.52796270511263e-06	12492	rwr	BC
AMTN	1.52628324101091e-06	12493	rwr	BC
SHISA6	1.52607380514048e-06	12494	rwr	BC
SLC29A4	1.52247966123186e-06	12495	rwr	BC
ALS2CL	1.52240694467797e-06	12496	rwr	BC
MCFD2	1.52009342688638e-06	12497	rwr	BC
REG1B	1.51903836410694e-06	12498	rwr	BC
CCDC180	1.51726526518866e-06	12499	rwr	BC
AQP10	1.51609755421443e-06	12500	rwr	BC
TSSK1B	1.51548450134492e-06	12501	rwr	BC
FAM222A	1.51433507017863e-06	12502	rwr	BC
WDR63	1.51346214245106e-06	12503	rwr	BC
ENOSF1	1.51222007315038e-06	12504	rwr	BC
SHPK	1.5121664905641e-06	12505	rwr	BC
ZNF239	1.51203217876392e-06	12506	rwr	BC
IVNS1ABP	1.51044742810466e-06	12507	rwr	BC
ABITRAM	1.51042116959704e-06	12508	rwr	BC
DEFB106B	1.50815180769967e-06	12509	rwr	BC
GFOD1	1.50711192362418e-06	12510	rwr	BC
ELAC1	1.50605150118104e-06	12511	rwr	BC
CGGBP1	1.50433881955114e-06	12512	rwr	BC
P2RY6	1.50430720298835e-06	12513	rwr	BC
CLSTN2	1.50358000631173e-06	12514	rwr	BC
SPEG	1.50347661974184e-06	12515	rwr	BC
BCL6B	1.50275938908176e-06	12516	rwr	BC
TTC9C	1.50191238026232e-06	12517	rwr	BC
MYMK	1.50111208230176e-06	12518	rwr	BC
NPAS3	1.50102473330962e-06	12519	rwr	BC
SH3D19	1.50075699128564e-06	12520	rwr	BC
ZFP91	1.50072639557373e-06	12521	rwr	BC
PADI3	1.50046892354027e-06	12522	rwr	BC
STXBP5L	1.4997022280931e-06	12523	rwr	BC
ITLN2	1.49886835179079e-06	12524	rwr	BC
SPRYD3	1.49872500308803e-06	12525	rwr	BC
TMX1	1.49747175772379e-06	12526	rwr	BC
CHCHD5	1.49622784592696e-06	12527	rwr	BC
PLA2G2C	1.49561689779953e-06	12528	rwr	BC
SPNS2	1.49561518966932e-06	12529	rwr	BC
KLHL18	1.49559812283512e-06	12530	rwr	BC
C11orf74	1.49531186324262e-06	12531	rwr	BC
FBXO8	1.49446699787849e-06	12532	rwr	BC
GKN2	1.4940977798983e-06	12533	rwr	BC
ZNF157	1.49392586118708e-06	12534	rwr	BC
ARHGEF10	1.49390596819326e-06	12535	rwr	BC
ZDHHC5	1.49366526698517e-06	12536	rwr	BC
IRX6	1.49305365618545e-06	12537	rwr	BC
CISD1	1.49240404846376e-06	12538	rwr	BC
SLC36A3	1.49020186326606e-06	12539	rwr	BC
UFSP1	1.48951313587318e-06	12540	rwr	BC
ICA1	1.48902275885856e-06	12541	rwr	BC
LYPLA2	1.48879628163602e-06	12542	rwr	BC
TMEM33	1.48871066182545e-06	12543	rwr	BC
B3GNT2	1.4870113739874e-06	12544	rwr	BC
OPN1LW	1.48651979196066e-06	12545	rwr	BC
MTF1	1.48575165214608e-06	12546	rwr	BC
TBCE	1.48490414983858e-06	12547	rwr	BC
ABCA3	1.4843573956884e-06	12548	rwr	BC
ERMAP	1.48358660458261e-06	12549	rwr	BC
MARF1	1.4834564682829e-06	12550	rwr	BC
MAATS1	1.48323038468509e-06	12551	rwr	BC
PPP1R14D	1.48273724764268e-06	12552	rwr	BC
AGFG2	1.48257570410972e-06	12553	rwr	BC
FAM20A	1.48248962208721e-06	12554	rwr	BC
SERP1	1.48121617671143e-06	12555	rwr	BC
PLIN4	1.48113344525292e-06	12556	rwr	BC
VSX1	1.48038308344716e-06	12557	rwr	BC
EPX	1.48037020777998e-06	12558	rwr	BC
TSC22D2	1.47983318907196e-06	12559	rwr	BC
CENPV	1.4777629849866e-06	12560	rwr	BC
ADGRG3	1.47638481657212e-06	12561	rwr	BC
HOXD12	1.47595903049429e-06	12562	rwr	BC
OSBPL2	1.47553021295894e-06	12563	rwr	BC
ROPN1	1.47498109111179e-06	12564	rwr	BC
KCNK12	1.47491879698461e-06	12565	rwr	BC
B3GALT6	1.47486817554333e-06	12566	rwr	BC
SLC43A2	1.47425239870738e-06	12567	rwr	BC
TXLNG	1.47402934314902e-06	12568	rwr	BC
RAB12	1.47307146254448e-06	12569	rwr	BC
SLC31A1	1.47220926973151e-06	12570	rwr	BC
SH2D5	1.47216773866957e-06	12571	rwr	BC
C12orf57	1.47192140813266e-06	12572	rwr	BC
SPINK6	1.47165288595561e-06	12573	rwr	BC
DPH2	1.47010884694198e-06	12574	rwr	BC
MITD1	1.46901636970377e-06	12575	rwr	BC
AWAT1	1.46866355083639e-06	12576	rwr	BC
PYURF	1.46861884992084e-06	12577	rwr	BC
COL13A1	1.46822800202347e-06	12578	rwr	BC
ROGDI	1.46742708070014e-06	12579	rwr	BC
GTF3C6	1.46724581343729e-06	12580	rwr	BC
NTMT1	1.46658208975488e-06	12581	rwr	BC
THAP2	1.46395021238488e-06	12582	rwr	BC
PHF11	1.46289241410263e-06	12583	rwr	BC
GPRASP1	1.46183051601944e-06	12584	rwr	BC
DNALI1	1.46084214749546e-06	12585	rwr	BC
COL21A1	1.45931111715449e-06	12586	rwr	BC
CCDC146	1.45930061829281e-06	12587	rwr	BC
SH2D4A	1.45895273504419e-06	12588	rwr	BC
KIF21B	1.45725961862646e-06	12589	rwr	BC
OSBPL11	1.45712853454498e-06	12590	rwr	BC
CDK16	1.45671609811796e-06	12591	rwr	BC
NUDT19	1.4563344431271e-06	12592	rwr	BC
HHLA2	1.45576999841845e-06	12593	rwr	BC
SPINK9	1.45288643132671e-06	12594	rwr	BC
RABEP2	1.45250446691493e-06	12595	rwr	BC
KCTD3	1.45083969091261e-06	12596	rwr	BC
GALK2	1.45052936638079e-06	12597	rwr	BC
SPOCK2	1.44712531342829e-06	12598	rwr	BC
FPGT	1.44619624408386e-06	12599	rwr	BC
PDZK1IP1	1.4461854329619e-06	12600	rwr	BC
SLC35B2	1.4459263184037e-06	12601	rwr	BC
ANKRD50	1.44420605886174e-06	12602	rwr	BC
GCNT4	1.44298722540457e-06	12603	rwr	BC
SLC25A12	1.44295828581341e-06	12604	rwr	BC
CES3	1.44255001233437e-06	12605	rwr	BC
ARHGEF10L	1.4409161248467e-06	12606	rwr	BC
RILPL1	1.4402270516809e-06	12607	rwr	BC
CA4	1.44015073708412e-06	12608	rwr	BC
HSPB9	1.43916213483501e-06	12609	rwr	BC
ZBTB8OS	1.43803494881537e-06	12610	rwr	BC
COL26A1	1.43799255237852e-06	12611	rwr	BC
REG1A	1.43686038148464e-06	12612	rwr	BC
STK10	1.43683998305081e-06	12613	rwr	BC
SURF2	1.43435906519639e-06	12614	rwr	BC
CDK5R2	1.43415765940883e-06	12615	rwr	BC
CBLL2	1.43384909013953e-06	12616	rwr	BC
CRPPA	1.43357486103328e-06	12617	rwr	BC
XIRP1	1.4327054245572e-06	12618	rwr	BC
POGLUT2	1.43155219675876e-06	12619	rwr	BC
LANCL1	1.42951256029478e-06	12620	rwr	BC
DNAH12	1.42938816728597e-06	12621	rwr	BC
SYNPR	1.42865829320459e-06	12622	rwr	BC
HAS3	1.42752047666063e-06	12623	rwr	BC
ABR	1.42664962856109e-06	12624	rwr	BC
TENM3	1.42611290128417e-06	12625	rwr	BC
CST6	1.42604546909143e-06	12626	rwr	BC
EMC10	1.42303878176093e-06	12627	rwr	BC
RAB3D	1.42201543647299e-06	12628	rwr	BC
ST8SIA2	1.42148603120201e-06	12629	rwr	BC
RIBC1	1.42130436475548e-06	12630	rwr	BC
RIN2	1.42082816903473e-06	12631	rwr	BC
HBP1	1.42022177264991e-06	12632	rwr	BC
ECE2-2	1.41983705575268e-06	12633	rwr	BC
GRHL3	1.41931217217085e-06	12634	rwr	BC
MAL	1.41851871936798e-06	12635	rwr	BC
DGKK	1.41842837241157e-06	12636	rwr	BC
A4GALT	1.41840452329146e-06	12637	rwr	BC
PON3	1.41790179895697e-06	12638	rwr	BC
ROPN1L	1.41559880820183e-06	12639	rwr	BC
TCEAL9	1.41508360370706e-06	12640	rwr	BC
KLHL5	1.41342240180023e-06	12641	rwr	BC
CDX4	1.41314533035502e-06	12642	rwr	BC
SMCHD1	1.41189207534403e-06	12643	rwr	BC
DNAH3	1.41160461401396e-06	12644	rwr	BC
SLC35A1	1.41112706802916e-06	12645	rwr	BC
SLC28A3	1.40942789264248e-06	12646	rwr	BC
GSC2	1.4087717901635e-06	12647	rwr	BC
EMC9	1.40813314368424e-06	12648	rwr	BC
SNX15	1.40792674407579e-06	12649	rwr	BC
ZNF24	1.40790952447222e-06	12650	rwr	BC
STON1	1.40675881760705e-06	12651	rwr	BC
UNC5CL	1.40620236893425e-06	12652	rwr	BC
TBX22	1.40510944723417e-06	12653	rwr	BC
ZNF382	1.40435917865632e-06	12654	rwr	BC
DAP	1.40422519003889e-06	12655	rwr	BC
DUSP11	1.40276018996587e-06	12656	rwr	BC
DEFB107A	1.40112211156572e-06	12657	rwr	BC
SLC38A3	1.40077800229433e-06	12658	rwr	BC
OBP2B	1.40052972502628e-06	12659	rwr	BC
KBTBD4	1.39863077201394e-06	12660	rwr	BC
SCGB2A2	1.39766528182074e-06	12661	rwr	BC
GPR6	1.39739418442659e-06	12662	rwr	BC
NETO1	1.39669591811879e-06	12663	rwr	BC
OR4M1	1.39564756685354e-06	12664	rwr	BC
CALCOCO1	1.39499432554394e-06	12665	rwr	BC
FKBP1C	1.3946603439792e-06	12666	rwr	BC
CISD3	1.39387942074083e-06	12667	rwr	BC
LRRC25	1.39256782902476e-06	12668	rwr	BC
CUX2	1.39177554176012e-06	12669	rwr	BC
PHF14	1.39171058444108e-06	12670	rwr	BC
MDFIC	1.39096556102947e-06	12671	rwr	BC
CSN1S1	1.3904792478939e-06	12672	rwr	BC
ERAP2	1.39025487715063e-06	12673	rwr	BC
CTDNEP1	1.38938638644006e-06	12674	rwr	BC
C5AR2	1.38877259093302e-06	12675	rwr	BC
FUCA1	1.38788176208787e-06	12676	rwr	BC
MFHAS1	1.38735119479425e-06	12677	rwr	BC
RASSF9	1.38686178309688e-06	12678	rwr	BC
DNAL4	1.38681907353421e-06	12679	rwr	BC
OVGP1	1.38668085894704e-06	12680	rwr	BC
LGI4	1.38571690288473e-06	12681	rwr	BC
CEP162	1.3842233236743e-06	12682	rwr	BC
N4BP3	1.38305989860195e-06	12683	rwr	BC
SLC22A13	1.38279563515171e-06	12684	rwr	BC
ZKSCAN4	1.38261452886576e-06	12685	rwr	BC
FAM120A	1.38191724906507e-06	12686	rwr	BC
UPK2	1.38172843442801e-06	12687	rwr	BC
SMIM20	1.38168710087179e-06	12688	rwr	BC
SLC9A6	1.38157682195677e-06	12689	rwr	BC
ANKHD1	1.38128614646548e-06	12690	rwr	BC
KLK14	1.38097781904988e-06	12691	rwr	BC
POU4F3	1.38091395326481e-06	12692	rwr	BC
STEAP1	1.3807557182857e-06	12693	rwr	BC
BLACAT1	1.38061550018819e-06	12694	rwr	BC
KCNT1	1.37735512372623e-06	12695	rwr	BC
ZNF215	1.37695398855081e-06	12696	rwr	BC
ACBD6	1.37680781249139e-06	12697	rwr	BC
ST3GAL4	1.37491840706712e-06	12698	rwr	BC
OR8B4	1.37490090089167e-06	12699	rwr	BC
NPAS1	1.37321772713659e-06	12700	rwr	BC
CAPZA3	1.37277233026832e-06	12701	rwr	BC
ZNF462	1.37011268957359e-06	12702	rwr	BC
RIMBP2	1.370099486691e-06	12703	rwr	BC
CC2D1B	1.3697435825869e-06	12704	rwr	BC
TMEM30A	1.36861291893714e-06	12705	rwr	BC
SLAIN1	1.36758080220055e-06	12706	rwr	BC
PDE4C	1.36633392216604e-06	12707	rwr	BC
TNRC18	1.36633304482167e-06	12708	rwr	BC
B4GAT1	1.36575627377459e-06	12709	rwr	BC
ARHGAP11B	1.36575518976365e-06	12710	rwr	BC
OBP2A	1.36553297041946e-06	12711	rwr	BC
TMEM9	1.36452859752403e-06	12712	rwr	BC
ZNF827	1.36325476129337e-06	12713	rwr	BC
DDX19B-2	1.36321047440043e-06	12714	rwr	BC
GPR37L1	1.36252535725767e-06	12715	rwr	BC
FRA10AC1	1.36137088003693e-06	12716	rwr	BC
GOLT1B	1.36072286477649e-06	12717	rwr	BC
OSBPL9	1.36062414650009e-06	12718	rwr	BC
PMFBP1	1.36036979409965e-06	12719	rwr	BC
CAPN8	1.36031980742564e-06	12720	rwr	BC
F8A3	1.35976630101903e-06	12721	rwr	BC
SRBD1	1.35971278125489e-06	12722	rwr	BC
SERPINB1	1.35938214739453e-06	12723	rwr	BC
FCGR1B	1.35882913970268e-06	12724	rwr	BC
COQ10A	1.35764127056424e-06	12725	rwr	BC
TRPT1	1.35759119136566e-06	12726	rwr	BC
PTGIR	1.35563767930974e-06	12727	rwr	BC
ZNF428	1.35559485059305e-06	12728	rwr	BC
LPO	1.35444752241722e-06	12729	rwr	BC
TBX19	1.35442324683702e-06	12730	rwr	BC
CCDC97	1.35323673590123e-06	12731	rwr	BC
HPCA	1.35053253205717e-06	12732	rwr	BC
EEPD1	1.3501109253849e-06	12733	rwr	BC
FOXD1	1.34973680001659e-06	12734	rwr	BC
PRSS12	1.34939067024852e-06	12735	rwr	BC
MRLN	1.34913415769421e-06	12736	rwr	BC
TEX13A	1.34717846552864e-06	12737	rwr	BC
GPC6	1.34675798209098e-06	12738	rwr	BC
CIC	1.34669944844702e-06	12739	rwr	BC
ERP27	1.34624880002888e-06	12740	rwr	BC
B3GNT4	1.34614165214815e-06	12741	rwr	BC
ENPP4	1.34602769623455e-06	12742	rwr	BC
EVI5L	1.34528825456577e-06	12743	rwr	BC
ATP8A1	1.34522400304432e-06	12744	rwr	BC
ARSL	1.34446918186279e-06	12745	rwr	BC
NEXMIF	1.34446194646461e-06	12746	rwr	BC
ASB12	1.34325960604497e-06	12747	rwr	BC
ANKRD55	1.34289330909278e-06	12748	rwr	BC
P2RY4	1.34289243648378e-06	12749	rwr	BC
MARCHF2	1.34206477404883e-06	12750	rwr	BC
ETNK1	1.34126970919537e-06	12751	rwr	BC
THSD7A	1.3411039943606e-06	12752	rwr	BC
TMCC1	1.34062258600567e-06	12753	rwr	BC
EPB41L4A	1.33975854543259e-06	12754	rwr	BC
B4GALT7	1.33949233765503e-06	12755	rwr	BC
RBM23	1.33851645181982e-06	12756	rwr	BC
MGAT5	1.33719357810201e-06	12757	rwr	BC
DEFB105A	1.33710319800596e-06	12758	rwr	BC
ESM1	1.33655066818739e-06	12759	rwr	BC
RTL1	1.33633531887471e-06	12760	rwr	BC
VPS13A	1.33567993526242e-06	12761	rwr	BC
NIT1	1.33410275540413e-06	12762	rwr	BC
GIPC2	1.3337200442672e-06	12763	rwr	BC
ATXN7L3B	1.33325819919043e-06	12764	rwr	BC
HEXD	1.33311561686293e-06	12765	rwr	BC
CFAP100	1.33281342505211e-06	12766	rwr	BC
OR6A2	1.33280712783959e-06	12767	rwr	BC
FAP	1.33273639497287e-06	12768	rwr	BC
PRXL2A	1.33228603503539e-06	12769	rwr	BC
SMPDL3A	1.33224330079479e-06	12770	rwr	BC
ERMN	1.33156580540027e-06	12771	rwr	BC
CLIC6	1.33095609180573e-06	12772	rwr	BC
CHST3	1.3307866128804e-06	12773	rwr	BC
HOXC11	1.33002526606843e-06	12774	rwr	BC
HEMGN	1.32934455230124e-06	12775	rwr	BC
RFLNA	1.3281720503588e-06	12776	rwr	BC
RCBTB1	1.32795965192393e-06	12777	rwr	BC
AFM	1.3273676781095e-06	12778	rwr	BC
TIMM29	1.32585110324945e-06	12779	rwr	BC
PCP2	1.32530415598981e-06	12780	rwr	BC
BTBD6	1.32467262308254e-06	12781	rwr	BC
PCMTD1	1.32442240850066e-06	12782	rwr	BC
LCE3A	1.32335496041938e-06	12783	rwr	BC
CFAP410	1.3230833609943e-06	12784	rwr	BC
SESTD1	1.32252395045474e-06	12785	rwr	BC
BEND6	1.32148514304492e-06	12786	rwr	BC
SAMD4A	1.32086749517435e-06	12787	rwr	BC
LRRC70	1.32051942493029e-06	12788	rwr	BC
LARGE1	1.31899481822038e-06	12789	rwr	BC
LDLRAD4	1.31775968574207e-06	12790	rwr	BC
L3HYPDH	1.31740864557418e-06	12791	rwr	BC
ANKIB1	1.3164361079914e-06	12792	rwr	BC
SLC43A1	1.31606176780709e-06	12793	rwr	BC
ALKAL1	1.3156474592214e-06	12794	rwr	BC
NUDCD2	1.31533154232253e-06	12795	rwr	BC
FAM83B	1.31458292927167e-06	12796	rwr	BC
ZC3H4	1.31324532515475e-06	12797	rwr	BC
SOX21	1.31285576842879e-06	12798	rwr	BC
SAP25	1.31276241395642e-06	12799	rwr	BC
ZCCHC14	1.31227533948527e-06	12800	rwr	BC
LY6G6D	1.31200376856828e-06	12801	rwr	BC
ST20-MTHFS	1.31194100182966e-06	12802	rwr	BC
WDR37	1.31150551837127e-06	12803	rwr	BC
NRBP2	1.3111840752225e-06	12804	rwr	BC
PPM1E	1.31038310874021e-06	12805	rwr	BC
MGAT1	1.31010514518071e-06	12806	rwr	BC
LYNX1	1.30907545929962e-06	12807	rwr	BC
NHS	1.30841558414398e-06	12808	rwr	BC
C2orf49	1.30793091422658e-06	12809	rwr	BC
AGGF1	1.30743060484366e-06	12810	rwr	BC
LCE3B	1.30740903324278e-06	12811	rwr	BC
PPM1K	1.30547796662209e-06	12812	rwr	BC
ECM2	1.30515949064969e-06	12813	rwr	BC
BDH2	1.30465130338407e-06	12814	rwr	BC
OCM2	1.30434092929301e-06	12815	rwr	BC
HSF2	1.30406499387258e-06	12816	rwr	BC
SLC5A12	1.30348229476162e-06	12817	rwr	BC
ZNF445	1.30274569010867e-06	12818	rwr	BC
DMRTB1	1.30234541541257e-06	12819	rwr	BC
FSIP1	1.30106844865587e-06	12820	rwr	BC
SLC44A4	1.30092515108416e-06	12821	rwr	BC
ATCAY	1.3001454465522e-06	12822	rwr	BC
SLC35E1	1.29955454784537e-06	12823	rwr	BC
XKR8	1.29876095523848e-06	12824	rwr	BC
DELE1	1.29815007722019e-06	12825	rwr	BC
PCSK6	1.29569552860826e-06	12826	rwr	BC
WRAP73	1.29523585589132e-06	12827	rwr	BC
SLC39A2	1.29489349347407e-06	12828	rwr	BC
ALPK1	1.2948386055308e-06	12829	rwr	BC
ETHE1	1.29446786973846e-06	12830	rwr	BC
GLTP	1.29442880419004e-06	12831	rwr	BC
PSD4	1.292676571417e-06	12832	rwr	BC
UQCC2	1.29096161908611e-06	12833	rwr	BC
TMEM212	1.2902845664585e-06	12834	rwr	BC
PHF2	1.28999281324135e-06	12835	rwr	BC
KCNS3	1.28977704734939e-06	12836	rwr	BC
LCMT2	1.28894636245048e-06	12837	rwr	BC
CADM4	1.28879158569369e-06	12838	rwr	BC
CPN1	1.28820770959595e-06	12839	rwr	BC
H7C0S8_HUMAN	1.28772601453222e-06	12840	rwr	BC
SCAMP2	1.28718053398747e-06	12841	rwr	BC
ARPP21	1.28689981198995e-06	12842	rwr	BC
GYPE	1.28673269374287e-06	12843	rwr	BC
SMAP1	1.28564586888643e-06	12844	rwr	BC
PAQR8	1.28496147130578e-06	12845	rwr	BC
SACS	1.28476293234287e-06	12846	rwr	BC
LMOD3	1.28452152634081e-06	12847	rwr	BC
GRM8	1.28389956533663e-06	12848	rwr	BC
JPH1	1.28365750395271e-06	12849	rwr	BC
RALYL	1.28347785110922e-06	12850	rwr	BC
TBCC	1.28283567945516e-06	12851	rwr	BC
NBPF11	1.28283209584999e-06	12852	rwr	BC
ARFRP1	1.28192626417735e-06	12853	rwr	BC
STXBP4	1.28184353375419e-06	12854	rwr	BC
SFTA3	1.2812020718126e-06	12855	rwr	BC
TMPRSS4	1.28012008950123e-06	12856	rwr	BC
GPR84	1.28010013988898e-06	12857	rwr	BC
MYOF	1.27987477387693e-06	12858	rwr	BC
IRX5	1.27985772126723e-06	12859	rwr	BC
THOP1	1.2773661881727e-06	12860	rwr	BC
GPR89B	1.27705920325281e-06	12861	rwr	BC
ALX3	1.27572747069301e-06	12862	rwr	BC
LSR	1.2742098395921e-06	12863	rwr	BC
SULT1A3	1.27391894264692e-06	12864	rwr	BC
ZNF195	1.27378859386389e-06	12865	rwr	BC
WSB2	1.27242307695072e-06	12866	rwr	BC
PHOSPHO2	1.27234319935259e-06	12867	rwr	BC
GSG1L	1.27225508312731e-06	12868	rwr	BC
CSPG5	1.26977505609741e-06	12869	rwr	BC
LRRC8E	1.26972274081176e-06	12870	rwr	BC
SLC6A12	1.26968727567494e-06	12871	rwr	BC
CA7	1.26958093715975e-06	12872	rwr	BC
SULT1A4	1.26912961863404e-06	12873	rwr	BC
FASTKD5	1.26904902223428e-06	12874	rwr	BC
CAPN5	1.2686354199366e-06	12875	rwr	BC
EMX1	1.26821297119074e-06	12876	rwr	BC
DEFB127	1.26793718574689e-06	12877	rwr	BC
CA6	1.26659837026033e-06	12878	rwr	BC
NPB	1.26602961056599e-06	12879	rwr	BC
LYPD6	1.26575552939689e-06	12880	rwr	BC
LCE1D	1.26482064369273e-06	12881	rwr	BC
TYW5	1.26397287246493e-06	12882	rwr	BC
TMEM30B	1.26301010554256e-06	12883	rwr	BC
QSOX1	1.26258324041406e-06	12884	rwr	BC
CABP1	1.26157611708958e-06	12885	rwr	BC
KIAA1549L	1.26028239158769e-06	12886	rwr	BC
DENND1C	1.25977818351128e-06	12887	rwr	BC
B3GALT1	1.25889104607551e-06	12888	rwr	BC
ALOXE3	1.25849245379889e-06	12889	rwr	BC
CPLX3	1.25720208910791e-06	12890	rwr	BC
NPY4R	1.25713223277909e-06	12891	rwr	BC
LCE1E	1.25713218792199e-06	12892	rwr	BC
ZKSCAN3	1.25636497081023e-06	12893	rwr	BC
WFDC5	1.25501654018473e-06	12894	rwr	BC
NUCKS1	1.25446020418073e-06	12895	rwr	BC
GPR179	1.25439227789193e-06	12896	rwr	BC
OCM	1.25425089175862e-06	12897	rwr	BC
GJE1	1.25370146519207e-06	12898	rwr	BC
ADGRE2	1.25362692161192e-06	12899	rwr	BC
LGI3	1.25270163417976e-06	12900	rwr	BC
QSOX2	1.25266869341557e-06	12901	rwr	BC
CHST14	1.25183566683668e-06	12902	rwr	BC
GTPBP2	1.25136326865108e-06	12903	rwr	BC
ORMDL1	1.25122690297131e-06	12904	rwr	BC
NRROS	1.25090718134357e-06	12905	rwr	BC
ALKBH6	1.24841087562812e-06	12906	rwr	BC
AMMECR1	1.24829482430323e-06	12907	rwr	BC
KCNH7	1.24823466167602e-06	12908	rwr	BC
TRIM39-RPP21	1.24512389218089e-06	12909	rwr	BC
BAIAP3	1.24346552297167e-06	12910	rwr	BC
CFAP298	1.24343900543095e-06	12911	rwr	BC
DISP3	1.24331541649364e-06	12912	rwr	BC
LZTS3	1.24319555882698e-06	12913	rwr	BC
SGTB	1.24265088285947e-06	12914	rwr	BC
CCDC141	1.24207733247689e-06	12915	rwr	BC
CERS1	1.24074205676544e-06	12916	rwr	BC
MAB21L2	1.23889688769664e-06	12917	rwr	BC
TMEM74	1.23853289500303e-06	12918	rwr	BC
MTHFSD	1.23711296367504e-06	12919	rwr	BC
MLF2	1.23711211915694e-06	12920	rwr	BC
ZNF324	1.23606820270163e-06	12921	rwr	BC
MDGA1	1.23582336678234e-06	12922	rwr	BC
LGI2	1.23492436113721e-06	12923	rwr	BC
MFRP	1.23340774349678e-06	12924	rwr	BC
PAX1	1.23224149916836e-06	12925	rwr	BC
CRACR2A	1.23223424934983e-06	12926	rwr	BC
SCYL3	1.23127054419466e-06	12927	rwr	BC
KCNG4	1.23038410053056e-06	12928	rwr	BC
IZUMO3	1.22867509776526e-06	12929	rwr	BC
ZDBF2	1.22861547676346e-06	12930	rwr	BC
GXYLT2	1.22858808207448e-06	12931	rwr	BC
SQOR	1.22855246812735e-06	12932	rwr	BC
RIMBP3	1.22809000630719e-06	12933	rwr	BC
KCNH8	1.22779311365862e-06	12934	rwr	BC
RHBDD1	1.22771644851113e-06	12935	rwr	BC
DCHS2	1.22756354880975e-06	12936	rwr	BC
COA8-2	1.22690943638062e-06	12937	rwr	BC
PLCXD1	1.22632845693639e-06	12938	rwr	BC
FAM3C	1.22632568038388e-06	12939	rwr	BC
C2CD4A	1.22626292636815e-06	12940	rwr	BC
KCNC2	1.22558243502672e-06	12941	rwr	BC
NTNG1	1.22544211907139e-06	12942	rwr	BC
CDHR2	1.22512974678548e-06	12943	rwr	BC
CCDC192	1.22496921735435e-06	12944	rwr	BC
CKMT1A	1.22496734259379e-06	12945	rwr	BC
ADGRB2	1.22425806697768e-06	12946	rwr	BC
GDE1	1.22386899110423e-06	12947	rwr	BC
OXNAD1	1.22361783373742e-06	12948	rwr	BC
PRLHR	1.22331885765535e-06	12949	rwr	BC
ORMDL2	1.22271153702366e-06	12950	rwr	BC
CEP104	1.22217992712948e-06	12951	rwr	BC
GJA4	1.22172336834259e-06	12952	rwr	BC
KHDC1	1.22138498116772e-06	12953	rwr	BC
SCARA3	1.22076787919425e-06	12954	rwr	BC
CCDC59	1.21925790424569e-06	12955	rwr	BC
RSBN1	1.21686514205721e-06	12956	rwr	BC
SLITRK2	1.21644754686272e-06	12957	rwr	BC
KBTBD2	1.21620067131647e-06	12958	rwr	BC
KLHL17	1.21620067131647e-06	12959	rwr	BC
PM20D1	1.21531581584073e-06	12960	rwr	BC
FGFBP2	1.21498147627569e-06	12961	rwr	BC
RWDD1	1.21463622254936e-06	12962	rwr	BC
VASH1	1.21414406268074e-06	12963	rwr	BC
UPK3A	1.21403584884763e-06	12964	rwr	BC
TMF1	1.21082695042822e-06	12965	rwr	BC
NCEH1	1.21006591653217e-06	12966	rwr	BC
NOP16	1.2097839453395e-06	12967	rwr	BC
LY6G6C	1.20976539312757e-06	12968	rwr	BC
TRIM65	1.20970755079603e-06	12969	rwr	BC
FHL5	1.2089454992932e-06	12970	rwr	BC
SLC28A1	1.20879544807852e-06	12971	rwr	BC
B3GALT4	1.20848555077834e-06	12972	rwr	BC
SCOC	1.20797643715584e-06	12973	rwr	BC
PPP1R21	1.20606003066406e-06	12974	rwr	BC
POU3F4	1.20392369707013e-06	12975	rwr	BC
USP6NL	1.20379316966173e-06	12976	rwr	BC
OR51E2	1.2019443767655e-06	12977	rwr	BC
KDELR3	1.20072536764407e-06	12978	rwr	BC
DRGX	1.19969641014271e-06	12979	rwr	BC
MYO7B	1.19952063412249e-06	12980	rwr	BC
OGFOD1	1.19937037346201e-06	12981	rwr	BC
CMKLR1	1.19908874513255e-06	12982	rwr	BC
LMLN	1.19878166551283e-06	12983	rwr	BC
SLC22A17	1.1987105073643e-06	12984	rwr	BC
GALNT1	1.1974304338904e-06	12985	rwr	BC
RNASE7	1.19731420657529e-06	12986	rwr	BC
CFHR2	1.19723623231093e-06	12987	rwr	BC
SLC12A4	1.19721478884513e-06	12988	rwr	BC
ZFP90	1.19689702726391e-06	12989	rwr	BC
SORCS1	1.19684321768419e-06	12990	rwr	BC
TMEM115	1.19667902543849e-06	12991	rwr	BC
UTS2R	1.19663868772009e-06	12992	rwr	BC
ZNF57	1.19544624298843e-06	12993	rwr	BC
HAGH	1.19387651617075e-06	12994	rwr	BC
TSPAN17	1.19340136953411e-06	12995	rwr	BC
MARC2	1.19315473526942e-06	12996	rwr	BC
HS3ST1	1.19030633228657e-06	12997	rwr	BC
KLHL1	1.19001432190998e-06	12998	rwr	BC
ALG13	1.18884731575246e-06	12999	rwr	BC
BOD1L2	1.1887535691793e-06	13000	rwr	BC
PNPLA1	1.18736461770038e-06	13001	rwr	BC
TYW3	1.18655755787019e-06	13002	rwr	BC
TCTE1	1.18645350782205e-06	13003	rwr	BC
SLC5A3	1.18635802641257e-06	13004	rwr	BC
PYROXD2	1.18629703921751e-06	13005	rwr	BC
AP1AR	1.18610563551897e-06	13006	rwr	BC
CFAP70	1.1855366664764e-06	13007	rwr	BC
ACSM1	1.18512300525072e-06	13008	rwr	BC
PGPEP1	1.18438466054313e-06	13009	rwr	BC
S100A14	1.18414164740006e-06	13010	rwr	BC
SLC13A1	1.18386456179115e-06	13011	rwr	BC
OTOP1	1.18355182122934e-06	13012	rwr	BC
CCDC42	1.18290402982662e-06	13013	rwr	BC
TMEM259	1.18133738648247e-06	13014	rwr	BC
OTOG	1.18091519590962e-06	13015	rwr	BC
SPOCK3	1.17906985170712e-06	13016	rwr	BC
SLC29A2	1.17692316291902e-06	13017	rwr	BC
BTBD10	1.17675632521972e-06	13018	rwr	BC
FOXE3	1.17661237656138e-06	13019	rwr	BC
SLC31A2	1.17627549855317e-06	13020	rwr	BC
PCOLCE2	1.17561611201876e-06	13021	rwr	BC
ZNF214	1.17540373171062e-06	13022	rwr	BC
CRYM	1.17436068824805e-06	13023	rwr	BC
XG	1.17407096853373e-06	13024	rwr	BC
CCNI	1.17274523609262e-06	13025	rwr	BC
MROH1	1.1723841331309e-06	13026	rwr	BC
ODF4	1.17217889365701e-06	13027	rwr	BC
TCP11	1.17155262073451e-06	13028	rwr	BC
C2orf83	1.17082199105764e-06	13029	rwr	BC
ZSCAN32	1.16991155856261e-06	13030	rwr	BC
RANBP17	1.1687999986411e-06	13031	rwr	BC
IRX4	1.16861571476941e-06	13032	rwr	BC
ADGB	1.16812033971901e-06	13033	rwr	BC
AKR7A2	1.16606171114252e-06	13034	rwr	BC
ZNF197	1.16512651563963e-06	13035	rwr	BC
OSBPL10	1.16448860421156e-06	13036	rwr	BC
ADAMTS7	1.16441696737897e-06	13037	rwr	BC
FRMD7	1.1640033801688e-06	13038	rwr	BC
ENDOD1	1.1627589054353e-06	13039	rwr	BC
TGIF2LY	1.16236858931369e-06	13040	rwr	BC
NTNG2	1.16220922134926e-06	13041	rwr	BC
REEP3	1.16086337153867e-06	13042	rwr	BC
BTN2A2	1.15938107797309e-06	13043	rwr	BC
ELOVL1	1.15908911446497e-06	13044	rwr	BC
NUDT8	1.15881234079663e-06	13045	rwr	BC
TMEM14C	1.1586868577962e-06	13046	rwr	BC
KLHL23	1.15867766659205e-06	13047	rwr	BC
TSPAN9	1.15744173566736e-06	13048	rwr	BC
EXD1	1.15662172484425e-06	13049	rwr	BC
GPRIN1	1.15575786339809e-06	13050	rwr	BC
ABCA12	1.15574708681461e-06	13051	rwr	BC
RNF6	1.15369299683558e-06	13052	rwr	BC
SLC22A9	1.15366176990637e-06	13053	rwr	BC
SPCS3	1.15336666785746e-06	13054	rwr	BC
CHRFAM7A	1.15269441146894e-06	13055	rwr	BC
BTNL9	1.15249977654788e-06	13056	rwr	BC
ADGRG5	1.15137828800372e-06	13057	rwr	BC
CHRNG	1.15116590223246e-06	13058	rwr	BC
ZNF689	1.15047193044882e-06	13059	rwr	BC
NPTX2	1.15004191953097e-06	13060	rwr	BC
TRIM69	1.14972331947813e-06	13061	rwr	BC
H7C0V5_HUMAN	1.14916353303509e-06	13062	rwr	BC
GRAMD1C	1.14849277261439e-06	13063	rwr	BC
TIAM2	1.14764813006307e-06	13064	rwr	BC
ZNF250	1.14757036189788e-06	13065	rwr	BC
CHST10	1.14694475461961e-06	13066	rwr	BC
GGT1-2	1.14675483844707e-06	13067	rwr	BC
COQ10B	1.14671210845096e-06	13068	rwr	BC
ADAM28	1.14621398326106e-06	13069	rwr	BC
TSPAN16	1.14575717860268e-06	13070	rwr	BC
B4GALT6	1.14490573285821e-06	13071	rwr	BC
OR6K2	1.14425573648145e-06	13072	rwr	BC
C10orf90	1.14333960230173e-06	13073	rwr	BC
FXYD6	1.14332981811454e-06	13074	rwr	BC
NETO2	1.14310824268961e-06	13075	rwr	BC
MKX	1.14299913578797e-06	13076	rwr	BC
PPP1R14C	1.14155886167485e-06	13077	rwr	BC
PKIG	1.14120892659403e-06	13078	rwr	BC
SLC25A21	1.14072226496615e-06	13079	rwr	BC
KCTD12	1.13966521299587e-06	13080	rwr	BC
CPLX4	1.13953833757535e-06	13081	rwr	BC
SYS1	1.13936821332715e-06	13082	rwr	BC
GPR171	1.13910129638907e-06	13083	rwr	BC
SPINK4	1.13741601163873e-06	13084	rwr	BC
ZNF133	1.13741487196958e-06	13085	rwr	BC
BTNL3	1.13726911586977e-06	13086	rwr	BC
LAD1	1.13682272715696e-06	13087	rwr	BC
STOML3	1.13572777243291e-06	13088	rwr	BC
NAXD	1.13549260422579e-06	13089	rwr	BC
CYP4Z1	1.13338923323768e-06	13090	rwr	BC
HIVEP1	1.13302270878773e-06	13091	rwr	BC
FAM118B	1.13299033362022e-06	13092	rwr	BC
BTNL8	1.13298529742152e-06	13093	rwr	BC
OR9A4	1.13270323924119e-06	13094	rwr	BC
SERINC3	1.131869394243e-06	13095	rwr	BC
SPATA18	1.1315476475162e-06	13096	rwr	BC
RNF130	1.1307238803503e-06	13097	rwr	BC
SNCG	1.12973824299248e-06	13098	rwr	BC
ALKBH2	1.1295352669269e-06	13099	rwr	BC
KLF12	1.12882250969959e-06	13100	rwr	BC
SOX12	1.1287767308376e-06	13101	rwr	BC
ZNF330	1.12845803920659e-06	13102	rwr	BC
NARF	1.1280191785283e-06	13103	rwr	BC
NAGA	1.1278810148696e-06	13104	rwr	BC
OR8S1	1.12753416536254e-06	13105	rwr	BC
WDR44	1.1268851081356e-06	13106	rwr	BC
LY6G6E	1.1265187069972e-06	13107	rwr	BC
GCNT3	1.12651730069837e-06	13108	rwr	BC
WDR78	1.12626297893798e-06	13109	rwr	BC
LYRM9	1.12623017698676e-06	13110	rwr	BC
MIGA2	1.12560671105047e-06	13111	rwr	BC
B3GALT2	1.12477885313268e-06	13112	rwr	BC
FAM98B	1.12167867916366e-06	13113	rwr	BC
CUTA	1.12088864084495e-06	13114	rwr	BC
GMPR2	1.12084031516947e-06	13115	rwr	BC
SMOX	1.12082530526607e-06	13116	rwr	BC
SLC25A38	1.12033396644453e-06	13117	rwr	BC
NOMO2	1.11927818877987e-06	13118	rwr	BC
TTC25	1.1180593953338e-06	13119	rwr	BC
FAM50A	1.11805589354196e-06	13120	rwr	BC
VRK3	1.1180452633945e-06	13121	rwr	BC
MAN2A2	1.11775450493267e-06	13122	rwr	BC
SPACA6	1.11709448290492e-06	13123	rwr	BC
USP53	1.11675375623995e-06	13124	rwr	BC
REEP4	1.11578138079937e-06	13125	rwr	BC
CLEC14A	1.11563749880458e-06	13126	rwr	BC
GUCA1A-2	1.11357592337083e-06	13127	rwr	BC
HERC3	1.11350714290255e-06	13128	rwr	BC
SEBOX	1.11306170593375e-06	13129	rwr	BC
TUT7	1.11279205858915e-06	13130	rwr	BC
CAGE1	1.11218263643768e-06	13131	rwr	BC
LURAP1	1.11183539713507e-06	13132	rwr	BC
SOX14	1.11157124558044e-06	13133	rwr	BC
MAGEB18	1.11113619113485e-06	13134	rwr	BC
QRFPR	1.11034555979656e-06	13135	rwr	BC
KLF17	1.10924444574123e-06	13136	rwr	BC
EXTL1	1.10865746943761e-06	13137	rwr	BC
RMND1	1.10856264393685e-06	13138	rwr	BC
ZNF263	1.10839918646015e-06	13139	rwr	BC
GAS2L2	1.10826987012084e-06	13140	rwr	BC
TBCCD1	1.10772156447587e-06	13141	rwr	BC
CKAP4	1.1074345454887e-06	13142	rwr	BC
GABRR1	1.1073333123061e-06	13143	rwr	BC
PHACTR3	1.10703046295045e-06	13144	rwr	BC
MGAT4A	1.10687882789126e-06	13145	rwr	BC
GIMAP6	1.10621002410584e-06	13146	rwr	BC
NKX2-3	1.10493508038802e-06	13147	rwr	BC
LEPROT	1.104140285555e-06	13148	rwr	BC
ARHGAP4	1.10348223618937e-06	13149	rwr	BC
DPH7	1.1030535330975e-06	13150	rwr	BC
TM6SF2	1.10194129787396e-06	13151	rwr	BC
NELL1	1.10019940624778e-06	13152	rwr	BC
ZNF589	1.09969448080732e-06	13153	rwr	BC
ZNF165	1.09935727417483e-06	13154	rwr	BC
TEX101	1.09803003908894e-06	13155	rwr	BC
CSHL1	1.09702107878563e-06	13156	rwr	BC
ANKMY2	1.09573035140405e-06	13157	rwr	BC
FBXO36	1.09549742208288e-06	13158	rwr	BC
TMCC2	1.09492574605921e-06	13159	rwr	BC
SMIM29	1.09441713469845e-06	13160	rwr	BC
CCDC85C	1.09431925857438e-06	13161	rwr	BC
ALPK3	1.09395768289651e-06	13162	rwr	BC
TSPAN18	1.09383272130123e-06	13163	rwr	BC
LMF1	1.09339765733259e-06	13164	rwr	BC
TFEC	1.09315637869979e-06	13165	rwr	BC
RAB3C	1.09265971654514e-06	13166	rwr	BC
PNKD	1.09041543966253e-06	13167	rwr	BC
FOXL1	1.09003931041598e-06	13168	rwr	BC
TMEM192	1.08867462092019e-06	13169	rwr	BC
HMX3	1.08756619513133e-06	13170	rwr	BC
LCE5A	1.08685129017427e-06	13171	rwr	BC
RIOX2	1.08615748001144e-06	13172	rwr	BC
ZNF333	1.08518663805261e-06	13173	rwr	BC
ZNF649	1.08518663805261e-06	13174	rwr	BC
DENND3	1.08458160416188e-06	13175	rwr	BC
PIWIL3	1.08441839623951e-06	13176	rwr	BC
ZNF268	1.08373585377714e-06	13177	rwr	BC
BPIFB1	1.08328615647577e-06	13178	rwr	BC
PRPF38B	1.08243849244408e-06	13179	rwr	BC
HMGN5	1.08075304686825e-06	13180	rwr	BC
CYP4F22	1.08020288934652e-06	13181	rwr	BC
ARL2BP	1.07899016259647e-06	13182	rwr	BC
TNNI3K	1.07735966322088e-06	13183	rwr	BC
SLC26A9	1.07735422708677e-06	13184	rwr	BC
BROX	1.07659900642493e-06	13185	rwr	BC
ZNF711	1.07619674793331e-06	13186	rwr	BC
TESMIN	1.07540862485783e-06	13187	rwr	BC
KRTDAP	1.07505349548671e-06	13188	rwr	BC
LINGO2	1.07492284136318e-06	13189	rwr	BC
PTPN20	1.07376350568999e-06	13190	rwr	BC
CHST4	1.0721504167086e-06	13191	rwr	BC
TRIM43	1.07197428568461e-06	13192	rwr	BC
FAM3B	1.0716297756765e-06	13193	rwr	BC
ZNF273	1.07067879529789e-06	13194	rwr	BC
ZNF397	1.06954635762078e-06	13195	rwr	BC
P3H2	1.06948381062503e-06	13196	rwr	BC
C16orf74	1.06935048692555e-06	13197	rwr	BC
ZNF555	1.06922801102242e-06	13198	rwr	BC
CST1	1.06889407514008e-06	13199	rwr	BC
MCOLN3	1.06814967275726e-06	13200	rwr	BC
TECTB	1.06810381863374e-06	13201	rwr	BC
PSG11	1.06774329470528e-06	13202	rwr	BC
SHOX2	1.06679205679959e-06	13203	rwr	BC
SERPINA10	1.06666043902892e-06	13204	rwr	BC
ALDH8A1	1.06645577200243e-06	13205	rwr	BC
ZNF460	1.06487565819601e-06	13206	rwr	BC
ZNF658	1.06487565819601e-06	13207	rwr	BC
HOXD1	1.06405559906163e-06	13208	rwr	BC
PTGES3L-AARSD1	1.06339578756259e-06	13209	rwr	BC
LRRC26	1.06261956022925e-06	13210	rwr	BC
FCRL2	1.06255277115442e-06	13211	rwr	BC
HEATR3	1.06221781789738e-06	13212	rwr	BC
CPD	1.06209366794025e-06	13213	rwr	BC
SCUBE1	1.06194691048256e-06	13214	rwr	BC
LY6G5C	1.05971922042222e-06	13215	rwr	BC
DYDC2	1.05938499132065e-06	13216	rwr	BC
JAKMIP1	1.05808341308001e-06	13217	rwr	BC
TTC29	1.05768406422526e-06	13218	rwr	BC
TMEM114	1.05760122569179e-06	13219	rwr	BC
ZSCAN20	1.05736244512446e-06	13220	rwr	BC
JCAD	1.05548771910559e-06	13221	rwr	BC
GGNBP2	1.05541684752952e-06	13222	rwr	BC
SLC13A2	1.05487616920711e-06	13223	rwr	BC
ZC3H6	1.05440062346453e-06	13224	rwr	BC
SRRM4	1.05435828153824e-06	13225	rwr	BC
HOXD3	1.05304604990193e-06	13226	rwr	BC
SLC6A8	1.05229520413084e-06	13227	rwr	BC
TOR1AIP2	1.05220076477405e-06	13228	rwr	BC
CSDC2	1.051742748783e-06	13229	rwr	BC
PSG5	1.05167857363117e-06	13230	rwr	BC
GCA	1.05083709410379e-06	13231	rwr	BC
CCDC189	1.05052152219385e-06	13232	rwr	BC
ZNF267	1.05036781544129e-06	13233	rwr	BC
CELA2B	1.04929014128919e-06	13234	rwr	BC
NOSIP	1.04902369791491e-06	13235	rwr	BC
ZNF611	1.04891703116582e-06	13236	rwr	BC
DYDC1	1.04848888958922e-06	13237	rwr	BC
ZNF683	1.04816564274697e-06	13238	rwr	BC
WDR86	1.04790424213995e-06	13239	rwr	BC
DPH6	1.04698614193341e-06	13240	rwr	BC
MID1IP1	1.0469355921976e-06	13241	rwr	BC
TBC1D31	1.04633264272385e-06	13242	rwr	BC
TRIM67	1.04602051094788e-06	13243	rwr	BC
ZNF417	1.04601546261488e-06	13244	rwr	BC
ZNF738	1.04601546261488e-06	13245	rwr	BC
UAP1L1	1.0456768287235e-06	13246	rwr	BC
PWWP2B	1.04558886671487e-06	13247	rwr	BC
HAPLN2	1.0451847555721e-06	13248	rwr	BC
GXYLT1	1.04507532962362e-06	13249	rwr	BC
DUS4L	1.04326700790806e-06	13250	rwr	BC
LCE6A	1.04288627798481e-06	13251	rwr	BC
TMED1	1.0422230741345e-06	13252	rwr	BC
ACRV1	1.04222270417821e-06	13253	rwr	BC
TBC1D8B	1.04213233920087e-06	13254	rwr	BC
G3V4G9_HUMAN	1.04108152025111e-06	13255	rwr	BC
GPRC5D	1.04104308204468e-06	13256	rwr	BC
CD101	1.04099572456809e-06	13257	rwr	BC
FOXN2	1.04054617678432e-06	13258	rwr	BC
ZNF620	1.040212325513e-06	13259	rwr	BC
PRMT9	1.03973068883228e-06	13260	rwr	BC
NSG1	1.03958463676367e-06	13261	rwr	BC
ZHX3	1.03891306290963e-06	13262	rwr	BC
SLC9A7	1.03861760449256e-06	13263	rwr	BC
PSD	1.03846807946197e-06	13264	rwr	BC
ZNF83	1.03839296241046e-06	13265	rwr	BC
CMSS1	1.03810826451583e-06	13266	rwr	BC
ZNF117	1.03802192244111e-06	13267	rwr	BC
ACBD4	1.03756849822234e-06	13268	rwr	BC
GALNT13	1.03727298165641e-06	13269	rwr	BC
ANKS4B	1.03639635521293e-06	13270	rwr	BC
KCNS1	1.03636001281194e-06	13271	rwr	BC
ZNF3	1.03580172219144e-06	13272	rwr	BC
SLC25A26	1.03566124089265e-06	13273	rwr	BC
ZFYVE19	1.03436699584304e-06	13274	rwr	BC
ADAMTSL2	1.03422592811906e-06	13275	rwr	BC
LOXL3	1.03411168987249e-06	13276	rwr	BC
OAZ2	1.03410416254853e-06	13277	rwr	BC
TMED4	1.03402615511838e-06	13278	rwr	BC
GOLIM4	1.03385018271594e-06	13279	rwr	BC
NBPF12	1.0330565056113e-06	13280	rwr	BC
SPANXA1	1.03295191378632e-06	13281	rwr	BC
KCNJ13	1.03219835334941e-06	13282	rwr	BC
PBLD	1.03090568741794e-06	13283	rwr	BC
GALNT7	1.03068844284409e-06	13284	rwr	BC
UBP1	1.03049220290092e-06	13285	rwr	BC
GJB3	1.03040843480108e-06	13286	rwr	BC
CHST6	1.02997705420217e-06	13287	rwr	BC
DEFA6	1.02994533934727e-06	13288	rwr	BC
RP2	1.02964597541681e-06	13289	rwr	BC
SLC25A44	1.02936872073907e-06	13290	rwr	BC
DDX50	1.02909295704148e-06	13291	rwr	BC
CYS1	1.02724519344167e-06	13292	rwr	BC
DNAH8	1.02653725870571e-06	13293	rwr	BC
TRAM1	1.0239183026564e-06	13294	rwr	BC
NCKAP5	1.02235895225595e-06	13295	rwr	BC
S100A5	1.0222483579995e-06	13296	rwr	BC
ZDHHC13	1.02150221991465e-06	13297	rwr	BC
GOLT1A	1.02147844697535e-06	13298	rwr	BC
B4GALNT2	1.02127005004743e-06	13299	rwr	BC
STEAP4	1.01836552193516e-06	13300	rwr	BC
GPR31	1.01828894544445e-06	13301	rwr	BC
LCE1F	1.01687399592343e-06	13302	rwr	BC
STARD7	1.01682667056876e-06	13303	rwr	BC
VPS9D1	1.01672616756687e-06	13304	rwr	BC
DNAJC25	1.01609067086111e-06	13305	rwr	BC
TGIF2LX	1.01584784813618e-06	13306	rwr	BC
ANXA13	1.01542781701454e-06	13307	rwr	BC
INSL4	1.01531498218614e-06	13308	rwr	BC
RAI1	1.01499313008091e-06	13309	rwr	BC
DNAH2	1.01493825331726e-06	13310	rwr	BC
FAM149B1	1.01475655178682e-06	13311	rwr	BC
CSRP1	1.01445770681489e-06	13312	rwr	BC
LRCH4	1.01400062886541e-06	13313	rwr	BC
TSPAN3	1.01300899222274e-06	13314	rwr	BC
CKLF	1.01267193200334e-06	13315	rwr	BC
TAS2R39	1.01223606388276e-06	13316	rwr	BC
METTL25	1.01126793478968e-06	13317	rwr	BC
SLC39A3	1.01043597017028e-06	13318	rwr	BC
FAT3	1.00997046859146e-06	13319	rwr	BC
COMMD7-2	1.00929416167921e-06	13320	rwr	BC
CORO2B	1.00900299337871e-06	13321	rwr	BC
ARGLU1	1.00855577064161e-06	13322	rwr	BC
NEK3	1.00730066705616e-06	13323	rwr	BC
DEFB108B	1.00715401851587e-06	13324	rwr	BC
DACH2	1.00675273420927e-06	13325	rwr	BC
CHST7	1.00566930734037e-06	13326	rwr	BC
DNAH17	1.00405645476393e-06	13327	rwr	BC
PGP	1.00383185971598e-06	13328	rwr	BC
ATP2C1	1.00308039931639e-06	13329	rwr	BC
PDXDC1	1.00272656639241e-06	13330	rwr	BC
FAM217B	1.00152106278322e-06	13331	rwr	BC
CASZ1	1.00103318807886e-06	13332	rwr	BC
SLC16A9	9.99653861858278e-07	13333	rwr	BC
B4E1Z4_HUMAN	9.99524253654683e-07	13334	rwr	BC
CPPED1	9.98781297149809e-07	13335	rwr	BC
TMEM50A	9.98659058627277e-07	13336	rwr	BC
PRDM6	9.98106311426833e-07	13337	rwr	BC
AQP8	9.97748321911876e-07	13338	rwr	BC
RGS22	9.97497830382503e-07	13339	rwr	BC
IQCE	9.97389460603964e-07	13340	rwr	BC
EEF2KMT	9.97241143827278e-07	13341	rwr	BC
ASCL3	9.96874432124565e-07	13342	rwr	BC
BHMG1	9.96604197555752e-07	13343	rwr	BC
ZDHHC3	9.95647910233866e-07	13344	rwr	BC
GPR39	9.94616275976235e-07	13345	rwr	BC
DNAJC27	9.92924298485065e-07	13346	rwr	BC
PGBD4	9.91429829827548e-07	13347	rwr	BC
CASKIN1	9.9141694713811e-07	13348	rwr	BC
TPST1	9.91379893438502e-07	13349	rwr	BC
UBQLN3	9.91115114742782e-07	13350	rwr	BC
TSPAN31	9.91094464801839e-07	13351	rwr	BC
QRICH1	9.89722954988879e-07	13352	rwr	BC
D6RAR5_HUMAN	9.87952371726643e-07	13353	rwr	BC
TCP10	9.87541729441539e-07	13354	rwr	BC
SLITRK3	9.87466366111173e-07	13355	rwr	BC
MMRN1	9.85655213372835e-07	13356	rwr	BC
CTNS	9.85320867232332e-07	13357	rwr	BC
TLX2	9.85060458856836e-07	13358	rwr	BC
GFOD2	9.84784574208914e-07	13359	rwr	BC
GUCA1C	9.83613097849562e-07	13360	rwr	BC
YIPF4	9.83522119665275e-07	13361	rwr	BC
PLGRKT	9.8317826872129e-07	13362	rwr	BC
PDE11A-2	9.82429017760796e-07	13363	rwr	BC
CMTM5	9.82311538813963e-07	13364	rwr	BC
SLC35D1	9.79165022585833e-07	13365	rwr	BC
KCNH3	9.78997249810459e-07	13366	rwr	BC
GPM6A	9.77027648702383e-07	13367	rwr	BC
LEUTX	9.76119663054553e-07	13368	rwr	BC
ZKSCAN1	9.76074893689883e-07	13369	rwr	BC
ZSCAN21	9.74966984891536e-07	13370	rwr	BC
CAAP1	9.74615742216102e-07	13371	rwr	BC
KCNA10	9.74372867975636e-07	13372	rwr	BC
LHB	9.73196902003537e-07	13373	rwr	BC
UBE3B	9.73112418543413e-07	13374	rwr	BC
KATNBL1	9.72292315937076e-07	13375	rwr	BC
RNF115	9.71363083749876e-07	13376	rwr	BC
ZBTB22	9.71163632801509e-07	13377	rwr	BC
GMEB2	9.71074436545949e-07	13378	rwr	BC
SIDT1	9.70609969052392e-07	13379	rwr	BC
TRIM6	9.70558993384784e-07	13380	rwr	BC
ARL4C	9.70341391397835e-07	13381	rwr	BC
RAI2	9.70124507933204e-07	13382	rwr	BC
LIPH	9.69875736305638e-07	13383	rwr	BC
ARMC12	9.69689691074016e-07	13384	rwr	BC
TSSK2	9.67863834572391e-07	13385	rwr	BC
DUS4L-BCAP29	9.66466126186412e-07	13386	rwr	BC
NFKBIL1	9.66020466860383e-07	13387	rwr	BC
DNAH7	9.65289036624397e-07	13388	rwr	BC
KCNV1	9.64520671932743e-07	13389	rwr	BC
CAVIN4	9.64310069709626e-07	13390	rwr	BC
TAS2R42	9.63474560041056e-07	13391	rwr	BC
MBOAT7	9.63184942705457e-07	13392	rwr	BC
DDAH1	9.62199239368921e-07	13393	rwr	BC
LHX5	9.61411315704621e-07	13394	rwr	BC
NPBWR1	9.61082417841475e-07	13395	rwr	BC
MS4A10	9.5944106384615e-07	13396	rwr	BC
ZNRD2	9.59409639327861e-07	13397	rwr	BC
BAALC	9.59330229636636e-07	13398	rwr	BC
CLHC1	9.58160528634914e-07	13399	rwr	BC
METTL18	9.58155027417732e-07	13400	rwr	BC
TREML4	9.57792827080421e-07	13401	rwr	BC
CRYBA2	9.57029116851642e-07	13402	rwr	BC
EVX1	9.57027259591478e-07	13403	rwr	BC
CAMK2N2	9.5502772089884e-07	13404	rwr	BC
ARL6IP5	9.54111144125413e-07	13405	rwr	BC
MAN1A1	9.53701439438804e-07	13406	rwr	BC
ANXA4	9.53230510050475e-07	13407	rwr	BC
GALNT8	9.52982067573572e-07	13408	rwr	BC
MELTF	9.52769640032151e-07	13409	rwr	BC
ENDOU	9.52029876336676e-07	13410	rwr	BC
CNKSR3	9.51213798441474e-07	13411	rwr	BC
DNPEP	9.51137130773007e-07	13412	rwr	BC
TMEM86B	9.51124506075226e-07	13413	rwr	BC
INSL6	9.49826685645535e-07	13414	rwr	BC
NANS	9.49536994006174e-07	13415	rwr	BC
REG3G	9.49357093442824e-07	13416	rwr	BC
IRX1	9.48848130976972e-07	13417	rwr	BC
ZFHX4	9.48568959817046e-07	13418	rwr	BC
ZFAND1	9.48448903958359e-07	13419	rwr	BC
DESI2	9.48343703890316e-07	13420	rwr	BC
NME5	9.47860711948601e-07	13421	rwr	BC
ODAPH	9.47325281624842e-07	13422	rwr	BC
MLC1	9.46685074034314e-07	13423	rwr	BC
H7C2Y5_HUMAN	9.4455790672719e-07	13424	rwr	BC
MARCO	9.43719876676504e-07	13425	rwr	BC
MMD	9.42348261498518e-07	13426	rwr	BC
PLEKHF1	9.42143693974662e-07	13427	rwr	BC
ZNF467	9.40682991127899e-07	13428	rwr	BC
ATP11A	9.40593033270469e-07	13429	rwr	BC
DENND5A	9.4046868801941e-07	13430	rwr	BC
CD300LG	9.38608990757446e-07	13431	rwr	BC
G3V2T6_HUMAN	9.38099618778161e-07	13432	rwr	BC
SCEL	9.38096689708781e-07	13433	rwr	BC
DRP2	9.3752719350602e-07	13434	rwr	BC
SPPL2A	9.37456770492009e-07	13435	rwr	BC
BARHL1	9.36982463347509e-07	13436	rwr	BC
PAGE5	9.36724604824452e-07	13437	rwr	BC
FXYD5	9.36679229624802e-07	13438	rwr	BC
HCN2	9.36656304481723e-07	13439	rwr	BC
FOXF2	9.36415618128636e-07	13440	rwr	BC
GTSF1	9.35896852602132e-07	13441	rwr	BC
TTLL5	9.35223612372336e-07	13442	rwr	BC
PLAGL2	9.34611728599717e-07	13443	rwr	BC
FRMPD1	9.34057568250267e-07	13444	rwr	BC
CDX1	9.33714396681562e-07	13445	rwr	BC
TLL2	9.33706567175222e-07	13446	rwr	BC
FAM90A1	9.33521748281108e-07	13447	rwr	BC
SYNDIG1	9.33313647389622e-07	13448	rwr	BC
LARGE2	9.32853600482859e-07	13449	rwr	BC
TAS2R60	9.32707306555859e-07	13450	rwr	BC
ADIRF	9.30073784461043e-07	13451	rwr	BC
LARP4	9.30061721189758e-07	13452	rwr	BC
CHST1	9.28637678049801e-07	13453	rwr	BC
RFPL4A	9.28591541364503e-07	13454	rwr	BC
SPPL2B	9.28117226078639e-07	13455	rwr	BC
C19orf71	9.27284747099321e-07	13456	rwr	BC
RS1	9.25088325680886e-07	13457	rwr	BC
EFCAB7	9.2298465612201e-07	13458	rwr	BC
PHF7	9.2139844673522e-07	13459	rwr	BC
NAALADL2	9.20946657678965e-07	13460	rwr	BC
ATP11C	9.19722290030932e-07	13461	rwr	BC
P2RY14	9.1828593593426e-07	13462	rwr	BC
NUDT6	9.18234279857075e-07	13463	rwr	BC
OTP	9.18026807658801e-07	13464	rwr	BC
ZNF766	9.17504860202229e-07	13465	rwr	BC
ALKBH7	9.17254195614399e-07	13466	rwr	BC
CSNK1G1	9.17203408244287e-07	13467	rwr	BC
HTR3B	9.16678509678675e-07	13468	rwr	BC
ARL17B	9.15130661498471e-07	13469	rwr	BC
KCNK7	9.14411409805518e-07	13470	rwr	BC
OSGIN2	9.13629237486965e-07	13471	rwr	BC
RMDN2	9.13033738174026e-07	13472	rwr	BC
P3H4	9.12736750986358e-07	13473	rwr	BC
YBX2	9.122875631143e-07	13474	rwr	BC
ARL17A	9.12094146106257e-07	13475	rwr	BC
ALKBH4	9.11313908995956e-07	13476	rwr	BC
BFAR	9.11129744746448e-07	13477	rwr	BC
SLC22A5	9.10899437048597e-07	13478	rwr	BC
GPR62	9.108862926864e-07	13479	rwr	BC
PROZ	9.09330024539534e-07	13480	rwr	BC
MEOX2	9.08820035352377e-07	13481	rwr	BC
HEBP1	9.08110654537016e-07	13482	rwr	BC
CROT	9.06882778173159e-07	13483	rwr	BC
REG3A	9.05735248387963e-07	13484	rwr	BC
NECAB2	9.05199646050224e-07	13485	rwr	BC
TPBG	9.04791560402336e-07	13486	rwr	BC
U2AF1L4	9.04704678198764e-07	13487	rwr	BC
FASTK	9.04302242541762e-07	13488	rwr	BC
GPR61	9.03871766780124e-07	13489	rwr	BC
DPPA2	9.03812774958008e-07	13490	rwr	BC
FOXI1	9.0305950254362e-07	13491	rwr	BC
ANO6	9.02412008871658e-07	13492	rwr	BC
SPOCD1	9.01728539902417e-07	13493	rwr	BC
TECRL	9.01440971897682e-07	13494	rwr	BC
MYORG	9.0123496223655e-07	13495	rwr	BC
METTL23	9.01193293654657e-07	13496	rwr	BC
ATP10B	9.01009734958666e-07	13497	rwr	BC
ATP10D	9.00650506667477e-07	13498	rwr	BC
ANKRD11	9.0065031260615e-07	13499	rwr	BC
NR2C2AP	9.00207524515426e-07	13500	rwr	BC
CTXN3	8.99043595031493e-07	13501	rwr	BC
PAQR6	8.96871931871085e-07	13502	rwr	BC
TAS2R3	8.96690364044399e-07	13503	rwr	BC
EXD2	8.95628663961077e-07	13504	rwr	BC
NEU3	8.94898085463036e-07	13505	rwr	BC
OSBPL6	8.94895022232282e-07	13506	rwr	BC
SYCN	8.93634118261138e-07	13507	rwr	BC
SMOC1	8.93495286062844e-07	13508	rwr	BC
BICC1	8.93159442545727e-07	13509	rwr	BC
ZAN	8.92982790217584e-07	13510	rwr	BC
ETNK2	8.92739981016731e-07	13511	rwr	BC
CORO6	8.9106713223365e-07	13512	rwr	BC
TASP1	8.89799618279882e-07	13513	rwr	BC
SLC35D3	8.8975624768963e-07	13514	rwr	BC
RAB3B	8.89733198052013e-07	13515	rwr	BC
ASIC4	8.89590335301632e-07	13516	rwr	BC
POTEB2	8.89279550394217e-07	13517	rwr	BC
TESC	8.89271489955758e-07	13518	rwr	BC
RAB36	8.87926928766713e-07	13519	rwr	BC
AGA	8.86153151514526e-07	13520	rwr	BC
ARL14	8.86098589737477e-07	13521	rwr	BC
SPIRE2	8.85750107382562e-07	13522	rwr	BC
SERF2	8.85082023938302e-07	13523	rwr	BC
LUZP2	8.84139305981976e-07	13524	rwr	BC
NKAIN1	8.82393662500797e-07	13525	rwr	BC
ENHO	8.82331752320245e-07	13526	rwr	BC
PRPSAP1	8.82190434402267e-07	13527	rwr	BC
RINL	8.81870103406596e-07	13528	rwr	BC
PRPSAP2	8.80877228799049e-07	13529	rwr	BC
ITIH1	8.80276745725065e-07	13530	rwr	BC
DNAJC14	8.80142628982441e-07	13531	rwr	BC
MYZAP	8.79126960311876e-07	13532	rwr	BC
PDIA5	8.78895197246845e-07	13533	rwr	BC
USP17L24	8.76596035938994e-07	13534	rwr	BC
USP17L26	8.76596035938994e-07	13535	rwr	BC
PRR5-ARHGAP8	8.75949265965664e-07	13536	rwr	BC
TMEM235	8.75908319300493e-07	13537	rwr	BC
CHSY3	8.75489481884888e-07	13538	rwr	BC
DCBLD2	8.74919107586338e-07	13539	rwr	BC
DEFB104B	8.74805577828984e-07	13540	rwr	BC
MLNR	8.74380787559275e-07	13541	rwr	BC
UPK3B	8.73794593381441e-07	13542	rwr	BC
GALNT6	8.73683067754485e-07	13543	rwr	BC
MN1	8.7342186065195e-07	13544	rwr	BC
ACOXL	8.7297858693503e-07	13545	rwr	BC
OR10J5	8.72586237329232e-07	13546	rwr	BC
GALNT11	8.72106195688036e-07	13547	rwr	BC
SNX10	8.70689633903866e-07	13548	rwr	BC
SOX8	8.69861226311114e-07	13549	rwr	BC
ADAM30	8.68631188653817e-07	13550	rwr	BC
ZNF396	8.67887885856948e-07	13551	rwr	BC
BCAM	8.66888931566979e-07	13552	rwr	BC
TRIM34	8.6682954416215e-07	13553	rwr	BC
PLXDC1	8.66442438765728e-07	13554	rwr	BC
KLF16	8.65915321131345e-07	13555	rwr	BC
CCNYL1	8.65041980993764e-07	13556	rwr	BC
ELF4	8.64817341536164e-07	13557	rwr	BC
FPGT-TNNI3K	8.63914179160003e-07	13558	rwr	BC
XK	8.63784691692196e-07	13559	rwr	BC
ASB17	8.6329013810166e-07	13560	rwr	BC
MDFI	8.63225183493608e-07	13561	rwr	BC
DDX19B	8.6322306449027e-07	13562	rwr	BC
ALG9	8.6228300865283e-07	13563	rwr	BC
RABL6	8.62030991614562e-07	13564	rwr	BC
PKD1L1	8.61757567082687e-07	13565	rwr	BC
LEAP2	8.6173144818342e-07	13566	rwr	BC
ZNF511	8.59839956895627e-07	13567	rwr	BC
METTL21C	8.59078005378881e-07	13568	rwr	BC
ELF2	8.58676257843484e-07	13569	rwr	BC
RNF145	8.5846196201144e-07	13570	rwr	BC
ZNF653	8.57674561604042e-07	13571	rwr	BC
GALNT5	8.56946070246621e-07	13572	rwr	BC
SYTL2	8.56368695872897e-07	13573	rwr	BC
MYBPHL	8.56263639422492e-07	13574	rwr	BC
ZDHHC2	8.56076033427696e-07	13575	rwr	BC
NLN	8.55896769406195e-07	13576	rwr	BC
HOXA13	8.55164733291541e-07	13577	rwr	BC
SYT7	8.55161626405965e-07	13578	rwr	BC
GSTCD	8.55044208877961e-07	13579	rwr	BC
ADO	8.54884038976445e-07	13580	rwr	BC
PRR12	8.54808223511005e-07	13581	rwr	BC
GLOD4	8.5454248603188e-07	13582	rwr	BC
CLNK	8.53856591426872e-07	13583	rwr	BC
ZIM2	8.53450524076359e-07	13584	rwr	BC
MIIP	8.53375287823683e-07	13585	rwr	BC
SLC9A4	8.52256128444909e-07	13586	rwr	BC
SCARA5	8.50941217023775e-07	13587	rwr	BC
SLC35B4	8.49855664516444e-07	13588	rwr	BC
MMP26	8.4880244788709e-07	13589	rwr	BC
C2CD4B	8.48709151261907e-07	13590	rwr	BC
ACRBP	8.48523924246005e-07	13591	rwr	BC
PNPLA8	8.48466995890196e-07	13592	rwr	BC
PIGX	8.48415900804571e-07	13593	rwr	BC
FAM241A	8.48400389182699e-07	13594	rwr	BC
HCN3	8.47177394775114e-07	13595	rwr	BC
MCHR2	8.46818096561203e-07	13596	rwr	BC
METTL8	8.46627210944431e-07	13597	rwr	BC
FAM170A	8.46528465810946e-07	13598	rwr	BC
DEFB126	8.45366246031406e-07	13599	rwr	BC
SLC6A9	8.44338184724608e-07	13600	rwr	BC
KIAA0895L	8.43599422825143e-07	13601	rwr	BC
NR2F6	8.42182947796774e-07	13602	rwr	BC
SPANXA2	8.41548957070699e-07	13603	rwr	BC
IKZF2	8.41510180317791e-07	13604	rwr	BC
TRMT2A	8.41312355194732e-07	13605	rwr	BC
PRRX2	8.41113658008481e-07	13606	rwr	BC
GMEB1	8.3991400186272e-07	13607	rwr	BC
ZBTB38	8.39765128331367e-07	13608	rwr	BC
CAPG	8.39666427545822e-07	13609	rwr	BC
KIAA1324	8.39495030824177e-07	13610	rwr	BC
MAS1	8.39380457499619e-07	13611	rwr	BC
PRM3	8.38261669260439e-07	13612	rwr	BC
SHISA7	8.37920623281159e-07	13613	rwr	BC
TPD52	8.37342667981588e-07	13614	rwr	BC
NPW	8.37322740997658e-07	13615	rwr	BC
RFLNB	8.37021361044335e-07	13616	rwr	BC
AGBL1	8.36954658814873e-07	13617	rwr	BC
GOLPH3L	8.36465980183046e-07	13618	rwr	BC
SRL	8.35771991199523e-07	13619	rwr	BC
SCX	8.35447088229849e-07	13620	rwr	BC
EGFLAM	8.35012399230378e-07	13621	rwr	BC
FAM83G	8.33554951010517e-07	13622	rwr	BC
SCGB2A1	8.32732463839721e-07	13623	rwr	BC
IFITM5	8.30468310694278e-07	13624	rwr	BC
VRTN	8.30049724880982e-07	13625	rwr	BC
AKR7A3	8.29968633924019e-07	13626	rwr	BC
CHST5	8.29131825229433e-07	13627	rwr	BC
PI16	8.29034920676752e-07	13628	rwr	BC
UXS1	8.28769719923793e-07	13629	rwr	BC
TAS2R5	8.27742177551794e-07	13630	rwr	BC
TTC19	8.27602455560067e-07	13631	rwr	BC
WWC2	8.27328016438181e-07	13632	rwr	BC
DDX51	8.26309811672872e-07	13633	rwr	BC
CD164	8.24997230318735e-07	13634	rwr	BC
LY6H	8.24945539301561e-07	13635	rwr	BC
FTMT	8.24203951624867e-07	13636	rwr	BC
EML2	8.23873930441508e-07	13637	rwr	BC
GCHFR	8.23223957340215e-07	13638	rwr	BC
IGSF3	8.22388798844512e-07	13639	rwr	BC
DEFB114	8.22287770604115e-07	13640	rwr	BC
FGGY	8.21705941189952e-07	13641	rwr	BC
CXorf21	8.20240611306558e-07	13642	rwr	BC
SLC4A5	8.20118943691688e-07	13643	rwr	BC
ONECUT2	8.19901294639176e-07	13644	rwr	BC
RGPD1	8.19875601709889e-07	13645	rwr	BC
SIGLEC6	8.19724896323645e-07	13646	rwr	BC
FAM92A	8.19529494829638e-07	13647	rwr	BC
DAND5	8.19028526201664e-07	13648	rwr	BC
ENPP6	8.18898526535053e-07	13649	rwr	BC
ZBTB2	8.17225720595109e-07	13650	rwr	BC
RGPD8	8.16968847356348e-07	13651	rwr	BC
ZAR1	8.15903074170585e-07	13652	rwr	BC
MTRNR2L1	8.15726836731355e-07	13653	rwr	BC
KATNAL1	8.1543357864098e-07	13654	rwr	BC
CST2	8.14639190704337e-07	13655	rwr	BC
DEFB110	8.14158303485547e-07	13656	rwr	BC
TPGS2	8.13218796631497e-07	13657	rwr	BC
TINAGL1	8.12866218205088e-07	13658	rwr	BC
CHID1	8.12337271707805e-07	13659	rwr	BC
TAS2R7	8.12186726161706e-07	13660	rwr	BC
DUS1L	8.11025811758515e-07	13661	rwr	BC
DRC7	8.09715113995702e-07	13662	rwr	BC
AARSD1	8.09648071013761e-07	13663	rwr	BC
PGC	8.09625413820314e-07	13664	rwr	BC
NCKAP5L	8.0885492247961e-07	13665	rwr	BC
CLEC2D	8.08142688339257e-07	13666	rwr	BC
SBNO1	8.08019078143879e-07	13667	rwr	BC
PPEF2	8.07112061972061e-07	13668	rwr	BC
ETFBKMT	8.05796701286074e-07	13669	rwr	BC
CR1L	8.05693904287171e-07	13670	rwr	BC
RASGEF1A	8.04977618543114e-07	13671	rwr	BC
CCDC112	8.04586482242904e-07	13672	rwr	BC
SETD5	8.03552003815414e-07	13673	rwr	BC
DUS2	8.02159346792695e-07	13674	rwr	BC
NXNL2	8.0200716062222e-07	13675	rwr	BC
CMTM3	8.0161524745435e-07	13676	rwr	BC
ENTR1	8.01549343949162e-07	13677	rwr	BC
ABO	8.01408408864372e-07	13678	rwr	BC
CMTM2	8.00132642462924e-07	13679	rwr	BC
SRGAP2C	8.00072261207799e-07	13680	rwr	BC
GPR50	7.99799175396213e-07	13681	rwr	BC
HOXA4	7.99560289829791e-07	13682	rwr	BC
OTX1	7.99232879154177e-07	13683	rwr	BC
CFAP43	7.99060379875419e-07	13684	rwr	BC
SLC22A14	7.99048961401105e-07	13685	rwr	BC
IPP	7.97730453044555e-07	13686	rwr	BC
CA12	7.97277954669701e-07	13687	rwr	BC
XXYLT1	7.968025130193e-07	13688	rwr	BC
GLCCI1	7.96150422666491e-07	13689	rwr	BC
SLC7A2	7.95521119678029e-07	13690	rwr	BC
ADAMTS17	7.95209393447895e-07	13691	rwr	BC
ANKRD13D	7.94885232943501e-07	13692	rwr	BC
DSE	7.94863555988403e-07	13693	rwr	BC
HARBI1	7.94525102405354e-07	13694	rwr	BC
RP1L1	7.94065638130679e-07	13695	rwr	BC
TMEM88	7.94004871879869e-07	13696	rwr	BC
SLC10A3	7.92547667416225e-07	13697	rwr	BC
USHBP1	7.91481692386248e-07	13698	rwr	BC
TEX9	7.91120893905343e-07	13699	rwr	BC
N4BP2	7.91020955773434e-07	13700	rwr	BC
N4BP2L1	7.91020955773434e-07	13701	rwr	BC
N4BP2L2	7.91020955773434e-07	13702	rwr	BC
RNASE6	7.89798466349966e-07	13703	rwr	BC
EHD4	7.89346570870101e-07	13704	rwr	BC
RAB39A	7.87748414554682e-07	13705	rwr	BC
GPR22	7.86643333094794e-07	13706	rwr	BC
M0QX08_HUMAN	7.85331868563546e-07	13707	rwr	BC
GOLGA7B	7.84910524394016e-07	13708	rwr	BC
CFAP54	7.84890613139688e-07	13709	rwr	BC
BTG4	7.83922253397788e-07	13710	rwr	BC
MREG	7.82913003415041e-07	13711	rwr	BC
KIF26B	7.82210011431578e-07	13712	rwr	BC
CLEC2A	7.8131473769446e-07	13713	rwr	BC
CHST8	7.79726541673432e-07	13714	rwr	BC
HS6ST2	7.7799512666197e-07	13715	rwr	BC
USP40	7.76932994307387e-07	13716	rwr	BC
ADGRF5	7.76571493969363e-07	13717	rwr	BC
NTM	7.76201238395444e-07	13718	rwr	BC
GABPB2	7.75480105670526e-07	13719	rwr	BC
SLC4A8	7.75288867782437e-07	13720	rwr	BC
SP8	7.74826654556592e-07	13721	rwr	BC
PIANP	7.7479850330816e-07	13722	rwr	BC
ARSD	7.74743509298529e-07	13723	rwr	BC
SCGB1D2	7.74670295743528e-07	13724	rwr	BC
SPANXN3	7.74378652447522e-07	13725	rwr	BC
CAPN14	7.74368994265582e-07	13726	rwr	BC
MMRN2	7.74274623711174e-07	13727	rwr	BC
VNN1	7.73996627929026e-07	13728	rwr	BC
R3HCC1L	7.73737162445631e-07	13729	rwr	BC
SLC4A1AP	7.72563880764336e-07	13730	rwr	BC
SUCNR1	7.71976730895172e-07	13731	rwr	BC
MMP28	7.71764736442137e-07	13732	rwr	BC
PLAAT5	7.71762228987819e-07	13733	rwr	BC
ATRAID	7.71690692784746e-07	13734	rwr	BC
HYAL4	7.71084556014428e-07	13735	rwr	BC
WDR47	7.7108394644168e-07	13736	rwr	BC
YIPF2	7.71069066566189e-07	13737	rwr	BC
TDRD15	7.70822260350889e-07	13738	rwr	BC
RABEPK	7.69652430241195e-07	13739	rwr	BC
GIMAP8	7.69229343873485e-07	13740	rwr	BC
DDX43	7.69013120482788e-07	13741	rwr	BC
SLC10A7	7.68810395723338e-07	13742	rwr	BC
SLC7A7	7.68680098342952e-07	13743	rwr	BC
ANGEL1	7.6753761460707e-07	13744	rwr	BC
LNP1	7.67330338271455e-07	13745	rwr	BC
JMJD8	7.671607201426e-07	13746	rwr	BC
DEFB118	7.64627078098744e-07	13747	rwr	BC
UNC13C	7.6452768018042e-07	13748	rwr	BC
DUS3L	7.64110854647021e-07	13749	rwr	BC
TRIM2	7.63764774388337e-07	13750	rwr	BC
ACTL7B	7.63746095948452e-07	13751	rwr	BC
FAM71F2	7.6303043192092e-07	13752	rwr	BC
CA3	7.62396688769671e-07	13753	rwr	BC
PITPNC1	7.61899589051143e-07	13754	rwr	BC
GRINA	7.61158992591298e-07	13755	rwr	BC
LRRC1	7.60089478031112e-07	13756	rwr	BC
NPDC1	7.59433786428835e-07	13757	rwr	BC
CMTR2	7.59330073639525e-07	13758	rwr	BC
TPSB2	7.58614397097116e-07	13759	rwr	BC
SHFL	7.58485474528246e-07	13760	rwr	BC
TULP4	7.57893948890275e-07	13761	rwr	BC
CRYZL1	7.57700407132559e-07	13762	rwr	BC
ARSK	7.57328456501397e-07	13763	rwr	BC
SLC25A15	7.5676022993434e-07	13764	rwr	BC
EMP3	7.56549038460402e-07	13765	rwr	BC
PTPRN2	7.55916082356716e-07	13766	rwr	BC
UBE2QL1	7.55732061902188e-07	13767	rwr	BC
HECTD1	7.55322415033026e-07	13768	rwr	BC
CCDC197	7.54991369307692e-07	13769	rwr	BC
SLC6A14	7.54497066433304e-07	13770	rwr	BC
ALG9-2	7.52668135782267e-07	13771	rwr	BC
ARMT1	7.52532929158542e-07	13772	rwr	BC
FCMR	7.52305395868176e-07	13773	rwr	BC
ASB11	7.5223248431323e-07	13774	rwr	BC
MAN1A2	7.52160364811218e-07	13775	rwr	BC
RUSC1	7.52025487393677e-07	13776	rwr	BC
ZBTB6	7.51544652865009e-07	13777	rwr	BC
GPR32	7.51442583792299e-07	13778	rwr	BC
ST3GAL5	7.51279086985536e-07	13779	rwr	BC
SEC14L1	7.50295669662345e-07	13780	rwr	BC
TFCP2L1	7.49467125305799e-07	13781	rwr	BC
DNAH9	7.48744907374713e-07	13782	rwr	BC
TRIM58	7.48336446214285e-07	13783	rwr	BC
LEMD1	7.47846707912542e-07	13784	rwr	BC
SLC4A2	7.47490182458185e-07	13785	rwr	BC
TSPAN13	7.47013299253867e-07	13786	rwr	BC
DHRSX	7.4668527663328e-07	13787	rwr	BC
PRAMEF10	7.46613572464374e-07	13788	rwr	BC
SCAMP1	7.46510697852011e-07	13789	rwr	BC
GRAMD1B	7.45872707467764e-07	13790	rwr	BC
EXTL2	7.45598339096676e-07	13791	rwr	BC
LRRC37A3	7.45498597033157e-07	13792	rwr	BC
METRN	7.45428255350796e-07	13793	rwr	BC
LRRC37A	7.45338358527127e-07	13794	rwr	BC
RITA1	7.4532028839587e-07	13795	rwr	BC
HAND1	7.44987119726088e-07	13796	rwr	BC
TEPSIN	7.43650335098029e-07	13797	rwr	BC
ARHGAP45	7.4295659332396e-07	13798	rwr	BC
IFI30	7.42740687451614e-07	13799	rwr	BC
LUZP1	7.42698500432497e-07	13800	rwr	BC
TBXAS1	7.42300751063935e-07	13801	rwr	BC
SPAG17	7.42121389763039e-07	13802	rwr	BC
ACAD10	7.40989940819181e-07	13803	rwr	BC
BLCAP	7.40133062364284e-07	13804	rwr	BC
GPR78	7.39155234550329e-07	13805	rwr	BC
MAL2	7.38639017242038e-07	13806	rwr	BC
CASTOR3	7.38426404107283e-07	13807	rwr	BC
AGMO	7.37319605217646e-07	13808	rwr	BC
SRPK3	7.36943420260399e-07	13809	rwr	BC
PDCD2L	7.36351454651519e-07	13810	rwr	BC
MAN1C1	7.36139127269725e-07	13811	rwr	BC
ANO7	7.35784889430857e-07	13812	rwr	BC
SLC35G1	7.34939520442581e-07	13813	rwr	BC
MLLT11	7.3350593164473e-07	13814	rwr	BC
TMEM41B	7.33238187000167e-07	13815	rwr	BC
RNF166	7.32820217545651e-07	13816	rwr	BC
MFAP3	7.32738209734816e-07	13817	rwr	BC
RSRP1	7.32510051946645e-07	13818	rwr	BC
RSRC2	7.32482608320259e-07	13819	rwr	BC
KY	7.29974589651914e-07	13820	rwr	BC
RUFY3	7.29696753563503e-07	13821	rwr	BC
TXLNB	7.29567804435277e-07	13822	rwr	BC
FAHD2A	7.29235628613859e-07	13823	rwr	BC
ASPG	7.28991809917946e-07	13824	rwr	BC
HCN1	7.28729186153692e-07	13825	rwr	BC
CFAP36	7.28585471890518e-07	13826	rwr	BC
SNX20	7.27062542993555e-07	13827	rwr	BC
CLEC1A	7.26537341111642e-07	13828	rwr	BC
TCP11L2	7.26535040097808e-07	13829	rwr	BC
SERGEF	7.25043672330825e-07	13830	rwr	BC
FXYD4	7.24597980076143e-07	13831	rwr	BC
PRRT1	7.24469264140924e-07	13832	rwr	BC
CMTM1	7.24448522834528e-07	13833	rwr	BC
GLIPR1	7.23597230394506e-07	13834	rwr	BC
APELA	7.23515802185398e-07	13835	rwr	BC
PERM1	7.23506305880727e-07	13836	rwr	BC
GALNT10	7.23495094464266e-07	13837	rwr	BC
CNFN	7.22945967392544e-07	13838	rwr	BC
ANKRD23	7.22496023347569e-07	13839	rwr	BC
RBM43	7.22265217615014e-07	13840	rwr	BC
CAPN11	7.21187459719239e-07	13841	rwr	BC
GRAMD2B	7.20705718497455e-07	13842	rwr	BC
QTRT2	7.20687635375336e-07	13843	rwr	BC
MIGA1	7.20599474864765e-07	13844	rwr	BC
HPGD	7.20448373199662e-07	13845	rwr	BC
CMTM7	7.20251178772119e-07	13846	rwr	BC
TSKU	7.20242196415465e-07	13847	rwr	BC
ABLIM2	7.20008413865982e-07	13848	rwr	BC
KIAA1217	7.19932722080633e-07	13849	rwr	BC
CLDND1	7.19068769579623e-07	13850	rwr	BC
LRRC40	7.18064425952068e-07	13851	rwr	BC
ZBTB46	7.17727228318359e-07	13852	rwr	BC
ADAMTSL5	7.17167509881088e-07	13853	rwr	BC
PIM2	7.16647175481698e-07	13854	rwr	BC
FBN3	7.16131855435782e-07	13855	rwr	BC
XPNPEP1	7.16062051561635e-07	13856	rwr	BC
POPDC2	7.14994439902693e-07	13857	rwr	BC
SPEF2	7.14852296816787e-07	13858	rwr	BC
RAB2B	7.14649504197195e-07	13859	rwr	BC
SLC15A5	7.1434472050349e-07	13860	rwr	BC
NINJ1	7.14337815634892e-07	13861	rwr	BC
PPP1R37	7.13722456936683e-07	13862	rwr	BC
GALNT9	7.13717430398559e-07	13863	rwr	BC
MDGA2	7.13541997710077e-07	13864	rwr	BC
PZP	7.13038639151861e-07	13865	rwr	BC
BOLA2-SMG1P6	7.12645693144299e-07	13866	rwr	BC
ZC3H12D	7.12638595633292e-07	13867	rwr	BC
LCE4A	7.1198752104281e-07	13868	rwr	BC
TMEM108	7.11374235274431e-07	13869	rwr	BC
SLC19A2	7.11352726443448e-07	13870	rwr	BC
ERI2	7.11067528700058e-07	13871	rwr	BC
BLMH	7.10376724555153e-07	13872	rwr	BC
GALNT18	7.09232291269703e-07	13873	rwr	BC
PALM	7.09222284113061e-07	13874	rwr	BC
LRRC52	7.08956585093319e-07	13875	rwr	BC
KLK13	7.0890701437048e-07	13876	rwr	BC
FAM122B	7.08166408252175e-07	13877	rwr	BC
TSSK3	7.08001710801688e-07	13878	rwr	BC
TNFAIP8L1	7.06087413489865e-07	13879	rwr	BC
ZNF23	7.05946951265956e-07	13880	rwr	BC
GALNT15	7.05446220531572e-07	13881	rwr	BC
SMIM12	7.05371373288696e-07	13882	rwr	BC
ANKLE1	7.02623684729865e-07	13883	rwr	BC
TMEM132A	7.02329225656308e-07	13884	rwr	BC
CHST13	7.0218086563201e-07	13885	rwr	BC
DNAJC17	7.00625606015581e-07	13886	rwr	BC
SLC7A10	7.00429595537075e-07	13887	rwr	BC
RCN2	7.00425803160461e-07	13888	rwr	BC
MGAT5B	7.00366955533633e-07	13889	rwr	BC
HS2ST1-2	7.00235636512127e-07	13890	rwr	BC
OBI1	6.99902078835657e-07	13891	rwr	BC
HTR3E	6.99268612423946e-07	13892	rwr	BC
GALNT17	6.99061252689005e-07	13893	rwr	BC
CHIC1	6.98773946923196e-07	13894	rwr	BC
SLC6A13	6.98767275506775e-07	13895	rwr	BC
MYDGF	6.98302696532561e-07	13896	rwr	BC
GALNT16	6.97421495183277e-07	13897	rwr	BC
ZNF16	6.96896349326649e-07	13898	rwr	BC
SPIN3	6.96786361176391e-07	13899	rwr	BC
FMO3	6.9671878175134e-07	13900	rwr	BC
PRR19	6.96069699975627e-07	13901	rwr	BC
LOXL4	6.95619426766847e-07	13902	rwr	BC
AADAC	6.95481729034323e-07	13903	rwr	BC
FAM160B1	6.95253906050082e-07	13904	rwr	BC
CHST12	6.94976598869019e-07	13905	rwr	BC
GALNTL5	6.93291191573272e-07	13906	rwr	BC
RHCG	6.92861170931291e-07	13907	rwr	BC
OTOGL	6.92430388253672e-07	13908	rwr	BC
MRS2	6.92347405040801e-07	13909	rwr	BC
CAPN12	6.92254026591728e-07	13910	rwr	BC
ISOC1	6.92023720725965e-07	13911	rwr	BC
TSR3	6.91903623845945e-07	13912	rwr	BC
LRP3	6.91568789842549e-07	13913	rwr	BC
SMIM24	6.91014770181032e-07	13914	rwr	BC
MSGN1	6.89765409823529e-07	13915	rwr	BC
NELL2	6.89484504467309e-07	13916	rwr	BC
CSGALNACT2	6.87014582306073e-07	13917	rwr	BC
NKX2-4	6.86791663073853e-07	13918	rwr	BC
B3GNT5	6.86437776462039e-07	13919	rwr	BC
RTL8A	6.86354418220478e-07	13920	rwr	BC
PGA5	6.86151695470259e-07	13921	rwr	BC
RTL8C	6.84729729584696e-07	13922	rwr	BC
MARCHF11	6.84240494957159e-07	13923	rwr	BC
TTLL10	6.84112195234687e-07	13924	rwr	BC
BSX	6.83759663363556e-07	13925	rwr	BC
DACT3	6.8324092802167e-07	13926	rwr	BC
CHST2	6.83120154248098e-07	13927	rwr	BC
SLC17A2	6.82683720493802e-07	13928	rwr	BC
KLK15	6.82474706936155e-07	13929	rwr	BC
GPR42	6.81337124959682e-07	13930	rwr	BC
RUNDC3B	6.81085298143555e-07	13931	rwr	BC
PPP1R1C	6.8070672423485e-07	13932	rwr	BC
RTF2	6.79343921921648e-07	13933	rwr	BC
PCNX3	6.78692854049605e-07	13934	rwr	BC
SLC5A6	6.78600650832905e-07	13935	rwr	BC
TBC1D32	6.76449718722033e-07	13936	rwr	BC
RIC3	6.76088142291979e-07	13937	rwr	BC
KRT222	6.75699373009414e-07	13938	rwr	BC
C12orf10	6.75375684765155e-07	13939	rwr	BC
STIMATE	6.74710895285903e-07	13940	rwr	BC
SLC41A2	6.74688634970361e-07	13941	rwr	BC
SPAG11B	6.74580260693495e-07	13942	rwr	BC
CASC1	6.73817208415233e-07	13943	rwr	BC
NENF	6.73412262090642e-07	13944	rwr	BC
DCLK3	6.7340889259851e-07	13945	rwr	BC
ACP7	6.73353231920744e-07	13946	rwr	BC
RELL2	6.7189802709124e-07	13947	rwr	BC
DENND11	6.71855976701847e-07	13948	rwr	BC
FETUB	6.71837460930324e-07	13949	rwr	BC
KIAA0319L	6.71746007185248e-07	13950	rwr	BC
MPV17L2	6.717205201262e-07	13951	rwr	BC
TMEM50B	6.71419863148904e-07	13952	rwr	BC
KCP	6.69999869276896e-07	13953	rwr	BC
GKN1	6.69210056663283e-07	13954	rwr	BC
KCNRG	6.68368289606642e-07	13955	rwr	BC
CFAP74	6.68139126048484e-07	13956	rwr	BC
MPV17L	6.68127531313861e-07	13957	rwr	BC
TTLL6	6.68092173948002e-07	13958	rwr	BC
OR1G1	6.68048211141776e-07	13959	rwr	BC
CMTM8	6.67661678313882e-07	13960	rwr	BC
UBQLNL	6.67487448087889e-07	13961	rwr	BC
DPY19L2	6.66126104565451e-07	13962	rwr	BC
RAB43	6.66090989260054e-07	13963	rwr	BC
OPRPN	6.6599159277453e-07	13964	rwr	BC
DENND6A	6.65427266699072e-07	13965	rwr	BC
C1QL3	6.6530941114511e-07	13966	rwr	BC
FSIP2	6.65219138535645e-07	13967	rwr	BC
EPS8L1	6.65035859595227e-07	13968	rwr	BC
DZIP1L	6.64950169672098e-07	13969	rwr	BC
H3Y2	6.64491382372571e-07	13970	rwr	BC
COA7	6.63802156887688e-07	13971	rwr	BC
SCAND1	6.62955820584905e-07	13972	rwr	BC
SULF1	6.62085300607453e-07	13973	rwr	BC
ZNF469	6.60508407521122e-07	13974	rwr	BC
LHFPL4	6.60318382417717e-07	13975	rwr	BC
CELF5	6.59535068270566e-07	13976	rwr	BC
ARSG	6.5748805941234e-07	13977	rwr	BC
CSAG3	6.57476775902974e-07	13978	rwr	BC
HNRNPA1L2	6.5685899906379e-07	13979	rwr	BC
ANKRD46	6.56736979031162e-07	13980	rwr	BC
CABS1	6.55669677791816e-07	13981	rwr	BC
PTPN9	6.54813072167023e-07	13982	rwr	BC
ZFR	6.5464204689406e-07	13983	rwr	BC
ZNF174	6.5424056939565e-07	13984	rwr	BC
LMAN2	6.5303854400239e-07	13985	rwr	BC
GLT6D1	6.52559405842466e-07	13986	rwr	BC
NHSL1	6.52516983689539e-07	13987	rwr	BC
LRRC57	6.52431939258208e-07	13988	rwr	BC
TMX2	6.51873987849524e-07	13989	rwr	BC
SPAG6	6.5071220875841e-07	13990	rwr	BC
CCDC121	6.50651917551229e-07	13991	rwr	BC
TOE1	6.50502933814506e-07	13992	rwr	BC
DHX57	6.50390069334082e-07	13993	rwr	BC
CHRNA10	6.50254034244976e-07	13994	rwr	BC
CCDC84	6.49411541795586e-07	13995	rwr	BC
KRT13	6.49108511322847e-07	13996	rwr	BC
NEU2	6.48821998707017e-07	13997	rwr	BC
AIFM3	6.47976302963755e-07	13998	rwr	BC
AFG1L	6.47785666675502e-07	13999	rwr	BC
FLVCR1	6.4715338072986e-07	14000	rwr	BC
KIF16B	6.46951671776713e-07	14001	rwr	BC
GGT2	6.46760403564101e-07	14002	rwr	BC
PSKH2	6.46326285145482e-07	14003	rwr	BC
TTC33	6.45358695448471e-07	14004	rwr	BC
CRTAC1	6.45179817280351e-07	14005	rwr	BC
PDZD8	6.44589417213105e-07	14006	rwr	BC
CCDC66	6.43821160309867e-07	14007	rwr	BC
HDGFL1	6.43699530326648e-07	14008	rwr	BC
ADCK2	6.42949930601809e-07	14009	rwr	BC
TSGA13	6.42851605453708e-07	14010	rwr	BC
GIMAP7	6.42679802844763e-07	14011	rwr	BC
DGLUCY	6.42538363836295e-07	14012	rwr	BC
SPACA4	6.42245207198403e-07	14013	rwr	BC
MGAT2	6.41801953131772e-07	14014	rwr	BC
SLC35D2	6.41698096492895e-07	14015	rwr	BC
PLAAT1	6.41395687431673e-07	14016	rwr	BC
FAM160B2	6.41338285976576e-07	14017	rwr	BC
YJEFN3	6.38732041204966e-07	14018	rwr	BC
SYT4	6.38436399990809e-07	14019	rwr	BC
H3BML4_HUMAN	6.38138713712036e-07	14020	rwr	BC
TECTA	6.37083047139865e-07	14021	rwr	BC
SLC25A32	6.36610315713258e-07	14022	rwr	BC
SLC19A3	6.36453043826382e-07	14023	rwr	BC
SLC6A7	6.34541417084388e-07	14024	rwr	BC
ANKRD42	6.34097856206399e-07	14025	rwr	BC
NTN5	6.33331376384961e-07	14026	rwr	BC
CMBL	6.32373011017496e-07	14027	rwr	BC
GLRA2	6.32061827063739e-07	14028	rwr	BC
THNSL1	6.31636928691825e-07	14029	rwr	BC
GIPC3	6.31235394956942e-07	14030	rwr	BC
ZNF185	6.30560187930577e-07	14031	rwr	BC
CCSER2	6.30443923967276e-07	14032	rwr	BC
COL22A1	6.3008412805875e-07	14033	rwr	BC
PLPP1	6.29914566205212e-07	14034	rwr	BC
THNSL2	6.2958110105493e-07	14035	rwr	BC
FAM181A	6.29456322984408e-07	14036	rwr	BC
ST6GALNAC4	6.2888026313029e-07	14037	rwr	BC
GDF10	6.28722943783513e-07	14038	rwr	BC
JSRP1	6.27994699747061e-07	14039	rwr	BC
UQCC3	6.27825919349195e-07	14040	rwr	BC
NDUFAF8	6.26635142437555e-07	14041	rwr	BC
HDHD5	6.26575442754815e-07	14042	rwr	BC
ELAVL3	6.25521914967941e-07	14043	rwr	BC
FAM181B	6.25292334078227e-07	14044	rwr	BC
SEZ6L	6.2517524829588e-07	14045	rwr	BC
TLL1	6.23999868862461e-07	14046	rwr	BC
IGSF6	6.23926006553046e-07	14047	rwr	BC
ELOVL5	6.23762244409053e-07	14048	rwr	BC
CAMTA2	6.23571370568086e-07	14049	rwr	BC
TDRP	6.22922291373635e-07	14050	rwr	BC
CCDC91	6.22910006843648e-07	14051	rwr	BC
SAMD1	6.22785365980483e-07	14052	rwr	BC
RELL1	6.22648957042668e-07	14053	rwr	BC
ZNF608	6.22405115993267e-07	14054	rwr	BC
FEZ2	6.22137193354101e-07	14055	rwr	BC
SLC25A10	6.21018662895846e-07	14056	rwr	BC
SH3BP5L	6.20159748072989e-07	14057	rwr	BC
LMCD1	6.1912372785257e-07	14058	rwr	BC
HS3ST5	6.19006283744358e-07	14059	rwr	BC
SYTL5	6.18676015515184e-07	14060	rwr	BC
RBBP9	6.17941619933966e-07	14061	rwr	BC
NOMO1	6.17826646174909e-07	14062	rwr	BC
SLC25A10-2	6.17609304393912e-07	14063	rwr	BC
ULK4	6.17549102542346e-07	14064	rwr	BC
RETREG3	6.17097985554564e-07	14065	rwr	BC
CTDSPL2	6.16667569254376e-07	14066	rwr	BC
LRRC49	6.15653505295568e-07	14067	rwr	BC
FATE1	6.15501422103726e-07	14068	rwr	BC
SNURF	6.1540336560021e-07	14069	rwr	BC
TAS2R14	6.15089647779804e-07	14070	rwr	BC
ZC2HC1A	6.14518033701979e-07	14071	rwr	BC
TMEM95	6.14216723115748e-07	14072	rwr	BC
DOC2B	6.14115295445409e-07	14073	rwr	BC
PNRC1	6.13401294026841e-07	14074	rwr	BC
ABHD15	6.13373183460557e-07	14075	rwr	BC
FAM20B	6.13176077949454e-07	14076	rwr	BC
DCXR	6.13082463486621e-07	14077	rwr	BC
CYB561	6.12857606374726e-07	14078	rwr	BC
ILDR2	6.12142625141681e-07	14079	rwr	BC
PTMS	6.11967471419435e-07	14080	rwr	BC
SCGB3A1	6.11923952625008e-07	14081	rwr	BC
TMEM59	6.11891193869862e-07	14082	rwr	BC
DNLZ	6.11352726332602e-07	14083	rwr	BC
NFE4	6.11060455004413e-07	14084	rwr	BC
CLEC4F	6.10979897151562e-07	14085	rwr	BC
TSPAN2	6.10685505034834e-07	14086	rwr	BC
CSGALNACT1	6.10039248121015e-07	14087	rwr	BC
ST8SIA4	6.09320883249928e-07	14088	rwr	BC
CRISP2	6.08815826097417e-07	14089	rwr	BC
RETREG2	6.08285629585824e-07	14090	rwr	BC
HDHD3	6.08037398399489e-07	14091	rwr	BC
ASB13	6.07469015987932e-07	14092	rwr	BC
SUGP2	6.07155711604801e-07	14093	rwr	BC
MC5R	6.06951892218802e-07	14094	rwr	BC
GIMAP4	6.06899927603316e-07	14095	rwr	BC
MSMP	6.06759270899117e-07	14096	rwr	BC
DEFB105B	6.06029621457728e-07	14097	rwr	BC
RLF	6.05987117884479e-07	14098	rwr	BC
TUSC2	6.05758188889987e-07	14099	rwr	BC
CCN5	6.04453784432796e-07	14100	rwr	BC
ELOVL7	6.04299296040724e-07	14101	rwr	BC
OCIAD1	6.03272278692492e-07	14102	rwr	BC
SYPL2	6.03104670783535e-07	14103	rwr	BC
LENG1	6.03070289052432e-07	14104	rwr	BC
ITPRID2	6.02819239553474e-07	14105	rwr	BC
WDR55	6.02578479097468e-07	14106	rwr	BC
THEG	6.02243580546401e-07	14107	rwr	BC
TMED5	6.02203134449456e-07	14108	rwr	BC
PRSS56	6.0213383551045e-07	14109	rwr	BC
SOHLH2	6.01876799393092e-07	14110	rwr	BC
SLC25A33	6.0185227248758e-07	14111	rwr	BC
CCDC169-SOHLH2	6.01370613604904e-07	14112	rwr	BC
SPIRE1	6.00856394437206e-07	14113	rwr	BC
PLLP	6.00066103433063e-07	14114	rwr	BC
RNF17	5.99048483820993e-07	14115	rwr	BC
ODAM	5.98746528438023e-07	14116	rwr	BC
FXYD7	5.97728601838151e-07	14117	rwr	BC
B4GALNT4	5.97239765256662e-07	14118	rwr	BC
LARP6	5.96318666599136e-07	14119	rwr	BC
AFF2	5.94761067087313e-07	14120	rwr	BC
KRT9	5.9473304295397e-07	14121	rwr	BC
PANX2	5.94109222524327e-07	14122	rwr	BC
RBMXL2	5.93907849038886e-07	14123	rwr	BC
OR10A5	5.93798472120702e-07	14124	rwr	BC
H3BMQ9_HUMAN	5.9354844033788e-07	14125	rwr	BC
H3BUN2_HUMAN	5.9354844033788e-07	14126	rwr	BC
OR4K15	5.9329746693863e-07	14127	rwr	BC
THAP4	5.92310946604104e-07	14128	rwr	BC
PRAF2	5.92212792242146e-07	14129	rwr	BC
BEAN1	5.91521503942688e-07	14130	rwr	BC
EIPR1	5.91295443040221e-07	14131	rwr	BC
PGA3	5.90982136767058e-07	14132	rwr	BC
ILDR1	5.90916203017081e-07	14133	rwr	BC
FAM228B	5.90807800445168e-07	14134	rwr	BC
CHST11	5.90577309153168e-07	14135	rwr	BC
DEFB119	5.9036002518491e-07	14136	rwr	BC
CHPF	5.89992051142943e-07	14137	rwr	BC
PRAC1	5.89964032387147e-07	14138	rwr	BC
LMBR1L	5.89942178664402e-07	14139	rwr	BC
NUDT11	5.89899914669378e-07	14140	rwr	BC
VNN2	5.89635639763375e-07	14141	rwr	BC
ST20	5.88873678573907e-07	14142	rwr	BC
S100PBP	5.88770435567061e-07	14143	rwr	BC
VPS50	5.88759853041846e-07	14144	rwr	BC
TCEANC	5.88139338599004e-07	14145	rwr	BC
CLIP4	5.87563382428033e-07	14146	rwr	BC
GIMAP1	5.86978297321583e-07	14147	rwr	BC
OLFML3	5.86116269875295e-07	14148	rwr	BC
TMEM230	5.85858158614109e-07	14149	rwr	BC
HNRNPUL2	5.85266874112273e-07	14150	rwr	BC
TMEM131	5.84958836320042e-07	14151	rwr	BC
CCSER1	5.84593456769656e-07	14152	rwr	BC
PLGLB1	5.84434347092795e-07	14153	rwr	BC
ZSCAN4	5.84001557567919e-07	14154	rwr	BC
VIL1	5.82548593363359e-07	14155	rwr	BC
E7ENX8_HUMAN	5.82275449924953e-07	14156	rwr	BC
NXPH1	5.81380002318545e-07	14157	rwr	BC
NDST3	5.81256627005471e-07	14158	rwr	BC
MPDU1	5.79429942280535e-07	14159	rwr	BC
ZNF200	5.79391500481808e-07	14160	rwr	BC
MCOLN2	5.79077661940571e-07	14161	rwr	BC
THAP3	5.78964726167507e-07	14162	rwr	BC
TRIM49C	5.7823211837788e-07	14163	rwr	BC
TTLL1	5.76402436669286e-07	14164	rwr	BC
ARHGEF35	5.76327509083277e-07	14165	rwr	BC
ZACN	5.76073558828021e-07	14166	rwr	BC
U2AF1L5	5.74903247951095e-07	14167	rwr	BC
TMEM185A	5.74455906940302e-07	14168	rwr	BC
ARFGEF3	5.74322988144875e-07	14169	rwr	BC
EMP2	5.74269706381274e-07	14170	rwr	BC
RBMY1B	5.73163597250018e-07	14171	rwr	BC
MTRNR2L6	5.72768629121379e-07	14172	rwr	BC
KRT74	5.7239670814453e-07	14173	rwr	BC
OR2D3	5.72344333069683e-07	14174	rwr	BC
NICN1	5.70239402139416e-07	14175	rwr	BC
OR51B4	5.70000159958693e-07	14176	rwr	BC
SAMD14	5.69912172846646e-07	14177	rwr	BC
ONECUT3	5.69891638568804e-07	14178	rwr	BC
NSRP1	5.69721498952526e-07	14179	rwr	BC
PCMTD2	5.69691092108085e-07	14180	rwr	BC
C16orf54	5.69092332345288e-07	14181	rwr	BC
EBF3	5.68998917175747e-07	14182	rwr	BC
OR2D2	5.67744998962068e-07	14183	rwr	BC
CT55	5.67451357949584e-07	14184	rwr	BC
SULT1A2	5.67113981934136e-07	14185	rwr	BC
TMEM68	5.66809801601792e-07	14186	rwr	BC
LRRC46	5.66710338815179e-07	14187	rwr	BC
SLC18B1	5.66574807742645e-07	14188	rwr	BC
SIAE	5.66522454566602e-07	14189	rwr	BC
LRRC27	5.66398711723773e-07	14190	rwr	BC
MEGF6	5.66041812659124e-07	14191	rwr	BC
PRAC2	5.65490869518244e-07	14192	rwr	BC
PGGHG	5.64969739949245e-07	14193	rwr	BC
RBM44	5.64782083227154e-07	14194	rwr	BC
ZPBP	5.64002083195165e-07	14195	rwr	BC
LYPD2	5.63804863739982e-07	14196	rwr	BC
NECAB1	5.63593730272646e-07	14197	rwr	BC
ZNF446	5.63530299967664e-07	14198	rwr	BC
PGBD1	5.6303481053098e-07	14199	rwr	BC
AMY1C	5.62247945764866e-07	14200	rwr	BC
ZNF674	5.61713029540284e-07	14201	rwr	BC
TULP2	5.61604682085988e-07	14202	rwr	BC
MT1H	5.61348289973378e-07	14203	rwr	BC
C2orf88	5.60563523984552e-07	14204	rwr	BC
KYAT1-2	5.60506645748876e-07	14205	rwr	BC
ZNF692	5.60157993593783e-07	14206	rwr	BC
TLCD3A	5.595407429455e-07	14207	rwr	BC
GPR75	5.59210676987163e-07	14208	rwr	BC
ZNF300	5.59046692282025e-07	14209	rwr	BC
IZUMO4	5.5903071295861e-07	14210	rwr	BC
STRIT1	5.58391935371066e-07	14211	rwr	BC
KDF1	5.58212229874737e-07	14212	rwr	BC
HOXC13	5.58200397996689e-07	14213	rwr	BC
ABHD14A-ACY1	5.5816772070466e-07	14214	rwr	BC
CCDC117	5.57864248833886e-07	14215	rwr	BC
ANKRD37	5.57809335115381e-07	14216	rwr	BC
DEFB129	5.57732212603904e-07	14217	rwr	BC
TEX28	5.57451207030315e-07	14218	rwr	BC
THUMPD3	5.57342124676684e-07	14219	rwr	BC
CTBS	5.57268006591045e-07	14220	rwr	BC
CPVL	5.57261024710787e-07	14221	rwr	BC
NDRG4	5.56886996232859e-07	14222	rwr	BC
SECTM1	5.56771457267145e-07	14223	rwr	BC
OXR1	5.56562593576748e-07	14224	rwr	BC
GALNTL6	5.56217073924631e-07	14225	rwr	BC
MS4A5	5.55805650054655e-07	14226	rwr	BC
LRRC3C	5.55492419825917e-07	14227	rwr	BC
CRIM1	5.54709356455986e-07	14228	rwr	BC
CRNN	5.53727241714495e-07	14229	rwr	BC
PHF13	5.53390546649715e-07	14230	rwr	BC
SYT5	5.52653865278781e-07	14231	rwr	BC
GPR85	5.52340119686402e-07	14232	rwr	BC
WDR97	5.52059771564839e-07	14233	rwr	BC
ZNF586	5.51095166057381e-07	14234	rwr	BC
NPL	5.51085335116773e-07	14235	rwr	BC
DNAH10	5.507411296047e-07	14236	rwr	BC
EFCAB1	5.50530183686224e-07	14237	rwr	BC
CAPRIN2	5.50440715456527e-07	14238	rwr	BC
FOXQ1	5.50303602274988e-07	14239	rwr	BC
C20orf85	5.50259416921039e-07	14240	rwr	BC
LNPK	5.49941429786401e-07	14241	rwr	BC
AGBL3	5.48457408347568e-07	14242	rwr	BC
IZUMO2	5.48335753490629e-07	14243	rwr	BC
ETV2	5.48009186731221e-07	14244	rwr	BC
FRMPD4	5.47824773310991e-07	14245	rwr	BC
HRH4	5.47817708940846e-07	14246	rwr	BC
RNF39	5.46687198783702e-07	14247	rwr	BC
RNF157	5.46249180950811e-07	14248	rwr	BC
ANKRD54	5.45898589652451e-07	14249	rwr	BC
KRT12	5.4589654326061e-07	14250	rwr	BC
GPR135	5.45633565489944e-07	14251	rwr	BC
KIF9	5.44988631781055e-07	14252	rwr	BC
ANKRD40	5.44634377231354e-07	14253	rwr	BC
LYPLAL1	5.44611220221442e-07	14254	rwr	BC
ADGRL4	5.44548253539406e-07	14255	rwr	BC
PRR15L	5.4441729867581e-07	14256	rwr	BC
PLEKHA5	5.44141079150843e-07	14257	rwr	BC
TMEM150A	5.44019415744123e-07	14258	rwr	BC
TAS2R30	5.43790395443798e-07	14259	rwr	BC
TAS2R41	5.43534122307424e-07	14260	rwr	BC
OSTN	5.42625905873877e-07	14261	rwr	BC
SHROOM1	5.40769815117641e-07	14262	rwr	BC
CDK15	5.40657799803186e-07	14263	rwr	BC
KLF7	5.40484908856557e-07	14264	rwr	BC
GAL3ST2	5.40059995897064e-07	14265	rwr	BC
TTC14	5.39683734116483e-07	14266	rwr	BC
RBP7	5.38552633602612e-07	14267	rwr	BC
SLCO2A1	5.37829360448056e-07	14268	rwr	BC
CCN6	5.36955181152345e-07	14269	rwr	BC
DEFB106A	5.36458188445348e-07	14270	rwr	BC
IER3IP1	5.35482277065181e-07	14271	rwr	BC
UTS2B	5.34777702142577e-07	14272	rwr	BC
TRIM10	5.34476486930588e-07	14273	rwr	BC
ITM2C	5.33415368564367e-07	14274	rwr	BC
EXPH5	5.33363224038965e-07	14275	rwr	BC
AJM1	5.32951716195677e-07	14276	rwr	BC
KCNK17	5.31631170738909e-07	14277	rwr	BC
KCNJ15	5.31562517914547e-07	14278	rwr	BC
SLC9A2	5.31330700017709e-07	14279	rwr	BC
FHOD3	5.31171763505974e-07	14280	rwr	BC
ZGLP1	5.31044858988809e-07	14281	rwr	BC
SLCO4A1	5.29671800673272e-07	14282	rwr	BC
SULT1C2	5.28711782469831e-07	14283	rwr	BC
PRSS16	5.2837813344604e-07	14284	rwr	BC
ARMC3	5.28193318309871e-07	14285	rwr	BC
C20orf194	5.28112261965817e-07	14286	rwr	BC
OR52E4	5.26889664809175e-07	14287	rwr	BC
MT1X	5.26546363895288e-07	14288	rwr	BC
SULF2	5.26176319012478e-07	14289	rwr	BC
GBGT1	5.26092650988663e-07	14290	rwr	BC
SLC9A8	5.25372002270057e-07	14291	rwr	BC
ISX	5.25227600294671e-07	14292	rwr	BC
SMYD5	5.2493855518841e-07	14293	rwr	BC
ADAM8	5.24704490155861e-07	14294	rwr	BC
PSORS1C1	5.24298370250367e-07	14295	rwr	BC
SPRY3	5.23799082299297e-07	14296	rwr	BC
PDCL2	5.22360718256698e-07	14297	rwr	BC
PON2	5.2230463838267e-07	14298	rwr	BC
MGAT4B	5.22069822674081e-07	14299	rwr	BC
B4GALNT3	5.21856110837884e-07	14300	rwr	BC
MT1F	5.21551126400183e-07	14301	rwr	BC
REX1BD	5.21366480319918e-07	14302	rwr	BC
ADAM11	5.20879273002233e-07	14303	rwr	BC
ZNF783	5.20638252755853e-07	14304	rwr	BC
ADAM20	5.2045998248317e-07	14305	rwr	BC
TMEM80	5.20311811071409e-07	14306	rwr	BC
CAPN9	5.20283763266374e-07	14307	rwr	BC
KRT27	5.20274496083712e-07	14308	rwr	BC
CMC4	5.19881001137748e-07	14309	rwr	BC
GBP7	5.19634890709084e-07	14310	rwr	BC
ACY3	5.1961420169084e-07	14311	rwr	BC
SLC2A14	5.19171926276738e-07	14312	rwr	BC
KCNG2	5.19062686278398e-07	14313	rwr	BC
HTR3C	5.18725693708554e-07	14314	rwr	BC
ADAM21	5.17904984274304e-07	14315	rwr	BC
CTSE	5.17501170871913e-07	14316	rwr	BC
C6orf62	5.1743346320169e-07	14317	rwr	BC
FNDC3A	5.16842156203182e-07	14318	rwr	BC
STK17A	5.1625705905717e-07	14319	rwr	BC
ZNF541	5.16111859063739e-07	14320	rwr	BC
GLYAT	5.15615618510579e-07	14321	rwr	BC
MGAT3	5.14592558677038e-07	14322	rwr	BC
VSIG2	5.14568425610911e-07	14323	rwr	BC
KLHL29	5.14468705804163e-07	14324	rwr	BC
PRR14L	5.14307262436553e-07	14325	rwr	BC
SLAMF9	5.14108337985219e-07	14326	rwr	BC
TMEM218	5.13211271665121e-07	14327	rwr	BC
TEDC2	5.13077742690772e-07	14328	rwr	BC
OR51A7	5.12367667740189e-07	14329	rwr	BC
HTR3D	5.11299792630237e-07	14330	rwr	BC
OR2L8	5.11276700961853e-07	14331	rwr	BC
ST8SIA3	5.10960908385684e-07	14332	rwr	BC
ADAMTS8	5.10898991146767e-07	14333	rwr	BC
RAVER2	5.10829951789311e-07	14334	rwr	BC
ZNF12	5.10785509867093e-07	14335	rwr	BC
S100A7A	5.10312197109286e-07	14336	rwr	BC
EGFL8	5.10118108064193e-07	14337	rwr	BC
GPR156	5.09627631812794e-07	14338	rwr	BC
RASGEF1B	5.09156908289383e-07	14339	rwr	BC
TPST2	5.08340679644051e-07	14340	rwr	BC
SPECC1L	5.07813483870435e-07	14341	rwr	BC
TOR3A	5.07522656407772e-07	14342	rwr	BC
CHD2	5.07483950427763e-07	14343	rwr	BC
STK17B	5.07150760864846e-07	14344	rwr	BC
VWCE	5.06294373256809e-07	14345	rwr	BC
ZIC5	5.05277969446472e-07	14346	rwr	BC
GPR107	5.05189886214168e-07	14347	rwr	BC
CLIC3	5.04584753178859e-07	14348	rwr	BC
STK31	5.03617530457328e-07	14349	rwr	BC
SLC35B1	5.03474268297409e-07	14350	rwr	BC
ACTL10	5.03030936324465e-07	14351	rwr	BC
ACTL8	5.03030936324465e-07	14352	rwr	BC
ACTL9	5.03030936324465e-07	14353	rwr	BC
OR4K17	5.02923132336404e-07	14354	rwr	BC
SH3BGR	5.01920730700296e-07	14355	rwr	BC
ARMCX3	5.01533891978893e-07	14356	rwr	BC
PRDM8	5.01249934683837e-07	14357	rwr	BC
EVA1A	5.00638249529887e-07	14358	rwr	BC
C1QTNF1	5.00158531463756e-07	14359	rwr	BC
RFPL1	4.99999509050164e-07	14360	rwr	BC
GPATCH11	4.99793101502564e-07	14361	rwr	BC
ACOT11	4.99575112803311e-07	14362	rwr	BC
C1orf174	4.9927443107063e-07	14363	rwr	BC
KIAA0355	4.99161796060522e-07	14364	rwr	BC
SYNJ2BP-COX16	4.98996577213749e-07	14365	rwr	BC
TPD52L1	4.98884141410894e-07	14366	rwr	BC
DENND2D	4.98657964242836e-07	14367	rwr	BC
ZNF395	4.98357046604415e-07	14368	rwr	BC
RABGAP1	4.98151640536526e-07	14369	rwr	BC
DSCAML1	4.98033917996397e-07	14370	rwr	BC
WDSUB1	4.97906421485208e-07	14371	rwr	BC
ZNF69	4.97742881563817e-07	14372	rwr	BC
KRTAP11-1	4.97033557935109e-07	14373	rwr	BC
RIMBP3B	4.96876057501525e-07	14374	rwr	BC
RNF32	4.968165807983e-07	14375	rwr	BC
SP2	4.96636069623315e-07	14376	rwr	BC
SMR3B	4.96584717363788e-07	14377	rwr	BC
FMC1	4.95570722574373e-07	14378	rwr	BC
KCTD20	4.95186760444107e-07	14379	rwr	BC
EHBP1L1	4.9506073401944e-07	14380	rwr	BC
FADS3	4.95044588042764e-07	14381	rwr	BC
TBC1D2B	4.94408382068989e-07	14382	rwr	BC
SPACA1	4.94316960916356e-07	14383	rwr	BC
AS3MT	4.94097392622384e-07	14384	rwr	BC
RIMBP3C	4.94073550989415e-07	14385	rwr	BC
FAM124B	4.93527171024975e-07	14386	rwr	BC
ESYT2	4.9302244289043e-07	14387	rwr	BC
SERPINI1	4.92859386368083e-07	14388	rwr	BC
ETV3	4.92422974012333e-07	14389	rwr	BC
EEF1AKMT4	4.91997947184159e-07	14390	rwr	BC
KCNK6	4.91560056876661e-07	14391	rwr	BC
SLC17A4	4.91437758205998e-07	14392	rwr	BC
RNPEP	4.91217038410792e-07	14393	rwr	BC
TAS2R19	4.91093763700632e-07	14394	rwr	BC
CPZ	4.9090717826999e-07	14395	rwr	BC
TRMO	4.90879435941251e-07	14396	rwr	BC
ANKRD22	4.89805185496734e-07	14397	rwr	BC
APOBR	4.89601003609222e-07	14398	rwr	BC
C11orf49	4.89276378291549e-07	14399	rwr	BC
TRMT2B	4.88776037417376e-07	14400	rwr	BC
A4GNT	4.87890856992372e-07	14401	rwr	BC
VPS13D	4.86631262865257e-07	14402	rwr	BC
AGAP3	4.85723510119426e-07	14403	rwr	BC
IMPG1	4.85674899164443e-07	14404	rwr	BC
SLC25A18	4.84344032135925e-07	14405	rwr	BC
MAP3K21	4.83916444290577e-07	14406	rwr	BC
SLC16A10	4.83839439000388e-07	14407	rwr	BC
UROC1	4.83060312283584e-07	14408	rwr	BC
ACOT9	4.83023330441676e-07	14409	rwr	BC
SLC15A3	4.82646844595839e-07	14410	rwr	BC
ABI3BP	4.82574884075727e-07	14411	rwr	BC
ARL16	4.82327688600049e-07	14412	rwr	BC
CBWD2	4.82109645614657e-07	14413	rwr	BC
PRAP1	4.81926407567511e-07	14414	rwr	BC
NFAM1	4.81283325484073e-07	14415	rwr	BC
MOSMO	4.81123922094793e-07	14416	rwr	BC
TPSD1	4.80875800365037e-07	14417	rwr	BC
PLPP6	4.80211586013434e-07	14418	rwr	BC
ADAL	4.79930591908589e-07	14419	rwr	BC
TEDC1	4.79862772445998e-07	14420	rwr	BC
LXN	4.79760326249556e-07	14421	rwr	BC
DEXI	4.79685510262614e-07	14422	rwr	BC
PANK4	4.79618853376281e-07	14423	rwr	BC
RBMY1E	4.79204062679333e-07	14424	rwr	BC
RGR	4.79037499316868e-07	14425	rwr	BC
FRG2C	4.7900597084684e-07	14426	rwr	BC
TCEANC2	4.78667335613385e-07	14427	rwr	BC
TPRA1	4.78620851284111e-07	14428	rwr	BC
TSPAN10	4.77772051598997e-07	14429	rwr	BC
CTAG1A	4.76734312864268e-07	14430	rwr	BC
OPCML	4.75522987901923e-07	14431	rwr	BC
OR2M7	4.75263931749349e-07	14432	rwr	BC
SDR9C7	4.75027477318743e-07	14433	rwr	BC
SPATA31A7	4.74114851766647e-07	14434	rwr	BC
MAGEE1	4.73547455612918e-07	14435	rwr	BC
C18orf21	4.73250333345321e-07	14436	rwr	BC
FCAMR	4.72803389814024e-07	14437	rwr	BC
PPP1R35	4.72726666253666e-07	14438	rwr	BC
OR52K1	4.72177323158274e-07	14439	rwr	BC
FAM98C	4.72082896228034e-07	14440	rwr	BC
RTL8B	4.72063507776152e-07	14441	rwr	BC
PBDC1	4.71879359364494e-07	14442	rwr	BC
KANK4	4.71756965027202e-07	14443	rwr	BC
RFT1	4.71435346080896e-07	14444	rwr	BC
ZNF232	4.71191749791754e-07	14445	rwr	BC
GPR35	4.71100020336971e-07	14446	rwr	BC
PPP1R32	4.71003853450543e-07	14447	rwr	BC
TSPYL4	4.7090274196641e-07	14448	rwr	BC
CALY	4.7061394494297e-07	14449	rwr	BC
ZMYM6	4.695862762849e-07	14450	rwr	BC
FMO1	4.69399876935692e-07	14451	rwr	BC
BEST2	4.69222361554206e-07	14452	rwr	BC
TSPYL1	4.68974938777145e-07	14453	rwr	BC
GPR26	4.68682919531611e-07	14454	rwr	BC
PRDM15	4.68029900639718e-07	14455	rwr	BC
SNTN	4.67596180082572e-07	14456	rwr	BC
SLC12A8	4.67389376506078e-07	14457	rwr	BC
THTPA	4.66816783828319e-07	14458	rwr	BC
ZNF230	4.66622817325796e-07	14459	rwr	BC
RBMS2	4.66578155672874e-07	14460	rwr	BC
TIGD3	4.66211897096618e-07	14461	rwr	BC
MT1G	4.66045293762156e-07	14462	rwr	BC
FMO4	4.66012765421283e-07	14463	rwr	BC
PGA4	4.65837230855146e-07	14464	rwr	BC
CBLN3	4.65458646434198e-07	14465	rwr	BC
SCAMP3	4.65425977810923e-07	14466	rwr	BC
ERICH3	4.65267950707728e-07	14467	rwr	BC
RNF24	4.65033781832543e-07	14468	rwr	BC
FMO2	4.65030430947915e-07	14469	rwr	BC
KRT35	4.64733952771994e-07	14470	rwr	BC
CLSTN3	4.64729202304153e-07	14471	rwr	BC
C1orf226	4.64434565128364e-07	14472	rwr	BC
PLAC8	4.63735710575117e-07	14473	rwr	BC
ANKH	4.63551556074211e-07	14474	rwr	BC
RWDD4	4.62168261166094e-07	14475	rwr	BC
OSBPL7	4.61819494529259e-07	14476	rwr	BC
ZNF292	4.61110300492269e-07	14477	rwr	BC
CCDC50	4.60564773722049e-07	14478	rwr	BC
NBPF3	4.60514899447356e-07	14479	rwr	BC
SVEP1	4.60487084715043e-07	14480	rwr	BC
ZNF652	4.60282583458866e-07	14481	rwr	BC
HNRNPA1P48	4.60111148994143e-07	14482	rwr	BC
LANCL2	4.59917598591909e-07	14483	rwr	BC
ZNF177	4.59565762350985e-07	14484	rwr	BC
KRT86	4.59464696051149e-07	14485	rwr	BC
STARD5	4.59172667607421e-07	14486	rwr	BC
PLEKHO2	4.59040983465418e-07	14487	rwr	BC
DCANP1	4.59015072902318e-07	14488	rwr	BC
KIAA0408	4.58996733342944e-07	14489	rwr	BC
ANGPTL5	4.586750122145e-07	14490	rwr	BC
IGSF1	4.58395189153357e-07	14491	rwr	BC
ZNF510	4.57614520348395e-07	14492	rwr	BC
URB2	4.57585157186298e-07	14493	rwr	BC
SP6	4.5739590444603e-07	14494	rwr	BC
CCDC30	4.57367660381816e-07	14495	rwr	BC
NUDT7	4.56234232563302e-07	14496	rwr	BC
ZNF664	4.56158676684947e-07	14497	rwr	BC
MTERF2	4.55877476941442e-07	14498	rwr	BC
FAM91A1	4.54866770979077e-07	14499	rwr	BC
TAS2R13	4.54788324921644e-07	14500	rwr	BC
OR2Y1	4.53717935272288e-07	14501	rwr	BC
OR51I1	4.53584603713688e-07	14502	rwr	BC
TSGA10	4.53486150289088e-07	14503	rwr	BC
SP4	4.53421605752913e-07	14504	rwr	BC
LRCH2	4.53377201394189e-07	14505	rwr	BC
HCAR3	4.53317392587334e-07	14506	rwr	BC
GBX1	4.533005214267e-07	14507	rwr	BC
H0YIV9_HUMAN	4.5318999253816e-07	14508	rwr	BC
MYEF2	4.53004337008827e-07	14509	rwr	BC
OSTF1	4.52431845455382e-07	14510	rwr	BC
STARD6	4.52333925749438e-07	14511	rwr	BC
LMAN2L	4.52317477476355e-07	14512	rwr	BC
CYP2A7	4.51007319213589e-07	14513	rwr	BC
UGT3A1	4.50982746754606e-07	14514	rwr	BC
UBTFL1	4.50539074170087e-07	14515	rwr	BC
ANKAR	4.49548331876754e-07	14516	rwr	BC
NRIP3	4.48903427016513e-07	14517	rwr	BC
PPIAL4A	4.485604145668e-07	14518	rwr	BC
LRRC4	4.47974766922643e-07	14519	rwr	BC
HNRNPCL1	4.47748947422058e-07	14520	rwr	BC
RNLS	4.4652133904365e-07	14521	rwr	BC
HS3ST3A1	4.46396850589045e-07	14522	rwr	BC
PPIAL4C	4.46054761447094e-07	14523	rwr	BC
CCDC136	4.4588556295836e-07	14524	rwr	BC
THADA	4.44909105758767e-07	14525	rwr	BC
SSX5	4.44863505111229e-07	14526	rwr	BC
ACSM3	4.44773020848667e-07	14527	rwr	BC
POM121L2	4.44596484675119e-07	14528	rwr	BC
CHURC1-FNTB	4.4446266392825e-07	14529	rwr	BC
OR51L1	4.44286931692018e-07	14530	rwr	BC
ATP8A2	4.44112010703731e-07	14531	rwr	BC
HS3ST3B1	4.4340911902201e-07	14532	rwr	BC
PPIAL4E	4.43396386137172e-07	14533	rwr	BC
PPIAL4G	4.43339804923689e-07	14534	rwr	BC
GPBP1L1	4.43215994734577e-07	14535	rwr	BC
NAP1L2	4.43208703575065e-07	14536	rwr	BC
EDIL3	4.43059030559648e-07	14537	rwr	BC
CAPN15	4.43002528403861e-07	14538	rwr	BC
F8W6W0_HUMAN	4.42764235472321e-07	14539	rwr	BC
PRUNE2	4.4263338115957e-07	14540	rwr	BC
PTPRH	4.42529104982065e-07	14541	rwr	BC
GASK1A	4.42063388792859e-07	14542	rwr	BC
TIAF1	4.41607101787965e-07	14543	rwr	BC
RNF144B	4.41507570561123e-07	14544	rwr	BC
CDKN2AIPNL	4.41212373438057e-07	14545	rwr	BC
CCDC80	4.41201539001341e-07	14546	rwr	BC
BCL2L2-PABPN1	4.41137476881192e-07	14547	rwr	BC
GLRA3	4.40118551391094e-07	14548	rwr	BC
KNCN	4.39649982747622e-07	14549	rwr	BC
NHLH1	4.39621489162612e-07	14550	rwr	BC
TSPAN6	4.3942782145751e-07	14551	rwr	BC
AVIL	4.3904660464914e-07	14552	rwr	BC
ADAMTSL1	4.38759035316378e-07	14553	rwr	BC
SETD4	4.38556059488236e-07	14554	rwr	BC
GPR108	4.38491869927021e-07	14555	rwr	BC
LRMP	4.38162514449881e-07	14556	rwr	BC
OR10A6	4.36641011425846e-07	14557	rwr	BC
OGFR	4.36225838081398e-07	14558	rwr	BC
GPR34	4.36090238240035e-07	14559	rwr	BC
KRTAP3-1	4.3597402682709e-07	14560	rwr	BC
SMIM34A	4.35719984975203e-07	14561	rwr	BC
OR2A5	4.35491391737969e-07	14562	rwr	BC
GRID1	4.35424732555872e-07	14563	rwr	BC
ST6GALNAC3	4.35354454180232e-07	14564	rwr	BC
SLC35B3	4.35260884470551e-07	14565	rwr	BC
FRRS1	4.34800304722558e-07	14566	rwr	BC
ZBTB47	4.3412383929615e-07	14567	rwr	BC
GSX2	4.34060299481346e-07	14568	rwr	BC
CHPF2	4.33280169812787e-07	14569	rwr	BC
RAB17	4.32575771545728e-07	14570	rwr	BC
OR51M1	4.3254050101732e-07	14571	rwr	BC
GKAP1	4.32514926143194e-07	14572	rwr	BC
CA5B	4.31812548703193e-07	14573	rwr	BC
DNASE2B	4.31742715061529e-07	14574	rwr	BC
TXNDC11	4.31545177030286e-07	14575	rwr	BC
RTP2	4.31042764004089e-07	14576	rwr	BC
ODF3	4.30801429226505e-07	14577	rwr	BC
OR5AU1	4.30649123814586e-07	14578	rwr	BC
MPEG1	4.30334355072024e-07	14579	rwr	BC
TPD52L3	4.30303935707542e-07	14580	rwr	BC
PIRT	4.30038735199781e-07	14581	rwr	BC
CREG1	4.29794080635576e-07	14582	rwr	BC
SCRG1	4.29437371559902e-07	14583	rwr	BC
ZNF223	4.29421002063954e-07	14584	rwr	BC
TRIM60	4.29347515332639e-07	14585	rwr	BC
ADAMTSL4	4.29301031290626e-07	14586	rwr	BC
GPANK1	4.29256655134234e-07	14587	rwr	BC
RAB34	4.28707982776037e-07	14588	rwr	BC
ZNF76	4.28501979995231e-07	14589	rwr	BC
LDOC1	4.2811079907148e-07	14590	rwr	BC
OR10G3	4.27758328290811e-07	14591	rwr	BC
BBX	4.27612203828939e-07	14592	rwr	BC
OR9G4	4.27504804227373e-07	14593	rwr	BC
MMD2	4.27183043930951e-07	14594	rwr	BC
C11orf21	4.27176966670361e-07	14595	rwr	BC
SERPINA9	4.2658437423177e-07	14596	rwr	BC
PEPD	4.26539670571526e-07	14597	rwr	BC
RAB28	4.25713960927832e-07	14598	rwr	BC
OR1D2	4.25580983500997e-07	14599	rwr	BC
ACSM2B	4.2556230269777e-07	14600	rwr	BC
DMRT2	4.25422848368247e-07	14601	rwr	BC
ZNF277	4.25003388480712e-07	14602	rwr	BC
METTL6	4.24823495588317e-07	14603	rwr	BC
MGAT4D	4.24793255162689e-07	14604	rwr	BC
OR6C1	4.24403712139888e-07	14605	rwr	BC
TSNAXIP1	4.23991422874706e-07	14606	rwr	BC
ACSM2A	4.23692070272412e-07	14607	rwr	BC
OR8G1	4.23599912449844e-07	14608	rwr	BC
CA5A	4.23499419412965e-07	14609	rwr	BC
OR51I2	4.23338002820326e-07	14610	rwr	BC
CCDC38	4.23181870871402e-07	14611	rwr	BC
OR5M10	4.23047689844927e-07	14612	rwr	BC
CDRT1	4.22742109884147e-07	14613	rwr	BC
TMEM242	4.22734339341405e-07	14614	rwr	BC
CNMD	4.22698829083973e-07	14615	rwr	BC
CLUH	4.2267943048929e-07	14616	rwr	BC
OR2AP1	4.22664483282301e-07	14617	rwr	BC
PABPN1L	4.22663206953963e-07	14618	rwr	BC
DEFB132	4.22539292631342e-07	14619	rwr	BC
GOLGA8B	4.22514194399989e-07	14620	rwr	BC
MOSPD1	4.22476404843104e-07	14621	rwr	BC
SBSN	4.22247858201723e-07	14622	rwr	BC
SLC5A4	4.22207823175422e-07	14623	rwr	BC
OR5AN1	4.2189807015705e-07	14624	rwr	BC
U3KQK5_HUMAN	4.21732638523696e-07	14625	rwr	BC
SMAP2	4.21717121250542e-07	14626	rwr	BC
OR5P3	4.21640652136988e-07	14627	rwr	BC
PRSS33	4.21017690971953e-07	14628	rwr	BC
KCNS2	4.20800924155691e-07	14629	rwr	BC
ZNF75D	4.20400633051956e-07	14630	rwr	BC
GOLGA8A	4.20275708601843e-07	14631	rwr	BC
OR11A1	4.2024334932061e-07	14632	rwr	BC
RBM24	4.19540555856972e-07	14633	rwr	BC
C12orf49	4.19509263234789e-07	14634	rwr	BC
SLC7A13	4.19381546111841e-07	14635	rwr	BC
NPBWR2	4.19217054864339e-07	14636	rwr	BC
OR5M1	4.18969888068482e-07	14637	rwr	BC
OR7E24	4.18500226506399e-07	14638	rwr	BC
CALHM3	4.18259492978677e-07	14639	rwr	BC
KRT81	4.18034905481231e-07	14640	rwr	BC
REP15	4.17836437030241e-07	14641	rwr	BC
ST6GAL1	4.17658706754971e-07	14642	rwr	BC
OR6C2	4.17645197524526e-07	14643	rwr	BC
OR52A5	4.17609971816897e-07	14644	rwr	BC
MEIS3	4.17521875528593e-07	14645	rwr	BC
ZNF296	4.17353593551594e-07	14646	rwr	BC
PRR13	4.1717965761998e-07	14647	rwr	BC
SIGLEC8	4.15054154901947e-07	14648	rwr	BC
OR5A1	4.14335969730496e-07	14649	rwr	BC
ZNF17	4.13943917593889e-07	14650	rwr	BC
OR56A4	4.13913429624766e-07	14651	rwr	BC
ZNF227	4.1289463009682e-07	14652	rwr	BC
OR5A2	4.12679301915743e-07	14653	rwr	BC
RGPD4	4.11598941517838e-07	14654	rwr	BC
CRYGB	4.11193425229066e-07	14655	rwr	BC
XKR6	4.10875541930843e-07	14656	rwr	BC
COTL1	4.1072662626177e-07	14657	rwr	BC
CLEC12B	4.09559132148929e-07	14658	rwr	BC
OR5L1	4.09538876285154e-07	14659	rwr	BC
SLC24A1	4.09410018026483e-07	14660	rwr	BC
KLRF2	4.08923013542769e-07	14661	rwr	BC
OR7D4	4.0855827263957e-07	14662	rwr	BC
CNEP1R1	4.07779218189735e-07	14663	rwr	BC
OTOL1	4.07668546802674e-07	14664	rwr	BC
REG4	4.07554766402231e-07	14665	rwr	BC
KIF12	4.07508700649296e-07	14666	rwr	BC
HEPHL1	4.07390478666446e-07	14667	rwr	BC
ELK3	4.07258176807003e-07	14668	rwr	BC
SULT4A1	4.06771363863787e-07	14669	rwr	BC
OR7C1	4.06561625761921e-07	14670	rwr	BC
OR7A5	4.06522292218815e-07	14671	rwr	BC
MCRIP2	4.05606907869563e-07	14672	rwr	BC
TMIGD1	4.05414718310428e-07	14673	rwr	BC
DEFB103B	4.0540869859033e-07	14674	rwr	BC
SLC7A4	4.04637603794049e-07	14675	rwr	BC
ADAMTS6	4.04142438715193e-07	14676	rwr	BC
DEFB128	4.04085747563963e-07	14677	rwr	BC
BPIFB6	4.03835043281084e-07	14678	rwr	BC
PKDCC	4.03587723904132e-07	14679	rwr	BC
FKBP14	4.03374834231203e-07	14680	rwr	BC
TCAF1	4.02994965525953e-07	14681	rwr	BC
CCDC74A	4.02747869371344e-07	14682	rwr	BC
SYTL3	4.02691538999771e-07	14683	rwr	BC
IGDCC3	4.0181107016521e-07	14684	rwr	BC
TRHDE	4.01617740309618e-07	14685	rwr	BC
ZNF146	4.01461350211498e-07	14686	rwr	BC
OR51G2	4.01152027108499e-07	14687	rwr	BC
SLC35C2	4.01043395818087e-07	14688	rwr	BC
MS4A8	4.00508873835985e-07	14689	rwr	BC
TAS2R9	4.0023547759436e-07	14690	rwr	BC
CEACAM16	3.99651454698489e-07	14691	rwr	BC
CPTP	3.99403109883591e-07	14692	rwr	BC
FBLN7	3.99307805566439e-07	14693	rwr	BC
SWAP70	3.98898296959389e-07	14694	rwr	BC
KRT83	3.98678909938786e-07	14695	rwr	BC
CARNMT1	3.98629595354054e-07	14696	rwr	BC
ZC3HAV1L	3.98351631788265e-07	14697	rwr	BC
CCDC63	3.97885997945043e-07	14698	rwr	BC
RAB20	3.97359357858762e-07	14699	rwr	BC
OR51B6	3.97186224213528e-07	14700	rwr	BC
SH3BGRL3	3.96637078871497e-07	14701	rwr	BC
OR2V1	3.96454549809423e-07	14702	rwr	BC
HIGD1B	3.95835561022386e-07	14703	rwr	BC
CCDC73	3.95608353718196e-07	14704	rwr	BC
SOBP	3.9508514300357e-07	14705	rwr	BC
OR10H4	3.95010125536692e-07	14706	rwr	BC
MYMX	3.94915179525356e-07	14707	rwr	BC
GJC3	3.94811293951717e-07	14708	rwr	BC
C1RL	3.94714484391357e-07	14709	rwr	BC
KRT25	3.94616730886153e-07	14710	rwr	BC
DNASE1	3.94159018429404e-07	14711	rwr	BC
SCGB1D1	3.94023856300965e-07	14712	rwr	BC
MAP9	3.93911506701249e-07	14713	rwr	BC
OR4F16	3.9382689396138e-07	14714	rwr	BC
POTEC	3.93708868399985e-07	14715	rwr	BC
CRIP1	3.93614384203627e-07	14716	rwr	BC
EML6	3.93111132433824e-07	14717	rwr	BC
OR6C75	3.93013478659043e-07	14718	rwr	BC
OR2K2	3.92714780117563e-07	14719	rwr	BC
TATDN2	3.92387971042027e-07	14720	rwr	BC
PTPRT	3.92107606959866e-07	14721	rwr	BC
MARC1	3.91276359004715e-07	14722	rwr	BC
HINT3	3.91025053521038e-07	14723	rwr	BC
MEIG1	3.90584239651597e-07	14724	rwr	BC
PNCK	3.90164067525238e-07	14725	rwr	BC
LRP10	3.90053515361668e-07	14726	rwr	BC
FITM2	3.8974291931224e-07	14727	rwr	BC
ZNF91	3.89506750251371e-07	14728	rwr	BC
METTL9	3.89355777927885e-07	14729	rwr	BC
HSD17B13	3.89147994406898e-07	14730	rwr	BC
SMIM6	3.89071242115268e-07	14731	rwr	BC
TANGO6	3.88938238085916e-07	14732	rwr	BC
R3HDML	3.88805091595595e-07	14733	rwr	BC
CMAS	3.88061767986846e-07	14734	rwr	BC
OR5P2	3.87915739693909e-07	14735	rwr	BC
OPN5	3.87864835278758e-07	14736	rwr	BC
C6orf226	3.87083324637649e-07	14737	rwr	BC
DEFB116	3.87034350152929e-07	14738	rwr	BC
MISP	3.86610747350842e-07	14739	rwr	BC
PPIAL4F	3.86095301362959e-07	14740	rwr	BC
TGM5	3.85713535223002e-07	14741	rwr	BC
SPRYD4	3.85264632952202e-07	14742	rwr	BC
HS1BP3	3.85236264745975e-07	14743	rwr	BC
KRTAP4-7	3.84989267611478e-07	14744	rwr	BC
TMPRSS11D	3.84723089132733e-07	14745	rwr	BC
PPIAL4D	3.84305258424474e-07	14746	rwr	BC
KIF6	3.84222489183622e-07	14747	rwr	BC
GGACT	3.84128151966459e-07	14748	rwr	BC
TBC1D22A	3.83759464893012e-07	14749	rwr	BC
GPR89A	3.82614773488758e-07	14750	rwr	BC
BPIFB2	3.8245173633166e-07	14751	rwr	BC
HHLA1	3.8214786457277e-07	14752	rwr	BC
ERFE	3.82118677734101e-07	14753	rwr	BC
GGTLC3	3.81072258630269e-07	14754	rwr	BC
C16orf70	3.80991448602197e-07	14755	rwr	BC
ZXDA	3.80074722126407e-07	14756	rwr	BC
PLVAP	3.79787013359483e-07	14757	rwr	BC
LHFPL3	3.79532433521987e-07	14758	rwr	BC
OR10A4	3.78558748552099e-07	14759	rwr	BC
SNX25	3.78508418468112e-07	14760	rwr	BC
C6orf120	3.78431354201332e-07	14761	rwr	BC
RASL10B	3.78018975707045e-07	14762	rwr	BC
KRTAP9-3	3.77136676630748e-07	14763	rwr	BC
INSYN1	3.75088338506087e-07	14764	rwr	BC
PSORS1C2	3.74261166400525e-07	14765	rwr	BC
FTCDNL1	3.72496871367089e-07	14766	rwr	BC
NIPSNAP3A	3.72386312838088e-07	14767	rwr	BC
MTRNR2L10	3.71924737693014e-07	14768	rwr	BC
MKRN2	3.71921366956053e-07	14769	rwr	BC
SLC9C2	3.71603362441148e-07	14770	rwr	BC
PNMA8A	3.71429693545327e-07	14771	rwr	BC
TRIM73	3.71234281983336e-07	14772	rwr	BC
ADAM33	3.71045392168173e-07	14773	rwr	BC
SNED1	3.71000470712152e-07	14774	rwr	BC
NUCB1	3.70417331170445e-07	14775	rwr	BC
C8orf37	3.70355797779864e-07	14776	rwr	BC
PRR4	3.70286926501766e-07	14777	rwr	BC
TRIM74	3.70278723985953e-07	14778	rwr	BC
LARP1B	3.70260667974682e-07	14779	rwr	BC
AMY1A	3.69860079160505e-07	14780	rwr	BC
PDCD2	3.69655210850197e-07	14781	rwr	BC
GPRASP2	3.69491252391907e-07	14782	rwr	BC
ATP13A3	3.67541022063791e-07	14783	rwr	BC
RHBDL1	3.67443701077507e-07	14784	rwr	BC
HSD17B14	3.67200064462974e-07	14785	rwr	BC
OR52D1	3.67025014447315e-07	14786	rwr	BC
ZCCHC10	3.66608950344207e-07	14787	rwr	BC
C1orf116	3.66600452870112e-07	14788	rwr	BC
DENND4C	3.66518724234862e-07	14789	rwr	BC
IGSF11	3.65867046334668e-07	14790	rwr	BC
BNC2	3.65481459892264e-07	14791	rwr	BC
NIPSNAP3B	3.64786703037294e-07	14792	rwr	BC
STYK1	3.63872497343489e-07	14793	rwr	BC
KCNK15	3.63581700196881e-07	14794	rwr	BC
FAM111A	3.63348891023744e-07	14795	rwr	BC
TRIM16L	3.63337891931261e-07	14796	rwr	BC
SLC52A1	3.62693922645647e-07	14797	rwr	BC
CEMIP2	3.62367542955551e-07	14798	rwr	BC
MEIOC	3.61267697718648e-07	14799	rwr	BC
ZNF18	3.6112094118972e-07	14800	rwr	BC
ASIC5	3.61054991923594e-07	14801	rwr	BC
KIAA1109	3.59339611270004e-07	14802	rwr	BC
TFPI2	3.58732612277363e-07	14803	rwr	BC
PRR9	3.58414385535358e-07	14804	rwr	BC
OR51B2	3.57943472554421e-07	14805	rwr	BC
PRR20B	3.57844644830193e-07	14806	rwr	BC
PRR20C	3.57844644830193e-07	14807	rwr	BC
PRR20D	3.57844644830193e-07	14808	rwr	BC
PRR20E	3.57844644830193e-07	14809	rwr	BC
MT1M	3.57598066481239e-07	14810	rwr	BC
TSPAN7	3.57307259743072e-07	14811	rwr	BC
CHST9	3.56952277649964e-07	14812	rwr	BC
DENND2A	3.56819864613041e-07	14813	rwr	BC
MPPED1	3.56663329277752e-07	14814	rwr	BC
CTAGE1	3.54842930872198e-07	14815	rwr	BC
GPATCH3	3.54783765651209e-07	14816	rwr	BC
ZNF362	3.53650150680391e-07	14817	rwr	BC
SERPINB10	3.5362881329123e-07	14818	rwr	BC
ASTE1	3.53023812193027e-07	14819	rwr	BC
TSPO2	3.52770848133752e-07	14820	rwr	BC
TPRX1	3.52698702901322e-07	14821	rwr	BC
CES5A	3.52526172916902e-07	14822	rwr	BC
NKAIN4	3.51673117582307e-07	14823	rwr	BC
BPIFB4	3.51407362582221e-07	14824	rwr	BC
KRTAP9-4	3.50040082597278e-07	14825	rwr	BC
LRRC39	3.49854659598459e-07	14826	rwr	BC
TAFA4	3.4962458018261e-07	14827	rwr	BC
PRSS50	3.4952535960195e-07	14828	rwr	BC
CNRIP1	3.49439435641972e-07	14829	rwr	BC
OR10A2	3.48859940531107e-07	14830	rwr	BC
BCDIN3D	3.48701642830855e-07	14831	rwr	BC
PDILT	3.48413819157081e-07	14832	rwr	BC
GRID2IP	3.48307142828931e-07	14833	rwr	BC
KRT31	3.48196873409812e-07	14834	rwr	BC
SLC33A1	3.47953368340124e-07	14835	rwr	BC
AQP6	3.47895640104502e-07	14836	rwr	BC
OTOA	3.47312115445341e-07	14837	rwr	BC
LRP2BP	3.46851993260409e-07	14838	rwr	BC
PIM3	3.46158308257031e-07	14839	rwr	BC
STK33	3.46077732211652e-07	14840	rwr	BC
DEFB125	3.45839827403671e-07	14841	rwr	BC
PNMA6A	3.45829902636814e-07	14842	rwr	BC
MMP19	3.45745368783875e-07	14843	rwr	BC
C1QTNF8	3.45510408491566e-07	14844	rwr	BC
CFAP47	3.45299434840859e-07	14845	rwr	BC
ZBTB40	3.44846613146202e-07	14846	rwr	BC
HMCN1	3.44473140470986e-07	14847	rwr	BC
PXDC1	3.43637819302131e-07	14848	rwr	BC
PPP1R14B	3.4350543571037e-07	14849	rwr	BC
MT1HL1	3.42507219861384e-07	14850	rwr	BC
C7orf61	3.42037200978493e-07	14851	rwr	BC
DENND4A	3.41862872151792e-07	14852	rwr	BC
LAIR2	3.41570209672924e-07	14853	rwr	BC
KLHL36	3.40993995912453e-07	14854	rwr	BC
ADGRA3	3.4085596349304e-07	14855	rwr	BC
TM9SF4	3.40446963090714e-07	14856	rwr	BC
CCDC51	3.40422681886964e-07	14857	rwr	BC
SPHKAP	3.3945370567613e-07	14858	rwr	BC
SNX22	3.3921311872114e-07	14859	rwr	BC
RTP1	3.38388288084248e-07	14860	rwr	BC
ARHGEF37	3.37935853360983e-07	14861	rwr	BC
C7orf25	3.37188492077112e-07	14862	rwr	BC
SLCO4C1	3.36627579757649e-07	14863	rwr	BC
GPA33	3.36089814189227e-07	14864	rwr	BC
AGR3	3.35414070969533e-07	14865	rwr	BC
C3orf14	3.35256732315041e-07	14866	rwr	BC
KIZ	3.34685774482468e-07	14867	rwr	BC
PROCA1	3.34634341196035e-07	14868	rwr	BC
COL24A1	3.3457331934146e-07	14869	rwr	BC
CLRN3	3.33860433339125e-07	14870	rwr	BC
BLID	3.33720001147512e-07	14871	rwr	BC
PPP1R3G	3.3364065007451e-07	14872	rwr	BC
KLHL28	3.33167787784976e-07	14873	rwr	BC
SYT17	3.32681418791788e-07	14874	rwr	BC
ESYT3	3.31709424490791e-07	14875	rwr	BC
VWC2	3.30667548549327e-07	14876	rwr	BC
SPEM1	3.30588128773662e-07	14877	rwr	BC
RBM18	3.3013579616355e-07	14878	rwr	BC
PHYHIP	3.30106413760315e-07	14879	rwr	BC
MARCHF4	3.29768465119415e-07	14880	rwr	BC
THUMPD1	3.28958918085029e-07	14881	rwr	BC
RRH	3.28730304267858e-07	14882	rwr	BC
ZCCHC17	3.28667547323683e-07	14883	rwr	BC
CCDC88B	3.28304790808229e-07	14884	rwr	BC
MFSD4B	3.27658540577835e-07	14885	rwr	BC
CCDC86	3.27422277640852e-07	14886	rwr	BC
KCNK16	3.26733574105375e-07	14887	rwr	BC
CPM	3.26217812237609e-07	14888	rwr	BC
HS3ST2	3.26067249972821e-07	14889	rwr	BC
ZFP62	3.25255797394317e-07	14890	rwr	BC
AEN	3.24324196484671e-07	14891	rwr	BC
ZBED9	3.24211860720161e-07	14892	rwr	BC
SLC2A8	3.2359913245552e-07	14893	rwr	BC
QRICH2	3.23368186760284e-07	14894	rwr	BC
OR10G7	3.23319293073859e-07	14895	rwr	BC
TRMT9B	3.23269611728736e-07	14896	rwr	BC
TAGLN3	3.22262721505411e-07	14897	rwr	BC
DNHD1	3.21908172473073e-07	14898	rwr	BC
SNX11	3.20040347167075e-07	14899	rwr	BC
GGTLC1	3.19914367179534e-07	14900	rwr	BC
TINCR	3.19882348676384e-07	14901	rwr	BC
MARCHF9	3.19516595737464e-07	14902	rwr	BC
TPGS1	3.19227812960411e-07	14903	rwr	BC
NPTX1	3.19159646053618e-07	14904	rwr	BC
LRRC37A2	3.19066860250655e-07	14905	rwr	BC
CORIN	3.18995677190793e-07	14906	rwr	BC
SLC15A4	3.18782348359506e-07	14907	rwr	BC
TMPRSS11E	3.18317503086613e-07	14908	rwr	BC
NEK4	3.18150915033794e-07	14909	rwr	BC
DDT	3.17750347841998e-07	14910	rwr	BC
CRELD1	3.17233442897134e-07	14911	rwr	BC
GPR152	3.17230119441096e-07	14912	rwr	BC
KHDC1L	3.17044792672559e-07	14913	rwr	BC
BHLHE22	3.16395105401089e-07	14914	rwr	BC
TTC32	3.15831550348049e-07	14915	rwr	BC
AGBL2	3.15770383187511e-07	14916	rwr	BC
ARSI	3.15739588032107e-07	14917	rwr	BC
GIMAP1-GIMAP5	3.15703707944288e-07	14918	rwr	BC
NOTCH2NLA	3.15549336285287e-07	14919	rwr	BC
ZSWIM5	3.15470875201965e-07	14920	rwr	BC
SLITRK5	3.14928146085485e-07	14921	rwr	BC
IQCH	3.14811669772577e-07	14922	rwr	BC
ZFP37	3.14787623927375e-07	14923	rwr	BC
NOTCH2NLB	3.14204665818162e-07	14924	rwr	BC
TMCO6	3.1390711366768e-07	14925	rwr	BC
TMEM37	3.13781904703962e-07	14926	rwr	BC
HOMEZ	3.13550130830086e-07	14927	rwr	BC
MSRB3	3.13269590986776e-07	14928	rwr	BC
IGSF9B	3.1305114250594e-07	14929	rwr	BC
ACOD1	3.12863036719354e-07	14930	rwr	BC
ARAP2	3.12796179968536e-07	14931	rwr	BC
FAM193A	3.12525502349713e-07	14932	rwr	BC
C1QL1	3.1247294886977e-07	14933	rwr	BC
MANEA	3.12278747113239e-07	14934	rwr	BC
SLC13A3	3.1204334329722e-07	14935	rwr	BC
RAB6C	3.11731840965861e-07	14936	rwr	BC
CCDC174	3.11599416607622e-07	14937	rwr	BC
EVX2	3.11209089777177e-07	14938	rwr	BC
CPN2	3.10296177368196e-07	14939	rwr	BC
FBXO39	3.09192444781442e-07	14940	rwr	BC
SLC41A3	3.08492963705394e-07	14941	rwr	BC
KIAA1257	3.08056414960023e-07	14942	rwr	BC
CNTNAP3	3.08045736716324e-07	14943	rwr	BC
THG1L	3.07963811236188e-07	14944	rwr	BC
OR4D2	3.0782418792635e-07	14945	rwr	BC
EMILIN2	3.07717361419525e-07	14946	rwr	BC
CMC1	3.06992212662705e-07	14947	rwr	BC
SUMF2	3.0650348407356e-07	14948	rwr	BC
MARCHF3	3.06237229439355e-07	14949	rwr	BC
ACSM5	3.05644131409661e-07	14950	rwr	BC
HILPDA	3.05618224119127e-07	14951	rwr	BC
ASCL4	3.05051519157666e-07	14952	rwr	BC
ACSM4	3.04881124686185e-07	14953	rwr	BC
DMAC1	3.04684869177908e-07	14954	rwr	BC
F8VP50_HUMAN	3.04656607549422e-07	14955	rwr	BC
SLC27A6	3.04645415232758e-07	14956	rwr	BC
TTC3	3.04487467052112e-07	14957	rwr	BC
ACSM6	3.04422057327365e-07	14958	rwr	BC
RNASE4	3.04019512443324e-07	14959	rwr	BC
TAS2R10	3.03717434646517e-07	14960	rwr	BC
KAAG1	3.03369705728108e-07	14961	rwr	BC
WDR66	3.03037854262095e-07	14962	rwr	BC
SLC25A39	3.02747713867468e-07	14963	rwr	BC
TBRG1	3.02688535909564e-07	14964	rwr	BC
C1QL2	3.02588854082288e-07	14965	rwr	BC
ZKSCAN8	3.02357199078017e-07	14966	rwr	BC
OR8D2	3.02266504670257e-07	14967	rwr	BC
PHACTR2	3.01953809204033e-07	14968	rwr	BC
DEFB121	3.01585688521262e-07	14969	rwr	BC
TP53I11	3.00904853837609e-07	14970	rwr	BC
SLC35A3	3.00778630677618e-07	14971	rwr	BC
PHACTR4	3.00665337022694e-07	14972	rwr	BC
TMEM159	3.0065911541749e-07	14973	rwr	BC
CALN1	3.00408165618947e-07	14974	rwr	BC
SLC25A29	3.00348095859113e-07	14975	rwr	BC
RAB15	3.00230208446542e-07	14976	rwr	BC
OR2T34	3.00176382015136e-07	14977	rwr	BC
CCDC18	2.99890926349066e-07	14978	rwr	BC
ANKRD40CL	2.99295181082677e-07	14979	rwr	BC
LYPD1	2.97990758000104e-07	14980	rwr	BC
SCYL2	2.97744038565204e-07	14981	rwr	BC
MTRNR2L7	2.97193511902343e-07	14982	rwr	BC
SLURP2	2.97068826802781e-07	14983	rwr	BC
CCDC160	2.962767389456e-07	14984	rwr	BC
SNX16	2.95879878081305e-07	14985	rwr	BC
KCNG3	2.94705867802693e-07	14986	rwr	BC
FAT2	2.94196186554777e-07	14987	rwr	BC
ICA1L	2.94145030888182e-07	14988	rwr	BC
RNF207	2.93968638005274e-07	14989	rwr	BC
ARSH	2.93869611477833e-07	14990	rwr	BC
DEFB124	2.93058564011077e-07	14991	rwr	BC
RAB30	2.9283353981632e-07	14992	rwr	BC
MFSD5	2.92815407731687e-07	14993	rwr	BC
FUCA2	2.92519621644472e-07	14994	rwr	BC
A3GALT2	2.92519222825643e-07	14995	rwr	BC
ST6GAL2	2.92413442412455e-07	14996	rwr	BC
CLYBL	2.91794277111752e-07	14997	rwr	BC
ZC2HC1C	2.91635901697279e-07	14998	rwr	BC
PPIAL4H	2.915509692999e-07	14999	rwr	BC
MTRNR2L11	2.91301800406236e-07	15000	rwr	BC
TBC1D16	2.90639551559833e-07	15001	rwr	BC
NXPH2	2.90531400730585e-07	15002	rwr	BC
ZNF79	2.90503492983008e-07	15003	rwr	BC
TAS2R8	2.89635699004318e-07	15004	rwr	BC
CDHR3	2.89572337093588e-07	15005	rwr	BC
OR51Q1	2.89313519298554e-07	15006	rwr	BC
ZNF37A	2.8913372109269e-07	15007	rwr	BC
TTLL4	2.88981121702286e-07	15008	rwr	BC
NXPH4	2.88913742597341e-07	15009	rwr	BC
NIPAL1	2.88826791453226e-07	15010	rwr	BC
EFHD1	2.88751658782861e-07	15011	rwr	BC
AKIRIN1	2.88712619605227e-07	15012	rwr	BC
ZSCAN1	2.88191908930381e-07	15013	rwr	BC
TSHZ1	2.87890586142121e-07	15014	rwr	BC
CGB1	2.87889987877357e-07	15015	rwr	BC
CA13	2.8729128146462e-07	15016	rwr	BC
IL1RAPL2	2.87239455553975e-07	15017	rwr	BC
PRRG1	2.87028263632268e-07	15018	rwr	BC
ARL11	2.86879024724379e-07	15019	rwr	BC
MBD3L3	2.86827500467096e-07	15020	rwr	BC
SPIC	2.86303149906736e-07	15021	rwr	BC
HHLA3	2.86273383560892e-07	15022	rwr	BC
CA14	2.85945654853544e-07	15023	rwr	BC
LVRN	2.85855471533333e-07	15024	rwr	BC
PLPPR4	2.85639341160569e-07	15025	rwr	BC
NUP210L	2.85406894524781e-07	15026	rwr	BC
CCDC116	2.85300051552599e-07	15027	rwr	BC
NPIPA1	2.85049955389658e-07	15028	rwr	BC
KIAA0556	2.8448130870955e-07	15029	rwr	BC
SALL3	2.84422246339308e-07	15030	rwr	BC
MTRNR2L5	2.84318923366089e-07	15031	rwr	BC
PACRGL	2.84267569633221e-07	15032	rwr	BC
FAHD2B	2.84106929459217e-07	15033	rwr	BC
OR52E8	2.84087139763016e-07	15034	rwr	BC
TMEM19	2.83897631631149e-07	15035	rwr	BC
DEFB113	2.83740852266402e-07	15036	rwr	BC
OR10V1	2.82968818714905e-07	15037	rwr	BC
OR8K5	2.82586428419345e-07	15038	rwr	BC
SLFN12	2.8229248131469e-07	15039	rwr	BC
SLC38A4	2.82027621978541e-07	15040	rwr	BC
FOXJ2	2.81997913977055e-07	15041	rwr	BC
SPINT4	2.81914932264503e-07	15042	rwr	BC
OR10G8	2.81821647828224e-07	15043	rwr	BC
CABP2	2.81694491729009e-07	15044	rwr	BC
GPRC5C	2.81658551315523e-07	15045	rwr	BC
SLC2A11-2	2.81502742425171e-07	15046	rwr	BC
GPRC5A	2.80982300291957e-07	15047	rwr	BC
SYNPO2L	2.80514658238493e-07	15048	rwr	BC
SPINK14	2.80305459232349e-07	15049	rwr	BC
OR2T11	2.7990969635042e-07	15050	rwr	BC
EMID1	2.7919276313062e-07	15051	rwr	BC
LELP1	2.78665861348316e-07	15052	rwr	BC
SLTM	2.77886472249661e-07	15053	rwr	BC
SFSWAP	2.77279527989737e-07	15054	rwr	BC
RNASE8	2.77248563473113e-07	15055	rwr	BC
OR11H12	2.77232964281495e-07	15056	rwr	BC
NXPH3	2.76943072411337e-07	15057	rwr	BC
TTC12	2.76192992803812e-07	15058	rwr	BC
TSGA10IP	2.75651144557951e-07	15059	rwr	BC
OR8B8	2.75591513699529e-07	15060	rwr	BC
NKX2-6	2.75360849250145e-07	15061	rwr	BC
SPANXN4	2.75290798724952e-07	15062	rwr	BC
OR13H1	2.73923023627477e-07	15063	rwr	BC
PLAC9	2.73850474699782e-07	15064	rwr	BC
OR11H1	2.73026671030328e-07	15065	rwr	BC
ZNF2	2.72760624271984e-07	15066	rwr	BC
TMIGD3	2.7254454184577e-07	15067	rwr	BC
SYT12	2.7233518031191e-07	15068	rwr	BC
MACO1	2.71781987743374e-07	15069	rwr	BC
SYT13	2.71766566384957e-07	15070	rwr	BC
ZNF320	2.71258213612737e-07	15071	rwr	BC
DNAH6	2.71251626804426e-07	15072	rwr	BC
PITPNB	2.71182095526958e-07	15073	rwr	BC
PTCD2	2.70339871728106e-07	15074	rwr	BC
CA10	2.69929728475865e-07	15075	rwr	BC
KRT85	2.69838374418598e-07	15076	rwr	BC
PRAMEF17	2.69587285906768e-07	15077	rwr	BC
ZNF77	2.69550168129182e-07	15078	rwr	BC
KRTAP20-4	2.6936591031879e-07	15079	rwr	BC
CLK4	2.6905969370848e-07	15080	rwr	BC
DEFB115	2.68845081161141e-07	15081	rwr	BC
OR11H2	2.6882037777916e-07	15082	rwr	BC
AGBL4	2.6856255012305e-07	15083	rwr	BC
SLC9B1	2.68322664431158e-07	15084	rwr	BC
CPED1	2.68012552258869e-07	15085	rwr	BC
CBLN2	2.67955799920225e-07	15086	rwr	BC
PACC1	2.67732119331394e-07	15087	rwr	BC
SHD	2.66862013457572e-07	15088	rwr	BC
TMEM79	2.66844366200913e-07	15089	rwr	BC
FRMD8	2.66635716959691e-07	15090	rwr	BC
OXLD1	2.65950538246594e-07	15091	rwr	BC
TBCEL	2.65797831288491e-07	15092	rwr	BC
SLC25A43	2.65591127844139e-07	15093	rwr	BC
SLC25A47	2.65591127844139e-07	15094	rwr	BC
SNX13	2.64763456439323e-07	15095	rwr	BC
KRT24	2.64568670131777e-07	15096	rwr	BC
C1orf50	2.6449478279299e-07	15097	rwr	BC
PAMR1	2.64126427360943e-07	15098	rwr	BC
LRRIQ3	2.64021079490286e-07	15099	rwr	BC
VIT	2.63973642290886e-07	15100	rwr	BC
MFSD10	2.63554125855691e-07	15101	rwr	BC
EDRF1	2.63540529866413e-07	15102	rwr	BC
FXYD3	2.6339547497442e-07	15103	rwr	BC
STAC2	2.63211297115025e-07	15104	rwr	BC
QPCTL	2.6320006070344e-07	15105	rwr	BC
FER1L5	2.62877622570183e-07	15106	rwr	BC
UNK	2.60889107642165e-07	15107	rwr	BC
DYNAP	2.6073867118438e-07	15108	rwr	BC
GFY	2.6073867118438e-07	15109	rwr	BC
RIPOR3	2.6073867118438e-07	15110	rwr	BC
ZBTB25	2.60433158906609e-07	15111	rwr	BC
SMIM3	2.60152196267166e-07	15112	rwr	BC
TBC1D2	2.59601707270681e-07	15113	rwr	BC
MORN5	2.59532094795177e-07	15114	rwr	BC
DEFB123	2.59201378070984e-07	15115	rwr	BC
VCX3B	2.58944323705759e-07	15116	rwr	BC
SP9	2.58724258192808e-07	15117	rwr	BC
B4GALT5	2.5793602667252e-07	15118	rwr	BC
GPR151	2.57874525125723e-07	15119	rwr	BC
METTL27	2.57363472742246e-07	15120	rwr	BC
UCMA	2.57153748966386e-07	15121	rwr	BC
HCAR1	2.57086320946962e-07	15122	rwr	BC
KIAA2026	2.56807004469637e-07	15123	rwr	BC
SLC37A3	2.56270074562851e-07	15124	rwr	BC
CBWD1	2.56255531318147e-07	15125	rwr	BC
CUTC	2.55990748028004e-07	15126	rwr	BC
CAMSAP2	2.54296669943706e-07	15127	rwr	BC
ZBED8	2.5369803747895e-07	15128	rwr	BC
NAV2	2.53607770760953e-07	15129	rwr	BC
LCN9	2.5270498771795e-07	15130	rwr	BC
DPEP3	2.52556417781851e-07	15131	rwr	BC
DBR1	2.51481196423262e-07	15132	rwr	BC
ADGRA1	2.51175063700195e-07	15133	rwr	BC
CRCT1	2.50634935532855e-07	15134	rwr	BC
ABHD8	2.50333957058034e-07	15135	rwr	BC
KRT82	2.50053717639647e-07	15136	rwr	BC
M1AP	2.49743064400492e-07	15137	rwr	BC
SPATA4	2.49653852092592e-07	15138	rwr	BC
CLEC18B	2.49243685261332e-07	15139	rwr	BC
CLEC18C	2.49243685261332e-07	15140	rwr	BC
CRISP1	2.49243685261332e-07	15141	rwr	BC
CRISPLD1	2.49243685261332e-07	15142	rwr	BC
CRISPLD2	2.49243685261332e-07	15143	rwr	BC
GLIPR1L1	2.49243685261332e-07	15144	rwr	BC
GLIPR1L2	2.49243685261332e-07	15145	rwr	BC
PI15	2.49243685261332e-07	15146	rwr	BC
ARSJ	2.4913179233272e-07	15147	rwr	BC
HS3ST6	2.48000092300991e-07	15148	rwr	BC
MEGF11	2.46996473417235e-07	15149	rwr	BC
MTRNR2L4	2.46980296287879e-07	15150	rwr	BC
XAGE1A	2.46333274944915e-07	15151	rwr	BC
NAV3	2.4591208668269e-07	15152	rwr	BC
TXNDC16	2.44850382151069e-07	15153	rwr	BC
WDR93	2.44754655113818e-07	15154	rwr	BC
PRRC1	2.4451775447489e-07	15155	rwr	BC
OR51G1	2.43125306279005e-07	15156	rwr	BC
OR52R1	2.42929035491373e-07	15157	rwr	BC
KCTD16	2.42903745112794e-07	15158	rwr	BC
SERPINA11	2.42825984335838e-07	15159	rwr	BC
HEPACAM	2.41012306682842e-07	15160	rwr	BC
OR14I1	2.40705176530632e-07	15161	rwr	BC
SLC25A14	2.40330064296053e-07	15162	rwr	BC
ARMC1	2.39767794025784e-07	15163	rwr	BC
SLC2A13	2.3942018967598e-07	15164	rwr	BC
OR8B3	2.39196070903239e-07	15165	rwr	BC
ZSCAN18	2.3865659611748e-07	15166	rwr	BC
OR6F1	2.38325323090357e-07	15167	rwr	BC
SIPA1L3	2.38212005421214e-07	15168	rwr	BC
ATP13A1	2.37092333633733e-07	15169	rwr	BC
DEFB131A	2.37043460466128e-07	15170	rwr	BC
ADGRE1	2.36930975439877e-07	15171	rwr	BC
CFAP300	2.36324739785496e-07	15172	rwr	BC
TAS2R20	2.36165755994027e-07	15173	rwr	BC
PAQR9	2.36106233608531e-07	15174	rwr	BC
GABRR3	2.35565807757162e-07	15175	rwr	BC
ABHD17A	2.35428817388357e-07	15176	rwr	BC
DEFB134	2.35287049931016e-07	15177	rwr	BC
OR5B12	2.34636880549572e-07	15178	rwr	BC
OR5B2	2.34636880549572e-07	15179	rwr	BC
WDR89	2.33625014419237e-07	15180	rwr	BC
ZSCAN30	2.33570204922151e-07	15181	rwr	BC
C2orf16	2.32961696034801e-07	15182	rwr	BC
GATD1	2.32902980164425e-07	15183	rwr	BC
RAB4B	2.32428188475193e-07	15184	rwr	BC
DYTN	2.32336212117269e-07	15185	rwr	BC
BPIFA3	2.32335555245978e-07	15186	rwr	BC
GK3P	2.32107114827652e-07	15187	rwr	BC
TMEM145	2.31388973509006e-07	15188	rwr	BC
KRBOX4	2.30873065128057e-07	15189	rwr	BC
C11orf68	2.3074751071844e-07	15190	rwr	BC
HOXD8	2.30418609094222e-07	15191	rwr	BC
VCX	2.30356506194087e-07	15192	rwr	BC
J3QRE1_HUMAN	2.3003116323689e-07	15193	rwr	BC
GPR142	2.29772355639247e-07	15194	rwr	BC
OR10G9	2.28851869847797e-07	15195	rwr	BC
DMKN	2.2830361863589e-07	15196	rwr	BC
C1QTNF2	2.28230131266436e-07	15197	rwr	BC
OR10G4	2.27837230238223e-07	15198	rwr	BC
SLC6A18	2.27818655109612e-07	15199	rwr	BC
ARL9	2.27500386082888e-07	15200	rwr	BC
SLC4A9	2.27281882689027e-07	15201	rwr	BC
DEFB135	2.26973914747846e-07	15202	rwr	BC
EBF4	2.26431493322397e-07	15203	rwr	BC
HELT	2.26327843843816e-07	15204	rwr	BC
GK5	2.26220340176226e-07	15205	rwr	BC
MKKS-2	2.25949065240043e-07	15206	rwr	BC
ST8SIA6	2.25404648329969e-07	15207	rwr	BC
ZNF512	2.25038635893613e-07	15208	rwr	BC
MZF1	2.24820012274962e-07	15209	rwr	BC
STARD10	2.2445099784672e-07	15210	rwr	BC
VWA7	2.24394221901479e-07	15211	rwr	BC
MATN4	2.24181704160986e-07	15212	rwr	BC
CFAP69	2.24031217228339e-07	15213	rwr	BC
GPR141	2.23816455561286e-07	15214	rwr	BC
FAM184A	2.2298114377813e-07	15215	rwr	BC
OR2L3	2.2291146194437e-07	15216	rwr	BC
FSCB	2.22667938541339e-07	15217	rwr	BC
RAB41	2.22570464414972e-07	15218	rwr	BC
ZNF791	2.22254216845304e-07	15219	rwr	BC
OR51S1	2.22216874821373e-07	15220	rwr	BC
ADM5	2.21707052640578e-07	15221	rwr	BC
ARL13A	2.21548023604918e-07	15222	rwr	BC
TMX4	2.20865902322163e-07	15223	rwr	BC
ADGRE3	2.20254018092924e-07	15224	rwr	BC
MRGPRX3	2.19720416453014e-07	15225	rwr	BC
KRT4	2.1914042514671e-07	15226	rwr	BC
PYROXD1	2.18963855593898e-07	15227	rwr	BC
ARL15	2.18428479822848e-07	15228	rwr	BC
RNPEPL1	2.1839331910393e-07	15229	rwr	BC
TOR2A	2.17922534693255e-07	15230	rwr	BC
ZNF431	2.17519477889953e-07	15231	rwr	BC
ABCA5	2.16757847672319e-07	15232	rwr	BC
GLIS1	2.16385138566978e-07	15233	rwr	BC
SLC9A5	2.15868220661735e-07	15234	rwr	BC
TMEM102	2.1575863676016e-07	15235	rwr	BC
ATP11B	2.15591834417933e-07	15236	rwr	BC
KLK12	2.15408820163358e-07	15237	rwr	BC
ABCC5	2.15102003387865e-07	15238	rwr	BC
ITIH5	2.14795843828899e-07	15239	rwr	BC
ZNF582	2.14742893054428e-07	15240	rwr	BC
RAB6D	2.14079037397172e-07	15241	rwr	BC
SPNS3	2.13316727557595e-07	15242	rwr	BC
SCRT1	2.12956244445771e-07	15243	rwr	BC
MRGPRF	2.12232881697271e-07	15244	rwr	BC
OVCA2	2.11986237696632e-07	15245	rwr	BC
ZNF213	2.11692722405836e-07	15246	rwr	BC
CCDC34	2.11536268446181e-07	15247	rwr	BC
ZBTB12	2.10793817654191e-07	15248	rwr	BC
SNX30	2.10312153799857e-07	15249	rwr	BC
RCBTB2	2.09983269358002e-07	15250	rwr	BC
FAM136A	2.09307759110255e-07	15251	rwr	BC
SMIM27	2.08839769372422e-07	15252	rwr	BC
CLRN2	2.08609865431818e-07	15253	rwr	BC
GPR20	2.08523735682362e-07	15254	rwr	BC
PKD2L2	2.0845537997192e-07	15255	rwr	BC
XKR3	2.08319367007061e-07	15256	rwr	BC
ATAD2B	2.08279693619499e-07	15257	rwr	BC
CPNE6	2.08166995318743e-07	15258	rwr	BC
PRR35	2.07897800176893e-07	15259	rwr	BC
OR2C1	2.07851889449019e-07	15260	rwr	BC
HS3ST4	2.0757922862936e-07	15261	rwr	BC
TM9SF2	2.07111213591997e-07	15262	rwr	BC
CASD1	2.0700574388982e-07	15263	rwr	BC
TMEM209	2.06902631102251e-07	15264	rwr	BC
RNF183	2.06734743022768e-07	15265	rwr	BC
TM9SF1	2.06437884342582e-07	15266	rwr	BC
TMPRSS9	2.06093496107609e-07	15267	rwr	BC
ST6GALNAC6	2.05514668044268e-07	15268	rwr	BC
IQCC	2.05316629590995e-07	15269	rwr	BC
SFT2D2	2.05302086401367e-07	15270	rwr	BC
OR2L5	2.04833974242449e-07	15271	rwr	BC
DYM	2.04622591111077e-07	15272	rwr	BC
PHYHIPL	2.04570143257751e-07	15273	rwr	BC
DOP1A	2.04410648061731e-07	15274	rwr	BC
GEM	2.04354808254542e-07	15275	rwr	BC
XKR4	2.04332350149228e-07	15276	rwr	BC
FUOM	2.04079025996215e-07	15277	rwr	BC
E9PSI1_HUMAN	2.03446030946313e-07	15278	rwr	BC
GDPGP1	2.03333668039236e-07	15279	rwr	BC
C3orf18	2.03094611101847e-07	15280	rwr	BC
TMEM165	2.02958216629305e-07	15281	rwr	BC
SLC26A11	2.02879991691778e-07	15282	rwr	BC
XKRX	2.0269544708786e-07	15283	rwr	BC
PNPLA5	2.02364867802892e-07	15284	rwr	BC
KLHDC8A	2.01944457623716e-07	15285	rwr	BC
PKDREJ	2.01554659783924e-07	15286	rwr	BC
OR2A2	2.0095671393032e-07	15287	rwr	BC
ABCG4	2.00660288747855e-07	15288	rwr	BC
CFAP61	2.00049604169366e-07	15289	rwr	BC
PGLYRP4	1.99791235487068e-07	15290	rwr	BC
LUZP6	1.9946647029931e-07	15291	rwr	BC
TASOR2	1.99235787446384e-07	15292	rwr	BC
PGLYRP3	1.99019887571004e-07	15293	rwr	BC
C16orf58	1.98991015290407e-07	15294	rwr	BC
C1QTNF5	1.98186701789042e-07	15295	rwr	BC
TGM6	1.97590198629474e-07	15296	rwr	BC
TMEM177	1.97413190522418e-07	15297	rwr	BC
JRK	1.97196191406316e-07	15298	rwr	BC
FAM110B	1.96804964997159e-07	15299	rwr	BC
PLEKHD1	1.96744254718488e-07	15300	rwr	BC
ZNF169	1.9668329455171e-07	15301	rwr	BC
FAM110A	1.96597364823111e-07	15302	rwr	BC
C8orf82	1.96546473115227e-07	15303	rwr	BC
SPANXB1	1.96525846312344e-07	15304	rwr	BC
SPANXC	1.96525846312344e-07	15305	rwr	BC
KRTAP13-3	1.963815486343e-07	15306	rwr	BC
ST3GAL3	1.96204663744708e-07	15307	rwr	BC
FAM110C	1.95559363952873e-07	15308	rwr	BC
OR51A4	1.95499859767883e-07	15309	rwr	BC
TEX53	1.9544504307239e-07	15310	rwr	BC
CNN3	1.95415960867811e-07	15311	rwr	BC
ANO4	1.95283624777404e-07	15312	rwr	BC
LRRC38	1.95096692416774e-07	15313	rwr	BC
DOP1B	1.95034012829542e-07	15314	rwr	BC
ZNF639	1.94220205160139e-07	15315	rwr	BC
HIGD1C	1.94179469812984e-07	15316	rwr	BC
ZNF777	1.94013005628725e-07	15317	rwr	BC
MYNN	1.93991622314426e-07	15318	rwr	BC
SSX7	1.93947846331172e-07	15319	rwr	BC
VPS13B	1.935078025654e-07	15320	rwr	BC
SLC26A1	1.9338995822503e-07	15321	rwr	BC
TMEFF1	1.93349597548904e-07	15322	rwr	BC
SERPINI2	1.92863341066923e-07	15323	rwr	BC
MT3	1.9262090580599e-07	15324	rwr	BC
SMYD4	1.92379903129042e-07	15325	rwr	BC
THSD4	1.92296904573732e-07	15326	rwr	BC
ZNF865	1.91898087174123e-07	15327	rwr	BC
SMCP	1.9165105961995e-07	15328	rwr	BC
PDZRN3	1.91341547974447e-07	15329	rwr	BC
LRRC55	1.91109702789728e-07	15330	rwr	BC
C2orf66	1.90937669797394e-07	15331	rwr	BC
ROPN1B	1.9062621222397e-07	15332	rwr	BC
CEMP1	1.90599776755532e-07	15333	rwr	BC
FAM3A	1.90412315721649e-07	15334	rwr	BC
ELMOD2	1.89945113165694e-07	15335	rwr	BC
PTGES3L	1.89867213139377e-07	15336	rwr	BC
MUCL1	1.88418720726076e-07	15337	rwr	BC
NUDT3	1.87690255324995e-07	15338	rwr	BC
SYPL1	1.87266531815093e-07	15339	rwr	BC
PCMT1	1.87208788412252e-07	15340	rwr	BC
ZDHHC6	1.87045299254723e-07	15341	rwr	BC
WDR27	1.86937691780624e-07	15342	rwr	BC
OR8B12	1.86792583053628e-07	15343	rwr	BC
MRGPRG	1.86155605478993e-07	15344	rwr	BC
CAPSL	1.86090611626006e-07	15345	rwr	BC
C5orf34	1.86051656665136e-07	15346	rwr	BC
GPR173	1.85939647308101e-07	15347	rwr	BC
PCSK7	1.85704953292553e-07	15348	rwr	BC
SLC26A7	1.85174331629745e-07	15349	rwr	BC
TMEM47	1.85010381898429e-07	15350	rwr	BC
B3GNT7	1.84599541918382e-07	15351	rwr	BC
PROX2	1.83804482704971e-07	15352	rwr	BC
SMIM22	1.83330281627795e-07	15353	rwr	BC
MRGPRE	1.83315506088883e-07	15354	rwr	BC
PDZD4	1.82754269779186e-07	15355	rwr	BC
TMEM184C	1.82077238825734e-07	15356	rwr	BC
CLUL1	1.81954553304838e-07	15357	rwr	BC
STK32B	1.81769249226324e-07	15358	rwr	BC
TMC4	1.8098267611615e-07	15359	rwr	BC
ZDHHC11	1.80863856395689e-07	15360	rwr	BC
SYNDIG1L	1.80766392081749e-07	15361	rwr	BC
KRTAP4-3	1.80232559076765e-07	15362	rwr	BC
CRYGA	1.80038926586471e-07	15363	rwr	BC
ANXA10	1.79216407200578e-07	15364	rwr	BC
LETMD1	1.78299578383125e-07	15365	rwr	BC
OR2W3	1.77308842538422e-07	15366	rwr	BC
SLAMF8	1.77027872375519e-07	15367	rwr	BC
SLCO5A1	1.76783599866504e-07	15368	rwr	BC
CARD19	1.76468263884301e-07	15369	rwr	BC
ABCA8	1.75935190073468e-07	15370	rwr	BC
OR2H1	1.75525409251559e-07	15371	rwr	BC
SLC6A16	1.75446550486713e-07	15372	rwr	BC
EEF1AKMT3	1.75295786905891e-07	15373	rwr	BC
ODR4	1.74941518658155e-07	15374	rwr	BC
MOXD1	1.74856457473839e-07	15375	rwr	BC
SPATA32	1.73667831824279e-07	15376	rwr	BC
FANK1	1.73418423535314e-07	15377	rwr	BC
PPM1H	1.73110059997025e-07	15378	rwr	BC
NOXRED1	1.72985036746449e-07	15379	rwr	BC
CFAP44	1.72854330002503e-07	15380	rwr	BC
CRYAA2	1.72745238729023e-07	15381	rwr	BC
OXGR1	1.7135310243752e-07	15382	rwr	BC
GGTLC2	1.71331390579045e-07	15383	rwr	BC
KRTAP3-2	1.71145585118069e-07	15384	rwr	BC
KRTAP9-8	1.70985895444793e-07	15385	rwr	BC
C1QTNF6	1.70859317894622e-07	15386	rwr	BC
SLC52A2	1.70801877652402e-07	15387	rwr	BC
RAB5IF	1.70381675606859e-07	15388	rwr	BC
ENKD1	1.70099152302637e-07	15389	rwr	BC
ZSWIM2	1.69994140318774e-07	15390	rwr	BC
GAS7	1.69927324471907e-07	15391	rwr	BC
ABHD2	1.69916739613901e-07	15392	rwr	BC
ADCK1	1.6990918446058e-07	15393	rwr	BC
GPR87	1.69721168128592e-07	15394	rwr	BC
DEPP1	1.69506387500573e-07	15395	rwr	BC
OR4X2	1.69370346532943e-07	15396	rwr	BC
GLRA4	1.69085882785838e-07	15397	rwr	BC
CYB5D2	1.68749688622649e-07	15398	rwr	BC
SSC4D	1.68707099820301e-07	15399	rwr	BC
TBATA	1.68166059239797e-07	15400	rwr	BC
OR4B1	1.68096885280816e-07	15401	rwr	BC
OR6X1	1.67672398196773e-07	15402	rwr	BC
DHRS7B	1.67359613494578e-07	15403	rwr	BC
ZNF317	1.67156791244229e-07	15404	rwr	BC
ADCK5	1.66649535837835e-07	15405	rwr	BC
KRTAP7-1	1.6627851358805e-07	15406	rwr	BC
SRPX	1.65703091277951e-07	15407	rwr	BC
ZBTB26	1.65583963989657e-07	15408	rwr	BC
SHISA8	1.65576092635915e-07	15409	rwr	BC
J3KR12_HUMAN	1.65524765619918e-07	15410	rwr	BC
TMED8	1.65524765619918e-07	15411	rwr	BC
ZNF106	1.64952281224001e-07	15412	rwr	BC
OR1D5	1.64913232150497e-07	15413	rwr	BC
DPRX	1.64805221146984e-07	15414	rwr	BC
SEC14L5	1.64195611022426e-07	15415	rwr	BC
KRTAP17-1	1.63717519845033e-07	15416	rwr	BC
NAT14	1.6340596461879e-07	15417	rwr	BC
TANGO2	1.6293878189949e-07	15418	rwr	BC
ITPRIP	1.61760062903718e-07	15419	rwr	BC
ITPRIPL2	1.61760062903718e-07	15420	rwr	BC
OR13J1	1.61729579020179e-07	15421	rwr	BC
OR2A42	1.61092848394115e-07	15422	rwr	BC
OR13A1	1.60880604852094e-07	15423	rwr	BC
OR2AE1	1.60668361310073e-07	15424	rwr	BC
OR5K2	1.60668361310073e-07	15425	rwr	BC
SOGA3	1.60424487698343e-07	15426	rwr	BC
CTXN2	1.60366580910424e-07	15427	rwr	BC
C6orf89	1.59405586621307e-07	15428	rwr	BC
OR52I2	1.59182656515924e-07	15429	rwr	BC
OR9G1	1.5854592588986e-07	15430	rwr	BC
DUXB	1.58477923967009e-07	15431	rwr	BC
OR4F29	1.58368684127068e-07	15432	rwr	BC
ATP8B2	1.58360559828058e-07	15433	rwr	BC
OR10H1	1.58333682347839e-07	15434	rwr	BC
CILP2	1.58333536479912e-07	15435	rwr	BC
ANGEL2	1.58218750197289e-07	15436	rwr	BC
DEFB112	1.57952373724007e-07	15437	rwr	BC
PRG3	1.57923756759533e-07	15438	rwr	BC
OR4C46	1.57696951721776e-07	15439	rwr	BC
SPAG16	1.57688936186079e-07	15440	rwr	BC
SLC22A16	1.57501126725123e-07	15441	rwr	BC
SERPINB12	1.57440121397889e-07	15442	rwr	BC
C9orf16	1.5734052730788e-07	15443	rwr	BC
OR4A47	1.57060221095712e-07	15444	rwr	BC
PTGR2	1.56970390795731e-07	15445	rwr	BC
OR2AK2	1.56847977553691e-07	15446	rwr	BC
RFPL4B	1.56641769440351e-07	15447	rwr	BC
OR4X1	1.56635734011669e-07	15448	rwr	BC
OR52E6	1.56635734011669e-07	15449	rwr	BC
ABHD1	1.56597044013302e-07	15450	rwr	BC
OR4S1	1.56423490469648e-07	15451	rwr	BC
LRRC58	1.56409473248015e-07	15452	rwr	BC
HEATR5B	1.5603364023405e-07	15453	rwr	BC
OR51B5	1.55999003385606e-07	15454	rwr	BC
ANKRD39	1.55940407743206e-07	15455	rwr	BC
MYADM	1.55919803435015e-07	15456	rwr	BC
TAS2R40	1.55898827554635e-07	15457	rwr	BC
APOL6	1.55769362625428e-07	15458	rwr	BC
OR5D18	1.549377856755e-07	15459	rwr	BC
OR52I1	1.54725542133478e-07	15460	rwr	BC
ATP8B4	1.54674290039507e-07	15461	rwr	BC
RFPL4AL1	1.54671432717831e-07	15462	rwr	BC
OR2A14	1.54088811507415e-07	15463	rwr	BC
OR52W1	1.54088811507415e-07	15464	rwr	BC
PLD5	1.52927225559574e-07	15465	rwr	BC
SLC7A14	1.52800727193264e-07	15466	rwr	BC
C12orf4	1.52184446473782e-07	15467	rwr	BC
OR1A1	1.51966376087202e-07	15468	rwr	BC
OR2AG2	1.51966376087202e-07	15469	rwr	BC
SLCO3A1	1.5190682980232e-07	15470	rwr	BC
OR10A7	1.51754132545181e-07	15471	rwr	BC
OR5C1	1.5154188900316e-07	15472	rwr	BC
C1orf68	1.51443010848798e-07	15473	rwr	BC
TCP10L2	1.51197694238562e-07	15474	rwr	BC
OR10AD1	1.51117401919117e-07	15475	rwr	BC
OR52B2	1.51117401919117e-07	15476	rwr	BC
OR6C74	1.51117401919117e-07	15477	rwr	BC
OR2A12	1.50905158377096e-07	15478	rwr	BC
OR2A25	1.50905158377096e-07	15479	rwr	BC
OR2A7	1.50905158377096e-07	15480	rwr	BC
OR5D16	1.50905158377096e-07	15481	rwr	BC
KRT33B	1.50799991519232e-07	15482	rwr	BC
ARMC2	1.50486058909912e-07	15483	rwr	BC
OR5AK2	1.50480671293054e-07	15484	rwr	BC
OR5B17	1.50480671293054e-07	15485	rwr	BC
OR5B21	1.50480671293054e-07	15486	rwr	BC
OR5B3	1.50480671293054e-07	15487	rwr	BC
NAP1L3	1.50427935668059e-07	15488	rwr	BC
HAPLN4	1.50425656240401e-07	15489	rwr	BC
MARCHF10	1.50399709266061e-07	15490	rwr	BC
ZNF786	1.50297360248184e-07	15491	rwr	BC
OR11L1	1.50268427751032e-07	15492	rwr	BC
OR6B2	1.50056184209011e-07	15493	rwr	BC
GCSAML-AS1	1.4984394066699e-07	15494	rwr	BC
OR10J1	1.4984394066699e-07	15495	rwr	BC
OR10K2	1.4984394066699e-07	15496	rwr	BC
OR8K3	1.4984394066699e-07	15497	rwr	BC
OR4E1	1.49631697124969e-07	15498	rwr	BC
OR4Q3	1.49631697124969e-07	15499	rwr	BC
CXorf40A	1.49445703787083e-07	15500	rwr	BC
CZIB	1.49444725480991e-07	15501	rwr	BC
OR10G2	1.49207210040926e-07	15502	rwr	BC
OR10G6	1.49207210040926e-07	15503	rwr	BC
OR51A2	1.49207210040926e-07	15504	rwr	BC
OR51F2	1.49207210040926e-07	15505	rwr	BC
OR52L1	1.48994966498905e-07	15506	rwr	BC
OR2B2	1.48782722956884e-07	15507	rwr	BC
OR2B3	1.48782722956884e-07	15508	rwr	BC
OR2B6	1.48782722956884e-07	15509	rwr	BC
OR6Y1	1.48782722956884e-07	15510	rwr	BC
OR2AT4	1.48570479414863e-07	15511	rwr	BC
OR4A16	1.48570479414863e-07	15512	rwr	BC
OR4A5	1.48570479414863e-07	15513	rwr	BC
KRTAP4-2	1.48154013629994e-07	15514	rwr	BC
APOL4	1.47442708299949e-07	15515	rwr	BC
ZNF576	1.47253169085771e-07	15516	rwr	BC
FASTKD1	1.47152592352437e-07	15517	rwr	BC
RBM11	1.46461610914039e-07	15518	rwr	BC
VCX2	1.46409664026807e-07	15519	rwr	BC
ZSCAN23	1.45501629519272e-07	15520	rwr	BC
OR52N5	1.45387146992916e-07	15521	rwr	BC
GJD4	1.45027388408657e-07	15522	rwr	BC
MCRIP1	1.44608059957445e-07	15523	rwr	BC
TMEM87B	1.44425849716071e-07	15524	rwr	BC
SLC48A1	1.4422925757643e-07	15525	rwr	BC
EBLN2	1.43994780802959e-07	15526	rwr	BC
LMAN1L	1.43702955303478e-07	15527	rwr	BC
SLC66A1	1.43464087713192e-07	15528	rwr	BC
ATP8B3	1.42687233593392e-07	15529	rwr	BC
AGBL5	1.42553404760996e-07	15530	rwr	BC
ADAD1	1.42493836258602e-07	15531	rwr	BC
ASB18	1.42094705284126e-07	15532	rwr	BC
BHLHE23	1.41800544167325e-07	15533	rwr	BC
AMIGO1	1.41778506468158e-07	15534	rwr	BC
ZCCHC9	1.41691782701185e-07	15535	rwr	BC
TM2D3	1.4138514243322e-07	15536	rwr	BC
PDGFRL	1.41226839984374e-07	15537	rwr	BC
GJB7	1.41074913849819e-07	15538	rwr	BC
KRT33A	1.40857939150757e-07	15539	rwr	BC
TBC1D19	1.40831306871824e-07	15540	rwr	BC
SREK1IP1	1.40521665013616e-07	15541	rwr	BC
TRMT44	1.40033035164772e-07	15542	rwr	BC
ZNF394	1.39998399019015e-07	15543	rwr	BC
C8orf33	1.39959803721523e-07	15544	rwr	BC
MARVELD1	1.39157238687273e-07	15545	rwr	BC
HSDL1	1.39084502352663e-07	15546	rwr	BC
FREM3	1.39055419886387e-07	15547	rwr	BC
METTL7B	1.38503763432106e-07	15548	rwr	BC
KIAA1841	1.38395742435721e-07	15549	rwr	BC
TXNRD3NB	1.38256197155243e-07	15550	rwr	BC
LMF2	1.38212116908984e-07	15551	rwr	BC
RNF121	1.38104346685852e-07	15552	rwr	BC
TAAR5	1.37956045483271e-07	15553	rwr	BC
RFESD	1.37594555453478e-07	15554	rwr	BC
PCDH18	1.37142451591083e-07	15555	rwr	BC
MT4	1.37077989216812e-07	15556	rwr	BC
HINT2	1.36947231488983e-07	15557	rwr	BC
CHI3L2	1.36479988359522e-07	15558	rwr	BC
POTED	1.35958217954248e-07	15559	rwr	BC
TBX15	1.3587137872087e-07	15560	rwr	BC
ZNF32	1.35860728750583e-07	15561	rwr	BC
CSKMT	1.35819740487678e-07	15562	rwr	BC
MGAT4C	1.34916357401366e-07	15563	rwr	BC
SLC7A3	1.34573862169812e-07	15564	rwr	BC
ISM1	1.34535135350605e-07	15565	rwr	BC
SPATA31A5	1.34227203233079e-07	15566	rwr	BC
GOLGA8S	1.33915940624228e-07	15567	rwr	BC
CTAGE6	1.33664110656506e-07	15568	rwr	BC
SLC10A5	1.33322910241349e-07	15569	rwr	BC
GIMAP2	1.32628464331739e-07	15570	rwr	BC
ZNF302	1.31895610552955e-07	15571	rwr	BC
GPR82	1.31446557054781e-07	15572	rwr	BC
PRR7	1.31167611321186e-07	15573	rwr	BC
ATRNL1	1.31163323357865e-07	15574	rwr	BC
FLACC1	1.307413676557e-07	15575	rwr	BC
KRTAP4-5	1.30328756425868e-07	15576	rwr	BC
PCDH8	1.28346666083278e-07	15577	rwr	BC
FXYD6-FXYD2	1.28233067894508e-07	15578	rwr	BC
ACP4	1.27768381827138e-07	15579	rwr	BC
OR11H4	1.26904060719615e-07	15580	rwr	BC
DUXA	1.26877808278208e-07	15581	rwr	BC
ADAMTS14	1.26480427216152e-07	15582	rwr	BC
DDIT4L	1.26356391394473e-07	15583	rwr	BC
TMEM120B	1.26033696340762e-07	15584	rwr	BC
LRRN4	1.25354702189217e-07	15585	rwr	BC
BRI3	1.25289473943033e-07	15586	rwr	BC
G2E3	1.24274877474967e-07	15587	rwr	BC
SLC10A6	1.24076050136338e-07	15588	rwr	BC
INSYN2A	1.23345409214619e-07	15589	rwr	BC
RBM27	1.22922792898203e-07	15590	rwr	BC
GPR180	1.22381712698745e-07	15591	rwr	BC
ZNF70	1.22368064033564e-07	15592	rwr	BC
KRTAP3-3	1.22277884394684e-07	15593	rwr	BC
CFAP206	1.22007844613055e-07	15594	rwr	BC
MORN3	1.21987300651255e-07	15595	rwr	BC
PLEKHS1	1.2162922731446e-07	15596	rwr	BC
NBEAL2	1.20652007926095e-07	15597	rwr	BC
ZNF468	1.20564542869349e-07	15598	rwr	BC
CLEC19A	1.20355391011205e-07	15599	rwr	BC
TBRG4	1.20206741672946e-07	15600	rwr	BC
KLHL14	1.1995862780903e-07	15601	rwr	BC
CT47A4	1.19390256065965e-07	15602	rwr	BC
OR52K2	1.19222628844586e-07	15603	rwr	BC
KRTAP2-1	1.18660780501535e-07	15604	rwr	BC
RBMY1J	1.18199749437616e-07	15605	rwr	BC
C7orf50	1.18065311217288e-07	15606	rwr	BC
EFCAB5	1.17917475779181e-07	15607	rwr	BC
ZNF71	1.17894392875348e-07	15608	rwr	BC
KRTAP4-1	1.17802695206673e-07	15609	rwr	BC
C1orf43	1.1766873398392e-07	15610	rwr	BC
ATPSCKMT	1.17581851298629e-07	15611	rwr	BC
TMEM222	1.17572568563339e-07	15612	rwr	BC
CCDC17	1.17307608465839e-07	15613	rwr	BC
TMEM265	1.17132690597997e-07	15614	rwr	BC
MUSTN1	1.15874262418505e-07	15615	rwr	BC
PIFO	1.1573558211716e-07	15616	rwr	BC
UST	1.15728286695869e-07	15617	rwr	BC
KRTAP4-8	1.1561269935313e-07	15618	rwr	BC
CLCN4	1.15416405361713e-07	15619	rwr	BC
ZC3H11B	1.15300471853435e-07	15620	rwr	BC
RBM26	1.1378355179053e-07	15621	rwr	BC
OGFOD2	1.11443226010834e-07	15622	rwr	BC
HNRNPCL2	1.11314507433643e-07	15623	rwr	BC
C5orf22	1.10633409079801e-07	15624	rwr	BC
EID2B	1.10234540445359e-07	15625	rwr	BC
TBC1D22B	1.10186642383884e-07	15626	rwr	BC
UHRF1BP1L	1.09979914464039e-07	15627	rwr	BC
SFT2D3	1.09976405537864e-07	15628	rwr	BC
TRAM1L1	1.09949313032031e-07	15629	rwr	BC
ZDHHC4	1.09373431452241e-07	15630	rwr	BC
PLEKHA6	1.08987436216694e-07	15631	rwr	BC
NIPAL3	1.08056485063209e-07	15632	rwr	BC
DDT-2	1.07398243902181e-07	15633	rwr	BC
RBMXL3	1.05718640323454e-07	15634	rwr	BC
PRSS23	1.04631670131794e-07	15635	rwr	BC
CFAP299	1.04273426977574e-07	15636	rwr	BC
ZSCAN22	1.04197121439292e-07	15637	rwr	BC
MXRA8	1.03905061311435e-07	15638	rwr	BC
NIPAL2	1.03263104863954e-07	15639	rwr	BC
DHRS4L2	1.02025579511487e-07	15640	rwr	BC
KRTAP8-1	1.00450621211983e-07	15641	rwr	BC
KRTAP1-1	1.00377304837702e-07	15642	rwr	BC
KRTAP1-3	1.00245952375597e-07	15643	rwr	BC
DTWD2	1.00092019104541e-07	15644	rwr	BC
TMEM247	9.98790888416025e-08	15645	rwr	BC
DCST1	9.91070591021461e-08	15646	rwr	BC
COL20A1	9.90602648104443e-08	15647	rwr	BC
KRTAP4-4	9.83289800757684e-08	15648	rwr	BC
DTWD1	9.81923863981533e-08	15649	rwr	BC
UGT3A2	9.76208242013887e-08	15650	rwr	BC
ARGFX	9.75943149354614e-08	15651	rwr	BC
TMEM69	9.74515321999061e-08	15652	rwr	BC
C4orf3	9.74496227233928e-08	15653	rwr	BC
UNC50	9.68908883723034e-08	15654	rwr	BC
M0QYU9_HUMAN	9.54237535191682e-08	15655	rwr	BC
SMIM7	9.54237535191682e-08	15656	rwr	BC
WDR49	9.51413452095017e-08	15657	rwr	BC
TTC23L	9.50124016424694e-08	15658	rwr	BC
CCDC137	9.48948253401545e-08	15659	rwr	BC
PROSER3	9.43324196470945e-08	15660	rwr	BC
ZNF383	9.41232834416002e-08	15661	rwr	BC
SRRD	9.39466981840042e-08	15662	rwr	BC
SLC25A30	9.37267510626029e-08	15663	rwr	BC
ARHGAP42	9.32912064896805e-08	15664	rwr	BC
ARMCX4	9.26666892029294e-08	15665	rwr	BC
SNX14	9.26102512695408e-08	15666	rwr	BC
SFMBT2	9.1864601804399e-08	15667	rwr	BC
NPEPL1	8.96215724360891e-08	15668	rwr	BC
ZNF141	8.87697996948696e-08	15669	rwr	BC
MTRNR2L13	8.84195680651353e-08	15670	rwr	BC
XAGE1B	8.83788991077449e-08	15671	rwr	BC
C6orf58	8.77906001189659e-08	15672	rwr	BC
TTC23	8.73964272663976e-08	15673	rwr	BC
SPATA17	8.64418079254489e-08	15674	rwr	BC
DCST2	8.5201841930084e-08	15675	rwr	BC
MTFR1L	8.37618671433414e-08	15676	rwr	BC
CBWD6	8.34619830480932e-08	15677	rwr	BC
ASAH2B	8.33459540918553e-08	15678	rwr	BC
UGT2A1	8.23707057238851e-08	15679	rwr	BC
CT47B1	8.21289147292087e-08	15680	rwr	BC
DPEP2	8.17564084881357e-08	15681	rwr	BC
WFDC6	7.91645015632871e-08	15682	rwr	BC
WFDC8	7.90451426171395e-08	15683	rwr	BC
LDLRAD1	7.88952108652802e-08	15684	rwr	BC
KRTAP4-12	7.77841869618052e-08	15685	rwr	BC
TSPY8	7.74511525361234e-08	15686	rwr	BC
ZNF483	7.71845106074741e-08	15687	rwr	BC
RASL11A	7.70629874857929e-08	15688	rwr	BC
KRTAP1-5	7.40680845186884e-08	15689	rwr	BC
OR51T1	7.40392882581192e-08	15690	rwr	BC
XAGE2	7.38974094081637e-08	15691	rwr	BC
FDCSP	7.38655731386778e-08	15692	rwr	BC
KRTAP9-9	7.38350810842955e-08	15693	rwr	BC
LCN8	7.31302417941845e-08	15694	rwr	BC
WFDC13	7.23284203505346e-08	15695	rwr	BC
KRT78	7.17264376365494e-08	15696	rwr	BC
KNOP1	7.17222470938245e-08	15697	rwr	BC
RDH13	7.16231781644659e-08	15698	rwr	BC
GPR21	7.16091413053431e-08	15699	rwr	BC
MFSD11	7.15799978747615e-08	15700	rwr	BC
C11orf94	7.15022291078537e-08	15701	rwr	BC
SERINC5	7.13195918261078e-08	15702	rwr	BC
OR2L13	7.04370971148539e-08	15703	rwr	BC
DEFB130A	6.93414413417024e-08	15704	rwr	BC
CXorf40B	6.91482060068295e-08	15705	rwr	BC
LRRIQ4	6.87076376141261e-08	15706	rwr	BC
AGTPBP1	6.83625979452625e-08	15707	rwr	BC
BEND5	6.76622184254444e-08	15708	rwr	BC
LYNX1-SLURP2	6.69181577992041e-08	15709	rwr	BC
MBD3L5	6.66699868340028e-08	15710	rwr	BC
MFSD3	6.61932378306149e-08	15711	rwr	BC
XAGE3	6.54723702964506e-08	15712	rwr	BC
OR8B2	6.51869727081498e-08	15713	rwr	BC
SSMEM1	6.47600540630196e-08	15714	rwr	BC
SPACA3	6.40344512163751e-08	15715	rwr	BC
TSPY9P	6.39336634979372e-08	15716	rwr	BC
TSPY4	6.34933490110368e-08	15717	rwr	BC
KRTAP24-1	6.31177979877337e-08	15718	rwr	BC
TMC7	6.19948180431575e-08	15719	rwr	BC
TSPY2	6.19082168581954e-08	15720	rwr	BC
ZKSCAN5	6.17080809714125e-08	15721	rwr	BC
ST8SIA5	6.14305474049429e-08	15722	rwr	BC
FAM227B	6.13264103014523e-08	15723	rwr	BC
LRRC34	6.11348830641438e-08	15724	rwr	BC
TMPRSS11B	6.09968165710392e-08	15725	rwr	BC
FAM81B	5.86723101873037e-08	15726	rwr	BC
KRTAP15-1	5.83691571133403e-08	15727	rwr	BC
ACTRT3	5.82556978309074e-08	15728	rwr	BC
KRTAP20-1	5.75952949187126e-08	15729	rwr	BC
KRTAP6-2	5.65948239338632e-08	15730	rwr	BC
KRT34	5.61091798309608e-08	15731	rwr	BC
LCN6	5.59486071906031e-08	15732	rwr	BC
CCDC186	5.58575493737656e-08	15733	rwr	BC
TBCK	5.55695674813159e-08	15734	rwr	BC
FUT11	5.51754266221232e-08	15735	rwr	BC
RASL11B	5.45359731630158e-08	15736	rwr	BC
KRTAP22-1	5.42650142092855e-08	15737	rwr	BC
GAL3ST3	5.3866877420343e-08	15738	rwr	BC
ZNF579	5.36060296857769e-08	15739	rwr	BC
LCN10	5.33787156735706e-08	15740	rwr	BC
OR52N1	5.32435203281715e-08	15741	rwr	BC
NHLRC4	5.31387458133375e-08	15742	rwr	BC
OR8D1	5.25639429709929e-08	15743	rwr	BC
TM6SF1	5.19908591432547e-08	15744	rwr	BC
KRTAP6-1	5.19399334864777e-08	15745	rwr	BC
SLC2A12	5.09254840774787e-08	15746	rwr	BC
KPRP	4.98604432684116e-08	15747	rwr	BC
SLC2A6	4.95254707695067e-08	15748	rwr	BC
HECTD4	4.92457968506304e-08	15749	rwr	BC
ZNF624	4.8524827550655e-08	15750	rwr	BC
SCYGR1	4.667202115819e-08	15751	rwr	BC
KRTAP20-2	4.60152952110307e-08	15752	rwr	BC
SPRR4	4.55161191427029e-08	15753	rwr	BC
CYB5D1	4.49800505748089e-08	15754	rwr	BC
ZSWIM3	4.49657987577347e-08	15755	rwr	BC
TCAF2C	4.49111378518318e-08	15756	rwr	BC
KRTAP26-1	4.35269966170034e-08	15757	rwr	BC
CST11	4.28467599813269e-08	15758	rwr	BC
NKAPL	4.15688946262285e-08	15759	rwr	BC
CCDC113	4.04161104407923e-08	15760	rwr	BC
KRTAP6-3	3.84914626646959e-08	15761	rwr	BC
ZNF816	3.8399540136206e-08	15762	rwr	BC
TAAR6	3.64881794559666e-08	15763	rwr	BC
KRT32	3.54473472756157e-08	15764	rwr	BC
ZNF202	3.45217777986997e-08	15765	rwr	BC
ZNF500	3.30066166744353e-08	15766	rwr	BC
KRTAP13-1	3.26572949876234e-08	15767	rwr	BC
ZSCAN9	3.24083475145817e-08	15768	rwr	BC
C19orf44	3.1120873719238e-08	15769	rwr	BC
KRTAP27-1	3.08394799735083e-08	15770	rwr	BC
ZBBX	3.02392928646278e-08	15771	rwr	BC
CT47A10	2.92726083761267e-08	15772	rwr	BC
CT47A2	2.92726083761267e-08	15773	rwr	BC
CT47A3	2.92726083761267e-08	15774	rwr	BC
CT47A5	2.92726083761267e-08	15775	rwr	BC
CT47A8	2.92726083761267e-08	15776	rwr	BC
CT47A9	2.92726083761267e-08	15777	rwr	BC
LCN12	2.92219829589826e-08	15778	rwr	BC
ZNF28	2.84824485118453e-08	15779	rwr	BC
ARL10	2.62308014180612e-08	15780	rwr	BC
NANOGNB	2.60790574316288e-08	15781	rwr	BC
IQCK	2.58947606473031e-08	15782	rwr	BC
KRT38	2.19031645110307e-08	15783	rwr	BC
HSFX4	2.18225919239459e-08	15784	rwr	BC
KRTAP19-3	2.14458438955104e-08	15785	rwr	BC
WFDC9	1.66277606688488e-08	15786	rwr	BC
WFDC11	1.64920238470623e-08	15787	rwr	BC
GMCL1	1.47122311361651e-08	15788	rwr	BC
KRTAP4-11	1.44285207724966e-08	15789	rwr	BC
ZNF799	1.20507063479238e-08	15790	rwr	BC
LRRC31	1.16734443085063e-08	15791	rwr	BC
KRTAP19-1	1.07705585160118e-08	15792	rwr	BC
KRTAP25-1	1.00571596173955e-08	15793	rwr	BC
ZNF701	8.91773283807444e-09	15794	rwr	BC
KRT75	7.50564232195662e-09	15795	rwr	BC
KRTAP4-6	4.89165327053807e-09	15796	rwr	BC
ZNF613	4.18020692607599e-09	15797	rwr	BC
SCYGR5	2.92207480397148e-09	15798	rwr	BC
SCYGR7	2.92207480397148e-09	15799	rwr	BC
KRTAP21-1	2.52275264976658e-09	15800	rwr	BC
KRTAP5-4	2.4669162838104e-09	15801	rwr	BC
KRTAP10-11	2.31850781489423e-09	15802	rwr	BC
KRTAP19-2	2.01538123315477e-09	15803	rwr	BC
KRTAP13-2	1.964392893035e-09	15804	rwr	BC
KRTAP1-4	1.92643404445113e-09	15805	rwr	BC
FAM240C	1.43294662399566e-09	15806	rwr	BC
KRTAP21-2	9.6135746674917e-10	15807	rwr	BC
KRTAP21-3	9.60674902480005e-10	15808	rwr	BC
ETDB	7.81067435278213e-10	15809	rwr	BC
ETDA	7.7602315270133e-10	15810	rwr	BC
ETDC	7.74038363323178e-10	15811	rwr	BC
KRTAP5-9	7.01493346313768e-10	15812	rwr	BC
KRTAP10-7	6.31387941791588e-10	15813	rwr	BC
KRTAP10-9	6.14510285409198e-10	15814	rwr	BC
KRTAP5-2	5.67767150693044e-10	15815	rwr	BC
KRTAP10-8	4.34009128567374e-10	15816	rwr	BC
KRTAP10-4	3.85770156179073e-10	15817	rwr	BC
KRTAP10-12	3.54677259331037e-10	15818	rwr	BC
KRTAP10-10	3.5227966240462e-10	15819	rwr	BC
KRTAP5-1	3.17256380240408e-10	15820	rwr	BC
KRTAP10-5	2.71206428633044e-10	15821	rwr	BC
TMDD1	2.44629102548942e-10	15822	rwr	BC
SMIM38	2.4439834821152e-10	15823	rwr	BC
SMIM28	2.36067883544245e-10	15824	rwr	BC
KRTAP10-1	2.12406988187155e-10	15825	rwr	BC
KRTAP10-3	1.42022878637628e-10	15826	rwr	BC
KRTAP5-5	1.06988847154088e-10	15827	rwr	BC
KRTAP5-7	6.17742158069207e-11	15828	rwr	BC
KRTAP12-1	6.04605566618518e-11	15829	rwr	BC
KRTAP12-3	5.01529169685986e-11	15830	rwr	BC
KRTAP12-2	1.53844959725029e-11	15831	rwr	BC
KRTAP5-6	1.14677088525846e-11	15832	rwr	BC
KRTAP5-11	1.12010179490361e-11	15833	rwr	BC
KRTAP5-10	1.00275779734228e-11	15834	rwr	BC
ADPRHL1	0	15835	rwr	BC
AGAP4	0	15836	rwr	BC
AGAP6	0	15837	rwr	BC
ANKRD20A2	0	15838	rwr	BC
ANKRD36	0	15839	rwr	BC
ANKRD36B	0	15840	rwr	BC
ANKRD36C	0	15841	rwr	BC
ANKRD61	0	15842	rwr	BC
ARHGAP15	0	15843	rwr	BC
ARMH1	0	15844	rwr	BC
ARMH2	0	15845	rwr	BC
AXDND1	0	15846	rwr	BC
BEST4	0	15847	rwr	BC
BZW1	0	15848	rwr	BC
BZW2	0	15849	rwr	BC
C10orf120	0	15850	rwr	BC
C10orf143	0	15851	rwr	BC
C10orf99	0	15852	rwr	BC
C11orf53	0	15853	rwr	BC
C15orf61	0	15854	rwr	BC
C19orf81	0	15855	rwr	BC
C1orf232	0	15856	rwr	BC
C1QTNF9	0	15857	rwr	BC
C1QTNF9B	0	15858	rwr	BC
C22orf15	0	15859	rwr	BC
C2orf42	0	15860	rwr	BC
C2orf92	0	15861	rwr	BC
C3orf33	0	15862	rwr	BC
C3orf38	0	15863	rwr	BC
C4orf47	0	15864	rwr	BC
C7orf31	0	15865	rwr	BC
C9orf57	0	15866	rwr	BC
C9orf85	0	15867	rwr	BC
CCDC201	0	15868	rwr	BC
CCDC28A	0	15869	rwr	BC
CCDC78	0	15870	rwr	BC
CCDC96	0	15871	rwr	BC
CCIN	0	15872	rwr	BC
CDKL1	0	15873	rwr	BC
CDKL4	0	15874	rwr	BC
CDRT15	0	15875	rwr	BC
CDRT4	0	15876	rwr	BC
CEACAM18	0	15877	rwr	BC
CEACAM19	0	15878	rwr	BC
CEACAM20	0	15879	rwr	BC
CGREF1	0	15880	rwr	BC
CGRRF1	0	15881	rwr	BC
COL19A1	0	15882	rwr	BC
COLCA2	0	15883	rwr	BC
CPXCR1	0	15884	rwr	BC
CRYBG2	0	15885	rwr	BC
CST8	0	15886	rwr	BC
CST9	0	15887	rwr	BC
CT45A1	0	15888	rwr	BC
CT45A10	0	15889	rwr	BC
CT45A5	0	15890	rwr	BC
CT45A8	0	15891	rwr	BC
CT45A9	0	15892	rwr	BC
CXorf49	0	15893	rwr	BC
CXorf49B	0	15894	rwr	BC
CXorf58	0	15895	rwr	BC
CYB561D1	0	15896	rwr	BC
CYLC1	0	15897	rwr	BC
CYLC2	0	15898	rwr	BC
DDHD1	0	15899	rwr	BC
DDHD2	0	15900	rwr	BC
DEUP1	0	15901	rwr	BC
DIPK1C	0	15902	rwr	BC
DIPK2B	0	15903	rwr	BC
DMRTC1	0	15904	rwr	BC
DMRTC1B	0	15905	rwr	BC
DTD1-2	0	15906	rwr	BC
DTD2	0	15907	rwr	BC
DUSP15	0	15908	rwr	BC
DUSP23	0	15909	rwr	BC
ECT2L	0	15910	rwr	BC
EDDM13	0	15911	rwr	BC
ELMOD1	0	15912	rwr	BC
ELMOD3	0	15913	rwr	BC
EVA1B	0	15914	rwr	BC
EXD3	0	15915	rwr	BC
FAM131C	0	15916	rwr	BC
FAM163B	0	15917	rwr	BC
FAM172A	0	15918	rwr	BC
FAM187B	0	15919	rwr	BC
FAM209A	0	15920	rwr	BC
FAM220A	0	15921	rwr	BC
FAM229B	0	15922	rwr	BC
FAM72B	0	15923	rwr	BC
FAM72C	0	15924	rwr	BC
FAM90A10P	0	15925	rwr	BC
FOXD4	0	15926	rwr	BC
FOXD4L1	0	15927	rwr	BC
GOLGA6C	0	15928	rwr	BC
GPR15	0	15929	rwr	BC
GRTP1	0	15930	rwr	BC
GTDC1	0	15931	rwr	BC
GVQW2	0	15932	rwr	BC
HP1BP3	0	15933	rwr	BC
HPCAL4	0	15934	rwr	BC
IGFL1	0	15935	rwr	BC
IGFL3	0	15936	rwr	BC
IGFLR1	0	15937	rwr	BC
IQCF5	0	15938	rwr	BC
JPT1	0	15939	rwr	BC
JPT2	0	15940	rwr	BC
KCTD21	0	15941	rwr	BC
KLHL4	0	15942	rwr	BC
KRT72	0	15943	rwr	BC
KRT73	0	15944	rwr	BC
LKAAEAR1	0	15945	rwr	BC
LRCOL1	0	15946	rwr	BC
LRIT1	0	15947	rwr	BC
LRIT2	0	15948	rwr	BC
LRP12	0	15949	rwr	BC
LRRC18	0	15950	rwr	BC
LRRC20	0	15951	rwr	BC
LRRC30	0	15952	rwr	BC
LRRC61	0	15953	rwr	BC
LRRC75B	0	15954	rwr	BC
LY6L	0	15955	rwr	BC
LYPD5	0	15956	rwr	BC
M0R036_HUMAN	0	15957	rwr	BC
MAFIP	0	15958	rwr	BC
MAFIP-2	0	15959	rwr	BC
MFSD14C	0	15960	rwr	BC
MFSD6	0	15961	rwr	BC
MFSD9	0	15962	rwr	BC
MPC1	0	15963	rwr	BC
MPC1L	0	15964	rwr	BC
MPC2	0	15965	rwr	BC
NBPF19	0	15966	rwr	BC
NBPF19-2	0	15967	rwr	BC
NBPF4	0	15968	rwr	BC
NBPF6	0	15969	rwr	BC
NEURL2	0	15970	rwr	BC
NOTCH2NLC	0	15971	rwr	BC
NXPE1	0	15972	rwr	BC
NXPE4	0	15973	rwr	BC
OOSP1	0	15974	rwr	BC
OOSP2	0	15975	rwr	BC
OOSP3	0	15976	rwr	BC
OR1J2	0	15977	rwr	BC
OR1J4	0	15978	rwr	BC
OR1L4	0	15979	rwr	BC
OR1L6	0	15980	rwr	BC
OR1S1	0	15981	rwr	BC
OR1S2	0	15982	rwr	BC
OR2M2	0	15983	rwr	BC
OR2M5	0	15984	rwr	BC
OR5K3	0	15985	rwr	BC
OR5K4	0	15986	rwr	BC
OR6C4	0	15987	rwr	BC
OR7G3	0	15988	rwr	BC
OSCP1	0	15989	rwr	BC
OTOP2	0	15990	rwr	BC
PAGE1	0	15991	rwr	BC
PAGE2	0	15992	rwr	BC
PATE1	0	15993	rwr	BC
PATE2	0	15994	rwr	BC
PATE3	0	15995	rwr	BC
PATE4	0	15996	rwr	BC
PCDHA1	0	15997	rwr	BC
PCDHA10	0	15998	rwr	BC
PCDHA11	0	15999	rwr	BC
PCDHA12	0	16000	rwr	BC
PCDHA2	0	16001	rwr	BC
PCDHA3	0	16002	rwr	BC
PCDHA4	0	16003	rwr	BC
PCDHA6	0	16004	rwr	BC
PCDHA7	0	16005	rwr	BC
PCDHA8	0	16006	rwr	BC
PCDHA9	0	16007	rwr	BC
PCDHB12	0	16008	rwr	BC
PCDHB14	0	16009	rwr	BC
PCDHB16	0	16010	rwr	BC
PCDHB2	0	16011	rwr	BC
PCDHB5	0	16012	rwr	BC
PCDHB6	0	16013	rwr	BC
PCDHB7	0	16014	rwr	BC
PCDHGA1	0	16015	rwr	BC
PCDHGA2	0	16016	rwr	BC
PCDHGA3	0	16017	rwr	BC
PCDHGA4	0	16018	rwr	BC
PCDHGA5	0	16019	rwr	BC
PCDHGA6	0	16020	rwr	BC
PCDHGA7	0	16021	rwr	BC
PCDHGA8	0	16022	rwr	BC
PCDHGA9	0	16023	rwr	BC
PCDHGB1	0	16024	rwr	BC
PCDHGB2	0	16025	rwr	BC
PCDHGB3	0	16026	rwr	BC
PCDHGB5	0	16027	rwr	BC
PCDHGC4	0	16028	rwr	BC
PCDHGC5	0	16029	rwr	BC
PDZD9	0	16030	rwr	BC
PGBD5	0	16031	rwr	BC
PINLYP	0	16032	rwr	BC
PLAC8L1	0	16033	rwr	BC
PLPP7	0	16034	rwr	BC
PPP1R36	0	16035	rwr	BC
PRR23D1	0	16036	rwr	BC
PRR23D2	0	16037	rwr	BC
PRRG4	0	16038	rwr	BC
QSER1	0	16039	rwr	BC
RFPL2	0	16040	rwr	BC
RFPL3	0	16041	rwr	BC
RNF133	0	16042	rwr	BC
RNF148	0	16043	rwr	BC
RNF220	0	16044	rwr	BC
RPS6KL1	0	16045	rwr	BC
RSPH10B	0	16046	rwr	BC
RSPH10B2	0	16047	rwr	BC
RTL3	0	16048	rwr	BC
RTL4	0	16049	rwr	BC
RTL6	0	16050	rwr	BC
RTL9	0	16051	rwr	BC
SAMD5	0	16052	rwr	BC
SASH1	0	16053	rwr	BC
SLFN13	0	16054	rwr	BC
SMIM31	0	16055	rwr	BC
SMIM34B	0	16056	rwr	BC
SMIM36	0	16057	rwr	BC
SMIM41	0	16058	rwr	BC
SMIM9	0	16059	rwr	BC
SMLR1	0	16060	rwr	BC
SPAG7	0	16061	rwr	BC
SPATA25	0	16062	rwr	BC
SPATA3	0	16063	rwr	BC
SPATS1	0	16064	rwr	BC
STPG3	0	16065	rwr	BC
SUSD2	0	16066	rwr	BC
SVOPL	0	16067	rwr	BC
SYT10	0	16068	rwr	BC
SYT3	0	16069	rwr	BC
SYT6	0	16070	rwr	BC
TBC1D3	0	16071	rwr	BC
TBC1D3B	0	16072	rwr	BC
TEX36	0	16073	rwr	BC
THAP10	0	16074	rwr	BC
THAP8	0	16075	rwr	BC
THAP9	0	16076	rwr	BC
TM2D1	0	16077	rwr	BC
TM2D2	0	16078	rwr	BC
TMCO5A	0	16079	rwr	BC
TMEM176A	0	16080	rwr	BC
TMEM176B	0	16081	rwr	BC
TMEM191C	0	16082	rwr	BC
TMEM210	0	16083	rwr	BC
TMEM38A	0	16084	rwr	BC
TMEM89	0	16085	rwr	BC
TOX2	0	16086	rwr	BC
TP53TG3	0	16087	rwr	BC
TP53TG3B	0	16088	rwr	BC
TP53TG3E	0	16089	rwr	BC
TTC9B	0	16090	rwr	BC
TVP23B	0	16091	rwr	BC
TVP23C	0	16092	rwr	BC
TVP23C-CDRT4	0	16093	rwr	BC
USP17L27	0	16094	rwr	BC
USP17L28	0	16095	rwr	BC
USP17L29	0	16096	rwr	BC
USP17L30	0	16097	rwr	BC
USP17L4	0	16098	rwr	BC
USP17L7	0	16099	rwr	BC
USP29	0	16100	rwr	BC
USP32	0	16101	rwr	BC
VN1R1	0	16102	rwr	BC
VWA1	0	16103	rwr	BC
VWA3A	0	16104	rwr	BC
WDFY4	0	16105	rwr	BC
WDR54	0	16106	rwr	BC
WFDC10B	0	16107	rwr	BC
WFDC3	0	16108	rwr	BC
ZBED6CL	0	16109	rwr	BC
ZBTB45	0	16110	rwr	BC
ZC2HC1B	0	16111	rwr	BC
ZC4H2	0	16112	rwr	BC
ZDHHC22	0	16113	rwr	BC
ZDHHC23	0	16114	rwr	BC
ZFP30	0	16115	rwr	BC
ZFYVE28	0	16116	rwr	BC
ZIM3	0	16117	rwr	BC
ZNF155	0	16118	rwr	BC
ZNF211	0	16119	rwr	BC
ZNF222	0	16120	rwr	BC
ZNF225	0	16121	rwr	BC
ZNF234	0	16122	rwr	BC
ZNF236	0	16123	rwr	BC
ZNF253	0	16124	rwr	BC
ZNF264	0	16125	rwr	BC
ZNF347	0	16126	rwr	BC
ZNF407	0	16127	rwr	BC
ZNF416	0	16128	rwr	BC
ZNF461	0	16129	rwr	BC
ZNF470	0	16130	rwr	BC
ZNF524	0	16131	rwr	BC
ZNF525	0	16132	rwr	BC
ZNF549	0	16133	rwr	BC
ZNF561	0	16134	rwr	BC
ZNF562	0	16135	rwr	BC
ZNF566	0	16136	rwr	BC
ZNF568	0	16137	rwr	BC
ZNF570	0	16138	rwr	BC
ZNF605	0	16139	rwr	BC
ZNF615	0	16140	rwr	BC
ZNF654	0	16141	rwr	BC
ZNF667	0	16142	rwr	BC
ZNF668	0	16143	rwr	BC
ZNF716	0	16144	rwr	BC
ZNF737	0	16145	rwr	BC
ZNF749	0	16146	rwr	BC
ZNF772	0	16147	rwr	BC
ZNF773	0	16148	rwr	BC
ZNF805	0	16149	rwr	BC
ZNF808	0	16150	rwr	BC
ZNF813	0	16151	rwr	BC
ZNF829	0	16152	rwr	BC
ZNF844	0	16153	rwr	BC
ZSWIM1	0	16154	rwr	BC
ZSWIM9	0	16155	rwr	BC
