gene_symbol	score	rank	method	disease
BRCA1	1	1	rwr	BC
BRCA2	1	2	rwr	BC
TP53	1	3	rwr	BC
PALB2	1	4	rwr	BC
ATM	1	5	rwr	BC
PTEN	1	6	rwr	BC
CDH1	1	7	rwr	BC
STK11	1	8	rwr	BC
RAD51	1	9	rwr	BC
RAD51C	1	10	rwr	BC
RAD51D	1	11	rwr	BC
BRIP1	1	12	rwr	BC
BARD1	1	13	rwr	BC
NBN	1	14	rwr	BC
PIK3CA	1	15	rwr	BC
AKT1	1	16	rwr	BC
ERBB2	1	17	rwr	BC
FGFR2	1	18	rwr	BC
CASP8	1	19	rwr	BC
XRCC2	1	20	rwr	BC
FANCM	1	21	rwr	BC
MLH1	1	22	rwr	BC
BLM	0.00608301475333152	23	rwr	BC
RPA2	0.00344180855858094	24	rwr	BC
RPA1	0.00343893713532074	25	rwr	BC
MYC	0.00332142165438194	26	rwr	BC
FANCD2	0.00317577343759209	27	rwr	BC
SWSAP1	0.00284182644867533	28	rwr	BC
EGFR	0.00231109594967402	29	rwr	BC
TOPBP1	0.00228241526078273	30	rwr	BC
XRCC3	0.00221320624332106	31	rwr	BC
PCNA	0.00218427001980144	32	rwr	BC
STK4	0.00216503183729663	33	rwr	BC
CUL3	0.00212081508330508	34	rwr	BC
HSPA8	0.00188058607730483	35	rwr	BC
ESR1	0.00182686188961415	36	rwr	BC
HSP90AA1	0.00179730611434212	37	rwr	BC
SQSTM1	0.0017822910281389	38	rwr	BC
MDM2	0.00165765936818005	39	rwr	BC
CFTR	0.00164328111904664	40	rwr	BC
HSP90AB1	0.00159637411391894	41	rwr	BC
FANCG	0.00157004022610721	42	rwr	BC
PIK3R1	0.0015625246539177	43	rwr	BC
MORF4L1	0.00155398057388366	44	rwr	BC
EP300	0.00153302105793764	45	rwr	BC
GRB2	0.00152210620574378	46	rwr	BC
UBC	0.00151638460748908	47	rwr	BC
KEAP1	0.00150693131860628	48	rwr	BC
CCNF	0.00149619757262996	49	rwr	BC
FANCA	0.00149352464997498	50	rwr	BC
RPA3	0.00146818161809097	51	rwr	BC
FGFR1	0.00146801441616375	52	rwr	BC
PDS5B	0.00144202101659213	53	rwr	BC
TP53BP1	0.00143184998050669	54	rwr	BC
USP11	0.00142896334396287	55	rwr	BC
HDAC1	0.00142826799005366	56	rwr	BC
CTNNB1	0.00132518284122467	57	rwr	BC
RAD50	0.00131604996471193	58	rwr	BC
HNRNPC	0.00131206289141625	59	rwr	BC
XRCC6	0.00130018976811239	60	rwr	BC
MORF4L2	0.00129760895310401	61	rwr	BC
ARL4C	0.00128872776131576	62	rwr	BC
NDUFAF5	0.0012854530915456	63	rwr	BC
PARP1	0.00126328308406696	64	rwr	BC
NEDD4	0.00125851500384175	65	rwr	BC
PLK1	0.00125186915781445	66	rwr	BC
PTPN11	0.00121618514082726	67	rwr	BC
KRAS	0.0012099699306289	68	rwr	BC
BRD4	0.00118443783448186	69	rwr	BC
MSH6	0.0011745170146983	70	rwr	BC
LMNA	0.00114976505156902	71	rwr	BC
NPM1	0.00114267445362146	72	rwr	BC
RELA	0.00112567528729167	73	rwr	BC
MAPT	0.00112402970338539	74	rwr	BC
SKP2	0.00112221691161491	75	rwr	BC
MCM2	0.00110742396079721	76	rwr	BC
SRC	0.00109782502885395	77	rwr	BC
CREBBP	0.00109645178776666	78	rwr	BC
XRCC5	0.00108798531039582	79	rwr	BC
USP7	0.00106663315009556	80	rwr	BC
RNF138	0.00106169890077437	81	rwr	BC
CBL	0.00104132463804564	82	rwr	BC
FBXW11	0.0010315584787831	83	rwr	BC
UBE2I	0.00102767091239227	84	rwr	BC
CDC37	0.00102556532792286	85	rwr	BC
VCP	0.00101953349422829	86	rwr	BC
YWHAZ	0.00100319563660536	87	rwr	BC
SIRT1	0.00100219613892099	88	rwr	BC
TRIM28	0.00100061957888486	89	rwr	BC
HSPA5	0.00100053241190705	90	rwr	BC
MMS19	0.000988301864273351	91	rwr	BC
PRKDC	0.000988081566294628	92	rwr	BC
TERF2	0.000985378358983438	93	rwr	BC
POLR2A	0.000982175831801421	94	rwr	BC
RNF168	0.000978350720151964	95	rwr	BC
TOP3A	0.000965875077160043	96	rwr	BC
CDC42	0.000963688928185568	97	rwr	BC
USP22	0.000961234031815174	98	rwr	BC
PMS2	0.000957902864952961	99	rwr	BC
LZTS2	0.000950407591518614	100	rwr	BC
FANCL	0.000946405265218769	101	rwr	BC
HDAC2	0.000934658143836361	102	rwr	BC
HERC2	0.000929785499671082	103	rwr	BC
IKZF3	0.000908248824362555	104	rwr	BC
KRT15	0.000898512142745867	105	rwr	BC
PMS1	0.000897971630021895	106	rwr	BC
ABL1	0.000894096589822743	107	rwr	BC
TELO2	0.00089391401382272	108	rwr	BC
MCM9	0.000893462007842795	109	rwr	BC
AR	0.000890070061273427	110	rwr	BC
RMI1	0.000887215221991667	111	rwr	BC
CSNK2A1	0.000878769231363111	112	rwr	BC
AMOTL2	0.000876648289680005	113	rwr	BC
HDAC6	0.000866754298409762	114	rwr	BC
YWHAG	0.000863738298243291	115	rwr	BC
FANCB	0.000862422578177931	116	rwr	BC
CCDC33	0.000858016396499868	117	rwr	BC
WRN	0.000854423030037473	118	rwr	BC
FANCE	0.000839967886804401	119	rwr	BC
YAP1	0.000839967552207776	120	rwr	BC
TRAF6	0.000831970039865663	121	rwr	BC
LNX1	0.000825005514276341	122	rwr	BC
YWHAE	0.000822129263499358	123	rwr	BC
SMARCA4	0.000820096143498478	124	rwr	BC
RBBP8	0.000819030014976446	125	rwr	BC
SHC1	0.000811671019958411	126	rwr	BC
PML	0.000804738117639941	127	rwr	BC
CDK2	0.000796650636510314	128	rwr	BC
SMAD3	0.00079444695645779	129	rwr	BC
DKKL1	0.000791404902001792	130	rwr	BC
STAU1	0.000790768394222145	131	rwr	BC
COPS5	0.000790347962493331	132	rwr	BC
DYNLL1	0.000788631380635155	133	rwr	BC
FLNA	0.000788080980224253	134	rwr	BC
TRAF2	0.000787883548325399	135	rwr	BC
ATR	0.000786484687783577	136	rwr	BC
FAM174A	0.000782997843884715	137	rwr	BC
PLCG1	0.000777659389049373	138	rwr	BC
ERBB3	0.000774900479369794	139	rwr	BC
XIAP	0.000772812085365893	140	rwr	BC
HSPA1A	0.000770731446556775	141	rwr	BC
CCND1	0.000758645077668558	142	rwr	BC
RAD18	0.000757123830401597	143	rwr	BC
CHEK1	0.000756664913194753	144	rwr	BC
SPACA1	0.000752208779200489	145	rwr	BC
C1ORF94	0.00074539234856788	146	rwr	BC
EFNB3	0.000737237049092302	147	rwr	BC
PIK3R2	0.000737217228000986	148	rwr	BC
KLHL10	0.000732888632512431	149	rwr	BC
PRNP	0.000725886854225843	150	rwr	BC
NCL	0.000725320112153635	151	rwr	BC
YWHAH	0.000724753689151379	152	rwr	BC
PTPN6	0.000724621542986537	153	rwr	BC
STUB1	0.000715431873457074	154	rwr	BC
CIAO1	0.000714326466604761	155	rwr	BC
PTPN9	0.000712497967943844	156	rwr	BC
TUBG1	0.000711500181773421	157	rwr	BC
IHO1	0.00070842038922903	158	rwr	BC
TRIM25	0.000703553191398048	159	rwr	BC
HIF1A	0.00070328556510019	160	rwr	BC
COX5B	0.000702345707302874	161	rwr	BC
EZH2	0.000701442295870976	162	rwr	BC
HRAS	0.00068430870262538	163	rwr	BC
IKBKG	0.000674641388285182	164	rwr	BC
YWHAQ	0.000673426752400478	165	rwr	BC
YWHAB	0.000668926558337009	166	rwr	BC
ACTB	0.000665684937020369	167	rwr	BC
CSNK1A1	0.000662774220660547	168	rwr	BC
NEDD4L	0.00065664907144363	169	rwr	BC
IKBKB	0.000656228861556256	170	rwr	BC
HGS	0.000655805123585297	171	rwr	BC
PIK3R3	0.000654520565158991	172	rwr	BC
HUWE1	0.000654226417374211	173	rwr	BC
IKZF1	0.000652142157849727	174	rwr	BC
RAF1	0.000650370591022995	175	rwr	BC
VAPB	0.000648730545092642	176	rwr	BC
PTK2	0.000644358518889215	177	rwr	BC
MAD2L2	0.000644006333452906	178	rwr	BC
RECQL5	0.000640176578069172	179	rwr	BC
FKBP5	0.000639831312872715	180	rwr	BC
UBE2D1	0.000637879317410798	181	rwr	BC
IRS4	0.000636789354816742	182	rwr	BC
PPP1CA	0.000629875208476357	183	rwr	BC
ERCC5	0.000629694102885273	184	rwr	BC
RHOA	0.000627290976041088	185	rwr	BC
BAP1	0.000627203993136585	186	rwr	BC
KAT2B	0.000626939287484439	187	rwr	BC
HSD17B14	0.000610024469965133	188	rwr	BC
RAC1	0.0006066705394931	189	rwr	BC
CDK1	0.000600505074271177	190	rwr	BC
RB1	0.000599687822596461	191	rwr	BC
DMC1	0.000599130999259625	192	rwr	BC
RNASEH2A	0.000595744838378443	193	rwr	BC
EFHC2	0.000588040152876028	194	rwr	BC
TRIM29	0.000583020774174442	195	rwr	BC
PDGFRA	0.000581045477979785	196	rwr	BC
CHD4	0.000579123997272792	197	rwr	BC
E2F1	0.000575866239618649	198	rwr	BC
EZR	0.000575349511612735	199	rwr	BC
JUP	0.00057238424653503	200	rwr	BC
AGR2	0.000569782827571343	201	rwr	BC
CDK9	0.000569156016552015	202	rwr	BC
BIRC2	0.000568060046029947	203	rwr	BC
ATF2	0.000567817265809121	204	rwr	BC
STAT3	0.00056498568513506	205	rwr	BC
EP400	0.000564335860366745	206	rwr	BC
KIFC3	0.000562419016086978	207	rwr	BC
RPS6KA1	0.000558970187853148	208	rwr	BC
RIPK1	0.000557880188073194	209	rwr	BC
AIFM1	0.000554858309833421	210	rwr	BC
FAAP24	0.00055342911171833	211	rwr	BC
KDM1A	0.0005527971353848	212	rwr	BC
CEP57L1	0.000545212378049834	213	rwr	BC
RUVBL2	0.000544078734921149	214	rwr	BC
PPARG	0.000542130226073809	215	rwr	BC
SPTAN1	0.000539364151272691	216	rwr	BC
CANX	0.000537307464458617	217	rwr	BC
TOP2A	0.000536796002946112	218	rwr	BC
KPNA2	0.000532726899693756	219	rwr	BC
AMOT	0.000532621983431573	220	rwr	BC
FGF2	0.000532563326671173	221	rwr	BC
DDX39B	0.000531129299579325	222	rwr	BC
SUMO1	0.000529937177674868	223	rwr	BC
CHD3	0.000528720178120638	224	rwr	BC
KAT5	0.0005263034245011	225	rwr	BC
GSK3B	0.000524635859170398	226	rwr	BC
CCT2	0.000522145046062306	227	rwr	BC
AGO2	0.000520063389680184	228	rwr	BC
DDB1	0.000518770124246765	229	rwr	BC
RNF20	0.000518243570027171	230	rwr	BC
COPS6	0.000518046612787154	231	rwr	BC
DHX9	0.000515847582630316	232	rwr	BC
CBX3	0.000515547318569996	233	rwr	BC
RPS6KA3	0.000514979815954196	234	rwr	BC
CHUK	0.000514625809045253	235	rwr	BC
SOX2	0.00051350944503564	236	rwr	BC
HNRNPU	0.000513383889665807	237	rwr	BC
AURKA	0.000512394693398842	238	rwr	BC
PIAS1	0.000509607048550398	239	rwr	BC
ACTG1	0.000508106050429711	240	rwr	BC
CCNB1	0.000507445633123928	241	rwr	BC
RECQL4	0.000503722376328713	242	rwr	BC
LCK	0.000503086179503686	243	rwr	BC
BTRC	0.000502471700342255	244	rwr	BC
NTRK1	0.000500500970533332	245	rwr	BC
TERF2IP	0.000499950040123924	246	rwr	BC
EWSR1	0.000493824533024513	247	rwr	BC
NUDT21	0.000493716689043901	248	rwr	BC
CFLAR	0.000490959495391434	249	rwr	BC
FADD	0.000488161145890033	250	rwr	BC
CUL1	0.000485749373819645	251	rwr	BC
PPP2R1A	0.000485593171034159	252	rwr	BC
FBXW7	0.000484754290440112	253	rwr	BC
PXN	0.000483394060128227	254	rwr	BC
JOSD2	0.000483097386339314	255	rwr	BC
FGF1	0.00048267906360811	256	rwr	BC
TNFAIP3	0.000482403188632115	257	rwr	BC
BIRC3	0.000480421410102444	258	rwr	BC
MAP1LC3B	0.000478367459675639	259	rwr	BC
IQGAP1	0.000472477730402518	260	rwr	BC
PPIA	0.000471039977547744	261	rwr	BC
ATAD3B	0.000470920590935417	262	rwr	BC
FYN	0.00047011987726951	263	rwr	BC
HSPA4	0.000469680725014154	264	rwr	BC
XPO1	0.000469538744376957	265	rwr	BC
SPIDR	0.00046920162051443	266	rwr	BC
AURKB	0.00046918626535475	267	rwr	BC
TRAF1	0.00046818986293482	268	rwr	BC
WDR5	0.000464847737035699	269	rwr	BC
JUN	0.000464485947282044	270	rwr	BC
RBM39	0.000463226557423737	271	rwr	BC
RPS3	0.000459976080516297	272	rwr	BC
UBE2D2	0.000459208946728194	273	rwr	BC
BCL2	0.000458253508937809	274	rwr	BC
VHL	0.000457249378911813	275	rwr	BC
FZR1	0.000455200038543031	276	rwr	BC
PCM1	0.000454832105531771	277	rwr	BC
PIN1	0.000454221422707569	278	rwr	BC
PAXIP1	0.000452789892263711	279	rwr	BC
COPS4	0.000452414047618635	280	rwr	BC
CTSB	0.000451394923740058	281	rwr	BC
NFE2L2	0.000451361842125832	282	rwr	BC
CASP3	0.000449791673598297	283	rwr	BC
WWP2	0.00044941357103891	284	rwr	BC
TNIP2	0.000448752524371179	285	rwr	BC
FUS	0.000448014353265313	286	rwr	BC
IRS2	0.000447183201289516	287	rwr	BC
FGF7	0.000445355287756828	288	rwr	BC
ILF3	0.000444895972647312	289	rwr	BC
UBB	0.000444472790953496	290	rwr	BC
COPS3	0.000444395375502576	291	rwr	BC
SKP1	0.000440591434589974	292	rwr	BC
LARP7	0.000440469004341203	293	rwr	BC
DYNC1H1	0.000439164602726668	294	rwr	BC
PIP4K2A	0.000436836203403853	295	rwr	BC
CDC27	0.00043664146740108	296	rwr	BC
CYLD	0.0004362854578498	297	rwr	BC
CUL4B	0.000435397273404355	298	rwr	BC
CTCF	0.000434122366457356	299	rwr	BC
PSMA1	0.000433633453374634	300	rwr	BC
CARNMT1	0.00043359494696168	301	rwr	BC
CSNK2A2	0.000432796306517686	302	rwr	BC
SUMO2	0.000430617555019153	303	rwr	BC
SMC1A	0.000430028082089952	304	rwr	BC
SNCA	0.000429200380311539	305	rwr	BC
ELAVL1	0.000427090792607315	306	rwr	BC
TUBB	0.000426727708331769	307	rwr	BC
HNRNPA1	0.000426714620201937	308	rwr	BC
COPS2	0.000425425557576642	309	rwr	BC
SRPK2	0.000424501963610992	310	rwr	BC
ANXA2	0.000422841258165025	311	rwr	BC
ZRANB1	0.000421843971123676	312	rwr	BC
NFKB1	0.000420328373218296	313	rwr	BC
CSF1R	0.000420265245389294	314	rwr	BC
PRMT1	0.000419757958202618	315	rwr	BC
SPOP	0.000419192666460842	316	rwr	BC
RUVBL1	0.000418673002917666	317	rwr	BC
MSH3	0.000417835622469013	318	rwr	BC
TNF	0.000414076373654549	319	rwr	BC
COMMD1	0.00041402306145291	320	rwr	BC
EPHA2	0.000413052777905203	321	rwr	BC
UBE2E1	0.000412208627088908	322	rwr	BC
NAT2	0.000411084024355919	323	rwr	BC
DGKZ	0.000410098020490021	324	rwr	BC
RBBP4	0.000409702567115583	325	rwr	BC
XRCC4	0.000409648221034153	326	rwr	BC
RPS6	0.000409560482546564	327	rwr	BC
PCBP1	0.000408671927164625	328	rwr	BC
CTNNA1	0.000408453878570051	329	rwr	BC
YBX1	0.000407754833182882	330	rwr	BC
GPS1	0.000407672193896422	331	rwr	BC
CBX5	0.000401378842812131	332	rwr	BC
RPL6	0.000398926685026742	333	rwr	BC
CALM1	0.000398020955112272	334	rwr	BC
DDB2	0.000396897367801077	335	rwr	BC
FHL3	0.000396760360766456	336	rwr	BC
SMARCB1	0.000396082269979211	337	rwr	BC
RANBP9	0.000395321265780445	338	rwr	BC
MEN1	0.000394384297046954	339	rwr	BC
TULP2	0.000393410127269759	340	rwr	BC
NONO	0.000391434906076675	341	rwr	BC
CDKN2A	0.000391382543355464	342	rwr	BC
ADAP1	0.000391348973123649	343	rwr	BC
TRIM21	0.00039105300639221	344	rwr	BC
STIP1	0.000390917053721364	345	rwr	BC
LAMP1	0.000390808836533565	346	rwr	BC
POMK	0.000390453107755669	347	rwr	BC
PRKAA1	0.000389041420423992	348	rwr	BC
MAPK14	0.000388620725880185	349	rwr	BC
UIMC1	0.000388505683652605	350	rwr	BC
BUB1B	0.000386530501837358	351	rwr	BC
RASD2	0.000385572045172725	352	rwr	BC
CSNK2B	0.000385516025765782	353	rwr	BC
CCT3	0.00038469621364168	354	rwr	BC
VIM	0.000383797366826939	355	rwr	BC
BCAP31	0.000382211325921049	356	rwr	BC
TNFRSF10B	0.000381139221764286	357	rwr	BC
CCDC120	0.000378811606576381	358	rwr	BC
CTBP1	0.000378632626811058	359	rwr	BC
CAB39	0.000378547277692456	360	rwr	BC
UBE2E3	0.000378069863472608	361	rwr	BC
CTNND1	0.000377502363563334	362	rwr	BC
SMURF2	0.000377166711016544	363	rwr	BC
PPP1CC	0.000375832302499397	364	rwr	BC
RBBP7	0.000375032027596631	365	rwr	BC
SP1	0.00037498081685372	366	rwr	BC
CRK	0.000374921770692949	367	rwr	BC
BPIFA1	0.000373231099945271	368	rwr	BC
GAPDH	0.000372859677317901	369	rwr	BC
CUL4A	0.000371549890743145	370	rwr	BC
MECP2	0.000370009269324687	371	rwr	BC
AP2B1	0.000369714765357205	372	rwr	BC
FIGNL1	0.000367265202855523	373	rwr	BC
FAS	0.000365391206394528	374	rwr	BC
PLEC	0.000365350638704021	375	rwr	BC
EFTUD2	0.000365025920074959	376	rwr	BC
RFWD3	0.000364643485200553	377	rwr	BC
HSPD1	0.00036461129037238	378	rwr	BC
MCM7	0.000363081586930604	379	rwr	BC
CDKN1A	0.000362829753779947	380	rwr	BC
TRIM37	0.000362548912151312	381	rwr	BC
RAD51AP1	0.000361092154483478	382	rwr	BC
TNFRSF10A	0.000360176033277253	383	rwr	BC
APP	0.000359693270767982	384	rwr	BC
KRT18	0.000358541705712476	385	rwr	BC
LGALS3	0.000357706672484501	386	rwr	BC
POLA1	0.000357530479639484	387	rwr	BC
RPL31	0.000357335170739967	388	rwr	BC
COPS8	0.000357226076044107	389	rwr	BC
GFOD1	0.000356975189764093	390	rwr	BC
DNAJA2	0.000356555058855479	391	rwr	BC
POLR2H	0.000355926465312026	392	rwr	BC
TUBA1A	0.000351150309183275	393	rwr	BC
HNRNPD	0.000350824300761118	394	rwr	BC
TFRC	0.000350109547841509	395	rwr	BC
DES	0.000349905882296994	396	rwr	BC
WWOX	0.000349775339359189	397	rwr	BC
DYNC1LI1	0.000349460125749534	398	rwr	BC
SERBP1	0.000349207743296727	399	rwr	BC
MAPK1	0.000349157318512056	400	rwr	BC
TOPORS	0.000348080319353126	401	rwr	BC
MAP2K3	0.000348053845541873	402	rwr	BC
PYCARD	0.000348002323510157	403	rwr	BC
RICTOR	0.000347496061870439	404	rwr	BC
MAP3K7	0.000346868799974674	405	rwr	BC
LIPH	0.000346215275382032	406	rwr	BC
STRADA	0.000345965962903034	407	rwr	BC
EEF2	0.000345541826971056	408	rwr	BC
VRK1	0.000345347511842168	409	rwr	BC
BMI1	0.00034527545191061	410	rwr	BC
IGF1R	0.000345158989251177	411	rwr	BC
PDGFRB	0.000344499749368065	412	rwr	BC
FBL	0.000344474349386591	413	rwr	BC
DDX5	0.000344260862476653	414	rwr	BC
BSG	0.000343521823009235	415	rwr	BC
BID	0.000343457149557062	416	rwr	BC
PABPC1	0.000342183021872295	417	rwr	BC
CSTF2	0.000342132537728889	418	rwr	BC
MTOR	0.000341892837486737	419	rwr	BC
STAT1	0.000340801242802545	420	rwr	BC
RPL13	0.000340576351037208	421	rwr	BC
STRADB	0.00034016210021602	422	rwr	BC
KPNB1	0.000337857733612061	423	rwr	BC
TNFSF10	0.000337293527383063	424	rwr	BC
CAPZB	0.000336012287214658	425	rwr	BC
MUC1	0.000334850691433004	426	rwr	BC
CASP10	0.000334763052924926	427	rwr	BC
HDAC3	0.000333334117794827	428	rwr	BC
HSPB1	0.000332858092526535	429	rwr	BC
BECN1	0.000332547598612432	430	rwr	BC
TOP1	0.000331861659815758	431	rwr	BC
RBM4	0.000331660311375248	432	rwr	BC
PRPF8	0.000331071026113874	433	rwr	BC
TERF1	0.000330104826513052	434	rwr	BC
SFN	0.000329550155535618	435	rwr	BC
SMC3	0.000328507139373527	436	rwr	BC
RAD52	0.000328295887152706	437	rwr	BC
FBXO5	0.000327878105952383	438	rwr	BC
DAXX	0.000327462985363662	439	rwr	BC
LIMD1	0.0003273399674013	440	rwr	BC
ENO1	0.000325973363628379	441	rwr	BC
GIT1	0.000325813581625049	442	rwr	BC
PLA2G10	0.000324588888273485	443	rwr	BC
PRDX6	0.000323951192898102	444	rwr	BC
CDC5L	0.000323367659895914	445	rwr	BC
ITCH	0.000323062889891548	446	rwr	BC
VCL	0.000322842631231497	447	rwr	BC
CASP9	0.000322458132628666	448	rwr	BC
NABP2	0.000322102713650784	449	rwr	BC
PRKCZ	0.000321848829131598	450	rwr	BC
ROCK2	0.000321638565290783	451	rwr	BC
HNRNPH1	0.000320848872343031	452	rwr	BC
CSTF1	0.000320275180622723	453	rwr	BC
DYNC1LI2	0.00032015249667321	454	rwr	BC
RIPK3	0.000319575059145912	455	rwr	BC
DYNLL2	0.000319330032388463	456	rwr	BC
HSPB8	0.000319187393834731	457	rwr	BC
MND1	0.000317692651825382	458	rwr	BC
HNRNPA2B1	0.000317325823001388	459	rwr	BC
RNF4	0.000317295658802837	460	rwr	BC
CD274	0.000316411872281289	461	rwr	BC
G3BP1	0.000316299460265722	462	rwr	BC
SDC2	0.00031605354022732	463	rwr	BC
USP9X	0.000316017074723024	464	rwr	BC
DYRK1A	0.000315341413790934	465	rwr	BC
HECTD3	0.000314485640637295	466	rwr	BC
ZC3H11A	0.000313627721111433	467	rwr	BC
HMG20B	0.000313618472581972	468	rwr	BC
MYH14	0.000313339035889467	469	rwr	BC
TRRAP	0.000313143005058295	470	rwr	BC
SMAD2	0.000313081071866513	471	rwr	BC
CASP7	0.00031291890628336	472	rwr	BC
MYO6	0.00031243040225704	473	rwr	BC
SSRP1	0.000312279491142579	474	rwr	BC
LGALS8	0.000312118446806449	475	rwr	BC
SMARCC1	0.000312030193118408	476	rwr	BC
CASP2	0.000311193065388322	477	rwr	BC
RAB11A	0.000311077698414339	478	rwr	BC
SERPINB5	0.000310745514391827	479	rwr	BC
MMS22L	0.000310643218468641	480	rwr	BC
MATR3	0.000310527237987557	481	rwr	BC
PPP2CA	0.000310085115331766	482	rwr	BC
ZSWIM7	0.000309592502920573	483	rwr	BC
ARID2	0.000308787537676526	484	rwr	BC
TRADD	0.000308113598742503	485	rwr	BC
EMD	0.000306724241642925	486	rwr	BC
LYN	0.000306312178529411	487	rwr	BC
CSE1L	0.000305275566729741	488	rwr	BC
PIK3C3	0.000303002634025388	489	rwr	BC
MCM8	0.000302621585434674	490	rwr	BC
SIGLECL1	0.000302324985730459	491	rwr	BC
KAT7	0.00030176798614938	492	rwr	BC
OLA1	0.000301622059833006	493	rwr	BC
FOXO3	0.000301441792878999	494	rwr	BC
USP44	0.000300332334617698	495	rwr	BC
EME1	0.000299933359674627	496	rwr	BC
CCT6A	0.000298393673510005	497	rwr	BC
MYH9	0.000297611982894158	498	rwr	BC
HNRNPK	0.000297466579017686	499	rwr	BC
EEF1A1	0.000297398152148666	500	rwr	BC
MAGED1	0.00029706205319987	501	rwr	BC
ACTN1	0.000296913433141221	502	rwr	BC
TLN1	0.000296689519601472	503	rwr	BC
BAG3	0.000295846289585899	504	rwr	BC
RAD21	0.000295611640213635	505	rwr	BC
TICAM1	0.000295349011038682	506	rwr	BC
MANSC1	0.000294669332183792	507	rwr	BC
MAGEA8	0.000294602826698328	508	rwr	BC
RPL4	0.000294149139527072	509	rwr	BC
SNX32	0.000294098461030918	510	rwr	BC
RPL23A	0.000293830730483801	511	rwr	BC
HSPA9	0.000293792860362042	512	rwr	BC
TMEM30B	0.000293240400971407	513	rwr	BC
RPL14	0.000292907584145419	514	rwr	BC
CDCA7L	0.000291571829513958	515	rwr	BC
SNW1	0.00029141552257771	516	rwr	BC
FRMD6	0.000291005287225889	517	rwr	BC
DNAJA1	0.000290336812283804	518	rwr	BC
TBK1	0.000290201921315385	519	rwr	BC
NRAS	0.000289664182544012	520	rwr	BC
MYOG	0.000289633751113534	521	rwr	BC
USP10	0.000289585984073842	522	rwr	BC
LATS2	0.00028873018501804	523	rwr	BC
TMSB4X	0.000288463884988292	524	rwr	BC
TCERG1	0.000288099450660003	525	rwr	BC
UHRF1	0.000287304702840434	526	rwr	BC
PSEN1	0.000286877361811011	527	rwr	BC
ZC3H18	0.000286054418445993	528	rwr	BC
LITAF	0.000285874028248618	529	rwr	BC
RPS4X	0.000285711693728665	530	rwr	BC
MRPS22	0.000284325975425369	531	rwr	BC
CDKL5	0.000283635959923977	532	rwr	BC
SIN3A	0.000283560008109232	533	rwr	BC
WTIP	0.00028348782055817	534	rwr	BC
PSMD4	0.000283373957965219	535	rwr	BC
ALK	0.000283220742885604	536	rwr	BC
SYK	0.000282835825586076	537	rwr	BC
RPS13	0.000282679677352623	538	rwr	BC
NCOR1	0.000282636741357759	539	rwr	BC
ETV4	0.000282168042673695	540	rwr	BC
NCK1	0.000282027174658806	541	rwr	BC
FCGRT	0.000280980206115945	542	rwr	BC
UBXN4	0.000280621224462459	543	rwr	BC
HNRNPL	0.000280147982384776	544	rwr	BC
LRRK2	0.000280081115302418	545	rwr	BC
NDRG1	0.000279868501725894	546	rwr	BC
PSMC5	0.000279366306074006	547	rwr	BC
RPS20	0.000277417142004149	548	rwr	BC
IVD	0.000276868190164373	549	rwr	BC
HAVCR2	0.000276192674645842	550	rwr	BC
CHERP	0.000276100207755076	551	rwr	BC
SNRNP70	0.000276096791440434	552	rwr	BC
BCL3	0.000275868090807277	553	rwr	BC
RPL7	0.000275453584067011	554	rwr	BC
CLTC	0.000274864915076349	555	rwr	BC
CAP1	0.000274764835654417	556	rwr	BC
FASN	0.000274282825623347	557	rwr	BC
YY1	0.000274099116045325	558	rwr	BC
APEX1	0.000274056011344472	559	rwr	BC
UBE3A	0.000273693245436861	560	rwr	BC
HMGA1	0.000273671741989871	561	rwr	BC
MTA2	0.000272782278508531	562	rwr	BC
DEDD2	0.000272301854439055	563	rwr	BC
XPC	0.000272228393166003	564	rwr	BC
FGFR4	0.000270191710223329	565	rwr	BC
SMAD4	0.000270102957097063	566	rwr	BC
CCT4	0.000269830049367239	567	rwr	BC
TSPAN3	0.000269753547501944	568	rwr	BC
HIP1	0.000269379115512997	569	rwr	BC
PRPF31	0.000268960056517863	570	rwr	BC
RPS3A	0.000268733453531673	571	rwr	BC
MRAP2	0.000268707363389562	572	rwr	BC
CAB39L	0.000268001673401396	573	rwr	BC
COX4I1	0.00026776366876278	574	rwr	BC
ERRFI1	0.000267698058128255	575	rwr	BC
CDKN1B	0.000266358218855875	576	rwr	BC
SMARCC2	0.000266218056649352	577	rwr	BC
CASP6	0.000266071495789355	578	rwr	BC
UBE2N	0.000265835314042119	579	rwr	BC
CCNA2	0.000265739023102688	580	rwr	BC
MEPCE	0.000265726463384518	581	rwr	BC
FEN1	0.000265507207097786	582	rwr	BC
HSP90B1	0.000265489902825714	583	rwr	BC
BCL10	0.000263554281379068	584	rwr	BC
SNAI1	0.0002634689054064	585	rwr	BC
U2AF2	0.000263099882549438	586	rwr	BC
RPL23	0.000262797847235006	587	rwr	BC
RPL5	0.000262768322606482	588	rwr	BC
ERBB4	0.000262265157200932	589	rwr	BC
CDK4	0.000262162365031887	590	rwr	BC
IP6K1	0.000261842221087188	591	rwr	BC
CRKL	0.000261351341625313	592	rwr	BC
FKBP6	0.000259698908264029	593	rwr	BC
CAV1	0.00025938873539732	594	rwr	BC
MAGI1	0.000259246281283796	595	rwr	BC
RPS2	0.000258938572583651	596	rwr	BC
NFIC	0.000258688531013129	597	rwr	BC
UNC45A	0.000258183804180582	598	rwr	BC
CCT7	0.00025765952139751	599	rwr	BC
SRPK1	0.000257208671845106	600	rwr	BC
RPL3	0.000256777236750977	601	rwr	BC
DVL2	0.000256511719499497	602	rwr	BC
RPS9	0.000254842876763196	603	rwr	BC
DNAJB11	0.000254682384125938	604	rwr	BC
USP15	0.00025358874766455	605	rwr	BC
GRSF1	0.000253095059982255	606	rwr	BC
DDX1	0.000252662942110244	607	rwr	BC
CREB1	0.000252313492984206	608	rwr	BC
FKBP3	0.00025230151491261	609	rwr	BC
MET	0.000252193768408055	610	rwr	BC
RPS8	0.000252148931886839	611	rwr	BC
DEFA5	0.000251935888781401	612	rwr	BC
NR1H3	0.000251754508425587	613	rwr	BC
SUPT16H	0.000251594293016993	614	rwr	BC
RPL10A	0.00025096839257906	615	rwr	BC
TCP1	0.000250752757179656	616	rwr	BC
NPC2	0.000250300479278737	617	rwr	BC
EFHC1	0.000249238057064727	618	rwr	BC
SMARCA5	0.000248345309753257	619	rwr	BC
MAP3K5	0.000248285361219124	620	rwr	BC
DNAJC30	0.000247415486495316	621	rwr	BC
DNMT1	0.000247318546710811	622	rwr	BC
ESR2	0.000246838902588391	623	rwr	BC
ARNT	0.000246602310894069	624	rwr	BC
NCOR2	0.000246517337445998	625	rwr	BC
PELI1	0.000246480193434565	626	rwr	BC
RPS16	0.000246202701371782	627	rwr	BC
PICK1	0.00024560365136735	628	rwr	BC
PSME3	0.000245041820104993	629	rwr	BC
CDK7	0.000244776203035904	630	rwr	BC
RPL11	0.000244361751631115	631	rwr	BC
ILF2	0.000244252959101984	632	rwr	BC
VAV1	0.000243746701971575	633	rwr	BC
MT2A	0.000243618843582548	634	rwr	BC
TTI1	0.000243332639611403	635	rwr	BC
ATP1A1	0.000243017362049445	636	rwr	BC
SUN2	0.000242950301623857	637	rwr	BC
TIMP1	0.000242796887002175	638	rwr	BC
DNAJC7	0.000242402526616184	639	rwr	BC
NOTCH1	0.000242263249633091	640	rwr	BC
UBE2K	0.000242022704624088	641	rwr	BC
PRKAB2	0.000241613862602152	642	rwr	BC
KHDRBS1	0.000241518322445581	643	rwr	BC
TNS3	0.000241094294220966	644	rwr	BC
PDPK1	0.000240731261605711	645	rwr	BC
RPS19	0.000240613459150736	646	rwr	BC
SF3B1	0.000240538177008793	647	rwr	BC
PSMD3	0.000240526402241711	648	rwr	BC
ABI2	0.000238896334981402	649	rwr	BC
CUL2	0.000238873602920506	650	rwr	BC
PARK7	0.000238204284213336	651	rwr	BC
MCM3	0.000238171261670195	652	rwr	BC
NOP56	0.000237907430085204	653	rwr	BC
IL20RA	0.000237522660293025	654	rwr	BC
RPS11	0.000237415164053332	655	rwr	BC
FAM171B	0.000237238166121296	656	rwr	BC
TRIM27	0.000237060531223341	657	rwr	BC
RC3H1	0.000236874275480494	658	rwr	BC
NFKBIA	0.000236858238833188	659	rwr	BC
ARHGAP21	0.00023589669150545	660	rwr	BC
CDCA8	0.000235741996928835	661	rwr	BC
NCOA3	0.000235674059689083	662	rwr	BC
MTA1	0.000235265559308443	663	rwr	BC
RARA	0.0002348355206525	664	rwr	BC
PIP5K1C	0.000234761488711396	665	rwr	BC
HNRNPM	0.000234164223314068	666	rwr	BC
ILK	0.000234090088995701	667	rwr	BC
TNKS	0.000232998146287658	668	rwr	BC
PKP4	0.000232133827944487	669	rwr	BC
CBLL1	0.000232035612856665	670	rwr	BC
TASOR2	0.000231508326021295	671	rwr	BC
WWP1	0.000231407303149667	672	rwr	BC
IFFO2	0.000231333915954423	673	rwr	BC
RPS27	0.000231272273519316	674	rwr	BC
ZEB1	0.000231144430806582	675	rwr	BC
TNK2	0.000230736181588171	676	rwr	BC
RPLP0	0.000230701864365298	677	rwr	BC
RNF2	0.000230568880563401	678	rwr	BC
UBR5	0.000230391802753298	679	rwr	BC
SNRNP200	0.000230369268816262	680	rwr	BC
UBA1	0.000229933911572789	681	rwr	BC
PHB2	0.00022970722179504	682	rwr	BC
FLRT1	0.000228407405427235	683	rwr	BC
CTTN	0.000227958898042624	684	rwr	BC
CCT5	0.000227344475127375	685	rwr	BC
NCK2	0.000227147700543273	686	rwr	BC
PSMA3	0.000226941030106552	687	rwr	BC
VCAM1	0.000226192094274217	688	rwr	BC
CDH3	0.00022607924684418	689	rwr	BC
RNF40	0.000225892654061547	690	rwr	BC
RPS15A	0.000224782479940877	691	rwr	BC
SNX22	0.000224072879494825	692	rwr	BC
RPS7	0.000223512021951698	693	rwr	BC
FKBP8	0.00022220121044305	694	rwr	BC
CBY2	0.00022208938610844	695	rwr	BC
CDC20	0.000222054472380079	696	rwr	BC
ACTA1	0.000222052213796669	697	rwr	BC
CHAF1A	0.000221842471142564	698	rwr	BC
RNF31	0.000221261832864255	699	rwr	BC
TMEM248	0.000221120346759001	700	rwr	BC
NUDT5	0.000220426164970031	701	rwr	BC
PLEKHA7	0.000218800777370942	702	rwr	BC
C1QBP	0.000218770869847837	703	rwr	BC
FANCI	0.00021855141671715	704	rwr	BC
NCOA1	0.000218319936813114	705	rwr	BC
SRSF1	0.000217532404530916	706	rwr	BC
DLG4	0.000217174180548226	707	rwr	BC
ACTL6A	0.000216593864464806	708	rwr	BC
ATG16L1	0.000216535012124804	709	rwr	BC
C5ORF24	0.000215928852882457	710	rwr	BC
RPSA	0.000215726559124579	711	rwr	BC
RAB7A	0.000215372893882305	712	rwr	BC
ARRB2	0.000215261391927202	713	rwr	BC
ACTC1	0.00021491739668529	714	rwr	BC
TOMM22	0.000214756780696617	715	rwr	BC
C6ORF141	0.00021436501110829	716	rwr	BC
BANP	0.000214166073934313	717	rwr	BC
GAPDHS	0.000214017606147922	718	rwr	BC
RPL19	0.000213810103668186	719	rwr	BC
RPN1	0.000213690730370731	720	rwr	BC
NUMB	0.000213652482668754	721	rwr	BC
MAPK3	0.000213441824521019	722	rwr	BC
PPP1CB	0.000213240649050401	723	rwr	BC
TRAF3	0.000212434053982651	724	rwr	BC
RPL10	0.000212405492168486	725	rwr	BC
SNX27	0.000211688974157379	726	rwr	BC
FHL2	0.00021153920389206	727	rwr	BC
RPL12	0.000211304361689695	728	rwr	BC
TP73	0.000211289823988916	729	rwr	BC
G3BP2	0.000211264869807258	730	rwr	BC
SF3B3	0.000211253223846592	731	rwr	BC
DDX3X	0.000211126402510516	732	rwr	BC
FBXO6	0.000211095277740831	733	rwr	BC
UBE2L3	0.000210936225834788	734	rwr	BC
ATXN3	0.00021075195117606	735	rwr	BC
EIF3E	0.000210472095342593	736	rwr	BC
CTNNA2	0.000209302992809998	737	rwr	BC
TNIP1	0.000209088425013981	738	rwr	BC
RPS25	0.000208546246424075	739	rwr	BC
RPS26	0.000208203701673749	740	rwr	BC
CEP135	0.000207553570617178	741	rwr	BC
HTT	0.00020743539776207	742	rwr	BC
TCL1A	0.000207284377581546	743	rwr	BC
RPL7A	0.000206690635736876	744	rwr	BC
EEF1G	0.000206412226957715	745	rwr	BC
SMARCA2	0.000206344677319076	746	rwr	BC
BAG2	0.000206185711395219	747	rwr	BC
PGK1	0.000205778884620776	748	rwr	BC
CAND1	0.000205749735835125	749	rwr	BC
BAG4	0.000205695047677327	750	rwr	BC
PSMD14	0.000205412334375027	751	rwr	BC
DCTN1	0.000205399488887717	752	rwr	BC
UBQLN2	0.00020537110181405	753	rwr	BC
TNFRSF1A	0.000205131111289177	754	rwr	BC
NUMA1	0.000204936072901669	755	rwr	BC
RFC4	0.000204867294323234	756	rwr	BC
TBP	0.000204231596284256	757	rwr	BC
OGT	0.000203944444946448	758	rwr	BC
NF2	0.000203767489011253	759	rwr	BC
SF3A1	0.000203566178496802	760	rwr	BC
SYNCRIP	0.000203203105244608	761	rwr	BC
FXR1	0.000203104935336669	762	rwr	BC
LATS1	0.00020298441801518	763	rwr	BC
ZDHHC1	0.000202965850746905	764	rwr	BC
EIF2AK2	0.000202816436818307	765	rwr	BC
HSP90AA5P	0.000202691806315869	766	rwr	BC
RPL15	0.000202062639690794	767	rwr	BC
APLF	0.000201973273159202	768	rwr	BC
PTK2B	0.000201714538311177	769	rwr	BC
MAPRE1	0.000201389753915323	770	rwr	BC
ATXN1	0.000201344680239545	771	rwr	BC
KCNA3	0.000201158165478905	772	rwr	BC
ANOS1	0.000200330224879778	773	rwr	BC
RHEB	0.000199829115415281	774	rwr	BC
TUBB4B	0.000199443629515076	775	rwr	BC
CDKN2C	0.000199378272248342	776	rwr	BC
DSN1	0.000199296203569029	777	rwr	BC
ISG15	0.000198929053163764	778	rwr	BC
PSMC3	0.000198913996790664	779	rwr	BC
HSF1	0.000198908877542721	780	rwr	BC
PAF1	0.000198710020501055	781	rwr	BC
PRMT5	0.000198679938026166	782	rwr	BC
CA8	0.000198630124886941	783	rwr	BC
FBXO7	0.00019849250900147	784	rwr	BC
MAPK8	0.000198343904715846	785	rwr	BC
PEX5	0.000197978304901831	786	rwr	BC
HCFC1	0.000197770290427082	787	rwr	BC
UBE2S	0.000197422752810467	788	rwr	BC
CAD	0.000196547912781248	789	rwr	BC
PNKP	0.000196458134469959	790	rwr	BC
PKM	0.000196322240484331	791	rwr	BC
MAP3K14	0.000195566526016088	792	rwr	BC
UBQLN1	0.000195513381388949	793	rwr	BC
MAPK8IP1	0.000195281422653504	794	rwr	BC
BCL2L1	0.000195136447291122	795	rwr	BC
TUFM	0.000193669635420644	796	rwr	BC
NXF1	0.000192906776746815	797	rwr	BC
RPL18	0.000192776558652801	798	rwr	BC
NEDD8	0.000191577085515016	799	rwr	BC
ORC2	0.000191439460537054	800	rwr	BC
EIF3B	0.000191331500839092	801	rwr	BC
RASA1	0.000190766420630425	802	rwr	BC
UBE2T	0.00019076055014841	803	rwr	BC
CSNK1D	0.000190412813396575	804	rwr	BC
CTBP2	0.000190180985856243	805	rwr	BC
TARDBP	0.000189867897804722	806	rwr	BC
POLR2C	0.0001898085884074	807	rwr	BC
NINL	0.000189788685065164	808	rwr	BC
STK3	0.000189634479423131	809	rwr	BC
VAPA	0.000189039526609136	810	rwr	BC
CRBN	0.000189023810937448	811	rwr	BC
TULP3	0.00018898188175784	812	rwr	BC
WDR76	0.000188788665608847	813	rwr	BC
ALOX5	0.000188611169710114	814	rwr	BC
RPL27	0.000188579812967131	815	rwr	BC
PFKP	0.000188009185389058	816	rwr	BC
TRAF4	0.00018755428837492	817	rwr	BC
POLR2E	0.000187358085184286	818	rwr	BC
BRD3	0.000187115453594294	819	rwr	BC
PIAS4	0.00018663955175586	820	rwr	BC
SIAH1	0.000186068501721827	821	rwr	BC
LDHA	0.000185655581703224	822	rwr	BC
GRAP2	0.000185620268915921	823	rwr	BC
CDK6	0.000185543724700807	824	rwr	BC
MLF1	0.000185510903174417	825	rwr	BC
ABL2	0.000185255327719762	826	rwr	BC
MCM5	0.000184824281884829	827	rwr	BC
CLK2	0.000184701936213496	828	rwr	BC
SFPQ	0.000184647942255144	829	rwr	BC
DDX17	0.000184594839384703	830	rwr	BC
HSP90AB4P	0.000184128398964204	831	rwr	BC
MIB1	0.000184087579821373	832	rwr	BC
UCHL1	0.000184049346517906	833	rwr	BC
CCT8	0.000183887673947683	834	rwr	BC
ERG	0.000183805537823146	835	rwr	BC
CSK	0.000183636275968313	836	rwr	BC
ALDOA	0.000183208833313681	837	rwr	BC
TUBA1B	0.000183203952686436	838	rwr	BC
ITK	0.000182760109236026	839	rwr	BC
BRAF	0.000182579655725795	840	rwr	BC
TNKS2	0.000182490280346485	841	rwr	BC
GTF2I	0.00018248787158794	842	rwr	BC
CUL5	0.000182402481978586	843	rwr	BC
PDIA4	0.000181982956726373	844	rwr	BC
TOP2B	0.00018172544684255	845	rwr	BC
SOCS6	0.000181592947630296	846	rwr	BC
RPS27A	0.000181433857319332	847	rwr	BC
KDM4A	0.000181107272702357	848	rwr	BC
MCM4	0.000180191525058792	849	rwr	BC
PSMD2	0.000179785029581602	850	rwr	BC
KPNA1	0.000179417837179368	851	rwr	BC
TCF7L2	0.00017929221497605	852	rwr	BC
TMPO	0.000179105663443469	853	rwr	BC
HAX1	0.000178875012603001	854	rwr	BC
USP13	0.000178552101108105	855	rwr	BC
SUZ12	0.000177978011216997	856	rwr	BC
PDS5A	0.000177943677429312	857	rwr	BC
USP14	0.000177915171361567	858	rwr	BC
CD44	0.000177886244315442	859	rwr	BC
YEATS4	0.000177882331958307	860	rwr	BC
PSMA7	0.000177449934470531	861	rwr	BC
BMP1	0.000176894397389969	862	rwr	BC
NR4A1	0.000176617842961115	863	rwr	BC
HNRNPR	0.000176599007788509	864	rwr	BC
POLR2B	0.000176576306429027	865	rwr	BC
DDX21	0.000176441384812846	866	rwr	BC
ITGB1	0.000176003682232	867	rwr	BC
KAT2A	0.000176002276673976	868	rwr	BC
ALYREF	0.000175891188573649	869	rwr	BC
C5AR2	0.000175683022610076	870	rwr	BC
MAVS	0.000174831758860341	871	rwr	BC
UBE2M	0.000174702196413241	872	rwr	BC
DMAP1	0.000174204587205311	873	rwr	BC
EIF4G1	0.000174084653803867	874	rwr	BC
HSP90AA4P	0.000173836002835111	875	rwr	BC
SUPT5H	0.000173510087002411	876	rwr	BC
RPL21	0.000173496075916819	877	rwr	BC
BCAR1	0.000173386548573814	878	rwr	BC
DCAF7	0.000173323132440061	879	rwr	BC
TMPRSS11B	0.000173306683888406	880	rwr	BC
CALCOCO2	0.000173096486004319	881	rwr	BC
RPL8	0.000172946913481055	882	rwr	BC
RNF111	0.000172898788724696	883	rwr	BC
URI1	0.00017272335390246	884	rwr	BC
USP8	0.000172545740168679	885	rwr	BC
RPN2	0.000172390547350655	886	rwr	BC
CDC73	0.000172362374601818	887	rwr	BC
DSP	0.000172246076139538	888	rwr	BC
SNRPB	0.000172166862347426	889	rwr	BC
SUPT6H	0.000171897833268104	890	rwr	BC
RAD9A	0.000171779201385688	891	rwr	BC
APPL1	0.000171515597842753	892	rwr	BC
BAG6	0.00017151071114825	893	rwr	BC
COPS7A	0.000171057361882557	894	rwr	BC
RPS5	0.000170743151078794	895	rwr	BC
SH3KBP1	0.000170636375189908	896	rwr	BC
ORC4	0.000170550743023247	897	rwr	BC
RPL27A	0.000170469067520039	898	rwr	BC
ARAF	0.000169920232377578	899	rwr	BC
RET	0.000169473124167736	900	rwr	BC
BRD7	0.000169464432844599	901	rwr	BC
SSBP1	0.00016883958845911	902	rwr	BC
USP1	0.00016881322601171	903	rwr	BC
SNRPD1	0.000168369959612929	904	rwr	BC
MCL1	0.00016827615997379	905	rwr	BC
RBCK1	0.000167021776845313	906	rwr	BC
IRAK1	0.000166938426286365	907	rwr	BC
TAB1	0.000166913776222498	908	rwr	BC
TUBB3	0.000166759546447452	909	rwr	BC
HECTD1	0.000166480385851431	910	rwr	BC
RIF1	0.000166460516783079	911	rwr	BC
RANBP2	0.000165604518643668	912	rwr	BC
HYOU1	0.000165234068123163	913	rwr	BC
ANAPC4	0.000164959972996394	914	rwr	BC
CNKSR1	0.000164940975693601	915	rwr	BC
ULK1	0.000164886340168929	916	rwr	BC
CDK5	0.000164578313255223	917	rwr	BC
UPF1	0.000164529918718765	918	rwr	BC
EEF1A2	0.000164500207520822	919	rwr	BC
RPL38	0.000164309477910712	920	rwr	BC
HSP90AB3P	0.000164105405616267	921	rwr	BC
SMN1	0.000164039719856769	922	rwr	BC
ARRB1	0.000164038758063208	923	rwr	BC
SF3B2	0.000164008362263757	924	rwr	BC
INTS3	0.000163779009417641	925	rwr	BC
ANAPC7	0.000163697368175412	926	rwr	BC
CARM1	0.00016358064653245	927	rwr	BC
OTUB1	0.000163464762887076	928	rwr	BC
RPL18A	0.000163434161801687	929	rwr	BC
PRPF19	0.000163381218849589	930	rwr	BC
TAB2	0.000163073536583354	931	rwr	BC
HSPA6	0.000162804850734116	932	rwr	BC
GOLGA2	0.000162056583681261	933	rwr	BC
ASH2L	0.000162002241433221	934	rwr	BC
BRD8	0.000161825882741345	935	rwr	BC
SNRPA	0.000161434419696823	936	rwr	BC
RAN	0.000161211494845131	937	rwr	BC
MOV10	0.000161083566929644	938	rwr	BC
GRB7	0.000161068993393438	939	rwr	BC
DLG1	0.000160994314164383	940	rwr	BC
PINK1	0.000160558071394959	941	rwr	BC
ABRAXAS2	0.000160419146930837	942	rwr	BC
PIAS2	0.000159877743975172	943	rwr	BC
TSG101	0.000159864567685871	944	rwr	BC
SMAD7	0.000159698981782561	945	rwr	BC
TP63	0.000159596474001184	946	rwr	BC
PTPN1	0.000159463413539479	947	rwr	BC
DDRGK1	0.000159399701465115	948	rwr	BC
IGF2BP1	0.000159324876869018	949	rwr	BC
CTNNA3	0.000159230609921949	950	rwr	BC
SFXN1	0.000158873232562367	951	rwr	BC
IL13RA2	0.000158671515133388	952	rwr	BC
RBL2	0.000158241797547504	953	rwr	BC
CD70	0.000158238437469503	954	rwr	BC
ANAPC5	0.000158061071037645	955	rwr	BC
BCR	0.000158043084798228	956	rwr	BC
TRIM47	0.000157930521135344	957	rwr	BC
CCAR2	0.00015783250868029	958	rwr	BC
RPL9	0.000157816086359053	959	rwr	BC
PBK	0.000157559913636796	960	rwr	BC
SOD1	0.000157092034297304	961	rwr	BC
RPL37A	0.000157012625406951	962	rwr	BC
WEE1	0.000156527172105039	963	rwr	BC
PDHA1	0.000156309338606458	964	rwr	BC
ARF6	0.000155619224116085	965	rwr	BC
ECT2	0.000155545754407579	966	rwr	BC
NDUFS7	0.000155444004650135	967	rwr	BC
HNRNPA3	0.000155404106916446	968	rwr	BC
PTGES3	0.000155137203149678	969	rwr	BC
NUP153	0.000155038888954783	970	rwr	BC
POLD1	0.000155027184913201	971	rwr	BC
KMT2A	0.000154852418209297	972	rwr	BC
VDAC1	0.000154277407499925	973	rwr	BC
POLR1B	0.000154254494501625	974	rwr	BC
MAST2	0.000154189823591514	975	rwr	BC
APC	0.000153996930414264	976	rwr	BC
RPL30	0.000153683345861304	977	rwr	BC
TUBA4A	0.000153547034817386	978	rwr	BC
MRGBP	0.000153522538292995	979	rwr	BC
NPY2R	0.000153166395904313	980	rwr	BC
PLAUR	0.000152983428464165	981	rwr	BC
GSK3A	0.000152611687383935	982	rwr	BC
SAXO5	0.000152466578692509	983	rwr	BC
SCRIB	0.000152441893512251	984	rwr	BC
GTF2H1	0.000152254187633374	985	rwr	BC
YES1	0.000152038543070742	986	rwr	BC
MAPKAP1	0.000152005138731841	987	rwr	BC
PTPRA	0.000151992954157558	988	rwr	BC
HBA1	0.000151327313311447	989	rwr	BC
PAK1	0.000151324456516192	990	rwr	BC
ASXL1	0.000151228255351355	991	rwr	BC
LMNB1	0.000151170828747532	992	rwr	BC
RPS24	0.000151007909945156	993	rwr	BC
SIN3B	0.000151003072875514	994	rwr	BC
AXIN1	0.000150713578013419	995	rwr	BC
HNRNPAB	0.000150612426951419	996	rwr	BC
USP34	0.000150611507324294	997	rwr	BC
OPTN	0.000150305446163669	998	rwr	BC
STAT5A	0.000150238875904977	999	rwr	BC
MCAM	0.000150083446382013	1000	rwr	BC
CDH2	0.000149726421667703	1001	rwr	BC
MAP1LC3A	0.000149315514023718	1002	rwr	BC
SPANXA1	0.000149189226209548	1003	rwr	BC
KPNA3	0.000149166101058892	1004	rwr	BC
GORASP2	0.000149086393493244	1005	rwr	BC
MCM6	0.000148977186588593	1006	rwr	BC
NAT10	0.000148898879909372	1007	rwr	BC
AHSA1	0.000148735244850606	1008	rwr	BC
ARIH1	0.000147976403619275	1009	rwr	BC
NDUFS3	0.00014775633780949	1010	rwr	BC
CUL7	0.000147698186557252	1011	rwr	BC
EIF4EBP1	0.000147561880890614	1012	rwr	BC
DOCK7	0.00014755282015766	1013	rwr	BC
RCOR1	0.000147166442086741	1014	rwr	BC
TXN	0.000147133183940472	1015	rwr	BC
RBM14	0.000147034104554793	1016	rwr	BC
COPS7B	0.000146942034990056	1017	rwr	BC
ING3	0.000146723930363942	1018	rwr	BC
STAG2	0.000146518660252858	1019	rwr	BC
RING1	0.000146223671553634	1020	rwr	BC
RAB4A	0.000145797748559271	1021	rwr	BC
IPO5	0.000145795325153747	1022	rwr	BC
SLC39A7	0.000145760646332393	1023	rwr	BC
RXRA	0.000145399838825259	1024	rwr	BC
FOS	0.000144831168327565	1025	rwr	BC
NCOA2	0.000144824811287498	1026	rwr	BC
KRT8	0.000144616138806379	1027	rwr	BC
PRKACA	0.000144382733631921	1028	rwr	BC
KIF23	0.000144345207718292	1029	rwr	BC
SPSB1	0.000144296656909894	1030	rwr	BC
IGF2BP3	0.000144168480242432	1031	rwr	BC
P4HA1	0.000143906455943268	1032	rwr	BC
GLUD1	0.000143873756388151	1033	rwr	BC
RPS14	0.000143848945800185	1034	rwr	BC
XRN2	0.000143226947398316	1035	rwr	BC
ERCC4	0.000143127041852468	1036	rwr	BC
TRIP6	0.000143121889798343	1037	rwr	BC
PTK6	0.000143104047887734	1038	rwr	BC
BUB3	0.000142599066621954	1039	rwr	BC
CELA2B	0.000142435131460608	1040	rwr	BC
DHX15	0.000142061001895759	1041	rwr	BC
GABARAP	0.000141937597211784	1042	rwr	BC
RPL24	0.000141797619520731	1043	rwr	BC
LDHB	0.000141515722186639	1044	rwr	BC
SF3A2	0.000141496472377644	1045	rwr	BC
RPL17	0.000141428550058772	1046	rwr	BC
AIMP2	0.000140860237504139	1047	rwr	BC
IMPDH2	0.000140809518425658	1048	rwr	BC
SNX1	0.000140676885342784	1049	rwr	BC
RDX	0.000140576661562406	1050	rwr	BC
RBL1	0.000140568171500766	1051	rwr	BC
TRMT61B	0.000140306638642091	1052	rwr	BC
RPS10	0.000140202407314556	1053	rwr	BC
MED1	0.000139992450374338	1054	rwr	BC
RPL28	0.000139913131004646	1055	rwr	BC
GAB2	0.000139814607078055	1056	rwr	BC
SPRTN	0.000139809117578042	1057	rwr	BC
USP47	0.000139780096618304	1058	rwr	BC
SHARPIN	0.000139651050625761	1059	rwr	BC
RFC2	0.000139602243958576	1060	rwr	BC
PIK3CB	0.000139489374000708	1061	rwr	BC
ERCC3	0.000139450851804718	1062	rwr	BC
SKI	0.00013941241753935	1063	rwr	BC
SORL1	0.000139135317514676	1064	rwr	BC
RPS23	0.000139006939436496	1065	rwr	BC
TRIM32	0.000138919810977652	1066	rwr	BC
UBE2O	0.00013890942858601	1067	rwr	BC
SAP18	0.000138907654830544	1068	rwr	BC
RPL13A	0.000138710079745536	1069	rwr	BC
MBTD1	0.000138409863942043	1070	rwr	BC
MPRIP	0.000138282371792474	1071	rwr	BC
FLNB	0.000138235767319841	1072	rwr	BC
HSPG2	0.000137953168510366	1073	rwr	BC
HLA-A	0.000137824779931091	1074	rwr	BC
NOP2	0.000137728753730157	1075	rwr	BC
SUV39H1	0.000137430988305081	1076	rwr	BC
MED21	0.000137389746876288	1077	rwr	BC
PSMC2	0.000137093047979062	1078	rwr	BC
MAX	0.000136978232719002	1079	rwr	BC
LAMP3	0.000136704899755467	1080	rwr	BC
MED4	0.000136596745098326	1081	rwr	BC
VAV2	0.000136500733802227	1082	rwr	BC
TCF4	0.000136440299656345	1083	rwr	BC
CBX1	0.000136149152578635	1084	rwr	BC
SNRPA1	0.000136041804955182	1085	rwr	BC
PABPC4	0.000135769506923411	1086	rwr	BC
PPP1R7	0.000135752615340711	1087	rwr	BC
RBMX	0.00013569869367236	1088	rwr	BC
NEK4	0.000135593181569754	1089	rwr	BC
CPSF6	0.000135510030890876	1090	rwr	BC
LRRC59	0.000135427080900077	1091	rwr	BC
RPTOR	0.000135390572158412	1092	rwr	BC
HSPH1	0.000135298852395108	1093	rwr	BC
FGR	0.000135065186295712	1094	rwr	BC
MRPS27	0.000134888969758492	1095	rwr	BC
SART3	0.000134774159051811	1096	rwr	BC
PGR	0.000134507501813089	1097	rwr	BC
GTF2F1	0.000134447770429779	1098	rwr	BC
RPL35	0.000134394047397891	1099	rwr	BC
HDAC4	0.000134336628399217	1100	rwr	BC
MEAF6	0.000134291010369729	1101	rwr	BC
GNB1	0.000134043178022566	1102	rwr	BC
CAPN1	0.000133747637322401	1103	rwr	BC
HEXIM1	0.000133726643869328	1104	rwr	BC
MAD2L1	0.000133505575714193	1105	rwr	BC
CXXC1	0.000133276656819428	1106	rwr	BC
OBSL1	0.000133276023524146	1107	rwr	BC
FGFR3	0.000133254018829712	1108	rwr	BC
CDT1	0.000133036780270049	1109	rwr	BC
ZMYM2	0.000133013583391216	1110	rwr	BC
RBBP5	0.000132991500326712	1111	rwr	BC
LRPPRC	0.000132972490689533	1112	rwr	BC
SF3B4	0.000132944505247041	1113	rwr	BC
SEC16A	0.000132777538750559	1114	rwr	BC
SMARCE1	0.000132653721412129	1115	rwr	BC
CDKN1C	0.000132592918820633	1116	rwr	BC
SMC5	0.000132478910779427	1117	rwr	BC
RNF126	0.000132399403493432	1118	rwr	BC
NCOA6	0.000132396406383638	1119	rwr	BC
ERCC2	0.000132217995191064	1120	rwr	BC
MKI67	0.000131866863019168	1121	rwr	BC
PSMD1	0.000131792341730249	1122	rwr	BC
BIRC5	0.000131718383019359	1123	rwr	BC
PFDN2	0.00013155083852669	1124	rwr	BC
DYRK1B	0.000131448793545223	1125	rwr	BC
TRIB3	0.000131263610022656	1126	rwr	BC
ARF4	0.00013101817725071	1127	rwr	BC
LZTR1	0.000130963306123144	1128	rwr	BC
EPC1	0.000130670671602467	1129	rwr	BC
SUCLG2	0.000130543341777235	1130	rwr	BC
GRN	0.000130267579950226	1131	rwr	BC
VDR	0.000130216891509842	1132	rwr	BC
PRKAA2	0.000130100074340581	1133	rwr	BC
PSMC1	0.000130071265366278	1134	rwr	BC
SNRPF	0.000129944045758336	1135	rwr	BC
YTHDF2	0.000129918720391322	1136	rwr	BC
GAB1	0.000129726488217513	1137	rwr	BC
DTL	0.000129618703917118	1138	rwr	BC
EBNA1BP2	0.000129449087346194	1139	rwr	BC
CDC6	0.000129152534127218	1140	rwr	BC
UBE2E2	0.000129100362131358	1141	rwr	BC
PTPN13	0.000129083050164416	1142	rwr	BC
SLC25A5	0.000128813179540135	1143	rwr	BC
PPFIA1	0.000128757803469109	1144	rwr	BC
BCL6	0.000128735423844428	1145	rwr	BC
RPS6KB1	0.000128667719063696	1146	rwr	BC
CRYAB	0.000128397304139565	1147	rwr	BC
PTPN12	0.000128262518105356	1148	rwr	BC
SOCS2	0.000128226807985536	1149	rwr	BC
PHLPP1	0.000128216465572848	1150	rwr	BC
EED	0.000128093776976037	1151	rwr	BC
CAT	0.000127904430233131	1152	rwr	BC
PSMC4	0.000127587199791949	1153	rwr	BC
RBPMS	0.00012753873786631	1154	rwr	BC
GJA1	0.000127353295988289	1155	rwr	BC
PRKCI	0.000127329817394248	1156	rwr	BC
AFG3L2	0.000127318468963011	1157	rwr	BC
PPP2R2D	0.000127259093432346	1158	rwr	BC
MPG	0.000127145162415806	1159	rwr	BC
MAPK9	0.000126887390141237	1160	rwr	BC
HNF4A	0.000126815479209247	1161	rwr	BC
RAB5A	0.00012672150282064	1162	rwr	BC
MDM4	0.000126571993115305	1163	rwr	BC
MUS81	0.000126270060754801	1164	rwr	BC
FBXL5	0.000126154123128079	1165	rwr	BC
BICD2	0.000126015228974835	1166	rwr	BC
PRKCQ	0.000126007591422491	1167	rwr	BC
RFC5	0.000125891959988043	1168	rwr	BC
AKTIP	0.000125775916464188	1169	rwr	BC
RAB9A	0.000125624987428137	1170	rwr	BC
TXNIP	0.00012542155833985	1171	rwr	BC
SLC30A4	0.000125356103296574	1172	rwr	BC
DNMT3A	0.000125210285390037	1173	rwr	BC
MAGI2	0.000125105444371939	1174	rwr	BC
CFL1	0.000124996548579959	1175	rwr	BC
LRIG1	0.000124989009750328	1176	rwr	BC
DSG1	0.000124779917820704	1177	rwr	BC
SETDB1	0.00012464186412252	1178	rwr	BC
EIF4A3	0.000124627981039398	1179	rwr	BC
TADA3	0.000124607109264595	1180	rwr	BC
ACACA	0.000124600990483184	1181	rwr	BC
HTRA2	0.000124440930202714	1182	rwr	BC
VPS72	0.000124389910415394	1183	rwr	BC
MBD3	0.000124320450353276	1184	rwr	BC
SIAH2	0.000123961355487809	1185	rwr	BC
MUL1	0.000123819823759674	1186	rwr	BC
JUNB	0.000123779865243062	1187	rwr	BC
WAS	0.000123706403038678	1188	rwr	BC
ZBTB16	0.000123554659915863	1189	rwr	BC
CKAP4	0.000123511275256001	1190	rwr	BC
NTPCR	0.000123405731895754	1191	rwr	BC
HIF1AN	0.000123336505071271	1192	rwr	BC
DTX3	0.000123216733551021	1193	rwr	BC
NDC80	0.000123132100925226	1194	rwr	BC
JAK2	0.000122997373241029	1195	rwr	BC
FER	0.000122807941865497	1196	rwr	BC
MLF2	0.000122662262588818	1197	rwr	BC
PTBP1	0.000122655519969961	1198	rwr	BC
HDLBP	0.000122581703444128	1199	rwr	BC
CLTA	0.000122579229671832	1200	rwr	BC
NAP1L1	0.000122498177385126	1201	rwr	BC
PCGF2	0.000122305192028735	1202	rwr	BC
SLC25A3	0.000122233735658098	1203	rwr	BC
SNX5	0.000122127932397689	1204	rwr	BC
SRRM2	0.000121916643237369	1205	rwr	BC
MBD2	0.00012183622424845	1206	rwr	BC
CCNH	0.000121825520688739	1207	rwr	BC
WDR48	0.000121768405082085	1208	rwr	BC
PRKCB	0.000121657327746245	1209	rwr	BC
DNAJB1	0.000121581679388426	1210	rwr	BC
EPS15	0.000121455169321525	1211	rwr	BC
MNAT1	0.000121313807746628	1212	rwr	BC
CLEC4D	0.000121250886168464	1213	rwr	BC
KIF14	0.000121241195375508	1214	rwr	BC
LEF1	0.0001211695346624	1215	rwr	BC
RPL36	0.000121141906116495	1216	rwr	BC
KPNA4	0.000121101889484043	1217	rwr	BC
CAPZA2	0.0001210987990044	1218	rwr	BC
TEK	0.000120989932998003	1219	rwr	BC
VAV3	0.000120835260024491	1220	rwr	BC
APBB1	0.000120826098997102	1221	rwr	BC
ISLR	0.000120718301886469	1222	rwr	BC
PDHB	0.0001204994010306	1223	rwr	BC
PIH1D1	0.00012046436624942	1224	rwr	BC
DDX24	0.000120419917093133	1225	rwr	BC
TPR	0.000120403319550683	1226	rwr	BC
RB1CC1	0.000120402101155776	1227	rwr	BC
AP2A1	0.000120336506322025	1228	rwr	BC
UCHL5	0.0001201617372244	1229	rwr	BC
SNRPC	0.000119946897744676	1230	rwr	BC
HIPK2	0.000119773138021742	1231	rwr	BC
E2F4	0.000119748817414575	1232	rwr	BC
NDFIP1	0.000119719185104126	1233	rwr	BC
GSE1	0.000119615198760623	1234	rwr	BC
DDX6	0.000119522446678184	1235	rwr	BC
MTHFD1	0.000119499458288362	1236	rwr	BC
FAF2	0.000119418972241316	1237	rwr	BC
CDCA5	0.000119227282108048	1238	rwr	BC
GCA	0.000119217234800534	1239	rwr	BC
EPC2	0.000119148461503149	1240	rwr	BC
ERCC1	0.000119126412738451	1241	rwr	BC
IDE	0.000119036630240322	1242	rwr	BC
TP53BP2	0.000119008318728376	1243	rwr	BC
NCBP1	0.000118923199699513	1244	rwr	BC
IMMT	0.00011888559989221	1245	rwr	BC
PSMA6	0.000118842447457541	1246	rwr	BC
HNRNPF	0.000118808304322137	1247	rwr	BC
CSNK1E	0.00011877314367723	1248	rwr	BC
TONSL	0.000118768738251359	1249	rwr	BC
SNRPE	0.000118757460962969	1250	rwr	BC
KIF20A	0.000118736167390389	1251	rwr	BC
EIF4B	0.000118610015494186	1252	rwr	BC
MERTK	0.000118556175359824	1253	rwr	BC
POLE	0.000118466908288855	1254	rwr	BC
PPP2R2A	0.000118315081948337	1255	rwr	BC
TUBA1C	0.000118164607166614	1256	rwr	BC
AIPL1	0.000118112456097761	1257	rwr	BC
WRNIP1	0.000118000595277339	1258	rwr	BC
LIMA1	0.000117935276151391	1259	rwr	BC
AP2M1	0.000117803539664652	1260	rwr	BC
NIFK	0.000117706471186528	1261	rwr	BC
IPO4	0.000117653998080679	1262	rwr	BC
MED17	0.000117639582543621	1263	rwr	BC
USP27X	0.000117588474148429	1264	rwr	BC
INSRR	0.000117583603766764	1265	rwr	BC
RALY	0.000117580559358148	1266	rwr	BC
HUS1	0.000117537137877205	1267	rwr	BC
TGFBR1	0.000117330318448795	1268	rwr	BC
BLK	0.000117149307936573	1269	rwr	BC
AHR	0.000116881823379278	1270	rwr	BC
GABARAPL1	0.0001167338679282	1271	rwr	BC
LIG4	0.000116604829804798	1272	rwr	BC
PDK1	0.000116597824950765	1273	rwr	BC
SATB1	0.000116539445709138	1274	rwr	BC
TINF2	0.000116462577315101	1275	rwr	BC
RASSF1	0.000116403117104994	1276	rwr	BC
RNPS1	0.000116108779307807	1277	rwr	BC
SNRPD2	0.000115886013566465	1278	rwr	BC
PPP1R9B	0.000115745929409117	1279	rwr	BC
MDFI	0.000115559195729395	1280	rwr	BC
POLR2J	0.000115309951753092	1281	rwr	BC
XRCC1	0.000115237626593133	1282	rwr	BC
RPAP3	0.000115071320929406	1283	rwr	BC
LRP5	0.000114873631053318	1284	rwr	BC
SDCBP	0.000114826377289317	1285	rwr	BC
EPHA4	0.000114600236887009	1286	rwr	BC
SOS1	0.000114549461964716	1287	rwr	BC
STAG1	0.000114484818626587	1288	rwr	BC
MTCH2	0.000114460672655956	1289	rwr	BC
PKN2	0.000114452142672956	1290	rwr	BC
LGALS3BP	0.000114326551858454	1291	rwr	BC
COX5A	0.000114254692488356	1292	rwr	BC
KHSRP	0.000114216988255204	1293	rwr	BC
ACTBL2	0.000113901696331365	1294	rwr	BC
SNRNP40	0.000113866189494566	1295	rwr	BC
DDX31	0.000113834450646561	1296	rwr	BC
THRAP3	0.0001138020015895	1297	rwr	BC
PPP2CB	0.000113758365916227	1298	rwr	BC
HSPA1L	0.000113640690771579	1299	rwr	BC
NME1	0.000113463539880569	1300	rwr	BC
SRRM1	0.000113396674227568	1301	rwr	BC
NOP58	0.000113296450192889	1302	rwr	BC
PRPF6	0.00011319836885372	1303	rwr	BC
MAPKAPK2	0.000113190931347737	1304	rwr	BC
PSMC6	0.000113158461556489	1305	rwr	BC
PRKCA	0.00011289552882818	1306	rwr	BC
CDC23	0.00011274156856585	1307	rwr	BC
RPLP2	0.00011269606629214	1308	rwr	BC
SNX2	0.000112541859230343	1309	rwr	BC
MYH10	0.000112387168379869	1310	rwr	BC
POLB	0.000112300508687831	1311	rwr	BC
GABARAPL2	0.000112216044453231	1312	rwr	BC
TPX2	0.000112122913932808	1313	rwr	BC
GPC1	0.000112075031280277	1314	rwr	BC
CEP170	0.000112059134511854	1315	rwr	BC
EIF3F	0.000112016172135139	1316	rwr	BC
BABAM1	0.000111998709086701	1317	rwr	BC
RAD1	0.000111843279681068	1318	rwr	BC
CTR9	0.000111663100128398	1319	rwr	BC
U2AF1	0.000111651675502611	1320	rwr	BC
GNB2	0.000111606527859973	1321	rwr	BC
EHMT2	0.000111592947691162	1322	rwr	BC
UBE2A	0.000111490231846962	1323	rwr	BC
SUGT1	0.000111477071195027	1324	rwr	BC
PARD3	0.000111434804762336	1325	rwr	BC
BBS7	0.000111296430750316	1326	rwr	BC
GTF3C3	0.000111291114166259	1327	rwr	BC
RSL1D1	0.0001111905749569	1328	rwr	BC
BAD	0.00011114195928966	1329	rwr	BC
DYNC1I2	0.000111091595892773	1330	rwr	BC
RPAP2	0.000111064282786542	1331	rwr	BC
ANAPC1	0.000110524444798634	1332	rwr	BC
SMARCD1	0.000110454760982133	1333	rwr	BC
CCNE1	0.000110355241426735	1334	rwr	BC
RPS12	0.000110256709213595	1335	rwr	BC
RAP1GDS1	0.000110125243852403	1336	rwr	BC
AMBRA1	0.000110101393260515	1337	rwr	BC
KRT19	0.000109902716698923	1338	rwr	BC
PMPCA	0.000109619964478709	1339	rwr	BC
FLII	0.000109615025898587	1340	rwr	BC
PPP6C	0.000109610350744321	1341	rwr	BC
RAB5C	0.000109558781992196	1342	rwr	BC
BRD2	0.000109363403429172	1343	rwr	BC
POT1	0.000109217447737612	1344	rwr	BC
RALBP1	0.000109150059051146	1345	rwr	BC
PNN	0.000109078265504933	1346	rwr	BC
ADAR	0.000108992091602004	1347	rwr	BC
MAP1B	0.000108980119427916	1348	rwr	BC
TAF15	0.0001088415514902	1349	rwr	BC
PSMA4	0.000108296127329785	1350	rwr	BC
PSMA5	0.000108220905767814	1351	rwr	BC
KLHL22	0.000108212145619722	1352	rwr	BC
SIK1	0.000108201186408397	1353	rwr	BC
RPL22	0.000108084213668133	1354	rwr	BC
MID1	0.000108041754446648	1355	rwr	BC
SENP3	0.0001080408540044	1356	rwr	BC
TOLLIP	0.000108037244525991	1357	rwr	BC
AKAP8L	0.000107911058943821	1358	rwr	BC
TMEM43	0.000107813102171348	1359	rwr	BC
NUP155	0.00010753462901117	1360	rwr	BC
ESYT1	0.00010730205376549	1361	rwr	BC
RAE1	0.000107300908220745	1362	rwr	BC
KBTBD7	0.000107059878619626	1363	rwr	BC
DCAF13	0.000107057913837235	1364	rwr	BC
ATF3	0.000106811418283331	1365	rwr	BC
RRS1	0.000106679030465291	1366	rwr	BC
FOXM1	0.000106641653324201	1367	rwr	BC
EIF3H	0.000106612682013865	1368	rwr	BC
PRKCD	0.00010656200654619	1369	rwr	BC
ATPAF2	0.000106499575995466	1370	rwr	BC
DBN1	0.000106399654043277	1371	rwr	BC
FN1	0.000106397665739819	1372	rwr	BC
CBLB	0.000106146554462415	1373	rwr	BC
RCHY1	0.000105956654376477	1374	rwr	BC
CCDC8	0.000105878295858133	1375	rwr	BC
CAMK2G	0.00010584428819161	1376	rwr	BC
AHSG	0.000105804470575422	1377	rwr	BC
TCF3	0.000105780437052135	1378	rwr	BC
BMPR1A	0.000105724888483821	1379	rwr	BC
CRYBA4	0.000105552778133125	1380	rwr	BC
ARMC8	0.000105444983522888	1381	rwr	BC
RPS17	0.000105385467501705	1382	rwr	BC
EGLN3	0.0001051397387521	1383	rwr	BC
KPNA6	0.000105106980031514	1384	rwr	BC
TRIP12	0.000104968928208582	1385	rwr	BC
GNL3	0.000104525392682184	1386	rwr	BC
HNRNPUL1	0.000104501342809428	1387	rwr	BC
PPP2R5C	0.000104414744970434	1388	rwr	BC
CLK3	0.000104352639431413	1389	rwr	BC
HSCB	0.000104337217906715	1390	rwr	BC
PRPF40A	0.000104321288073721	1391	rwr	BC
PRDX1	0.000104021841759225	1392	rwr	BC
NMI	0.00010400689989789	1393	rwr	BC
PLEKHO1	0.000103833670010514	1394	rwr	BC
ACTN4	0.000103791082792869	1395	rwr	BC
CDC25C	0.000103723700435184	1396	rwr	BC
TSR1	0.000103433451501243	1397	rwr	BC
ORC1	0.000103349238294841	1398	rwr	BC
SSR4	0.000103301674322121	1399	rwr	BC
VSIG1	0.000103119021865434	1400	rwr	BC
MYBBP1A	0.000103084148499491	1401	rwr	BC
PDCD6IP	0.000103081986793726	1402	rwr	BC
NDN	0.000103077469694279	1403	rwr	BC
RPL34	0.000102846231286173	1404	rwr	BC
LAMTOR1	0.000102810495337882	1405	rwr	BC
ACTR1A	0.000102807541176439	1406	rwr	BC
POLR2F	0.000102678464255002	1407	rwr	BC
RPS15	0.000102570884678986	1408	rwr	BC
NEK2	0.000102444548649918	1409	rwr	BC
MATK	0.000102421079163367	1410	rwr	BC
TBL1XR1	0.000102404256730854	1411	rwr	BC
REL	0.000102376756923935	1412	rwr	BC
OCLN	0.000102364436399996	1413	rwr	BC
PPP5C	0.00010227795433421	1414	rwr	BC
PSMB1	0.000102265991201588	1415	rwr	BC
CCNE2	0.000102231925415478	1416	rwr	BC
TPTE	0.000102140403055747	1417	rwr	BC
PRIM1	0.000102098838030021	1418	rwr	BC
MEX3C	0.000102076728712746	1419	rwr	BC
TSC2	0.000102038657315302	1420	rwr	BC
AHNAK	0.000101986696032788	1421	rwr	BC
ERCC8	0.000101968465338724	1422	rwr	BC
ANXA1	0.000101689270958128	1423	rwr	BC
POLR2L	0.000101455598166823	1424	rwr	BC
TFDP1	0.000101370774126407	1425	rwr	BC
PSMB2	0.000101348251756385	1426	rwr	BC
FOSL2	0.00010105096670322	1427	rwr	BC
SET	0.000101033043664281	1428	rwr	BC
PSIP1	0.000100977448685771	1429	rwr	BC
ZBTB8A	0.000100797996781036	1430	rwr	BC
SETD1A	0.000100785986892332	1431	rwr	BC
LAT	0.000100718424884998	1432	rwr	BC
KRT38	0.000100677440454963	1433	rwr	BC
KRT6A	0.000100612899997517	1434	rwr	BC
LRP1	0.000100404858829084	1435	rwr	BC
PELP1	0.000100350263494907	1436	rwr	BC
GATAD2B	0.000100199872483767	1437	rwr	BC
MAP3K8	9.98915866954981e-05	1438	rwr	BC
GATAD1	9.98259678311531e-05	1439	rwr	BC
RPL26	9.9782919101336e-05	1440	rwr	BC
BCOR	9.95176210905032e-05	1441	rwr	BC
UBE2D4	9.94591681614854e-05	1442	rwr	BC
KHDRBS3	9.9313660070118e-05	1443	rwr	BC
CTSL	9.92919466495631e-05	1444	rwr	BC
HCK	9.90757450066444e-05	1445	rwr	BC
LTN1	9.90245193985687e-05	1446	rwr	BC
DNAJC12	9.90000077746011e-05	1447	rwr	BC
BYSL	9.89629795945835e-05	1448	rwr	BC
PSMD12	9.88748000668121e-05	1449	rwr	BC
HSD17B10	9.8833992062622e-05	1450	rwr	BC
RBM10	9.88279864412693e-05	1451	rwr	BC
SPTBN1	9.87658721813925e-05	1452	rwr	BC
JUND	9.85635197492852e-05	1453	rwr	BC
DDR2	9.84628727883235e-05	1454	rwr	BC
AATF	9.82843035753974e-05	1455	rwr	BC
CIC	9.81028069354851e-05	1456	rwr	BC
CALR	9.79269429088923e-05	1457	rwr	BC
PRDX3	9.78082588931916e-05	1458	rwr	BC
PRKD1	9.7637635962137e-05	1459	rwr	BC
P2RY8	9.73738149129652e-05	1460	rwr	BC
SNIP1	9.72842687850203e-05	1461	rwr	BC
USP25	9.71610518332009e-05	1462	rwr	BC
ZC3HAV1	9.71219718347981e-05	1463	rwr	BC
BRAP	9.71203416236323e-05	1464	rwr	BC
PDLIM7	9.7080690255178e-05	1465	rwr	BC
RTN4	9.69847996437618e-05	1466	rwr	BC
RAB1A	9.68576740891067e-05	1467	rwr	BC
SNRNP27	9.67868346297434e-05	1468	rwr	BC
ITSN1	9.66531726328808e-05	1469	rwr	BC
TRIM49	9.66427108847579e-05	1470	rwr	BC
BLVRA	9.65096856190725e-05	1471	rwr	BC
H2BC1	9.64944628682276e-05	1472	rwr	BC
BACH1	9.63580464706087e-05	1473	rwr	BC
PSMA2	9.63457612464163e-05	1474	rwr	BC
PSMD11	9.62851622517063e-05	1475	rwr	BC
H2AX	9.62562659368275e-05	1476	rwr	BC
POLR2G	9.62283628066203e-05	1477	rwr	BC
CENPC	9.62142668342634e-05	1478	rwr	BC
POLR1A	9.61175964760564e-05	1479	rwr	BC
CDK8	9.59593047404103e-05	1480	rwr	BC
NR0B2	9.58899155222554e-05	1481	rwr	BC
RIOK1	9.58545579288378e-05	1482	rwr	BC
GTPBP4	9.58211198219069e-05	1483	rwr	BC
EFNB1	9.58010282113513e-05	1484	rwr	BC
PPP6R3	9.5767418226367e-05	1485	rwr	BC
BAX	9.57580091703983e-05	1486	rwr	BC
WDR77	9.57152438240128e-05	1487	rwr	BC
JADE1	9.56799727472122e-05	1488	rwr	BC
NME2P1	9.55897123485274e-05	1489	rwr	BC
VDAC2	9.5559202974022e-05	1490	rwr	BC
XPA	9.53882759755895e-05	1491	rwr	BC
APOD	9.52792157075444e-05	1492	rwr	BC
NUP62	9.52623376188377e-05	1493	rwr	BC
DCTN2	9.52047563393423e-05	1494	rwr	BC
ZBED1	9.51995386611252e-05	1495	rwr	BC
MME	9.51950905529806e-05	1496	rwr	BC
SAP30	9.51858696466459e-05	1497	rwr	BC
DCAF11	9.50872030210984e-05	1498	rwr	BC
MARK2	9.4999631223039e-05	1499	rwr	BC
PPP1R12A	9.49711893219405e-05	1500	rwr	BC
GBF1	9.49169687847788e-05	1501	rwr	BC
MVP	9.48645143181918e-05	1502	rwr	BC
ZDHHC17	9.4792636229482e-05	1503	rwr	BC
CAPZA1	9.47713086878053e-05	1504	rwr	BC
LMO4	9.46845508679594e-05	1505	rwr	BC
GTF2E2	9.4682086164518e-05	1506	rwr	BC
LCP2	9.46703891165272e-05	1507	rwr	BC
CEP170P1	9.46632749687885e-05	1508	rwr	BC
RPGRIP1L	9.46492764495542e-05	1509	rwr	BC
ASF1A	9.44278118360085e-05	1510	rwr	BC
PGRMC1	9.43303901314812e-05	1511	rwr	BC
NUFIP1	9.42540391672888e-05	1512	rwr	BC
AKAP1	9.42298893443357e-05	1513	rwr	BC
LRP6	9.41848192744028e-05	1514	rwr	BC
RFC3	9.41515816389885e-05	1515	rwr	BC
CDH5	9.39713013603556e-05	1516	rwr	BC
MYCN	9.3878477268417e-05	1517	rwr	BC
DUX4	9.3787391988532e-05	1518	rwr	BC
PFN1	9.37020711262754e-05	1519	rwr	BC
BAG1	9.36687314325758e-05	1520	rwr	BC
METTL14	9.36684062295153e-05	1521	rwr	BC
EIF4A1	9.36097850014124e-05	1522	rwr	BC
ADRM1	9.35811930451781e-05	1523	rwr	BC
SOCS3	9.35161912553717e-05	1524	rwr	BC
LONP1	9.33237422609472e-05	1525	rwr	BC
RPL32	9.33134017896759e-05	1526	rwr	BC
TUBB8	9.32427930382051e-05	1527	rwr	BC
TFIP11	9.30643873963353e-05	1528	rwr	BC
USHBP1	9.30553646814931e-05	1529	rwr	BC
PDCD1	9.30157424499656e-05	1530	rwr	BC
STX7	9.30153464031378e-05	1531	rwr	BC
HBB	9.30040856476652e-05	1532	rwr	BC
DAG1	9.29492904655018e-05	1533	rwr	BC
TDG	9.29073975534644e-05	1534	rwr	BC
NOD2	9.28800680716294e-05	1535	rwr	BC
SSB	9.28311483531926e-05	1536	rwr	BC
OFD1	9.2815486418092e-05	1537	rwr	BC
CDC16	9.27313293507906e-05	1538	rwr	BC
DIABLO	9.27063250792659e-05	1539	rwr	BC
COPB1	9.26832984554763e-05	1540	rwr	BC
BAG5	9.26653147152342e-05	1541	rwr	BC
DDOST	9.26565625119499e-05	1542	rwr	BC
NFKB2	9.26111813491549e-05	1543	rwr	BC
NRIP1	9.25802210453178e-05	1544	rwr	BC
RLIM	9.25631778292303e-05	1545	rwr	BC
MRPL38	9.25107915407902e-05	1546	rwr	BC
CCT6B	9.2479309684434e-05	1547	rwr	BC
RPLP1	9.246403172907e-05	1548	rwr	BC
PSMD6	9.23750563768041e-05	1549	rwr	BC
PDIA3	9.23043495192111e-05	1550	rwr	BC
RIPK4	9.22991248001222e-05	1551	rwr	BC
FOXK2	9.22725428771819e-05	1552	rwr	BC
COIL	9.22656817000927e-05	1553	rwr	BC
TWIST1	9.22518979029073e-05	1554	rwr	BC
LPAR4	9.2196963362367e-05	1555	rwr	BC
DNAJB6	9.21450593413847e-05	1556	rwr	BC
RPRD1B	9.20917554122417e-05	1557	rwr	BC
RNF149	9.19822263782943e-05	1558	rwr	BC
ANKRD28	9.1971705549233e-05	1559	rwr	BC
ANAPC2	9.18943604497971e-05	1560	rwr	BC
PSMD7	9.17079908617332e-05	1561	rwr	BC
RBBP6	9.16878745916841e-05	1562	rwr	BC
E2F6	9.16876641119358e-05	1563	rwr	BC
NOS3	9.15166720290707e-05	1564	rwr	BC
PKP2	9.13904246464869e-05	1565	rwr	BC
HMG20A	9.13365156644114e-05	1566	rwr	BC
RMND5A	9.13237122140022e-05	1567	rwr	BC
PRPF3	9.12893131862887e-05	1568	rwr	BC
HNRNPA0	9.12235533764705e-05	1569	rwr	BC
CCDC6	9.12234759673299e-05	1570	rwr	BC
SMC4	9.11923612809508e-05	1571	rwr	BC
POLA2	9.1042127877475e-05	1572	rwr	BC
DNAJA3	9.07858781418871e-05	1573	rwr	BC
ARHGEF2	9.07494829243099e-05	1574	rwr	BC
HADHA	9.06780096389104e-05	1575	rwr	BC
CDK16	9.05404292675003e-05	1576	rwr	BC
TUBB2A	9.04908809577334e-05	1577	rwr	BC
WDR82	9.0394760059325e-05	1578	rwr	BC
HSPA2	9.0366975441272e-05	1579	rwr	BC
PDLIM5	9.02508499030302e-05	1580	rwr	BC
ARF5	9.02110015923335e-05	1581	rwr	BC
LIG3	9.01567622910706e-05	1582	rwr	BC
RPS18	9.01424271541389e-05	1583	rwr	BC
SLC31A1	9.01295412104461e-05	1584	rwr	BC
RBM15	9.01188862787998e-05	1585	rwr	BC
KDM5A	9.00079812599329e-05	1586	rwr	BC
MAP4	8.98191852916149e-05	1587	rwr	BC
FRK	8.97932275781354e-05	1588	rwr	BC
AKT2	8.96873885790343e-05	1589	rwr	BC
CKS1B	8.96630145871475e-05	1590	rwr	BC
CEP76	8.96200604191685e-05	1591	rwr	BC
TTK	8.94596324285878e-05	1592	rwr	BC
P4HB	8.94177532398576e-05	1593	rwr	BC
GATAD2A	8.93663754629478e-05	1594	rwr	BC
PSMD8	8.9140626424958e-05	1595	rwr	BC
ATAD3A	8.9134173845449e-05	1596	rwr	BC
SLC4A7	8.90491458202964e-05	1597	rwr	BC
THBS3	8.90383886933859e-05	1598	rwr	BC
FMR1	8.89979677736446e-05	1599	rwr	BC
GFAP	8.89659378257432e-05	1600	rwr	BC
ATG5	8.87772978749474e-05	1601	rwr	BC
RNASEH2B	8.85395523028734e-05	1602	rwr	BC
CBX4	8.84176416101209e-05	1603	rwr	BC
YTHDF1	8.8347196557277e-05	1604	rwr	BC
NUDC	8.81589593352203e-05	1605	rwr	BC
HNRNPDL	8.80546496938464e-05	1606	rwr	BC
EPAS1	8.79811567347814e-05	1607	rwr	BC
APLNR	8.79375813751752e-05	1608	rwr	BC
TAF10	8.791508327467e-05	1609	rwr	BC
STK25	8.78925784037825e-05	1610	rwr	BC
TADA2B	8.78569845292585e-05	1611	rwr	BC
POTEF	8.77515363559657e-05	1612	rwr	BC
CALR3	8.75844686931947e-05	1613	rwr	BC
SNX6	8.75410262549672e-05	1614	rwr	BC
PAK2	8.74340542617561e-05	1615	rwr	BC
PRDX2	8.73894008644815e-05	1616	rwr	BC
AMFR	8.7338260721496e-05	1617	rwr	BC
BAIAP2	8.7321853732914e-05	1618	rwr	BC
RBFOX1	8.7291634656135e-05	1619	rwr	BC
ARIH2	8.72756290186575e-05	1620	rwr	BC
FOXP1	8.70613952728557e-05	1621	rwr	BC
DISC1	8.70464119819437e-05	1622	rwr	BC
TFG	8.70295940784895e-05	1623	rwr	BC
RANBP10	8.69518350867602e-05	1624	rwr	BC
FGB	8.69418429154795e-05	1625	rwr	BC
HADHB	8.68669462805829e-05	1626	rwr	BC
CAPRIN1	8.68447554099877e-05	1627	rwr	BC
DNMT3B	8.66511668322757e-05	1628	rwr	BC
AHCYL1	8.64833402741946e-05	1629	rwr	BC
EIF3A	8.64645073997825e-05	1630	rwr	BC
DLD	8.64340083599016e-05	1631	rwr	BC
MKRN2	8.64263733318951e-05	1632	rwr	BC
DDX20	8.63802603844341e-05	1633	rwr	BC
GID8	8.62518825383815e-05	1634	rwr	BC
PRKAR1A	8.62510355917025e-05	1635	rwr	BC
PHF12	8.62409465595941e-05	1636	rwr	BC
ABI1	8.62256462889214e-05	1637	rwr	BC
DNA2	8.61811575040957e-05	1638	rwr	BC
LARP1	8.60041920023939e-05	1639	rwr	BC
ZHX1	8.59327468263837e-05	1640	rwr	BC
USP5	8.59294960955779e-05	1641	rwr	BC
MYO1C	8.58549849409252e-05	1642	rwr	BC
THRB	8.57786913046344e-05	1643	rwr	BC
PEX19	8.57394777832599e-05	1644	rwr	BC
RAB2A	8.57270337601545e-05	1645	rwr	BC
GSPT1	8.56826411337089e-05	1646	rwr	BC
PPP4C	8.5679366018861e-05	1647	rwr	BC
AXL	8.56173388808905e-05	1648	rwr	BC
SIRT4	8.55847904044655e-05	1649	rwr	BC
USP36	8.54667251182689e-05	1650	rwr	BC
CCND3	8.54176744772558e-05	1651	rwr	BC
ZNF512	8.53568547068643e-05	1652	rwr	BC
KRT10	8.53482604010082e-05	1653	rwr	BC
RSF1	8.53135176760874e-05	1654	rwr	BC
CHTOP	8.52809671152147e-05	1655	rwr	BC
MAPK4	8.52562999401155e-05	1656	rwr	BC
FOXK1	8.51327215373265e-05	1657	rwr	BC
SART1	8.51211953332444e-05	1658	rwr	BC
SMC2	8.50767951320419e-05	1659	rwr	BC
KLK5	8.49515497798391e-05	1660	rwr	BC
STX6	8.49487342451574e-05	1661	rwr	BC
PGAM5	8.48827559727243e-05	1662	rwr	BC
EDC3	8.48791643896684e-05	1663	rwr	BC
ASF1B	8.48737787835698e-05	1664	rwr	BC
PPIB	8.48383073475917e-05	1665	rwr	BC
PTPN14	8.47738180406474e-05	1666	rwr	BC
HMMR	8.47732814806626e-05	1667	rwr	BC
FUBP1	8.46998039905517e-05	1668	rwr	BC
NUP50	8.46768688076084e-05	1669	rwr	BC
COG7	8.4657160743154e-05	1670	rwr	BC
CEP70	8.45455801702881e-05	1671	rwr	BC
CACYBP	8.45259836967169e-05	1672	rwr	BC
RNF11	8.44974159328599e-05	1673	rwr	BC
RYBP	8.44851829517395e-05	1674	rwr	BC
BIRC6	8.44772123759292e-05	1675	rwr	BC
TAF6	8.44298329665087e-05	1676	rwr	BC
CEP350	8.43966129258688e-05	1677	rwr	BC
YAF2	8.43732226826399e-05	1678	rwr	BC
HELLS	8.43722928191179e-05	1679	rwr	BC
MXD1	8.43634112268446e-05	1680	rwr	BC
PPP1R13L	8.43582484054352e-05	1681	rwr	BC
PDCD4	8.43015208963543e-05	1682	rwr	BC
BORA	8.41987005286672e-05	1683	rwr	BC
AIMP1	8.41662389450853e-05	1684	rwr	BC
PSMB4	8.41127186422016e-05	1685	rwr	BC
PSPC1	8.41121833066661e-05	1686	rwr	BC
TAX1BP1	8.39706599774692e-05	1687	rwr	BC
NLRP3	8.39351316079592e-05	1688	rwr	BC
MAPK6	8.38832727311186e-05	1689	rwr	BC
COPA	8.38524511599754e-05	1690	rwr	BC
PA2G4	8.38338274663372e-05	1691	rwr	BC
PPM1G	8.37068053213359e-05	1692	rwr	BC
EEF1D	8.34270335543123e-05	1693	rwr	BC
SRSF7	8.33954263364262e-05	1694	rwr	BC
MED26	8.3327252283249e-05	1695	rwr	BC
ETFA	8.32994097711498e-05	1696	rwr	BC
CASP1	8.31107716192177e-05	1697	rwr	BC
SF3A3	8.30684661206998e-05	1698	rwr	BC
POLE2	8.3034694227057e-05	1699	rwr	BC
HOOK2	8.30022428725352e-05	1700	rwr	BC
PRIM2	8.29910644247374e-05	1701	rwr	BC
POLR2D	8.28744688408231e-05	1702	rwr	BC
KRT2	8.28568911040386e-05	1703	rwr	BC
DAP3	8.28264738610067e-05	1704	rwr	BC
OAF	8.26642144070779e-05	1705	rwr	BC
FTSJ3	8.26315214501178e-05	1706	rwr	BC
TRIM23	8.25290995221761e-05	1707	rwr	BC
ACP1	8.25232672820508e-05	1708	rwr	BC
ENO2	8.2480173114251e-05	1709	rwr	BC
TFAP2A	8.23444872173196e-05	1710	rwr	BC
PPL	8.23406370837842e-05	1711	rwr	BC
PDZRN4	8.23297431673045e-05	1712	rwr	BC
NGFR	8.23179456821605e-05	1713	rwr	BC
SRSF3	8.23131122859312e-05	1714	rwr	BC
GYPB	8.21427204467218e-05	1715	rwr	BC
EIF4E	8.21182295553296e-05	1716	rwr	BC
TNRC6B	8.1912968208757e-05	1717	rwr	BC
MRFAP1	8.18376295797517e-05	1718	rwr	BC
CDC25A	8.17970629111739e-05	1719	rwr	BC
IKBKE	8.1776502692652e-05	1720	rwr	BC
DLC1	8.17585497469469e-05	1721	rwr	BC
JAK1	8.16936135738305e-05	1722	rwr	BC
SNX3	8.16752270156409e-05	1723	rwr	BC
EIF3D	8.15594759170661e-05	1724	rwr	BC
RNASEH2C	8.14957823263435e-05	1725	rwr	BC
TUBB6	8.14727929240901e-05	1726	rwr	BC
OS9	8.13658221244142e-05	1727	rwr	BC
THOC2	8.13632144543272e-05	1728	rwr	BC
POLD2	8.12787115967031e-05	1729	rwr	BC
MAGED2	8.12716378138759e-05	1730	rwr	BC
FXR2	8.12411054648534e-05	1731	rwr	BC
PCK1	8.1204134190428e-05	1732	rwr	BC
TBC1D7	8.1055344998629e-05	1733	rwr	BC
MRPS26	8.10163048257473e-05	1734	rwr	BC
USP19	8.09760527841455e-05	1735	rwr	BC
ERC1	8.08928714929824e-05	1736	rwr	BC
MTDH	8.08753248662767e-05	1737	rwr	BC
EIF3I	8.08219567334659e-05	1738	rwr	BC
TSNAX	8.07628472677992e-05	1739	rwr	BC
UBA52	8.07386345439956e-05	1740	rwr	BC
STAT2	8.0686261461959e-05	1741	rwr	BC
ATG14	8.06647292292552e-05	1742	rwr	BC
ATF4	8.06109595452962e-05	1743	rwr	BC
MDK	8.04197480516975e-05	1744	rwr	BC
NR2C2	8.0308119450291e-05	1745	rwr	BC
RAD23B	8.00952562282472e-05	1746	rwr	BC
SF3B6	8.00799164755681e-05	1747	rwr	BC
IRF7	8.00461832680069e-05	1748	rwr	BC
VBP1	8.00354994711836e-05	1749	rwr	BC
SUPT20H	8.00278490513243e-05	1750	rwr	BC
RHOBTB1	8.00162263051923e-05	1751	rwr	BC
DYNLT1	7.9922914904268e-05	1752	rwr	BC
DERL1	7.98077668079468e-05	1753	rwr	BC
FAM83H	7.96445352596206e-05	1754	rwr	BC
USO1	7.9515868581054e-05	1755	rwr	BC
PSMB3	7.9473474707108e-05	1756	rwr	BC
PSMB7	7.93764620602094e-05	1757	rwr	BC
CDK3	7.92446730990609e-05	1758	rwr	BC
RNF7	7.92080905484186e-05	1759	rwr	BC
TSPAN5	7.91627565362546e-05	1760	rwr	BC
KIF5B	7.91231207357922e-05	1761	rwr	BC
HLA-DPA1	7.90123561252418e-05	1762	rwr	BC
CSTF2T	7.90058397526378e-05	1763	rwr	BC
RCOR3	7.8916118938925e-05	1764	rwr	BC
YIF1B	7.88705569565746e-05	1765	rwr	BC
PHF1	7.88573956960619e-05	1766	rwr	BC
IKZF5	7.87326212881459e-05	1767	rwr	BC
SREBF1	7.85938130786219e-05	1768	rwr	BC
ANKRD11	7.84895356105212e-05	1769	rwr	BC
FDPS	7.84377495233241e-05	1770	rwr	BC
KIF7	7.84251221218893e-05	1771	rwr	BC
IWS1	7.83543450489023e-05	1772	rwr	BC
FKBP4	7.8347842110523e-05	1773	rwr	BC
NIPBL	7.82719797669796e-05	1774	rwr	BC
TBC1D22B	7.82664337589953e-05	1775	rwr	BC
MAP1LC3C	7.8209084907775e-05	1776	rwr	BC
KDR	7.81763843217761e-05	1777	rwr	BC
HDAC7	7.80792517760446e-05	1778	rwr	BC
NDUFA10	7.80746381153244e-05	1779	rwr	BC
CLINT1	7.80376891106707e-05	1780	rwr	BC
ADNP	7.80019306591298e-05	1781	rwr	BC
ACTR2	7.7810719833358e-05	1782	rwr	BC
ABCE1	7.7786291588816e-05	1783	rwr	BC
MED14	7.76617848720967e-05	1784	rwr	BC
PTPN2	7.76503255638778e-05	1785	rwr	BC
TNRC6A	7.76229445121132e-05	1786	rwr	BC
GLMN	7.75163660024302e-05	1787	rwr	BC
RNF41	7.75147150690316e-05	1788	rwr	BC
SNAP29	7.74772956499454e-05	1789	rwr	BC
USP12	7.74459191408153e-05	1790	rwr	BC
ZMYM4	7.74256022645494e-05	1791	rwr	BC
WDR26	7.74015194996152e-05	1792	rwr	BC
EIF5B	7.73939764579009e-05	1793	rwr	BC
POLR1C	7.71846893089164e-05	1794	rwr	BC
MAP2K2	7.70970108187783e-05	1795	rwr	BC
CHMP4B	7.70900619578251e-05	1796	rwr	BC
DAPK1	7.7070734384945e-05	1797	rwr	BC
ACIN1	7.70570355369242e-05	1798	rwr	BC
STRN	7.70559896166756e-05	1799	rwr	BC
FAM120A	7.69525859538046e-05	1800	rwr	BC
PPARGC1A	7.69101656382393e-05	1801	rwr	BC
MED23	7.66365624543686e-05	1802	rwr	BC
ARHGEF7	7.6602002501331e-05	1803	rwr	BC
FBXL17	7.65647109539324e-05	1804	rwr	BC
CBX8	7.65378036060909e-05	1805	rwr	BC
MYD88	7.64632894275828e-05	1806	rwr	BC
NELFB	7.64229168739564e-05	1807	rwr	BC
MID2	7.62650702587869e-05	1808	rwr	BC
PHGDH	7.62281522043809e-05	1809	rwr	BC
PLD2	7.61207103545709e-05	1810	rwr	BC
BCLAF1	7.6065313190676e-05	1811	rwr	BC
TXLNA	7.60540889337504e-05	1812	rwr	BC
RRP1B	7.60270245296762e-05	1813	rwr	BC
CCDC47	7.60084670439198e-05	1814	rwr	BC
MMAB	7.59519240546649e-05	1815	rwr	BC
FLT4	7.59471169305637e-05	1816	rwr	BC
RNF169	7.58960267937587e-05	1817	rwr	BC
SETD2	7.58562052816844e-05	1818	rwr	BC
CCNT1	7.58279234758418e-05	1819	rwr	BC
THOC1	7.58155253060522e-05	1820	rwr	BC
RNF5	7.5716229199652e-05	1821	rwr	BC
RBM34	7.5690491212908e-05	1822	rwr	BC
CLU	7.55513470793279e-05	1823	rwr	BC
SHANK3	7.55012206992203e-05	1824	rwr	BC
PSMD10	7.54402156545024e-05	1825	rwr	BC
NEDD1	7.53505685644706e-05	1826	rwr	BC
PRRC2A	7.53400312560978e-05	1827	rwr	BC
CHD8	7.53383801000965e-05	1828	rwr	BC
MAP1S	7.52484185698541e-05	1829	rwr	BC
OTUD6A	7.5201011714363e-05	1830	rwr	BC
IRF3	7.51086106603937e-05	1831	rwr	BC
TNFSF8	7.50325279359477e-05	1832	rwr	BC
MYL6	7.50280490895161e-05	1833	rwr	BC
NFATC2	7.49958377657037e-05	1834	rwr	BC
E4F1	7.49530251417884e-05	1835	rwr	BC
UXT	7.47934170109577e-05	1836	rwr	BC
SND1	7.47161369904819e-05	1837	rwr	BC
SNRPN	7.46899592921696e-05	1838	rwr	BC
DDIT3	7.46897634959418e-05	1839	rwr	BC
RGS12	7.43907548365636e-05	1840	rwr	BC
SMG1	7.43141801012085e-05	1841	rwr	BC
EHMT1	7.42964166314312e-05	1842	rwr	BC
MARCKSL1	7.41395433124588e-05	1843	rwr	BC
FBXO33	7.40978727425532e-05	1844	rwr	BC
EXOSC10	7.40527961305672e-05	1845	rwr	BC
EPB41L3	7.40418697298596e-05	1846	rwr	BC
UBE2H	7.39460490119127e-05	1847	rwr	BC
POLR3A	7.38910519821135e-05	1848	rwr	BC
DENND6A	7.3826236726489e-05	1849	rwr	BC
KIFC1	7.37934221401788e-05	1850	rwr	BC
DDX23	7.37608460254361e-05	1851	rwr	BC
UBE3C	7.37059830713076e-05	1852	rwr	BC
PSMD13	7.37033217115398e-05	1853	rwr	BC
VAMP3	7.37001576638538e-05	1854	rwr	BC
TANK	7.36715148850098e-05	1855	rwr	BC
SEC63	7.36625353515351e-05	1856	rwr	BC
TCHP	7.36309632443286e-05	1857	rwr	BC
EIF2S2	7.36110923668289e-05	1858	rwr	BC
NEDD9	7.35835839597548e-05	1859	rwr	BC
ATF1	7.35751517467344e-05	1860	rwr	BC
C9ORF72	7.35432981710578e-05	1861	rwr	BC
ATP2A2	7.35259176970282e-05	1862	rwr	BC
ZNF408	7.34793391556795e-05	1863	rwr	BC
AP2A2	7.34557621039719e-05	1864	rwr	BC
AGO1	7.34367465963964e-05	1865	rwr	BC
MRPS34	7.34361647522383e-05	1866	rwr	BC
CASK	7.34020909208135e-05	1867	rwr	BC
YEATS2	7.32549523461362e-05	1868	rwr	BC
TTN	7.31809287952316e-05	1869	rwr	BC
NBR1	7.30938492281411e-05	1870	rwr	BC
SNRPD3	7.30803514645847e-05	1871	rwr	BC
NIF3L1	7.29939799219155e-05	1872	rwr	BC
NOL11	7.29795861690076e-05	1873	rwr	BC
MAK16	7.29449581186787e-05	1874	rwr	BC
CLTB	7.29439733020838e-05	1875	rwr	BC
LANCL2	7.29220794124235e-05	1876	rwr	BC
STX12	7.28516273656225e-05	1877	rwr	BC
KRT75	7.28427971873837e-05	1878	rwr	BC
USP3	7.27963047963923e-05	1879	rwr	BC
PPHLN1	7.27949367139406e-05	1880	rwr	BC
CEP63	7.27829942250136e-05	1881	rwr	BC
SUB1	7.27489851096011e-05	1882	rwr	BC
ANAPC16	7.27358648432918e-05	1883	rwr	BC
TRA2B	7.27267479011387e-05	1884	rwr	BC
TOMM40	7.27117204841337e-05	1885	rwr	BC
OCIAD1	7.27113078742029e-05	1886	rwr	BC
BPNT1	7.26477737245826e-05	1887	rwr	BC
BCL11A	7.25432629991374e-05	1888	rwr	BC
PBRM1	7.25031456837075e-05	1889	rwr	BC
POLR2I	7.23794517786238e-05	1890	rwr	BC
CDC34	7.23249684533378e-05	1891	rwr	BC
ZNRD2	7.22947848351188e-05	1892	rwr	BC
MRPL12	7.22869642323551e-05	1893	rwr	BC
RBM25	7.21988170718331e-05	1894	rwr	BC
XPO7	7.20264728463739e-05	1895	rwr	BC
SETD7	7.20043773271171e-05	1896	rwr	BC
NUP98	7.1991550127525e-05	1897	rwr	BC
DIRAS1	7.19841852256865e-05	1898	rwr	BC
UBA6	7.18146584490313e-05	1899	rwr	BC
RPS28	7.17965283515952e-05	1900	rwr	BC
ACTN2	7.17883117709112e-05	1901	rwr	BC
RPA4	7.16533371802741e-05	1902	rwr	BC
NOC2L	7.15761109586283e-05	1903	rwr	BC
HSPA4L	7.15349844593679e-05	1904	rwr	BC
PSMB6	7.14992837449049e-05	1905	rwr	BC
PES1	7.14473390326917e-05	1906	rwr	BC
MAP2K1	7.14268690878476e-05	1907	rwr	BC
GLI1	7.13664729952605e-05	1908	rwr	BC
CCHCR1	7.1355464234714e-05	1909	rwr	BC
ZMYM3	7.13376699989242e-05	1910	rwr	BC
DDA1	7.13094133927642e-05	1911	rwr	BC
TET2	7.12604064749616e-05	1912	rwr	BC
PCBP2	7.12283023098387e-05	1913	rwr	BC
YPEL5	7.11452935922023e-05	1914	rwr	BC
RAB21	7.10652475551784e-05	1915	rwr	BC
CPSF3	7.09744240424498e-05	1916	rwr	BC
UTP14A	7.09014842483279e-05	1917	rwr	BC
BANF1	7.07699624661109e-05	1918	rwr	BC
LAMTOR5	7.07006404845576e-05	1919	rwr	BC
PSMB5	7.06563803197441e-05	1920	rwr	BC
ATXN7	7.06498960068003e-05	1921	rwr	BC
INPPL1	7.06311473785712e-05	1922	rwr	BC
CNOT1	7.06217746848539e-05	1923	rwr	BC
TAF9B	7.0533620892281e-05	1924	rwr	BC
MOB1A	7.04093335210201e-05	1925	rwr	BC
RRP8	7.035270589628e-05	1926	rwr	BC
PAK4	7.03386108394625e-05	1927	rwr	BC
NR2F2	7.03307796911192e-05	1928	rwr	BC
PUF60	7.03078583040296e-05	1929	rwr	BC
ZNF597	7.02560367753073e-05	1930	rwr	BC
SEC62	7.01472969912433e-05	1931	rwr	BC
CDKAL1	7.00879339311323e-05	1932	rwr	BC
INTS6	7.00216678945558e-05	1933	rwr	BC
WDR6	6.99644890789493e-05	1934	rwr	BC
RASSF8	6.98930603772174e-05	1935	rwr	BC
ACAD9	6.98698389698593e-05	1936	rwr	BC
GDI1	6.98357180383266e-05	1937	rwr	BC
TPT1	6.98299364672328e-05	1938	rwr	BC
AGTRAP	6.97852965220314e-05	1939	rwr	BC
EIF3G	6.96811250709407e-05	1940	rwr	BC
ACLY	6.9666626189636e-05	1941	rwr	BC
EMC2	6.96076046196444e-05	1942	rwr	BC
UBXN7	6.96040818148304e-05	1943	rwr	BC
UNC119	6.9590623079557e-05	1944	rwr	BC
PDGFB	6.95659944172059e-05	1945	rwr	BC
PER1	6.95366304383691e-05	1946	rwr	BC
SPI1	6.94272737688684e-05	1947	rwr	BC
TFAP4	6.93121159017387e-05	1948	rwr	BC
MRFAP1L1	6.9290167143519e-05	1949	rwr	BC
IGF2BP2	6.9220665308122e-05	1950	rwr	BC
CEBPZ	6.91702611049194e-05	1951	rwr	BC
BCL2L11	6.91655188499158e-05	1952	rwr	BC
PPARA	6.90801305159026e-05	1953	rwr	BC
RIPK2	6.90667974889259e-05	1954	rwr	BC
FBXW8	6.90511140967315e-05	1955	rwr	BC
CARD10	6.89940556683482e-05	1956	rwr	BC
PCK2	6.89459094140757e-05	1957	rwr	BC
NR1I2	6.89363204234317e-05	1958	rwr	BC
WDR33	6.8898074658186e-05	1959	rwr	BC
SEC22B	6.87714041933371e-05	1960	rwr	BC
NLK	6.86413155697093e-05	1961	rwr	BC
CDC26	6.85149962349809e-05	1962	rwr	BC
ZYX	6.84157837220821e-05	1963	rwr	BC
UBASH3B	6.84125876324116e-05	1964	rwr	BC
UQCRC2	6.83690728845888e-05	1965	rwr	BC
SUPT3H	6.83529794653394e-05	1966	rwr	BC
STRN3	6.82517324384839e-05	1967	rwr	BC
AIP	6.81736770596016e-05	1968	rwr	BC
TCAF2	6.80378757083057e-05	1969	rwr	BC
MACROH2A2	6.80258420771513e-05	1970	rwr	BC
TAF6L	6.80091872177354e-05	1971	rwr	BC
ITM2B	6.79778856918014e-05	1972	rwr	BC
DKC1	6.79648251893229e-05	1973	rwr	BC
FBXO42	6.79515997748142e-05	1974	rwr	BC
COMMD3	6.79493280690459e-05	1975	rwr	BC
HOOK3	6.79309142884154e-05	1976	rwr	BC
UVRAG	6.78465588010786e-05	1977	rwr	BC
SRP14	6.7845903214361e-05	1978	rwr	BC
KRT1	6.78252297806574e-05	1979	rwr	BC
MTA3	6.77629892334154e-05	1980	rwr	BC
ACTR3	6.77541490628371e-05	1981	rwr	BC
TLE3	6.77494142973717e-05	1982	rwr	BC
CDC7	6.77409208316914e-05	1983	rwr	BC
BAZ1B	6.75901275100795e-05	1984	rwr	BC
MSN	6.75812848083328e-05	1985	rwr	BC
TRIM39	6.75324122293674e-05	1986	rwr	BC
NGB	6.74493665465061e-05	1987	rwr	BC
ECSIT	6.74201930434982e-05	1988	rwr	BC
VANGL2	6.73442457022777e-05	1989	rwr	BC
DZIP3	6.73328094830632e-05	1990	rwr	BC
ZNF263	6.73014261396537e-05	1991	rwr	BC
WNK1	6.72229189122932e-05	1992	rwr	BC
DAB2	6.72204386448204e-05	1993	rwr	BC
SYTL1	6.71779355576823e-05	1994	rwr	BC
TEX10	6.70948053193183e-05	1995	rwr	BC
PRMT6	6.70625223511566e-05	1996	rwr	BC
SETX	6.70503450564355e-05	1997	rwr	BC
RHOC	6.70157292173887e-05	1998	rwr	BC
PPP2R3A	6.69943905354202e-05	1999	rwr	BC
PDCD6	6.69576288763289e-05	2000	rwr	BC
RELB	6.69426505372205e-05	2001	rwr	BC
CD2BP2	6.68817374119551e-05	2002	rwr	BC
NPPA	6.67848539526742e-05	2003	rwr	BC
ZWINT	6.67789626493723e-05	2004	rwr	BC
ZGPAT	6.67758497453684e-05	2005	rwr	BC
EIF3L	6.67354432412455e-05	2006	rwr	BC
CCP110	6.66835736493103e-05	2007	rwr	BC
ZBTB33	6.66589275997781e-05	2008	rwr	BC
RPL26L1	6.65683465639904e-05	2009	rwr	BC
EYA1	6.65167220740511e-05	2010	rwr	BC
WAC	6.65066314883764e-05	2011	rwr	BC
STRAP	6.646054203293e-05	2012	rwr	BC
PSMB9	6.64307245917424e-05	2013	rwr	BC
ANK2	6.63308195912459e-05	2014	rwr	BC
FURIN	6.63090978470221e-05	2015	rwr	BC
MED28	6.62639160231132e-05	2016	rwr	BC
SNRPB2	6.60584232266965e-05	2017	rwr	BC
PRDM1	6.60319457726585e-05	2018	rwr	BC
MMGT1	6.6002590349373e-05	2019	rwr	BC
FBXO28	6.59930356730993e-05	2020	rwr	BC
CENPF	6.59801789698522e-05	2021	rwr	BC
SRSF2	6.59677446744683e-05	2022	rwr	BC
TAOK2	6.59641098553744e-05	2023	rwr	BC
MAP4K4	6.58525560163198e-05	2024	rwr	BC
TK1	6.58403420779461e-05	2025	rwr	BC
MRPL21	6.58389043895957e-05	2026	rwr	BC
MAPK7	6.58212775034557e-05	2027	rwr	BC
PSME4	6.57843936015335e-05	2028	rwr	BC
SCN2B	6.57402059685279e-05	2029	rwr	BC
TAF5L	6.57083155548699e-05	2030	rwr	BC
LMAN1	6.57081076840055e-05	2031	rwr	BC
SAP130	6.5704189798379e-05	2032	rwr	BC
CSTF3	6.56871881302749e-05	2033	rwr	BC
MED10	6.56777260670312e-05	2034	rwr	BC
AMER1	6.56071453930223e-05	2035	rwr	BC
CDCA2	6.55588092019853e-05	2036	rwr	BC
GTF3C4	6.55002322529916e-05	2037	rwr	BC
TJP2	6.54928839370324e-05	2038	rwr	BC
RAI14	6.53367860810202e-05	2039	rwr	BC
NOLC1	6.53210860307e-05	2040	rwr	BC
ZBTB2	6.52930318635713e-05	2041	rwr	BC
MPP7	6.52918731490032e-05	2042	rwr	BC
INTS1	6.52906122282971e-05	2043	rwr	BC
SS18	6.51874768895056e-05	2044	rwr	BC
LUC7L2	6.5179371893757e-05	2045	rwr	BC
PPP2R2B	6.51126438100206e-05	2046	rwr	BC
WDR1	6.50938115292696e-05	2047	rwr	BC
UNC93B1	6.50505557124971e-05	2048	rwr	BC
GPS2	6.50343560257451e-05	2049	rwr	BC
DPP9	6.4983493033729e-05	2050	rwr	BC
TRIM41	6.49585521022576e-05	2051	rwr	BC
SSX2IP	6.49268610554835e-05	2052	rwr	BC
ZFR	6.49067729702789e-05	2053	rwr	BC
PAFAH1B1	6.48816004972413e-05	2054	rwr	BC
TRIM63	6.48663149887074e-05	2055	rwr	BC
S100A8	6.48599690057441e-05	2056	rwr	BC
SLFN11	6.48413493292972e-05	2057	rwr	BC
RPGRIP1	6.47517525106264e-05	2058	rwr	BC
UBR2	6.47034701704749e-05	2059	rwr	BC
BCAS2	6.45750007645653e-05	2060	rwr	BC
GEMIN4	6.44500939109809e-05	2061	rwr	BC
TPM3	6.44393757859362e-05	2062	rwr	BC
CEP131	6.44352154301509e-05	2063	rwr	BC
RBM8A	6.44226422271552e-05	2064	rwr	BC
AVP	6.44210644847181e-05	2065	rwr	BC
RPS6KB2	6.43981759024502e-05	2066	rwr	BC
NDUFAF8	6.4395312268706e-05	2067	rwr	BC
TCOF1	6.43695933008622e-05	2068	rwr	BC
GSN	6.43353564377521e-05	2069	rwr	BC
CENPE	6.4306054068532e-05	2070	rwr	BC
FOXR1	6.4255659914984e-05	2071	rwr	BC
EIF6	6.41119355763958e-05	2072	rwr	BC
CEP55	6.41069188290774e-05	2073	rwr	BC
SRP68	6.40276528246079e-05	2074	rwr	BC
IPO7	6.38330867024092e-05	2075	rwr	BC
DET1	6.37972020586347e-05	2076	rwr	BC
ARL10	6.37399737907764e-05	2077	rwr	BC
PSME1	6.37009406675176e-05	2078	rwr	BC
DHX30	6.36535477717931e-05	2079	rwr	BC
STIM1	6.36084717509592e-05	2080	rwr	BC
NAPA	6.35894015501624e-05	2081	rwr	BC
SLC25A6	6.35884004483349e-05	2082	rwr	BC
CDK11B	6.35549909398291e-05	2083	rwr	BC
MIF	6.3525025989393e-05	2084	rwr	BC
SEC31A	6.3509770400383e-05	2085	rwr	BC
TADA2A	6.34918538426133e-05	2086	rwr	BC
MAP3K2	6.34255011232219e-05	2087	rwr	BC
MDH2	6.34169336072796e-05	2088	rwr	BC
RPL29	6.33648385884841e-05	2089	rwr	BC
NUP107	6.33245632743872e-05	2090	rwr	BC
CHAF1B	6.33069983444175e-05	2091	rwr	BC
DPF3	6.33004430541155e-05	2092	rwr	BC
TPI1	6.32250717431196e-05	2093	rwr	BC
MED19	6.32079168489236e-05	2094	rwr	BC
ACTA2	6.31824859659596e-05	2095	rwr	BC
PRKCSH	6.31067540519304e-05	2096	rwr	BC
DPF2	6.30998234083079e-05	2097	rwr	BC
ENPP1	6.30462808679091e-05	2098	rwr	BC
BCL2L2	6.30410706033186e-05	2099	rwr	BC
FOXA1	6.30382873798754e-05	2100	rwr	BC
DHPS	6.29755980093043e-05	2101	rwr	BC
STX8	6.29210727562167e-05	2102	rwr	BC
HERC5	6.29169789842805e-05	2103	rwr	BC
FAM20C	6.29090254246809e-05	2104	rwr	BC
DNM1L	6.28994366691401e-05	2105	rwr	BC
FLOT2	6.28719728587257e-05	2106	rwr	BC
ASPM	6.28337201899911e-05	2107	rwr	BC
EPHA7	6.28318328265019e-05	2108	rwr	BC
NUP43	6.28070083672198e-05	2109	rwr	BC
ERLIN2	6.28052618984913e-05	2110	rwr	BC
MPDZ	6.27654603592316e-05	2111	rwr	BC
EGLN1	6.27440846650029e-05	2112	rwr	BC
VASP	6.27144601331824e-05	2113	rwr	BC
PFDN6	6.26640785436156e-05	2114	rwr	BC
SAV1	6.26493696612434e-05	2115	rwr	BC
NEFM	6.2569135899073e-05	2116	rwr	BC
RANGAP1	6.24855974114597e-05	2117	rwr	BC
UBE4A	6.24483070741813e-05	2118	rwr	BC
CDR2	6.2414784424836e-05	2119	rwr	BC
TRIP4	6.23453034731042e-05	2120	rwr	BC
TADA1	6.23207576289412e-05	2121	rwr	BC
MAEA	6.22282055196702e-05	2122	rwr	BC
SCFD1	6.22209062548472e-05	2123	rwr	BC
EFNB2	6.22160439509176e-05	2124	rwr	BC
ETS1	6.2209745797656e-05	2125	rwr	BC
TBL1X	6.21752197355857e-05	2126	rwr	BC
NFYA	6.21305517811589e-05	2127	rwr	BC
DNAJB4	6.20821928372288e-05	2128	rwr	BC
TSC22D4	6.20671221984403e-05	2129	rwr	BC
KRR1	6.20669802526604e-05	2130	rwr	BC
CD2AP	6.20215592047e-05	2131	rwr	BC
MED6	6.20143437774407e-05	2132	rwr	BC
PRKACB	6.19836042379669e-05	2133	rwr	BC
NDUFS1	6.19793442723376e-05	2134	rwr	BC
PSMC3IP	6.19456424162517e-05	2135	rwr	BC
GIT2	6.19237698408927e-05	2136	rwr	BC
OXLD1	6.18803014288141e-05	2137	rwr	BC
POLK	6.18655251667948e-05	2138	rwr	BC
SUPT7L	6.18362150448998e-05	2139	rwr	BC
SEC61A1	6.17979865673844e-05	2140	rwr	BC
PTPN3	6.17837395930526e-05	2141	rwr	BC
PRC1	6.17727100698743e-05	2142	rwr	BC
TES	6.16939509842255e-05	2143	rwr	BC
KLHL20	6.16747305156616e-05	2144	rwr	BC
FNTB	6.16144006531856e-05	2145	rwr	BC
AKAP9	6.15987008717632e-05	2146	rwr	BC
EIF3C	6.14041510246995e-05	2147	rwr	BC
OTUD7B	6.13878911689565e-05	2148	rwr	BC
DAZAP2	6.1342690293089e-05	2149	rwr	BC
SASS6	6.12821369573308e-05	2150	rwr	BC
ATF6	6.12447351078894e-05	2151	rwr	BC
WASL	6.12320599617156e-05	2152	rwr	BC
ELL	6.12228469520637e-05	2153	rwr	BC
MIB2	6.11887055296656e-05	2154	rwr	BC
FAM117B	6.1165010589506e-05	2155	rwr	BC
RNF123	6.11070066972479e-05	2156	rwr	BC
PIAS3	6.09792508444264e-05	2157	rwr	BC
MED12	6.09781305425012e-05	2158	rwr	BC
IRF5	6.0908473024963e-05	2159	rwr	BC
ICE2	6.08930860308182e-05	2160	rwr	BC
FLOT1	6.08644002871602e-05	2161	rwr	BC
STAM2	6.08020666929142e-05	2162	rwr	BC
SIK2	6.07651882897645e-05	2163	rwr	BC
NPM3	6.06683782020993e-05	2164	rwr	BC
ANTXR1	6.06397974670985e-05	2165	rwr	BC
RAB8A	6.05572700485846e-05	2166	rwr	BC
STAP2	6.04822001909092e-05	2167	rwr	BC
STAT6	6.04435746942651e-05	2168	rwr	BC
LEMD3	6.03895164539318e-05	2169	rwr	BC
RNF181	6.03588516537167e-05	2170	rwr	BC
DDX54	6.03439591757147e-05	2171	rwr	BC
PLOD3	6.03416212135642e-05	2172	rwr	BC
DEFA1	6.03188647122452e-05	2173	rwr	BC
KRT17	6.02587637944249e-05	2174	rwr	BC
MSL1	6.01425536011107e-05	2175	rwr	BC
HDAC9	6.00128337206408e-05	2176	rwr	BC
PPP1R10	6.00120210661611e-05	2177	rwr	BC
MYO1B	5.99950520579584e-05	2178	rwr	BC
HDGF	5.99828134910724e-05	2179	rwr	BC
ORC5	5.9862969951427e-05	2180	rwr	BC
PCNT	5.98588786083757e-05	2181	rwr	BC
CETN2	5.98362155085808e-05	2182	rwr	BC
AHCY	5.98196791474456e-05	2183	rwr	BC
HBM	5.98048723601762e-05	2184	rwr	BC
CD40	5.979958346713e-05	2185	rwr	BC
DPY30	5.97581602554298e-05	2186	rwr	BC
ZBTB17	5.97137770355012e-05	2187	rwr	BC
ESYT2	5.96958083098502e-05	2188	rwr	BC
CDK2AP1	5.96865774787288e-05	2189	rwr	BC
LLGL1	5.96714541328287e-05	2190	rwr	BC
GOPC	5.96664059988067e-05	2191	rwr	BC
GATA1	5.9665746370838e-05	2192	rwr	BC
GEMIN5	5.96221396077152e-05	2193	rwr	BC
MFAP3	5.95661039237674e-05	2194	rwr	BC
FHL1	5.95385175783295e-05	2195	rwr	BC
ARHGEF12	5.95303663643485e-05	2196	rwr	BC
MARK3	5.94849892170391e-05	2197	rwr	BC
SORBS2	5.9457150678413e-05	2198	rwr	BC
LBR	5.93556869583733e-05	2199	rwr	BC
SDC1	5.92936234219396e-05	2200	rwr	BC
LTBR	5.92814443401031e-05	2201	rwr	BC
SAMHD1	5.92272577711566e-05	2202	rwr	BC
PPP1R13B	5.9210064296924e-05	2203	rwr	BC
RPS21	5.91454168193364e-05	2204	rwr	BC
NISCH	5.90687825939447e-05	2205	rwr	BC
SHB	5.90661559217854e-05	2206	rwr	BC
STAMBP	5.90616951220962e-05	2207	rwr	BC
PRKAR2A	5.90104055195221e-05	2208	rwr	BC
TBL3	5.89935834191771e-05	2209	rwr	BC
CHTF18	5.89316461472612e-05	2210	rwr	BC
AIRE	5.89258607442144e-05	2211	rwr	BC
TAL1	5.89091736861285e-05	2212	rwr	BC
PMPCB	5.88499078163099e-05	2213	rwr	BC
SPEN	5.88437319526202e-05	2214	rwr	BC
SLC39A9	5.88118883738797e-05	2215	rwr	BC
VIPR2	5.87371566974749e-05	2216	rwr	BC
RBM28	5.86982424003217e-05	2217	rwr	BC
CRYZL1	5.86409992429747e-05	2218	rwr	BC
BAIAP2L1	5.86254403368772e-05	2219	rwr	BC
MIS12	5.85877612886321e-05	2220	rwr	BC
PRKRA	5.85531070123145e-05	2221	rwr	BC
BRIX1	5.85146475380119e-05	2222	rwr	BC
CREB3	5.84775877643585e-05	2223	rwr	BC
UBAP2L	5.84078898143454e-05	2224	rwr	BC
PTPRO	5.84064824413577e-05	2225	rwr	BC
BTK	5.83954371578011e-05	2226	rwr	BC
PCGF6	5.83864555798854e-05	2227	rwr	BC
INTS5	5.83795855791679e-05	2228	rwr	BC
WTAP	5.83518127833261e-05	2229	rwr	BC
NDUFS6	5.82804862371659e-05	2230	rwr	BC
CDK5RAP2	5.82202599215809e-05	2231	rwr	BC
NDUFS2	5.81626758262933e-05	2232	rwr	BC
CPSF7	5.81212151037653e-05	2233	rwr	BC
BRAT1	5.80739944136806e-05	2234	rwr	BC
FBXO38	5.79290673678209e-05	2235	rwr	BC
MRPS9	5.79168119945197e-05	2236	rwr	BC
RAB6A	5.79126753593113e-05	2237	rwr	BC
SGK1	5.79010925933894e-05	2238	rwr	BC
TRIM2	5.78994856481195e-05	2239	rwr	BC
RNF115	5.78757441006952e-05	2240	rwr	BC
FBXO11	5.78656291350056e-05	2241	rwr	BC
COG6	5.78401216480996e-05	2242	rwr	BC
PI4KA	5.77994006131338e-05	2243	rwr	BC
NUFIP2	5.7781884831832e-05	2244	rwr	BC
DNAJB5	5.77733402512621e-05	2245	rwr	BC
FAM136A	5.7653960687655e-05	2246	rwr	BC
MYBL2	5.76206847406795e-05	2247	rwr	BC
DPEP1	5.76062825298247e-05	2248	rwr	BC
TRA2A	5.75988819842304e-05	2249	rwr	BC
EIF3M	5.75538652268238e-05	2250	rwr	BC
CRX	5.75291844213307e-05	2251	rwr	BC
SHMT2	5.74872348890281e-05	2252	rwr	BC
MKLN1	5.74582097212788e-05	2253	rwr	BC
NKIRAS1	5.73760627564021e-05	2254	rwr	BC
MRPS31	5.73597264296315e-05	2255	rwr	BC
GOLIM4	5.73483755798099e-05	2256	rwr	BC
PDCD11	5.72013215363657e-05	2257	rwr	BC
AMOTL1	5.71966017864374e-05	2258	rwr	BC
GANAB	5.71555066526796e-05	2259	rwr	BC
CORO1C	5.71549166287066e-05	2260	rwr	BC
DICER1	5.70861432022185e-05	2261	rwr	BC
KRT31	5.70839143674388e-05	2262	rwr	BC
CCDC22	5.7068629831077e-05	2263	rwr	BC
S100A9	5.70246879137455e-05	2264	rwr	BC
ADGRG5	5.70087820549949e-05	2265	rwr	BC
UBL4A	5.69934047494019e-05	2266	rwr	BC
DTX2	5.69698312710775e-05	2267	rwr	BC
MAPK1IP1L	5.69415681066153e-05	2268	rwr	BC
TTR	5.69372659698436e-05	2269	rwr	BC
XAB2	5.6875416251566e-05	2270	rwr	BC
KIF11	5.68382367658863e-05	2271	rwr	BC
PSME2	5.6761952756616e-05	2272	rwr	BC
STARD7	5.67579523828243e-05	2273	rwr	BC
HIP1R	5.66510383110006e-05	2274	rwr	BC
NRP1	5.66497476378611e-05	2275	rwr	BC
ARRDC1	5.66455245778351e-05	2276	rwr	BC
NSUN2	5.6586933083597e-05	2277	rwr	BC
NACA	5.65633136158154e-05	2278	rwr	BC
PPAT	5.65389079570676e-05	2279	rwr	BC
CNRIP1	5.64950386479835e-05	2280	rwr	BC
PHC2	5.64517007414992e-05	2281	rwr	BC
PSMD5	5.64240996644402e-05	2282	rwr	BC
PER2	5.64072746075144e-05	2283	rwr	BC
CHRM4	5.63750915595216e-05	2284	rwr	BC
RASSF5	5.63419478979643e-05	2285	rwr	BC
ANK3	5.62416682218727e-05	2286	rwr	BC
NUMBL	5.6232934835395e-05	2287	rwr	BC
NDUFA4	5.614859151416e-05	2288	rwr	BC
POLR3B	5.60961606228264e-05	2289	rwr	BC
EDC4	5.60588296572281e-05	2290	rwr	BC
ZBTB10	5.60137608099295e-05	2291	rwr	BC
SRSF6	5.59723290022782e-05	2292	rwr	BC
BUB1	5.5966597123875e-05	2293	rwr	BC
CDKN2D	5.59624975335247e-05	2294	rwr	BC
SGF29	5.59489556733819e-05	2295	rwr	BC
TMOD3	5.59424232310602e-05	2296	rwr	BC
ANAPC10	5.58556087220269e-05	2297	rwr	BC
TTI2	5.57927001178636e-05	2298	rwr	BC
PLRG1	5.57883198768267e-05	2299	rwr	BC
NOC4L	5.57786967856446e-05	2300	rwr	BC
PDZRN3	5.56309899916391e-05	2301	rwr	BC
CYP2E1	5.56000107541543e-05	2302	rwr	BC
NEK9	5.55710862799227e-05	2303	rwr	BC
NDUFS8	5.55193738350383e-05	2304	rwr	BC
TRAF5	5.54515183255195e-05	2305	rwr	BC
NET1	5.5445008938458e-05	2306	rwr	BC
GTF2B	5.54193558164291e-05	2307	rwr	BC
API5	5.54088812643098e-05	2308	rwr	BC
USP20	5.53846864252814e-05	2309	rwr	BC
LPXN	5.53694596230654e-05	2310	rwr	BC
EXOC4	5.5354693604995e-05	2311	rwr	BC
SLC39A11	5.53289930789211e-05	2312	rwr	BC
SIPA1L1	5.53287054574974e-05	2313	rwr	BC
LGALS1	5.53055123360812e-05	2314	rwr	BC
HLA-C	5.52682653507092e-05	2315	rwr	BC
TKT	5.52421280267788e-05	2316	rwr	BC
BTBD2	5.51873208868156e-05	2317	rwr	BC
RUFY1	5.51046660074132e-05	2318	rwr	BC
AP1B1	5.50781298439815e-05	2319	rwr	BC
B2M	5.5077116347231e-05	2320	rwr	BC
PDZD8	5.49888781377712e-05	2321	rwr	BC
ARPC2	5.48989828864586e-05	2322	rwr	BC
MED9	5.48285299913693e-05	2323	rwr	BC
SATB2	5.47846311878708e-05	2324	rwr	BC
HTR2C	5.47087200852156e-05	2325	rwr	BC
DGCR8	5.4606532344838e-05	2326	rwr	BC
UBR4	5.45908693884579e-05	2327	rwr	BC
MAGEA11	5.45731594681297e-05	2328	rwr	BC
ZCCHC8	5.45611170091767e-05	2329	rwr	BC
DENND11	5.45554967035209e-05	2330	rwr	BC
PSEN2	5.45449863158391e-05	2331	rwr	BC
PLSCR1	5.45304072253515e-05	2332	rwr	BC
VPS29	5.44828722060183e-05	2333	rwr	BC
REEP5	5.44576931394171e-05	2334	rwr	BC
KTN1	5.44509143696703e-05	2335	rwr	BC
NCKAP1	5.44385909941363e-05	2336	rwr	BC
DHX8	5.44151008640641e-05	2337	rwr	BC
EXOSC8	5.44029644396056e-05	2338	rwr	BC
KDM2A	5.4380872307672e-05	2339	rwr	BC
RBM7	5.43729710395355e-05	2340	rwr	BC
PTPN23	5.43536012004335e-05	2341	rwr	BC
ARID3A	5.43182625248619e-05	2342	rwr	BC
COPB2	5.43032873560433e-05	2343	rwr	BC
PDRG1	5.42773756783239e-05	2344	rwr	BC
LGR4	5.42722178584855e-05	2345	rwr	BC
GAK	5.42681566747231e-05	2346	rwr	BC
CDC37L1	5.42485684201055e-05	2347	rwr	BC
SGTA	5.42411118868612e-05	2348	rwr	BC
KANSL1	5.42399624352145e-05	2349	rwr	BC
CAMKV	5.41671818061257e-05	2350	rwr	BC
NCKIPSD	5.41269076358409e-05	2351	rwr	BC
NFYC	5.40842136050488e-05	2352	rwr	BC
LRWD1	5.40741426813918e-05	2353	rwr	BC
MED13L	5.40732265553714e-05	2354	rwr	BC
PPP2R1B	5.40613084080971e-05	2355	rwr	BC
NDUFA9	5.40542922996433e-05	2356	rwr	BC
PEAK1	5.40022917567049e-05	2357	rwr	BC
SAFB	5.39832119793265e-05	2358	rwr	BC
KIAA0753	5.39380296688741e-05	2359	rwr	BC
PMF1	5.39282302163329e-05	2360	rwr	BC
KLHL15	5.39262955332536e-05	2361	rwr	BC
RBFOX2	5.38812860324279e-05	2362	rwr	BC
DPYSL2	5.38672109407327e-05	2363	rwr	BC
HCFC2	5.38493648061422e-05	2364	rwr	BC
RTF1	5.38126772631809e-05	2365	rwr	BC
WASF2	5.37237458390274e-05	2366	rwr	BC
TGM2	5.36546713108648e-05	2367	rwr	BC
PRPF4	5.3627765129151e-05	2368	rwr	BC
EMILIN1	5.36250512517335e-05	2369	rwr	BC
KPTN	5.35258129555917e-05	2370	rwr	BC
MTIF2	5.34348846047734e-05	2371	rwr	BC
SRPRB	5.33909639917032e-05	2372	rwr	BC
LRP2	5.33887456266809e-05	2373	rwr	BC
INTS2	5.3341976518922e-05	2374	rwr	BC
ZNF638	5.33351656965874e-05	2375	rwr	BC
TIMELESS	5.33101407763006e-05	2376	rwr	BC
TLE1	5.32929615332099e-05	2377	rwr	BC
CNOT7	5.32787969316137e-05	2378	rwr	BC
TIAM1	5.31719356281104e-05	2379	rwr	BC
USP39	5.31597778928563e-05	2380	rwr	BC
EPHA1	5.31586427978638e-05	2381	rwr	BC
DCD	5.31309435303896e-05	2382	rwr	BC
AP2S1	5.30823301003811e-05	2383	rwr	BC
PDCD5	5.30774791374919e-05	2384	rwr	BC
MELK	5.30738473230996e-05	2385	rwr	BC
LYAR	5.30260227371139e-05	2386	rwr	BC
GNL2	5.30122556466364e-05	2387	rwr	BC
SYNE2	5.29985844510363e-05	2388	rwr	BC
PFKL	5.29951889432324e-05	2389	rwr	BC
MACROH2A1	5.29671024144318e-05	2390	rwr	BC
MARCKS	5.28596313345319e-05	2391	rwr	BC
ICAM1	5.28535707155812e-05	2392	rwr	BC
IL6ST	5.27519974348764e-05	2393	rwr	BC
TRIM22	5.27426602396863e-05	2394	rwr	BC
RNF13	5.26547914694101e-05	2395	rwr	BC
TROAP	5.25947667127656e-05	2396	rwr	BC
SVIL	5.25905140022256e-05	2397	rwr	BC
SMG7	5.2554713565875e-05	2398	rwr	BC
NDEL1	5.2532648094912e-05	2399	rwr	BC
NUDCD3	5.25261584922498e-05	2400	rwr	BC
TUBGCP3	5.24560510891119e-05	2401	rwr	BC
KHDRBS2	5.244708220537e-05	2402	rwr	BC
ST13	5.24358414313009e-05	2403	rwr	BC
KLHL12	5.24040799434388e-05	2404	rwr	BC
AKAP8	5.23910929832362e-05	2405	rwr	BC
PICALM	5.23817304236124e-05	2406	rwr	BC
SCN3B	5.23660035043124e-05	2407	rwr	BC
MLST8	5.23645215561954e-05	2408	rwr	BC
BIRC7	5.23400686513229e-05	2409	rwr	BC
PKN3	5.23029427279624e-05	2410	rwr	BC
TFCP2	5.23006813212577e-05	2411	rwr	BC
ATXN2	5.22459233104628e-05	2412	rwr	BC
SLC1A1	5.22181348987729e-05	2413	rwr	BC
MBIP	5.21043410499231e-05	2414	rwr	BC
CYFIP1	5.20939775315174e-05	2415	rwr	BC
EAF1	5.20820072603702e-05	2416	rwr	BC
RIN1	5.20144683249956e-05	2417	rwr	BC
RRP12	5.2009741714246e-05	2418	rwr	BC
FAM171A2	5.20071644788116e-05	2419	rwr	BC
CHCHD3	5.19790720304543e-05	2420	rwr	BC
SUDS3	5.19629820388755e-05	2421	rwr	BC
TAGLN2	5.19542803431164e-05	2422	rwr	BC
WDHD1	5.1948437776569e-05	2423	rwr	BC
HAUS1	5.1947522467603e-05	2424	rwr	BC
MED29	5.19308343183226e-05	2425	rwr	BC
PPP6R1	5.19170565247624e-05	2426	rwr	BC
COMMD8	5.19155812019446e-05	2427	rwr	BC
ARHGDIA	5.18207266456905e-05	2428	rwr	BC
NDUFV1	5.18190782149443e-05	2429	rwr	BC
PRKCE	5.17959948597893e-05	2430	rwr	BC
SPRY2	5.17920254566237e-05	2431	rwr	BC
GLUL	5.17767166849031e-05	2432	rwr	BC
SREBF2	5.17541097854191e-05	2433	rwr	BC
SEC13	5.17333943592856e-05	2434	rwr	BC
NTHL1	5.17178293301105e-05	2435	rwr	BC
ATN1	5.17085931035375e-05	2436	rwr	BC
ARCN1	5.16697652592085e-05	2437	rwr	BC
DDX39A	5.16398367975664e-05	2438	rwr	BC
SLC7A1	5.1632252993568e-05	2439	rwr	BC
RPL35A	5.15602497881643e-05	2440	rwr	BC
MAP4K1	5.1555900108666e-05	2441	rwr	BC
EIF4A2	5.15421036000885e-05	2442	rwr	BC
TIMM50	5.15282806740857e-05	2443	rwr	BC
EPB41L2	5.14917694607219e-05	2444	rwr	BC
DPF1	5.14841229262747e-05	2445	rwr	BC
PHF21A	5.14414694324613e-05	2446	rwr	BC
BET1	5.13248740743454e-05	2447	rwr	BC
MLLT1	5.13214486111196e-05	2448	rwr	BC
TRIP13	5.12976448527962e-05	2449	rwr	BC
RASAL2	5.1281211873433e-05	2450	rwr	BC
FLNC	5.12710673234296e-05	2451	rwr	BC
DVL3	5.12102556343917e-05	2452	rwr	BC
TJP1	5.10814719433104e-05	2453	rwr	BC
MAD1L1	5.10567558670713e-05	2454	rwr	BC
DNM1	5.10087002474962e-05	2455	rwr	BC
CDK5RAP3	5.09923920047742e-05	2456	rwr	BC
PHF19	5.09438589541733e-05	2457	rwr	BC
SRSF10	5.09211164694821e-05	2458	rwr	BC
NSUN4	5.09054579299415e-05	2459	rwr	BC
STX4	5.08937372705965e-05	2460	rwr	BC
GADD45A	5.08716410347199e-05	2461	rwr	BC
YTHDF3	5.08228119347186e-05	2462	rwr	BC
GNAI3	5.07932384272244e-05	2463	rwr	BC
LEO1	5.07060644575797e-05	2464	rwr	BC
POLD3	5.06887057726402e-05	2465	rwr	BC
DOK2	5.06660456490451e-05	2466	rwr	BC
RFFL	5.06638099330236e-05	2467	rwr	BC
ATP6V1A	5.06124702402778e-05	2468	rwr	BC
AAR2	5.06114074398586e-05	2469	rwr	BC
SKA3	5.06062682452934e-05	2470	rwr	BC
SDC4	5.05275043466479e-05	2471	rwr	BC
MLLT3	5.04901430785582e-05	2472	rwr	BC
MOB4	5.04770011407346e-05	2473	rwr	BC
WDR19	5.04592445867672e-05	2474	rwr	BC
ALB	5.03787534945674e-05	2475	rwr	BC
SPPL2B	5.03481469569051e-05	2476	rwr	BC
LPAR1	5.02968202339471e-05	2477	rwr	BC
MTMR4	5.02918807847574e-05	2478	rwr	BC
PFDN5	5.02815698785656e-05	2479	rwr	BC
ETV6	5.02530606147939e-05	2480	rwr	BC
SMYD2	5.02091076390679e-05	2481	rwr	BC
DCAF8	5.01590706673822e-05	2482	rwr	BC
DSG2	5.01561030288491e-05	2483	rwr	BC
FGL1	5.01518608247868e-05	2484	rwr	BC
SMAD6	5.00975436618806e-05	2485	rwr	BC
APAF1	5.0063137346356e-05	2486	rwr	BC
MANF	5.0061969025793e-05	2487	rwr	BC
COPE	5.00426521429464e-05	2488	rwr	BC
ARPC1B	5.00251816486271e-05	2489	rwr	BC
FERMT2	5.00243104777648e-05	2490	rwr	BC
GNAS	5.00241053924327e-05	2491	rwr	BC
BLZF1	5.00200068526008e-05	2492	rwr	BC
RAD54L2	4.99854200093762e-05	2493	rwr	BC
EIF3K	4.99670122040378e-05	2494	rwr	BC
NUP35	4.99407725095269e-05	2495	rwr	BC
SIMC1	4.99339884481701e-05	2496	rwr	BC
MED31	4.98899113465669e-05	2497	rwr	BC
EPHB4	4.98615663629856e-05	2498	rwr	BC
MOB1B	4.98386587902043e-05	2499	rwr	BC
DNM2	4.97837161078622e-05	2500	rwr	BC
YBX3	4.97823394459891e-05	2501	rwr	BC
NKAP	4.97673398729065e-05	2502	rwr	BC
VPS35	4.97671871380461e-05	2503	rwr	BC
PAWR	4.97126719274001e-05	2504	rwr	BC
BATF3	4.96982540463841e-05	2505	rwr	BC
CDK11A	4.96915604201371e-05	2506	rwr	BC
GEMIN2	4.96425380698594e-05	2507	rwr	BC
MACF1	4.96019925914811e-05	2508	rwr	BC
GPR21	4.9575053708641e-05	2509	rwr	BC
EIF2S1	4.9573577276701e-05	2510	rwr	BC
WDR36	4.95566166705256e-05	2511	rwr	BC
VRK2	4.94622232437507e-05	2512	rwr	BC
FBXL2	4.94608614958752e-05	2513	rwr	BC
SRSF9	4.94488939305304e-05	2514	rwr	BC
ECH1	4.94190075417215e-05	2515	rwr	BC
TOR1AIP2	4.93699805293458e-05	2516	rwr	BC
CD63	4.93354675239755e-05	2517	rwr	BC
RACGAP1	4.93128493074395e-05	2518	rwr	BC
ZNF451	4.93000434504216e-05	2519	rwr	BC
ACD	4.92679759641928e-05	2520	rwr	BC
ACAD11	4.92229876456564e-05	2521	rwr	BC
SRSF5	4.91694961936404e-05	2522	rwr	BC
MED27	4.90925429546324e-05	2523	rwr	BC
WIZ	4.9015708409098e-05	2524	rwr	BC
EPS8	4.89891298820089e-05	2525	rwr	BC
MAPK10	4.89845639400048e-05	2526	rwr	BC
BRMS1	4.89769782899796e-05	2527	rwr	BC
MED24	4.89405621676283e-05	2528	rwr	BC
RINT1	4.89375976536903e-05	2529	rwr	BC
MED20	4.88902836057097e-05	2530	rwr	BC
CEP290	4.88816541614178e-05	2531	rwr	BC
APOB	4.88395618797488e-05	2532	rwr	BC
POLR1D	4.88188602818789e-05	2533	rwr	BC
IGBP1	4.88009610337999e-05	2534	rwr	BC
MRPS7	4.87645036368428e-05	2535	rwr	BC
DIDO1	4.87574594272074e-05	2536	rwr	BC
CPD	4.87392344720648e-05	2537	rwr	BC
LSR	4.8728235348621e-05	2538	rwr	BC
S100B	4.86985951541084e-05	2539	rwr	BC
CCNC	4.86716765017235e-05	2540	rwr	BC
MFAP1	4.86668196384097e-05	2541	rwr	BC
THOC3	4.86359107693969e-05	2542	rwr	BC
BTBD1	4.86018927704162e-05	2543	rwr	BC
RNF187	4.85839768981996e-05	2544	rwr	BC
CGN	4.85774351997271e-05	2545	rwr	BC
CBX2	4.85420724601382e-05	2546	rwr	BC
PDCD10	4.85276712315523e-05	2547	rwr	BC
REXO4	4.84444603046992e-05	2548	rwr	BC
GMNN	4.84416527454547e-05	2549	rwr	BC
CDK19	4.84162637254036e-05	2550	rwr	BC
HSPA12A	4.84162315589498e-05	2551	rwr	BC
RXRB	4.84126210781421e-05	2552	rwr	BC
APTX	4.83871721645605e-05	2553	rwr	BC
QRICH1	4.83723756864266e-05	2554	rwr	BC
DDX27	4.83454811108985e-05	2555	rwr	BC
ZNHIT2	4.83427011767578e-05	2556	rwr	BC
BCAT1	4.82979264659176e-05	2557	rwr	BC
TRIM3	4.82789831665547e-05	2558	rwr	BC
PRDX4	4.82703510867138e-05	2559	rwr	BC
POGZ	4.82551214833801e-05	2560	rwr	BC
SDHB	4.82011359644846e-05	2561	rwr	BC
MACROD1	4.81128456047368e-05	2562	rwr	BC
MED15	4.80884068408799e-05	2563	rwr	BC
TUBGCP2	4.80763590298797e-05	2564	rwr	BC
NTAQ1	4.80446667673116e-05	2565	rwr	BC
SMC6	4.80145302442428e-05	2566	rwr	BC
KLRG2	4.79883671042635e-05	2567	rwr	BC
FSCN1	4.79831594622725e-05	2568	rwr	BC
FIP1L1	4.79402992722778e-05	2569	rwr	BC
FOXR2	4.79272690262642e-05	2570	rwr	BC
FEZ1	4.79247614177804e-05	2571	rwr	BC
LRIF1	4.79200916830313e-05	2572	rwr	BC
CLPB	4.78781939789576e-05	2573	rwr	BC
RHPN1	4.78531013870299e-05	2574	rwr	BC
H1-4	4.78450692433876e-05	2575	rwr	BC
GATA3	4.78156053898511e-05	2576	rwr	BC
SIRT3	4.77890963693839e-05	2577	rwr	BC
PACC1	4.77299443585648e-05	2578	rwr	BC
PPFIBP1	4.76531961735375e-05	2579	rwr	BC
MRPS18B	4.76274832925214e-05	2580	rwr	BC
TCEAL1	4.75887059584559e-05	2581	rwr	BC
ZNF512B	4.7554490013242e-05	2582	rwr	BC
ABLIM1	4.75062082408395e-05	2583	rwr	BC
CEP192	4.75053817957985e-05	2584	rwr	BC
ALDH3A2	4.74925644326091e-05	2585	rwr	BC
DBF4	4.74223723834302e-05	2586	rwr	BC
DCAF4	4.74007151412721e-05	2587	rwr	BC
RABGGTB	4.73977469286037e-05	2588	rwr	BC
PRICKLE3	4.73449343406979e-05	2589	rwr	BC
DIS3	4.73089481092733e-05	2590	rwr	BC
BAK1	4.72890236341332e-05	2591	rwr	BC
HARS2	4.72808617337916e-05	2592	rwr	BC
IFT57	4.72771220175094e-05	2593	rwr	BC
CLNS1A	4.72477696734805e-05	2594	rwr	BC
MAPRE2	4.71729868281939e-05	2595	rwr	BC
PPP2R2C	4.71570809648761e-05	2596	rwr	BC
UBE3D	4.71523910661916e-05	2597	rwr	BC
LRR1	4.70910792943086e-05	2598	rwr	BC
MINK1	4.70631324258732e-05	2599	rwr	BC
POLL	4.70436480998196e-05	2600	rwr	BC
GTF2F2	4.69808972583031e-05	2601	rwr	BC
RNF167	4.69081735603253e-05	2602	rwr	BC
SMYD3	4.69057227623548e-05	2603	rwr	BC
PECAM1	4.68930288015806e-05	2604	rwr	BC
DDX50	4.68376630187566e-05	2605	rwr	BC
PTCD3	4.68286822823115e-05	2606	rwr	BC
NAP1L4	4.68138165708632e-05	2607	rwr	BC
DCUN1D1	4.68096348675301e-05	2608	rwr	BC
POP1	4.68061618717356e-05	2609	rwr	BC
HNRNPH3	4.67923845803303e-05	2610	rwr	BC
SYNGAP1	4.67848131498741e-05	2611	rwr	BC
PI4K2B	4.67331750797962e-05	2612	rwr	BC
DDX42	4.66132050861562e-05	2613	rwr	BC
SPATA2	4.65888313383251e-05	2614	rwr	BC
SERPINB8	4.65867287376373e-05	2615	rwr	BC
RABAC1	4.65592556750154e-05	2616	rwr	BC
TCEA1	4.65240788106333e-05	2617	rwr	BC
MYL6B	4.65196137275137e-05	2618	rwr	BC
RRBP1	4.65128252348055e-05	2619	rwr	BC
IARS2	4.65032740510627e-05	2620	rwr	BC
UBD	4.64919910099365e-05	2621	rwr	BC
PHAX	4.64874716046195e-05	2622	rwr	BC
TCTN2	4.64384390960205e-05	2623	rwr	BC
RAB14	4.63784662875683e-05	2624	rwr	BC
KBTBD4	4.63411701048364e-05	2625	rwr	BC
WDR43	4.63059496270685e-05	2626	rwr	BC
ATP2B1	4.62902498980592e-05	2627	rwr	BC
ORC3	4.62669301273311e-05	2628	rwr	BC
MAGEA4	4.62666291594027e-05	2629	rwr	BC
NFKBIB	4.62655942865953e-05	2630	rwr	BC
MAP2K7	4.62536393417841e-05	2631	rwr	BC
TRIM59	4.62405422935544e-05	2632	rwr	BC
BPTF	4.62069263093382e-05	2633	rwr	BC
STRIP1	4.61952394078971e-05	2634	rwr	BC
SBDS	4.619355186192e-05	2635	rwr	BC
STK35	4.61769084610001e-05	2636	rwr	BC
SRRT	4.61589397736766e-05	2637	rwr	BC
AGPAT1	4.61551304653988e-05	2638	rwr	BC
UBAC1	4.61520730044957e-05	2639	rwr	BC
TNKS1BP1	4.61372737574527e-05	2640	rwr	BC
PSMF1	4.61105858188319e-05	2641	rwr	BC
SPAG5	4.61101620128859e-05	2642	rwr	BC
GMPS	4.60869614913231e-05	2643	rwr	BC
CDK5R1	4.60825176025448e-05	2644	rwr	BC
PIK3CD	4.60597971542289e-05	2645	rwr	BC
DST	4.60002846243676e-05	2646	rwr	BC
STARD3	4.59893725874162e-05	2647	rwr	BC
SDF2L1	4.59798637271385e-05	2648	rwr	BC
NOTCH2	4.59551682937115e-05	2649	rwr	BC
PPARD	4.59291009375994e-05	2650	rwr	BC
MT-CO2	4.58679843307989e-05	2651	rwr	BC
TRIM55	4.58678995702347e-05	2652	rwr	BC
ATP2B4	4.57981097789249e-05	2653	rwr	BC
C3AR1	4.57542815337498e-05	2654	rwr	BC
KDM2B	4.57460451297473e-05	2655	rwr	BC
AURKAIP1	4.57442370920557e-05	2656	rwr	BC
CCNG1	4.57428290183953e-05	2657	rwr	BC
DNAJC8	4.56497004513833e-05	2658	rwr	BC
PRRC2C	4.56286330059025e-05	2659	rwr	BC
CLUH	4.56087720973317e-05	2660	rwr	BC
ZMYND11	4.56017109504125e-05	2661	rwr	BC
WASF1	4.55908486940766e-05	2662	rwr	BC
MCM10	4.55846231235953e-05	2663	rwr	BC
IPPK	4.55771841857829e-05	2664	rwr	BC
POR	4.55617033253163e-05	2665	rwr	BC
DNAJC19	4.55051197704132e-05	2666	rwr	BC
TLR4	4.54976740347878e-05	2667	rwr	BC
ITGA7	4.54937285965229e-05	2668	rwr	BC
MED11	4.5470868276429e-05	2669	rwr	BC
GINS4	4.54636282390044e-05	2670	rwr	BC
DOT1L	4.5383580177589e-05	2671	rwr	BC
MAS1	4.53522560905139e-05	2672	rwr	BC
ANKRD40	4.5347736674288e-05	2673	rwr	BC
DYRK2	4.53373489423236e-05	2674	rwr	BC
GOLPH3	4.53346783671967e-05	2675	rwr	BC
DDX56	4.53301605246059e-05	2676	rwr	BC
METTL3	4.53287131277275e-05	2677	rwr	BC
FBXL4	4.53104499253302e-05	2678	rwr	BC
TOR1AIP1	4.53093517841687e-05	2679	rwr	BC
TRPC4AP	4.52827291817792e-05	2680	rwr	BC
SERPINH1	4.52779208439657e-05	2681	rwr	BC
DCAF16	4.5232748735664e-05	2682	rwr	BC
DCP1A	4.52290270095129e-05	2683	rwr	BC
APOE	4.5226602544615e-05	2684	rwr	BC
RANBP6	4.52143887026662e-05	2685	rwr	BC
SLC25A11	4.52127039729193e-05	2686	rwr	BC
PJA1	4.51970279242188e-05	2687	rwr	BC
NUP93	4.51804269850853e-05	2688	rwr	BC
NELFA	4.51696508931225e-05	2689	rwr	BC
MGA	4.51618289992789e-05	2690	rwr	BC
CCDC106	4.51449728611383e-05	2691	rwr	BC
PCMT1	4.5118517227591e-05	2692	rwr	BC
CYTH1	4.50899057823101e-05	2693	rwr	BC
RCN2	4.50749607670245e-05	2694	rwr	BC
STX5	4.50345946007468e-05	2695	rwr	BC
SORBS1	4.49998766078136e-05	2696	rwr	BC
PGRMC2	4.49959387229579e-05	2697	rwr	BC
SPICE1	4.49845405025305e-05	2698	rwr	BC
NSMCE4A	4.49805019680156e-05	2699	rwr	BC
HSPBP1	4.49797527697772e-05	2700	rwr	BC
S100A10	4.49708004286965e-05	2701	rwr	BC
LAMP2	4.49639565576431e-05	2702	rwr	BC
DYNLRB1	4.49426933435038e-05	2703	rwr	BC
AFF4	4.49225085622426e-05	2704	rwr	BC
STK38	4.48686986857808e-05	2705	rwr	BC
CBLC	4.48391020146188e-05	2706	rwr	BC
DDX18	4.48300028809662e-05	2707	rwr	BC
TNPO1	4.48165094752094e-05	2708	rwr	BC
SLC39A5	4.48135096115306e-05	2709	rwr	BC
SNAPIN	4.47475134819003e-05	2710	rwr	BC
WDR3	4.47171792123524e-05	2711	rwr	BC
ASAP1	4.46856399043777e-05	2712	rwr	BC
IPO8	4.46599108240207e-05	2713	rwr	BC
DNAJC13	4.45613198154436e-05	2714	rwr	BC
EPS15L1	4.45503312399759e-05	2715	rwr	BC
NEFL	4.45468608067264e-05	2716	rwr	BC
NOC3L	4.45155244454247e-05	2717	rwr	BC
PFDN4	4.44892653809434e-05	2718	rwr	BC
VTI1B	4.44346807093282e-05	2719	rwr	BC
TPM4	4.44333845253471e-05	2720	rwr	BC
NT5E	4.44305289608201e-05	2721	rwr	BC
AJUBA	4.43987243038427e-05	2722	rwr	BC
UTRN	4.43549470851901e-05	2723	rwr	BC
UBTF	4.43507972893368e-05	2724	rwr	BC
PPIL4	4.43215817796883e-05	2725	rwr	BC
SH3BP2	4.42928543104924e-05	2726	rwr	BC
DCP1B	4.42913619350338e-05	2727	rwr	BC
DHFR2	4.42843701138201e-05	2728	rwr	BC
VRK3	4.42610800679973e-05	2729	rwr	BC
NEK7	4.42457043844559e-05	2730	rwr	BC
IFT122	4.42056509276796e-05	2731	rwr	BC
ACBD3	4.42033839948544e-05	2732	rwr	BC
SPAG9	4.41728777978714e-05	2733	rwr	BC
LMO2	4.41651989038608e-05	2734	rwr	BC
NAA10	4.41137099005704e-05	2735	rwr	BC
GTF2H4	4.41108750777484e-05	2736	rwr	BC
TFAM	4.41007752384685e-05	2737	rwr	BC
PARD3B	4.40972170198549e-05	2738	rwr	BC
ITGB1BP2	4.40893907030045e-05	2739	rwr	BC
NIPSNAP1	4.40887768805774e-05	2740	rwr	BC
MISP	4.40873460105367e-05	2741	rwr	BC
CALU	4.40718170052232e-05	2742	rwr	BC
MICU2	4.40223555015378e-05	2743	rwr	BC
STRN4	4.40181552545286e-05	2744	rwr	BC
GDI2	4.4017228067598e-05	2745	rwr	BC
MAPK8IP3	4.40148795042211e-05	2746	rwr	BC
SLC25A13	4.39955260121388e-05	2747	rwr	BC
PHF5A	4.3952405488153e-05	2748	rwr	BC
CBX6	4.39188282227504e-05	2749	rwr	BC
TGFB1	4.39114754054452e-05	2750	rwr	BC
ATAD5	4.39040151182359e-05	2751	rwr	BC
GOLGA5	4.3889404470731e-05	2752	rwr	BC
COPG1	4.38762519995498e-05	2753	rwr	BC
TRIM44	4.38588100883461e-05	2754	rwr	BC
SERTAD1	4.38522666263423e-05	2755	rwr	BC
FYTTD1	4.38436479492035e-05	2756	rwr	BC
SHCBP1	4.38342566310467e-05	2757	rwr	BC
ATG9A	4.38043273878611e-05	2758	rwr	BC
HNRNPUL2	4.37725283398375e-05	2759	rwr	BC
MED16	4.37480498605868e-05	2760	rwr	BC
ZMYM6	4.37253523630299e-05	2761	rwr	BC
FBXO2	4.37206928640041e-05	2762	rwr	BC
LARP4B	4.37064409395049e-05	2763	rwr	BC
DUSP9	4.37038258313381e-05	2764	rwr	BC
SF3B5	4.36825834463162e-05	2765	rwr	BC
SLC9A6	4.36631074635477e-05	2766	rwr	BC
ARPC3	4.36613884911557e-05	2767	rwr	BC
DRG1	4.365638149991e-05	2768	rwr	BC
SRPK3	4.36531781149255e-05	2769	rwr	BC
GGA2	4.36184962261046e-05	2770	rwr	BC
ILVBL	4.3590710038055e-05	2771	rwr	BC
MED8	4.35706626020057e-05	2772	rwr	BC
KLHDC3	4.35664705099157e-05	2773	rwr	BC
LRRK1	4.35562869287591e-05	2774	rwr	BC
EVI5L	4.35385670897492e-05	2775	rwr	BC
DNAJC1	4.35148345511463e-05	2776	rwr	BC
MRPS23	4.35017056529899e-05	2777	rwr	BC
NDUFB5	4.34648847662909e-05	2778	rwr	BC
ZNRF4	4.34614574381962e-05	2779	rwr	BC
TTC21B	4.34396837822551e-05	2780	rwr	BC
PPM1D	4.34387991214968e-05	2781	rwr	BC
SINHCAF	4.34134857702419e-05	2782	rwr	BC
GIGYF2	4.3408387146654e-05	2783	rwr	BC
ARRDC3	4.3397663510788e-05	2784	rwr	BC
NUP133	4.33859482994461e-05	2785	rwr	BC
ATG13	4.33817085840462e-05	2786	rwr	BC
EIF3J	4.33812164368143e-05	2787	rwr	BC
MED18	4.33754186179683e-05	2788	rwr	BC
PPP2R5E	4.33662147527874e-05	2789	rwr	BC
TSPYL6	4.33593464094504e-05	2790	rwr	BC
PTPRN2	4.33458268521762e-05	2791	rwr	BC
PRKAR1B	4.33386775434057e-05	2792	rwr	BC
SERPINB2	4.33297451036054e-05	2793	rwr	BC
CEP97	4.33116620519126e-05	2794	rwr	BC
KIF2A	4.33071136062066e-05	2795	rwr	BC
SIPA1L2	4.32780533555827e-05	2796	rwr	BC
PPID	4.32664643271759e-05	2797	rwr	BC
DYSF	4.32175670505785e-05	2798	rwr	BC
PQBP1	4.30981606309517e-05	2799	rwr	BC
ZNF414	4.30659635436508e-05	2800	rwr	BC
MRPS24	4.30255773958723e-05	2801	rwr	BC
OTUD4	4.30085934822204e-05	2802	rwr	BC
ROCK1	4.29910951791599e-05	2803	rwr	BC
ZNF324B	4.29877601139137e-05	2804	rwr	BC
RTCB	4.29576289956963e-05	2805	rwr	BC
CEBPE	4.29417267420795e-05	2806	rwr	BC
MMP9	4.29165107984844e-05	2807	rwr	BC
TRIM26	4.2874023310167e-05	2808	rwr	BC
TNXB	4.28476070079304e-05	2809	rwr	BC
DLST	4.28385770565882e-05	2810	rwr	BC
CKB	4.28319019945887e-05	2811	rwr	BC
KCNA5	4.28300356224443e-05	2812	rwr	BC
YKT6	4.28090916108476e-05	2813	rwr	BC
UBE2V1	4.27675595373979e-05	2814	rwr	BC
PPP2R5A	4.26882772461456e-05	2815	rwr	BC
PDCD2L	4.26850528650215e-05	2816	rwr	BC
UBQLN4	4.26425362175098e-05	2817	rwr	BC
SRP72	4.2639877322057e-05	2818	rwr	BC
MIS18BP1	4.26029465671415e-05	2819	rwr	BC
GTF2E1	4.26026500763131e-05	2820	rwr	BC
TYRO3	4.25969800578041e-05	2821	rwr	BC
RUNX1T1	4.25901755714469e-05	2822	rwr	BC
RNF213	4.25468993049494e-05	2823	rwr	BC
VAMP2	4.25465198007674e-05	2824	rwr	BC
CHD5	4.25357613283367e-05	2825	rwr	BC
H3C1	4.25312235748156e-05	2826	rwr	BC
ECD	4.25297411605965e-05	2827	rwr	BC
MED25	4.25001617237745e-05	2828	rwr	BC
PCGF1	4.2493363331233e-05	2829	rwr	BC
TUBB4A	4.24395938374053e-05	2830	rwr	BC
NEK6	4.24134187046236e-05	2831	rwr	BC
RPRD2	4.23868385479668e-05	2832	rwr	BC
NFE2L1	4.23391120295123e-05	2833	rwr	BC
GPR156	4.2326251267412e-05	2834	rwr	BC
CDCA3	4.22957893946055e-05	2835	rwr	BC
HNRNPH2	4.22899572203283e-05	2836	rwr	BC
RNF166	4.22608937410682e-05	2837	rwr	BC
MSL2	4.2256180356243e-05	2838	rwr	BC
MED13	4.22519413712442e-05	2839	rwr	BC
VWCE	4.21841639106475e-05	2840	rwr	BC
PPM1A	4.21423399810516e-05	2841	rwr	BC
ATG7	4.21329875917468e-05	2842	rwr	BC
PEX1	4.21315543691129e-05	2843	rwr	BC
TIMM13	4.21170111627515e-05	2844	rwr	BC
CKS2	4.20349578592912e-05	2845	rwr	BC
ATG101	4.20232712273464e-05	2846	rwr	BC
DDX47	4.19906931501813e-05	2847	rwr	BC
SEC23IP	4.19739552625962e-05	2848	rwr	BC
XAGE1A	4.1954032295689e-05	2849	rwr	BC
PLCD3	4.19128114474591e-05	2850	rwr	BC
MED30	4.18899537400475e-05	2851	rwr	BC
VPS26A	4.18433871383306e-05	2852	rwr	BC
CAMK2A	4.18133798289466e-05	2853	rwr	BC
NXF2B	4.18069126155114e-05	2854	rwr	BC
ARHGEF6	4.18054201247009e-05	2855	rwr	BC
EIF2S3	4.1776915160361e-05	2856	rwr	BC
FAM171A1	4.17767121598244e-05	2857	rwr	BC
ANKFY1	4.17390994005902e-05	2858	rwr	BC
CHAMP1	4.17210666584364e-05	2859	rwr	BC
GID4	4.17009355621586e-05	2860	rwr	BC
HECW2	4.16600728002095e-05	2861	rwr	BC
SP100	4.16308553348691e-05	2862	rwr	BC
BAZ1A	4.15980541433831e-05	2863	rwr	BC
FBXO45	4.14772295212299e-05	2864	rwr	BC
C4A	4.14519589156162e-05	2865	rwr	BC
ZEB2	4.14236033498097e-05	2866	rwr	BC
HYPK	4.14076778156814e-05	2867	rwr	BC
STK26	4.13607939385966e-05	2868	rwr	BC
PRKAB1	4.13534752582771e-05	2869	rwr	BC
SOAT1	4.131083137094e-05	2870	rwr	BC
GPN1	4.12940511010514e-05	2871	rwr	BC
RBM17	4.12853132710779e-05	2872	rwr	BC
TTC4	4.12523891706407e-05	2873	rwr	BC
NDUFB8	4.1224334016274e-05	2874	rwr	BC
RNF26	4.12060040373374e-05	2875	rwr	BC
KRT40	4.11373228666469e-05	2876	rwr	BC
PDIA6	4.11307933705146e-05	2877	rwr	BC
DCTN4	4.11078856489523e-05	2878	rwr	BC
NAA40	4.1089427535839e-05	2879	rwr	BC
HOOK1	4.10685790478577e-05	2880	rwr	BC
CACNA1A	4.10631989987944e-05	2881	rwr	BC
PPP4R2	4.10555818248865e-05	2882	rwr	BC
FAU	4.10452990120786e-05	2883	rwr	BC
NEURL4	4.1029414520738e-05	2884	rwr	BC
USF1	4.10173204741227e-05	2885	rwr	BC
UBR1	4.09917866204539e-05	2886	rwr	BC
SLC2A1	4.09647827704775e-05	2887	rwr	BC
CUEDC2	4.09601738972876e-05	2888	rwr	BC
ST8SIA4	4.09573890785245e-05	2889	rwr	BC
SRCAP	4.09427824225723e-05	2890	rwr	BC
RAB10	4.09376525084648e-05	2891	rwr	BC
ITGB3	4.09141432053449e-05	2892	rwr	BC
LACTB	4.08823855027308e-05	2893	rwr	BC
DDX46	4.08690128137487e-05	2894	rwr	BC
JPH4	4.08274849879315e-05	2895	rwr	BC
IFT140	4.08247987136754e-05	2896	rwr	BC
S100A13	4.08147057719128e-05	2897	rwr	BC
ORC6	4.08097507998284e-05	2898	rwr	BC
MRPL4	4.07864461979781e-05	2899	rwr	BC
PDCL3	4.07746719609244e-05	2900	rwr	BC
TLR3	4.07591410997407e-05	2901	rwr	BC
RAB11B	4.07565394749053e-05	2902	rwr	BC
PPTC7	4.07529990008906e-05	2903	rwr	BC
HEXB	4.07281807965558e-05	2904	rwr	BC
RABEP1	4.07208198094379e-05	2905	rwr	BC
FAM20B	4.0716518944453e-05	2906	rwr	BC
ARID4B	4.07124703302326e-05	2907	rwr	BC
TUBB1	4.07069738510042e-05	2908	rwr	BC
NES	4.07044950564904e-05	2909	rwr	BC
HIVEP1	4.06957945529983e-05	2910	rwr	BC
EIF4G2	4.06376770460478e-05	2911	rwr	BC
DHX38	4.06306996515423e-05	2912	rwr	BC
MRPL50	4.05799357333784e-05	2913	rwr	BC
EIF4G3	4.05767256093817e-05	2914	rwr	BC
CDK20	4.05525563429754e-05	2915	rwr	BC
MED7	4.0542033052263e-05	2916	rwr	BC
STT3B	4.05342477354099e-05	2917	rwr	BC
SREK1	4.05220779938104e-05	2918	rwr	BC
STX11	4.05098299475485e-05	2919	rwr	BC
PKMYT1	4.05081007127443e-05	2920	rwr	BC
PSKH2	4.0498528032972e-05	2921	rwr	BC
TMX1	4.04937053718153e-05	2922	rwr	BC
OTULIN	4.04671000882319e-05	2923	rwr	BC
HMGN2	4.04473803083485e-05	2924	rwr	BC
TRO	4.04393477762327e-05	2925	rwr	BC
CTTNBP2NL	4.04334067057821e-05	2926	rwr	BC
KIR3DL2	4.04273405512272e-05	2927	rwr	BC
DVL1	4.04255644393011e-05	2928	rwr	BC
SH3BP4	4.03892116179064e-05	2929	rwr	BC
RRM2	4.03644225936558e-05	2930	rwr	BC
PDK3	4.03484754492114e-05	2931	rwr	BC
ROR2	4.03340468172651e-05	2932	rwr	BC
KRT6C	4.03226158734231e-05	2933	rwr	BC
INIP	4.03041211317939e-05	2934	rwr	BC
VWA8	4.02874978483247e-05	2935	rwr	BC
TYK2	4.02842698027991e-05	2936	rwr	BC
MAGT1	4.02781046620803e-05	2937	rwr	BC
FKBPL	4.02599238742918e-05	2938	rwr	BC
NSL1	4.02520530968872e-05	2939	rwr	BC
TXNDC5	4.02437750201163e-05	2940	rwr	BC
ANAPC13	4.02383062555356e-05	2941	rwr	BC
ING2	4.02335734860151e-05	2942	rwr	BC
PKN1	4.02105252678232e-05	2943	rwr	BC
NDUFA8	4.01614293466701e-05	2944	rwr	BC
UBA2	4.01569802071576e-05	2945	rwr	BC
FLVCR1	4.01561026123776e-05	2946	rwr	BC
AFF1	4.01435020724711e-05	2947	rwr	BC
TLK1	4.012876331905e-05	2948	rwr	BC
GOLPH3L	4.01257652849632e-05	2949	rwr	BC
MTERF4	4.01046556731551e-05	2950	rwr	BC
CCNDBP1	4.00893330409517e-05	2951	rwr	BC
NFIL3	4.00819987280749e-05	2952	rwr	BC
EIF5A	4.00819558798263e-05	2953	rwr	BC
GTF3C1	4.0064711328367e-05	2954	rwr	BC
CHORDC1	4.00356874578761e-05	2955	rwr	BC
DUSP16	4.00230350173606e-05	2956	rwr	BC
E2F3	3.99866404466434e-05	2957	rwr	BC
NFYB	3.99750325132176e-05	2958	rwr	BC
H4C16	3.99561871382873e-05	2959	rwr	BC
TRIP11	3.99450644299215e-05	2960	rwr	BC
SMU1	3.99369612658373e-05	2961	rwr	BC
NELFE	3.99184672754536e-05	2962	rwr	BC
RNF6	3.98656366869925e-05	2963	rwr	BC
MRPS2	3.98039920274776e-05	2964	rwr	BC
DNAJC10	3.97875649213214e-05	2965	rwr	BC
DEK	3.97828575790063e-05	2966	rwr	BC
CIB1	3.97814433528437e-05	2967	rwr	BC
TRIM69	3.9769768634544e-05	2968	rwr	BC
SCAMP1	3.97566304052305e-05	2969	rwr	BC
ELL3	3.97020384123569e-05	2970	rwr	BC
TTC1	3.96667865296385e-05	2971	rwr	BC
ZNF830	3.96658178956068e-05	2972	rwr	BC
CUEDC1	3.96559475465159e-05	2973	rwr	BC
PC	3.96547929273065e-05	2974	rwr	BC
PCGF3	3.96360777665782e-05	2975	rwr	BC
CCDC85C	3.96038475758755e-05	2976	rwr	BC
MED22	3.95890089543658e-05	2977	rwr	BC
GPI	3.95610368920814e-05	2978	rwr	BC
NAA15	3.95286732082043e-05	2979	rwr	BC
PIK3C2A	3.95112008219309e-05	2980	rwr	BC
NCAPG	3.94997376405861e-05	2981	rwr	BC
AARS2	3.9481732129499e-05	2982	rwr	BC
SENP2	3.94703649455806e-05	2983	rwr	BC
INA	3.94419852455253e-05	2984	rwr	BC
KLC2	3.94073066946002e-05	2985	rwr	BC
RAPGEF1	3.94059116498344e-05	2986	rwr	BC
PRKAG1	3.93907290434615e-05	2987	rwr	BC
HLA-B	3.93835386870069e-05	2988	rwr	BC
NDUFA13	3.93587553797922e-05	2989	rwr	BC
MAGOH	3.93583042649189e-05	2990	rwr	BC
SLC22A9	3.93540726954975e-05	2991	rwr	BC
LRFN1	3.93535866195625e-05	2992	rwr	BC
ATXN7L2	3.93420436345994e-05	2993	rwr	BC
HIPK1	3.93355390288388e-05	2994	rwr	BC
ASPH	3.93210596413929e-05	2995	rwr	BC
KIFAP3	3.93116171090502e-05	2996	rwr	BC
SLC6A15	3.92846233157774e-05	2997	rwr	BC
SEC24C	3.92462228431018e-05	2998	rwr	BC
PPIF	3.92247108757357e-05	2999	rwr	BC
TDP2	3.92095290626731e-05	3000	rwr	BC
NCAPH	3.91964919722586e-05	3001	rwr	BC
BASP1	3.9191279698241e-05	3002	rwr	BC
CSPG4	3.91743632504531e-05	3003	rwr	BC
SLC7A11	3.91622721536582e-05	3004	rwr	BC
BMX	3.91574331871313e-05	3005	rwr	BC
SNX9	3.91479210411739e-05	3006	rwr	BC
AUP1	3.91439243331068e-05	3007	rwr	BC
NUF2	3.91268612953666e-05	3008	rwr	BC
SLC39A10	3.9123232596308e-05	3009	rwr	BC
SH2D1A	3.9108635908591e-05	3010	rwr	BC
PURA	3.91041218722911e-05	3011	rwr	BC
IL4R	3.90645200981975e-05	3012	rwr	BC
DYNLT3	3.90519472619156e-05	3013	rwr	BC
ATP6V1B2	3.90163819409315e-05	3014	rwr	BC
ZNF24	3.90127111997385e-05	3015	rwr	BC
SMG5	3.89843765195503e-05	3016	rwr	BC
ARHGAP1	3.89632534288181e-05	3017	rwr	BC
YTHDC1	3.89376245767139e-05	3018	rwr	BC
FBXW2	3.88909247454391e-05	3019	rwr	BC
MCCC2	3.88471710410235e-05	3020	rwr	BC
ERP44	3.8822709147267e-05	3021	rwr	BC
PTPN21	3.88224213758904e-05	3022	rwr	BC
LUC7L	3.88122641970313e-05	3023	rwr	BC
DHX57	3.88115493958224e-05	3024	rwr	BC
PFN2	3.87701298503617e-05	3025	rwr	BC
ACSL3	3.87348624889786e-05	3026	rwr	BC
EXOC3	3.87193580338008e-05	3027	rwr	BC
HSPA13	3.86953282427719e-05	3028	rwr	BC
PRKAR2B	3.86892311088672e-05	3029	rwr	BC
MYO1D	3.86701044981619e-05	3030	rwr	BC
PAICS	3.86696477102973e-05	3031	rwr	BC
RPS6KA2	3.86529352144678e-05	3032	rwr	BC
YIPF3	3.86326567059521e-05	3033	rwr	BC
CEP152	3.86325785072403e-05	3034	rwr	BC
TNFSF9	3.86239160411193e-05	3035	rwr	BC
CYFIP2	3.8609147571366e-05	3036	rwr	BC
FBP1	3.86001445538141e-05	3037	rwr	BC
GAN	3.85938063281836e-05	3038	rwr	BC
MVK	3.85884949501096e-05	3039	rwr	BC
AATK	3.8526481611527e-05	3040	rwr	BC
NDUFB10	3.85080930553899e-05	3041	rwr	BC
CDK13	3.8497737330305e-05	3042	rwr	BC
ERH	3.84828552367617e-05	3043	rwr	BC
GPD1L	3.84689758374487e-05	3044	rwr	BC
SNAP23	3.84658970483636e-05	3045	rwr	BC
DAPK3	3.84646875689347e-05	3046	rwr	BC
TLK2	3.84531624095154e-05	3047	rwr	BC
RNF25	3.84474663136211e-05	3048	rwr	BC
UPF3B	3.84347911209062e-05	3049	rwr	BC
TPM1	3.84257226011563e-05	3050	rwr	BC
PARD6B	3.8416986194193e-05	3051	rwr	BC
SEL1L	3.83901830110298e-05	3052	rwr	BC
IREB2	3.83829367412635e-05	3053	rwr	BC
ZNF420	3.83774434572048e-05	3054	rwr	BC
DCLRE1B	3.83749735484923e-05	3055	rwr	BC
HP1BP3	3.83554030650761e-05	3056	rwr	BC
RNF14	3.83508932206096e-05	3057	rwr	BC
TCF12	3.83435620757617e-05	3058	rwr	BC
MRPS25	3.83305794492653e-05	3059	rwr	BC
FARSA	3.83082310995378e-05	3060	rwr	BC
TAF4	3.83061759896082e-05	3061	rwr	BC
LHX4	3.82697356510006e-05	3062	rwr	BC
SAMM50	3.82683769829691e-05	3063	rwr	BC
XRN1	3.8266015410733e-05	3064	rwr	BC
NDUFB9	3.82504663124302e-05	3065	rwr	BC
GART	3.82465018995189e-05	3066	rwr	BC
LRP10	3.82118713276122e-05	3067	rwr	BC
NME7	3.80881958585497e-05	3068	rwr	BC
PPME1	3.80771094384216e-05	3069	rwr	BC
SLC1A5	3.80638218902335e-05	3070	rwr	BC
MEF2A	3.8018497600467e-05	3071	rwr	BC
PDE4DIP	3.79475727495171e-05	3072	rwr	BC
CHRM3	3.79321468427741e-05	3073	rwr	BC
POLR3D	3.79311658160037e-05	3074	rwr	BC
TMUB1	3.79238727484154e-05	3075	rwr	BC
FEM1B	3.79122267624912e-05	3076	rwr	BC
NDUFS4	3.79055123231557e-05	3077	rwr	BC
IRF2	3.79004456006613e-05	3078	rwr	BC
CEP162	3.78791201706397e-05	3079	rwr	BC
LACC1	3.78311379193041e-05	3080	rwr	BC
SNTB2	3.78218557586839e-05	3081	rwr	BC
CMTR1	3.78015645642612e-05	3082	rwr	BC
ECI2	3.77908189745744e-05	3083	rwr	BC
LAMC1	3.77746605510091e-05	3084	rwr	BC
CCL22	3.77721833638355e-05	3085	rwr	BC
LMBRD2	3.77636108811554e-05	3086	rwr	BC
RPF2	3.77607946360899e-05	3087	rwr	BC
RCC1	3.77526035909779e-05	3088	rwr	BC
PLK3	3.77494591664987e-05	3089	rwr	BC
NSRP1	3.77296710527419e-05	3090	rwr	BC
LOXL2	3.76721669863048e-05	3091	rwr	BC
NDUFB11	3.76719169446832e-05	3092	rwr	BC
CETN3	3.76595293607395e-05	3093	rwr	BC
CELSR2	3.75732080451617e-05	3094	rwr	BC
ATP6AP2	3.75481393693156e-05	3095	rwr	BC
ZBTB5	3.75446850794478e-05	3096	rwr	BC
RCN1	3.75215314431863e-05	3097	rwr	BC
NME2	3.75178881726967e-05	3098	rwr	BC
PFDN1	3.75169853209705e-05	3099	rwr	BC
MCCC1	3.7505888708296e-05	3100	rwr	BC
ITGAV	3.74961412832274e-05	3101	rwr	BC
ECPAS	3.74843761713217e-05	3102	rwr	BC
SEMA4C	3.74756074069452e-05	3103	rwr	BC
ODAPH	3.74621190493595e-05	3104	rwr	BC
AKAP11	3.74400732030009e-05	3105	rwr	BC
DCAF5	3.74364628477741e-05	3106	rwr	BC
LIN37	3.73672799862542e-05	3107	rwr	BC
PEF1	3.73238723457763e-05	3108	rwr	BC
DPM1	3.72990428385742e-05	3109	rwr	BC
GYPA	3.72928866887667e-05	3110	rwr	BC
NR1H4	3.72919451027107e-05	3111	rwr	BC
LIN7C	3.72792257189648e-05	3112	rwr	BC
HERPUD1	3.72567877105173e-05	3113	rwr	BC
IK	3.72456247372116e-05	3114	rwr	BC
CD320	3.72245786923745e-05	3115	rwr	BC
GADD45G	3.72198014996328e-05	3116	rwr	BC
TUBB2B	3.72184525968335e-05	3117	rwr	BC
SLC25A46	3.72180186339243e-05	3118	rwr	BC
RABGEF1	3.72176210426405e-05	3119	rwr	BC
CTDSPL2	3.72024438789811e-05	3120	rwr	BC
POP4	3.71975648701165e-05	3121	rwr	BC
GRK6	3.71945092517013e-05	3122	rwr	BC
LDOC1	3.71751446990339e-05	3123	rwr	BC
NOSIP	3.71687517153959e-05	3124	rwr	BC
FBXO4	3.71474089894147e-05	3125	rwr	BC
PLOD1	3.71382787192727e-05	3126	rwr	BC
TSPAN2	3.71157427741512e-05	3127	rwr	BC
NUP205	3.71151739437071e-05	3128	rwr	BC
DBNL	3.71093359463679e-05	3129	rwr	BC
FAM118B	3.70744373813303e-05	3130	rwr	BC
INO80	3.70715726507294e-05	3131	rwr	BC
KLHDC2	3.70665691946795e-05	3132	rwr	BC
PACSIN2	3.70616630690172e-05	3133	rwr	BC
SHKBP1	3.7044145522811e-05	3134	rwr	BC
GRIP1	3.70427103740349e-05	3135	rwr	BC
TMED10	3.70222674579232e-05	3136	rwr	BC
OCRL	3.70085308269273e-05	3137	rwr	BC
SLC25A41	3.69778439374166e-05	3138	rwr	BC
ANP32B	3.69767179669762e-05	3139	rwr	BC
FRAS1	3.69525170453802e-05	3140	rwr	BC
GTF2H2	3.69400741692839e-05	3141	rwr	BC
ESRRA	3.68995922634538e-05	3142	rwr	BC
DOCK1	3.68841272477454e-05	3143	rwr	BC
ATP6V0D1	3.68695912017616e-05	3144	rwr	BC
EXOSC7	3.68629673097662e-05	3145	rwr	BC
ZNF200	3.68308700641071e-05	3146	rwr	BC
WWTR1	3.68271579269568e-05	3147	rwr	BC
EXOC8	3.68003206530148e-05	3148	rwr	BC
MBD3L1	3.67582504865653e-05	3149	rwr	BC
PPIE	3.67513416755677e-05	3150	rwr	BC
FBXW4	3.67395943937951e-05	3151	rwr	BC
AP1G1	3.67121346216784e-05	3152	rwr	BC
DSTN	3.67064385362201e-05	3153	rwr	BC
KNOP1	3.66973483344075e-05	3154	rwr	BC
MRPS35	3.66900161503928e-05	3155	rwr	BC
RALA	3.66668253585009e-05	3156	rwr	BC
NUCB1	3.66339063553753e-05	3157	rwr	BC
P4HA3	3.66160574143088e-05	3158	rwr	BC
KIF1B	3.65974275028955e-05	3159	rwr	BC
AP1M1	3.65510759981921e-05	3160	rwr	BC
PCDH20	3.65384275478701e-05	3161	rwr	BC
CCND2	3.6511684558741e-05	3162	rwr	BC
AMPH	3.64999811667989e-05	3163	rwr	BC
EPHB1	3.64954042752157e-05	3164	rwr	BC
PPP3CA	3.64859368127291e-05	3165	rwr	BC
EFEMP1	3.64839730457461e-05	3166	rwr	BC
KCTD13	3.64833109281432e-05	3167	rwr	BC
FOXP2	3.64778082890789e-05	3168	rwr	BC
IVNS1ABP	3.64770224516936e-05	3169	rwr	BC
CASP14	3.64625507547813e-05	3170	rwr	BC
DROSHA	3.64430771778755e-05	3171	rwr	BC
OIP5	3.64162520621373e-05	3172	rwr	BC
FAM98A	3.64067877976221e-05	3173	rwr	BC
MAP4K5	3.63990008599349e-05	3174	rwr	BC
RXRG	3.63722881634801e-05	3175	rwr	BC
MEF2D	3.63376411473488e-05	3176	rwr	BC
NOP14	3.63215778650786e-05	3177	rwr	BC
GIGYF1	3.63172274476974e-05	3178	rwr	BC
TRPS1	3.63060756603136e-05	3179	rwr	BC
IFNAR1	3.63046190654045e-05	3180	rwr	BC
KCTD5	3.62902768490403e-05	3181	rwr	BC
EPB41L5	3.628485755178e-05	3182	rwr	BC
CRY1	3.62759855914662e-05	3183	rwr	BC
TRIM71	3.62656356717692e-05	3184	rwr	BC
PIK3R4	3.62575347521458e-05	3185	rwr	BC
BRMS1L	3.62343835239011e-05	3186	rwr	BC
HOXA1	3.62077040573782e-05	3187	rwr	BC
EPM2A	3.62031841176792e-05	3188	rwr	BC
PLS3	3.61873847399558e-05	3189	rwr	BC
PJA2	3.61432329179473e-05	3190	rwr	BC
PAPSS1	3.61237247306446e-05	3191	rwr	BC
LSM2	3.61137401469574e-05	3192	rwr	BC
ZCRB1	3.61113632486759e-05	3193	rwr	BC
FBXL14	3.60795662433388e-05	3194	rwr	BC
WDFY3	3.60720475248248e-05	3195	rwr	BC
ZMYND19	3.6044225387264e-05	3196	rwr	BC
PPP6R2	3.6041386214525e-05	3197	rwr	BC
POLR3C	3.60410313642816e-05	3198	rwr	BC
EPHA6	3.6037739923983e-05	3199	rwr	BC
WDR62	3.60230913534711e-05	3200	rwr	BC
DTNBP1	3.60224402329293e-05	3201	rwr	BC
ETV1	3.59752641518666e-05	3202	rwr	BC
WBP11	3.59577596370834e-05	3203	rwr	BC
PIP4K2B	3.59290983107607e-05	3204	rwr	BC
TACC3	3.59276711464284e-05	3205	rwr	BC
STK40	3.59047983924672e-05	3206	rwr	BC
MTG2	3.5889107518131e-05	3207	rwr	BC
HNF1A	3.58886263037589e-05	3208	rwr	BC
ETF1	3.58851189131252e-05	3209	rwr	BC
GFOD2	3.58575975439753e-05	3210	rwr	BC
PYCR2	3.58357250469781e-05	3211	rwr	BC
STX1A	3.58293891840614e-05	3212	rwr	BC
ATE1	3.5829064170452e-05	3213	rwr	BC
CETN1	3.58074665688236e-05	3214	rwr	BC
DKK3	3.57874379127752e-05	3215	rwr	BC
NSF	3.57701364989667e-05	3216	rwr	BC
STK24	3.57623372475491e-05	3217	rwr	BC
PRPF38A	3.57489724349664e-05	3218	rwr	BC
ARFGEF2	3.5730826680869e-05	3219	rwr	BC
MRPS5	3.57194531070206e-05	3220	rwr	BC
MTMR9	3.57097259055203e-05	3221	rwr	BC
NACC1	3.57038815024843e-05	3222	rwr	BC
TRIM17	3.5681739420348e-05	3223	rwr	BC
LASP1	3.56687703160902e-05	3224	rwr	BC
KSR2	3.56634495133533e-05	3225	rwr	BC
MEOX2	3.5626123110977e-05	3226	rwr	BC
AICDA	3.56248815775711e-05	3227	rwr	BC
BNIP3	3.55900002610245e-05	3228	rwr	BC
GABRA1	3.55863252236347e-05	3229	rwr	BC
TAB3	3.55855979563645e-05	3230	rwr	BC
NKRF	3.5576941200617e-05	3231	rwr	BC
LPP	3.5569453616774e-05	3232	rwr	BC
LCOR	3.55583369457192e-05	3233	rwr	BC
PACSIN1	3.55453335838612e-05	3234	rwr	BC
SLBP	3.55377013581975e-05	3235	rwr	BC
SCGB1D1	3.5530532893697e-05	3236	rwr	BC
NUP160	3.55136539379636e-05	3237	rwr	BC
NCAPD3	3.5503049345821e-05	3238	rwr	BC
DIMT1	3.54750407958598e-05	3239	rwr	BC
GSTP1	3.54527801532388e-05	3240	rwr	BC
SLMAP	3.54054583892495e-05	3241	rwr	BC
LSM4	3.53974095616254e-05	3242	rwr	BC
SUFU	3.5352996839487e-05	3243	rwr	BC
GNAI1	3.53095795587763e-05	3244	rwr	BC
TCP10L	3.52970787927234e-05	3245	rwr	BC
NCR3LG1	3.52777593421348e-05	3246	rwr	BC
ZBTB49	3.52576588158524e-05	3247	rwr	BC
SOS2	3.52490248095587e-05	3248	rwr	BC
MMADHC	3.52226951726562e-05	3249	rwr	BC
UQCRC1	3.51990229320176e-05	3250	rwr	BC
TUBGCP4	3.51676853419449e-05	3251	rwr	BC
ACVR2A	3.50998189708429e-05	3252	rwr	BC
NSMCE1	3.50801818261688e-05	3253	rwr	BC
CAMK2D	3.50705483844081e-05	3254	rwr	BC
ANXA7	3.50701182977444e-05	3255	rwr	BC
KIF2B	3.50651811948025e-05	3256	rwr	BC
CNOT2	3.50180519940523e-05	3257	rwr	BC
THOC7	3.49985481479047e-05	3258	rwr	BC
VTN	3.49629295515933e-05	3259	rwr	BC
PUSL1	3.49529351730428e-05	3260	rwr	BC
SLC30A1	3.4949806179275e-05	3261	rwr	BC
GGA1	3.49356017934263e-05	3262	rwr	BC
ATXN2L	3.49292853527636e-05	3263	rwr	BC
FOXP3	3.49125592057149e-05	3264	rwr	BC
USP30	3.4897691355675e-05	3265	rwr	BC
TRIM7	3.48905515272617e-05	3266	rwr	BC
VEGFA	3.48831239423499e-05	3267	rwr	BC
EIF2B2	3.48688753944955e-05	3268	rwr	BC
MDH1	3.48615676018657e-05	3269	rwr	BC
TXNDC9	3.48382402646152e-05	3270	rwr	BC
PSMG2	3.48272508377825e-05	3271	rwr	BC
ZNRF2	3.48173426314905e-05	3272	rwr	BC
MDN1	3.48163944516035e-05	3273	rwr	BC
CDKN2AIP	3.48128113327015e-05	3274	rwr	BC
KLHL2	3.48032674802288e-05	3275	rwr	BC
RECQL	3.47990202667639e-05	3276	rwr	BC
ANKRD52	3.47240804118703e-05	3277	rwr	BC
NDUFA5	3.47136054645783e-05	3278	rwr	BC
GADD45GIP1	3.4707596205771e-05	3279	rwr	BC
CALD1	3.46865656632964e-05	3280	rwr	BC
SPINK7	3.46588708387001e-05	3281	rwr	BC
TPCN2	3.46209337306271e-05	3282	rwr	BC
GMCL1	3.46115736880847e-05	3283	rwr	BC
FAT1	3.45992742098618e-05	3284	rwr	BC
RGS2	3.4593204116388e-05	3285	rwr	BC
VANGL1	3.45597852433686e-05	3286	rwr	BC
MAPRE3	3.45420325287351e-05	3287	rwr	BC
RNF10	3.45309326952426e-05	3288	rwr	BC
NSFL1C	3.45278482340008e-05	3289	rwr	BC
TRIM5	3.45229683593373e-05	3290	rwr	BC
GPBP1L1	3.45167837438392e-05	3291	rwr	BC
AQR	3.44979259158586e-05	3292	rwr	BC
CACNB4	3.44945812785585e-05	3293	rwr	BC
WASHC3	3.44930108654881e-05	3294	rwr	BC
HMOX2	3.44905893415193e-05	3295	rwr	BC
TYW1	3.44814107591099e-05	3296	rwr	BC
UBE2J1	3.44525516044486e-05	3297	rwr	BC
MYO18A	3.43956157531975e-05	3298	rwr	BC
SYNJ1	3.43906153488133e-05	3299	rwr	BC
TP53INP1	3.43872056529835e-05	3300	rwr	BC
NDUFA12	3.43777911873619e-05	3301	rwr	BC
CYP1A1	3.43669268229185e-05	3302	rwr	BC
OXSR1	3.43633022453307e-05	3303	rwr	BC
SMAD5	3.4351145580785e-05	3304	rwr	BC
ZNF281	3.43379857193838e-05	3305	rwr	BC
SLC6A8	3.43283419863745e-05	3306	rwr	BC
COMMD10	3.429869405277e-05	3307	rwr	BC
LRFN4	3.42806045061292e-05	3308	rwr	BC
HAUS5	3.42718923125682e-05	3309	rwr	BC
CD83	3.42636899592039e-05	3310	rwr	BC
FAM83B	3.42344448789226e-05	3311	rwr	BC
IFNGR1	3.42268192636821e-05	3312	rwr	BC
TPP2	3.42191094460341e-05	3313	rwr	BC
CABIN1	3.41332147218479e-05	3314	rwr	BC
FIBP	3.41190288837181e-05	3315	rwr	BC
AMD1	3.40893945940683e-05	3316	rwr	BC
KRT33B	3.40726587961012e-05	3317	rwr	BC
PDCL	3.40668727461854e-05	3318	rwr	BC
PRKD2	3.40175359674043e-05	3319	rwr	BC
CAV3	3.40007793942487e-05	3320	rwr	BC
PIP4K2C	3.39937894687161e-05	3321	rwr	BC
AAK1	3.39849073968298e-05	3322	rwr	BC
PTPRJ	3.39544400298418e-05	3323	rwr	BC
TLN2	3.39502429228289e-05	3324	rwr	BC
MRPL42	3.39182527820611e-05	3325	rwr	BC
TMED2	3.38896220888289e-05	3326	rwr	BC
RASSF3	3.38770187078268e-05	3327	rwr	BC
ARPC4	3.38599417717959e-05	3328	rwr	BC
FTH1	3.3855752929998e-05	3329	rwr	BC
NOP53	3.38198823973199e-05	3330	rwr	BC
LIN54	3.38089113298848e-05	3331	rwr	BC
RAP1A	3.38087397867556e-05	3332	rwr	BC
FHL5	3.38045072175842e-05	3333	rwr	BC
TRAPPC2	3.3790267411086e-05	3334	rwr	BC
PPP1R15A	3.37807465438583e-05	3335	rwr	BC
COMMD2	3.37647811424743e-05	3336	rwr	BC
DLAT	3.37298697492603e-05	3337	rwr	BC
HINT1	3.3704785996341e-05	3338	rwr	BC
MLLT6	3.37031678732688e-05	3339	rwr	BC
DUSP14	3.36977256215073e-05	3340	rwr	BC
NR1H2	3.36967091059867e-05	3341	rwr	BC
TPD52L2	3.36806702728969e-05	3342	rwr	BC
USP54	3.36728131170791e-05	3343	rwr	BC
FCF1	3.3671969033292e-05	3344	rwr	BC
CLASP2	3.36271852750894e-05	3345	rwr	BC
NDUFV2	3.36188564385571e-05	3346	rwr	BC
PATZ1	3.35886978573752e-05	3347	rwr	BC
SURF6	3.35879585159673e-05	3348	rwr	BC
MST1R	3.358215384392e-05	3349	rwr	BC
TRIM65	3.35698621679897e-05	3350	rwr	BC
EXD2	3.35594634038346e-05	3351	rwr	BC
MEX3B	3.35400775464207e-05	3352	rwr	BC
FBXO17	3.3519686240613e-05	3353	rwr	BC
TOB1	3.35089330686509e-05	3354	rwr	BC
SPC24	3.34996901177691e-05	3355	rwr	BC
SRI	3.3493279930987e-05	3356	rwr	BC
CDCA4	3.346861581635e-05	3357	rwr	BC
UQCRQ	3.34647328042315e-05	3358	rwr	BC
QKI	3.34314711957627e-05	3359	rwr	BC
UBE2L6	3.34271433725281e-05	3360	rwr	BC
IPO9	3.34211441562464e-05	3361	rwr	BC
ZRSR2	3.34200136634906e-05	3362	rwr	BC
RSBN1	3.3393332703583e-05	3363	rwr	BC
NR0B1	3.33866636408092e-05	3364	rwr	BC
STIM2	3.33660873013061e-05	3365	rwr	BC
FYCO1	3.33440567029225e-05	3366	rwr	BC
MYADM	3.33190819480155e-05	3367	rwr	BC
RAB3GAP1	3.32826842292202e-05	3368	rwr	BC
TSFM	3.32817294067068e-05	3369	rwr	BC
ERN1	3.32694629901993e-05	3370	rwr	BC
CNOT6L	3.32376580110267e-05	3371	rwr	BC
LNPEP	3.32327263713187e-05	3372	rwr	BC
TAFA4	3.32321843320262e-05	3373	rwr	BC
GPN3	3.32219722845973e-05	3374	rwr	BC
LIMK1	3.32063519509202e-05	3375	rwr	BC
TRIOBP	3.31947985405984e-05	3376	rwr	BC
DARS2	3.31729880278039e-05	3377	rwr	BC
SYT1	3.31524378215933e-05	3378	rwr	BC
CAP2	3.31443970925955e-05	3379	rwr	BC
GNAI2	3.31405827473288e-05	3380	rwr	BC
CSGALNACT2	3.31048173674743e-05	3381	rwr	BC
ZNRF1	3.3102947190877e-05	3382	rwr	BC
DMD	3.30971428549609e-05	3383	rwr	BC
FOXC1	3.30853308254885e-05	3384	rwr	BC
FAM167A	3.30517071006701e-05	3385	rwr	BC
PALLD	3.30489472460094e-05	3386	rwr	BC
ENAH	3.30478318391744e-05	3387	rwr	BC
RASSF6	3.30460392443533e-05	3388	rwr	BC
TNFAIP1	3.30316694387304e-05	3389	rwr	BC
FLCN	3.3024777762491e-05	3390	rwr	BC
SLX4IP	3.30169882539163e-05	3391	rwr	BC
PHLDB2	3.29950871657385e-05	3392	rwr	BC
TUBGCP5	3.29785077011345e-05	3393	rwr	BC
TECR	3.29634335595156e-05	3394	rwr	BC
ROS1	3.2959509941067e-05	3395	rwr	BC
INTS4	3.29536699304234e-05	3396	rwr	BC
PWP2	3.29387675861419e-05	3397	rwr	BC
GFER	3.29264836027202e-05	3398	rwr	BC
GLE1	3.29220870602274e-05	3399	rwr	BC
PLEKHA1	3.28878256693942e-05	3400	rwr	BC
SAFB2	3.28807734743664e-05	3401	rwr	BC
STEAP3	3.28581486483344e-05	3402	rwr	BC
CCNB2	3.28459923545121e-05	3403	rwr	BC
MYO1E	3.28389891669522e-05	3404	rwr	BC
MRPL44	3.28068924122121e-05	3405	rwr	BC
NEUROG3	3.28017248864367e-05	3406	rwr	BC
FCHO2	3.27836515927053e-05	3407	rwr	BC
PSG8	3.27573486071413e-05	3408	rwr	BC
NOCT	3.27206580181315e-05	3409	rwr	BC
CBX7	3.27205341805495e-05	3410	rwr	BC
PTGIR	3.27183807440538e-05	3411	rwr	BC
SLX1A	3.27159010703614e-05	3412	rwr	BC
TFDP2	3.26644429535926e-05	3413	rwr	BC
OSBPL1A	3.26628278538964e-05	3414	rwr	BC
BCAS3	3.26297767671528e-05	3415	rwr	BC
CD19	3.26218822612937e-05	3416	rwr	BC
RIOK3	3.26105990988712e-05	3417	rwr	BC
CREBZF	3.25794980974685e-05	3418	rwr	BC
THAP11	3.25729702918849e-05	3419	rwr	BC
HEATR3	3.25625431971208e-05	3420	rwr	BC
SON	3.25449682681965e-05	3421	rwr	BC
TBC1D5	3.25075189034397e-05	3422	rwr	BC
ARL6IP4	3.25008489078751e-05	3423	rwr	BC
GPKOW	3.24989632892812e-05	3424	rwr	BC
RPS6KA5	3.24962127476255e-05	3425	rwr	BC
ID1	3.24882069807869e-05	3426	rwr	BC
TOMM34	3.24778064817645e-05	3427	rwr	BC
TCAP	3.24399469721591e-05	3428	rwr	BC
JAK3	3.24384940065371e-05	3429	rwr	BC
MAGEA10	3.24168967014167e-05	3430	rwr	BC
RPL7L1	3.24053342444054e-05	3431	rwr	BC
PRPS1	3.23928870191158e-05	3432	rwr	BC
PTPN4	3.23517562722998e-05	3433	rwr	BC
POM121	3.2342617636368e-05	3434	rwr	BC
LMO7	3.233724275691e-05	3435	rwr	BC
APOA1	3.23362160296972e-05	3436	rwr	BC
SRGAP2	3.23350631626923e-05	3437	rwr	BC
ZFP41	3.23054432381443e-05	3438	rwr	BC
FASTKD3	3.22946942372793e-05	3439	rwr	BC
POLR3K	3.22808056575332e-05	3440	rwr	BC
JPH1	3.22349463243892e-05	3441	rwr	BC
GLRX3	3.21958306342196e-05	3442	rwr	BC
RRAGA	3.21908518881428e-05	3443	rwr	BC
CTU1	3.21876349472211e-05	3444	rwr	BC
SDHA	3.21815105850871e-05	3445	rwr	BC
C9ORF78	3.21735366736432e-05	3446	rwr	BC
PRMT2	3.21683225111449e-05	3447	rwr	BC
CLOCK	3.2167094587356e-05	3448	rwr	BC
MAFF	3.21624977883591e-05	3449	rwr	BC
EXOC1	3.2134762586417e-05	3450	rwr	BC
HSF2	3.21316926341312e-05	3451	rwr	BC
H1-6	3.21031746291201e-05	3452	rwr	BC
EPN1	3.20931029123205e-05	3453	rwr	BC
OSBP	3.20840254328263e-05	3454	rwr	BC
COMMD4	3.20782176652296e-05	3455	rwr	BC
TRIM11	3.20640641202893e-05	3456	rwr	BC
CBLN4	3.20564008600404e-05	3457	rwr	BC
COMTD1	3.20390023231723e-05	3458	rwr	BC
GTF3C5	3.20386974661184e-05	3459	rwr	BC
PCGF5	3.20204769829086e-05	3460	rwr	BC
RMDN3	3.20110841857616e-05	3461	rwr	BC
PRDX5	3.19783644592318e-05	3462	rwr	BC
TIGD5	3.19663972041355e-05	3463	rwr	BC
VAC14	3.19481919632554e-05	3464	rwr	BC
EIF2A	3.19340780845128e-05	3465	rwr	BC
ZNF219	3.19172916500035e-05	3466	rwr	BC
ADD1	3.18944782671018e-05	3467	rwr	BC
PLS1	3.18897541045545e-05	3468	rwr	BC
RMND5B	3.18831073723007e-05	3469	rwr	BC
KMT2B	3.1849335417054e-05	3470	rwr	BC
MBP	3.18418876356168e-05	3471	rwr	BC
DSC1	3.18409841116422e-05	3472	rwr	BC
PTP4A2	3.18400692000505e-05	3473	rwr	BC
GTF2H3	3.18237599065987e-05	3474	rwr	BC
C1D	3.18164045101563e-05	3475	rwr	BC
VCPIP1	3.18005235715911e-05	3476	rwr	BC
SAE1	3.17622203862961e-05	3477	rwr	BC
METTL15	3.17410641110585e-05	3478	rwr	BC
FAM221B	3.17307389133246e-05	3479	rwr	BC
TSC22D1	3.17297816051952e-05	3480	rwr	BC
PBX2	3.17129793370757e-05	3481	rwr	BC
ARHGEF16	3.1706507439921e-05	3482	rwr	BC
PAIP1	3.17020448991477e-05	3483	rwr	BC
SSBP2	3.16747666558617e-05	3484	rwr	BC
RRAGC	3.16338983205722e-05	3485	rwr	BC
SKAP2	3.16119588166356e-05	3486	rwr	BC
ASB6	3.15613337431337e-05	3487	rwr	BC
CLCN7	3.15573996790396e-05	3488	rwr	BC
SLC15A1	3.15555456551599e-05	3489	rwr	BC
ANXA5	3.15496354305864e-05	3490	rwr	BC
CYTH3	3.1547763251904e-05	3491	rwr	BC
KLC1	3.15436587865687e-05	3492	rwr	BC
RBM3	3.15430025480173e-05	3493	rwr	BC
EIF4E2	3.15343367979134e-05	3494	rwr	BC
MAT2A	3.15156785421604e-05	3495	rwr	BC
EIF2B3	3.15046412232443e-05	3496	rwr	BC
GHITM	3.1502231810425e-05	3497	rwr	BC
WIPI2	3.14948539803285e-05	3498	rwr	BC
IPO11	3.14705051927359e-05	3499	rwr	BC
DCTN6	3.14636043792066e-05	3500	rwr	BC
CDA	3.14402542988932e-05	3501	rwr	BC
HOMER3	3.14387856292761e-05	3502	rwr	BC
RFXANK	3.14039363964574e-05	3503	rwr	BC
RSAD2	3.14031257751014e-05	3504	rwr	BC
NCOA4	3.13908242493778e-05	3505	rwr	BC
FAM83D	3.13847679984384e-05	3506	rwr	BC
VASN	3.13789544170174e-05	3507	rwr	BC
INO80B	3.13731195764507e-05	3508	rwr	BC
ELK1	3.13639641404992e-05	3509	rwr	BC
ZNF217	3.13619544015716e-05	3510	rwr	BC
BMP7	3.13473530215002e-05	3511	rwr	BC
RAB1B	3.13219259512748e-05	3512	rwr	BC
MRPL13	3.1314382014549e-05	3513	rwr	BC
UBLCP1	3.13051399867864e-05	3514	rwr	BC
ACAD10	3.1291835637135e-05	3515	rwr	BC
FNBP1	3.12785572168495e-05	3516	rwr	BC
SARNP	3.12766720215089e-05	3517	rwr	BC
KIF3A	3.12479855173984e-05	3518	rwr	BC
EXOC6	3.12382370207648e-05	3519	rwr	BC
ZC3HC1	3.12351284316133e-05	3520	rwr	BC
ARL13B	3.12338877186917e-05	3521	rwr	BC
MAML1	3.1232540275068e-05	3522	rwr	BC
SRP9	3.11982861989762e-05	3523	rwr	BC
YLPM1	3.11982433862776e-05	3524	rwr	BC
HTRA1	3.11431159662943e-05	3525	rwr	BC
MRPL18	3.11108942375242e-05	3526	rwr	BC
NCAPD2	3.10964718747477e-05	3527	rwr	BC
MEIS1	3.10832756507916e-05	3528	rwr	BC
C1QL4	3.10667165520159e-05	3529	rwr	BC
NRBF2	3.10460987850172e-05	3530	rwr	BC
RBM19	3.10410504247123e-05	3531	rwr	BC
APBA3	3.10350930933467e-05	3532	rwr	BC
CGNL1	3.10246049909623e-05	3533	rwr	BC
MGAT4C	3.10012718519164e-05	3534	rwr	BC
NAGK	3.09729659414849e-05	3535	rwr	BC
COG2	3.0968005753587e-05	3536	rwr	BC
STAT5B	3.09631991032107e-05	3537	rwr	BC
PIK3C2B	3.095993845795e-05	3538	rwr	BC
MYH11	3.09455999764476e-05	3539	rwr	BC
KRT13	3.09105525534585e-05	3540	rwr	BC
PLXNA2	3.08880215631374e-05	3541	rwr	BC
KIAA1671	3.08796815289062e-05	3542	rwr	BC
ITPR3	3.08743467908467e-05	3543	rwr	BC
PINX1	3.08409066324032e-05	3544	rwr	BC
GPR183	3.08226622096197e-05	3545	rwr	BC
KLHL11	3.08185919623372e-05	3546	rwr	BC
DCAF12	3.0818339172484e-05	3547	rwr	BC
EXOSC2	3.08038246972309e-05	3548	rwr	BC
PRKG2	3.08029889050961e-05	3549	rwr	BC
EXOSC9	3.07966203364039e-05	3550	rwr	BC
SNRPG	3.079540842916e-05	3551	rwr	BC
KDM4C	3.07748672071462e-05	3552	rwr	BC
PEX14	3.07674723383979e-05	3553	rwr	BC
CYC1	3.07399998790027e-05	3554	rwr	BC
KLHL7	3.07222268779494e-05	3555	rwr	BC
CA14	3.07213367803534e-05	3556	rwr	BC
TP53RK	3.0706987478751e-05	3557	rwr	BC
RBM42	3.06310819604799e-05	3558	rwr	BC
BOD1L1	3.06305017365234e-05	3559	rwr	BC
SLC25A1	3.06301964298313e-05	3560	rwr	BC
ACTR1B	3.06301504352948e-05	3561	rwr	BC
AKAP12	3.06200876720178e-05	3562	rwr	BC
GATA2	3.06129753664857e-05	3563	rwr	BC
BMP2K	3.06035084837009e-05	3564	rwr	BC
MINDY3	3.05782906856036e-05	3565	rwr	BC
PLD3	3.05631068120831e-05	3566	rwr	BC
TEX264	3.05554205115865e-05	3567	rwr	BC
SAP30BP	3.05546744874199e-05	3568	rwr	BC
TIPRL	3.05298124224554e-05	3569	rwr	BC
SRSF11	3.05279735779081e-05	3570	rwr	BC
UBE2Q1	3.05101949652067e-05	3571	rwr	BC
ID4	3.05062132916155e-05	3572	rwr	BC
SIRT2	3.0487413171556e-05	3573	rwr	BC
IRAK2	3.04631078980225e-05	3574	rwr	BC
DNAJC16	3.04623458787664e-05	3575	rwr	BC
NDUFB3	3.04525143558504e-05	3576	rwr	BC
ALDH2	3.04210265318871e-05	3577	rwr	BC
PIK3CG	3.04166681437772e-05	3578	rwr	BC
KSR1	3.04102090087978e-05	3579	rwr	BC
MEX3A	3.03800271037892e-05	3580	rwr	BC
TOM1L1	3.03791871556744e-05	3581	rwr	BC
KRT16	3.03571448736185e-05	3582	rwr	BC
KLHL9	3.03367263937289e-05	3583	rwr	BC
GAR1	3.03222547573185e-05	3584	rwr	BC
LSM14A	3.02711624306164e-05	3585	rwr	BC
HELZ	3.02711360944747e-05	3586	rwr	BC
TMEM33	3.02709481106477e-05	3587	rwr	BC
TAMM41	3.02565520900571e-05	3588	rwr	BC
PTX3	3.02333739624759e-05	3589	rwr	BC
PIBF1	3.01993023164535e-05	3590	rwr	BC
NOS1AP	3.0197979917211e-05	3591	rwr	BC
NUDCD2	3.01902080145498e-05	3592	rwr	BC
BMPR2	3.01779483437743e-05	3593	rwr	BC
IL1R1	3.01758034517572e-05	3594	rwr	BC
WBP1	3.01085816596358e-05	3595	rwr	BC
RAB27B	3.01085056972778e-05	3596	rwr	BC
CAVIN1	3.00978965129959e-05	3597	rwr	BC
MRM1	3.00796445971525e-05	3598	rwr	BC
ZNHIT1	3.00683375804453e-05	3599	rwr	BC
XPO5	3.00543395717208e-05	3600	rwr	BC
NHERF2	3.00472427664367e-05	3601	rwr	BC
SLC19A2	3.00300574130623e-05	3602	rwr	BC
OSBPL3	2.99778692701413e-05	3603	rwr	BC
COPG2	2.99746760594483e-05	3604	rwr	BC
RNF130	2.99583119910918e-05	3605	rwr	BC
HPCAL1	2.99486540506081e-05	3606	rwr	BC
CEP164	2.99324811690717e-05	3607	rwr	BC
GET4	2.99261624668168e-05	3608	rwr	BC
MRPS10	2.99008034948962e-05	3609	rwr	BC
ITGB2	2.99006224323351e-05	3610	rwr	BC
IFT20	2.98904964270946e-05	3611	rwr	BC
TMEM51	2.98894077256234e-05	3612	rwr	BC
LETM1	2.98839413846109e-05	3613	rwr	BC
STT3A	2.98745266914716e-05	3614	rwr	BC
OPA1	2.98646813645289e-05	3615	rwr	BC
NCF1	2.98626262212355e-05	3616	rwr	BC
PACSIN3	2.98578339327542e-05	3617	rwr	BC
SCYL1	2.98493513145924e-05	3618	rwr	BC
SPG7	2.98476989603785e-05	3619	rwr	BC
DCP2	2.98250483527149e-05	3620	rwr	BC
PNMA2	2.98200052199346e-05	3621	rwr	BC
PROSER2	2.97689004137124e-05	3622	rwr	BC
SLC2A12	2.97666842390586e-05	3623	rwr	BC
TNPO3	2.97577045929546e-05	3624	rwr	BC
STX18	2.97474948415851e-05	3625	rwr	BC
KBTBD6	2.973629786919e-05	3626	rwr	BC
ANKRD54	2.97328335496957e-05	3627	rwr	BC
CNOT3	2.97247790775655e-05	3628	rwr	BC
FNIP1	2.97194616724948e-05	3629	rwr	BC
GABPA	2.97128803388863e-05	3630	rwr	BC
SHOC2	2.96756866269826e-05	3631	rwr	BC
SYCE3	2.96632378824339e-05	3632	rwr	BC
PDIK1L	2.96594324992497e-05	3633	rwr	BC
GINS1	2.95826645606113e-05	3634	rwr	BC
ARL6IP5	2.95744949923455e-05	3635	rwr	BC
PITX1	2.95679547397319e-05	3636	rwr	BC
HEMGN	2.95617748139109e-05	3637	rwr	BC
DEAF1	2.95556755309403e-05	3638	rwr	BC
GLS	2.9519967901149e-05	3639	rwr	BC
EXOC7	2.9501442257732e-05	3640	rwr	BC
VPS45	2.94821168357315e-05	3641	rwr	BC
LDB1	2.9476757826403e-05	3642	rwr	BC
CD1B	2.94763524740391e-05	3643	rwr	BC
NDUFA2	2.94732185285616e-05	3644	rwr	BC
MCC	2.94642474526419e-05	3645	rwr	BC
ZC3H3	2.9459988048498e-05	3646	rwr	BC
ALKBH3	2.94310997176868e-05	3647	rwr	BC
HDAC11	2.94233942892268e-05	3648	rwr	BC
AZGP1	2.94200779124201e-05	3649	rwr	BC
DTNA	2.94105018936056e-05	3650	rwr	BC
TFPT	2.93908506512895e-05	3651	rwr	BC
PPP1R16B	2.93819056290228e-05	3652	rwr	BC
PDLIM1	2.93566645803431e-05	3653	rwr	BC
DIAPH1	2.9336833818588e-05	3654	rwr	BC
VSIG2	2.93365153470587e-05	3655	rwr	BC
CD28	2.93271308562208e-05	3656	rwr	BC
MAPK11	2.93265383005142e-05	3657	rwr	BC
COPZ1	2.93073066082392e-05	3658	rwr	BC
AZI2	2.92852846901977e-05	3659	rwr	BC
CTU2	2.92445658803715e-05	3660	rwr	BC
NLE1	2.9244284691003e-05	3661	rwr	BC
THBS1	2.92194263827634e-05	3662	rwr	BC
EDEM1	2.91973991929171e-05	3663	rwr	BC
CDK12	2.91912953548554e-05	3664	rwr	BC
SH3GL2	2.91604402893479e-05	3665	rwr	BC
FGFR1OP2	2.91460566660466e-05	3666	rwr	BC
SAAL1	2.91351307807104e-05	3667	rwr	BC
ATP1B3	2.91307750860629e-05	3668	rwr	BC
ECHS1	2.9117936452834e-05	3669	rwr	BC
TEAD1	2.91065205016388e-05	3670	rwr	BC
LCA5	2.91038581380323e-05	3671	rwr	BC
EFEMP2	2.91029887494299e-05	3672	rwr	BC
VAMP8	2.90426831347629e-05	3673	rwr	BC
PAG1	2.902750404988e-05	3674	rwr	BC
RHOT2	2.90165593039778e-05	3675	rwr	BC
MAP3K10	2.90096520236243e-05	3676	rwr	BC
HSPE1	2.89986566359373e-05	3677	rwr	BC
EXOC5	2.89673440431713e-05	3678	rwr	BC
ARFGEF1	2.89646846440471e-05	3679	rwr	BC
S100A6	2.89632162108355e-05	3680	rwr	BC
UGCG	2.8955536148048e-05	3681	rwr	BC
SH3RF1	2.89479659150494e-05	3682	rwr	BC
GDF11	2.89272160244624e-05	3683	rwr	BC
EDF1	2.8925697123762e-05	3684	rwr	BC
STRIP2	2.89210833434682e-05	3685	rwr	BC
SLC25A12	2.89135588886027e-05	3686	rwr	BC
MZT2B	2.89115542004088e-05	3687	rwr	BC
CRADD	2.89087559136792e-05	3688	rwr	BC
TGM3	2.88872331495644e-05	3689	rwr	BC
PEX6	2.88859565570083e-05	3690	rwr	BC
MRM2	2.88762451402582e-05	3691	rwr	BC
PTP4A1	2.88738215214049e-05	3692	rwr	BC
JARID2	2.88699373149604e-05	3693	rwr	BC
DENR	2.88685471141483e-05	3694	rwr	BC
MIOS	2.88604707497874e-05	3695	rwr	BC
NCBP2	2.88566843037468e-05	3696	rwr	BC
DCAF15	2.88373122291511e-05	3697	rwr	BC
GYS2	2.88347840233804e-05	3698	rwr	BC
PPA1	2.88190909754723e-05	3699	rwr	BC
ZRANB2	2.88186726117311e-05	3700	rwr	BC
NSA2	2.87891553763779e-05	3701	rwr	BC
HOXB7	2.87579946164951e-05	3702	rwr	BC
ARHGEF5	2.87517206078634e-05	3703	rwr	BC
ANO6	2.87261402130092e-05	3704	rwr	BC
FBXO31	2.87042084807095e-05	3705	rwr	BC
CERK	2.86948220892008e-05	3706	rwr	BC
LDLR	2.86898101966203e-05	3707	rwr	BC
KIF5A	2.86664344706156e-05	3708	rwr	BC
B4GAT1	2.86462013622314e-05	3709	rwr	BC
FBXW5	2.86096003253025e-05	3710	rwr	BC
CTPS1	2.86086118993004e-05	3711	rwr	BC
TGIF1	2.86051212212812e-05	3712	rwr	BC
VPS28	2.86041205476511e-05	3713	rwr	BC
L3MBTL3	2.85937590753044e-05	3714	rwr	BC
GOLGB1	2.85923414885523e-05	3715	rwr	BC
MAFG	2.85807195316804e-05	3716	rwr	BC
SOST	2.85703741639629e-05	3717	rwr	BC
AP3B1	2.85634387263196e-05	3718	rwr	BC
TRAK1	2.85625229892764e-05	3719	rwr	BC
PRR14	2.85547391892027e-05	3720	rwr	BC
MYO5C	2.853487561923e-05	3721	rwr	BC
ZBTB48	2.85314663898046e-05	3722	rwr	BC
SLC27A2	2.85296605907166e-05	3723	rwr	BC
PGAM1	2.85293067972168e-05	3724	rwr	BC
INTS10	2.85234473381911e-05	3725	rwr	BC
PSMG3	2.85226659380009e-05	3726	rwr	BC
POTEI	2.85057128246691e-05	3727	rwr	BC
UTP15	2.85015780029399e-05	3728	rwr	BC
NPHP1	2.85011067781531e-05	3729	rwr	BC
FLT3	2.84950918982813e-05	3730	rwr	BC
PPIL2	2.84767178440418e-05	3731	rwr	BC
SH3RF2	2.84759367866105e-05	3732	rwr	BC
PHRF1	2.84700371672056e-05	3733	rwr	BC
GUF1	2.84445805333934e-05	3734	rwr	BC
MRPS30	2.84227119623767e-05	3735	rwr	BC
ZIC1	2.84168264921377e-05	3736	rwr	BC
DHX32	2.84126323269761e-05	3737	rwr	BC
TAF7	2.84099174753315e-05	3738	rwr	BC
MRPL28	2.83880492884591e-05	3739	rwr	BC
ZNF609	2.83872579478479e-05	3740	rwr	BC
LRRC40	2.83848419249783e-05	3741	rwr	BC
YTHDC2	2.83588872557349e-05	3742	rwr	BC
SLC16A1	2.83578194132669e-05	3743	rwr	BC
EEF1B2	2.83477707723654e-05	3744	rwr	BC
C2CD5	2.83372954885547e-05	3745	rwr	BC
EIF5	2.83068554980002e-05	3746	rwr	BC
DSC2	2.82741216103651e-05	3747	rwr	BC
EXOSC3	2.82638044984154e-05	3748	rwr	BC
CACNG5	2.82473295042666e-05	3749	rwr	BC
CCDC85B	2.82240926167909e-05	3750	rwr	BC
EEA1	2.81935134255502e-05	3751	rwr	BC
GLI3	2.81858623574358e-05	3752	rwr	BC
TSPYL2	2.81585397367835e-05	3753	rwr	BC
DR1	2.81559808055665e-05	3754	rwr	BC
MORC2	2.81552941443267e-05	3755	rwr	BC
TYSND1	2.81539450109771e-05	3756	rwr	BC
DUSP1	2.81322215290012e-05	3757	rwr	BC
MARK4	2.81294885560263e-05	3758	rwr	BC
SACM1L	2.81140352272341e-05	3759	rwr	BC
VPS18	2.80982391811159e-05	3760	rwr	BC
DHRS4	2.80944869508082e-05	3761	rwr	BC
CNBP	2.80804735386345e-05	3762	rwr	BC
TEX11	2.80588396040381e-05	3763	rwr	BC
EIF2B5	2.80522423235332e-05	3764	rwr	BC
APBB3	2.8047990780612e-05	3765	rwr	BC
ITGA2	2.80454107109233e-05	3766	rwr	BC
SSH1	2.80148100831135e-05	3767	rwr	BC
ASCC3	2.80007261993795e-05	3768	rwr	BC
COQ5	2.79582444978094e-05	3769	rwr	BC
BACH2	2.79380169153866e-05	3770	rwr	BC
CIT	2.79321191856485e-05	3771	rwr	BC
LTBP1	2.79215342467044e-05	3772	rwr	BC
CAMKK2	2.79211132522174e-05	3773	rwr	BC
UPF2	2.78935735716292e-05	3774	rwr	BC
ZFYVE16	2.78856599084698e-05	3775	rwr	BC
PSTPIP1	2.78499553513988e-05	3776	rwr	BC
ENDOG	2.77736376723115e-05	3777	rwr	BC
WDR45B	2.7767783672162e-05	3778	rwr	BC
ERCC6L	2.77459939123794e-05	3779	rwr	BC
TBXA2R	2.77459001416919e-05	3780	rwr	BC
PHC1	2.77325166898929e-05	3781	rwr	BC
ZNF398	2.77270224329545e-05	3782	rwr	BC
CNNM3	2.77267255082647e-05	3783	rwr	BC
GTSE1	2.77230495501323e-05	3784	rwr	BC
HAPLN3	2.77191065588693e-05	3785	rwr	BC
ITGA5	2.77182039132858e-05	3786	rwr	BC
RSPRY1	2.77107050457378e-05	3787	rwr	BC
FOXP4	2.76892740870174e-05	3788	rwr	BC
CNOT11	2.76490251958116e-05	3789	rwr	BC
ROR1	2.76490158145091e-05	3790	rwr	BC
WDTC1	2.7586822561214e-05	3791	rwr	BC
STN1	2.75850942721096e-05	3792	rwr	BC
TBPL1	2.75647656423304e-05	3793	rwr	BC
EPPK1	2.75585527336919e-05	3794	rwr	BC
SDF4	2.75566345031529e-05	3795	rwr	BC
EML4	2.75534018805098e-05	3796	rwr	BC
EXOSC5	2.75428254652598e-05	3797	rwr	BC
PPIG	2.7528283035212e-05	3798	rwr	BC
PEX7	2.75249305831029e-05	3799	rwr	BC
EIF2B1	2.75240146809107e-05	3800	rwr	BC
LRPAP1	2.75093364333767e-05	3801	rwr	BC
PAK6	2.74799499584803e-05	3802	rwr	BC
COBLL1	2.74769383040542e-05	3803	rwr	BC
MRPS15	2.74614631537472e-05	3804	rwr	BC
RBM27	2.74286240570918e-05	3805	rwr	BC
EXOSC4	2.74205376858049e-05	3806	rwr	BC
NME4	2.73897409555178e-05	3807	rwr	BC
MRPL9	2.73870253996062e-05	3808	rwr	BC
CPNE2	2.73861549316679e-05	3809	rwr	BC
CRP	2.7381052794346e-05	3810	rwr	BC
MAGEB10	2.73312129483173e-05	3811	rwr	BC
SH3GL1	2.73167154819502e-05	3812	rwr	BC
RPRD1A	2.73131653614836e-05	3813	rwr	BC
KRT9	2.73070091694976e-05	3814	rwr	BC
MAST1	2.73055344293851e-05	3815	rwr	BC
TWF1	2.73013406302331e-05	3816	rwr	BC
SNX17	2.72977359351663e-05	3817	rwr	BC
POLR3F	2.72832890646695e-05	3818	rwr	BC
SLC25A4	2.72568435649767e-05	3819	rwr	BC
DEF6	2.72120477659709e-05	3820	rwr	BC
CD8A	2.71936143753683e-05	3821	rwr	BC
LTV1	2.71905613276622e-05	3822	rwr	BC
MRPL39	2.71842520286633e-05	3823	rwr	BC
MEFV	2.71838025593535e-05	3824	rwr	BC
PHKG2	2.71477358599458e-05	3825	rwr	BC
CYB5D2	2.71451437367688e-05	3826	rwr	BC
ALMS1	2.71438108785818e-05	3827	rwr	BC
TGS1	2.71411543852268e-05	3828	rwr	BC
MAU2	2.71077052936236e-05	3829	rwr	BC
TATDN2	2.70940967687619e-05	3830	rwr	BC
UBL7	2.7089402442284e-05	3831	rwr	BC
LRCH2	2.708031890474e-05	3832	rwr	BC
BICD1	2.7045067687509e-05	3833	rwr	BC
KIF2C	2.70196787742413e-05	3834	rwr	BC
GRPR	2.70034847508313e-05	3835	rwr	BC
ZZEF1	2.69916270226985e-05	3836	rwr	BC
RP2	2.69729715051827e-05	3837	rwr	BC
NDUFAF4	2.69581786654054e-05	3838	rwr	BC
ITGB5	2.69377848376344e-05	3839	rwr	BC
ATP6V0A2	2.69164696015791e-05	3840	rwr	BC
CD3E	2.69091464483787e-05	3841	rwr	BC
ERLIN1	2.68976055583343e-05	3842	rwr	BC
CAPN2	2.68973804381426e-05	3843	rwr	BC
SNF8	2.68821222840704e-05	3844	rwr	BC
C16ORF87	2.68545385988323e-05	3845	rwr	BC
LONRF2	2.68364579271685e-05	3846	rwr	BC
SEC23A	2.68323859871691e-05	3847	rwr	BC
WIPF2	2.68256833281071e-05	3848	rwr	BC
FKBP15	2.68222244214311e-05	3849	rwr	BC
COASY	2.68191389304023e-05	3850	rwr	BC
CERS2	2.68074316305559e-05	3851	rwr	BC
TOX4	2.67991779136728e-05	3852	rwr	BC
NMNAT1	2.67773702579323e-05	3853	rwr	BC
EPB41L1	2.67500676834207e-05	3854	rwr	BC
ZNF331	2.67364413347301e-05	3855	rwr	BC
SPIN2B	2.67360925432189e-05	3856	rwr	BC
EXOSC1	2.67260055424899e-05	3857	rwr	BC
SOX6	2.67235359846651e-05	3858	rwr	BC
AASDHPPT	2.66976573173502e-05	3859	rwr	BC
PCDHGC3	2.66908057144482e-05	3860	rwr	BC
EMC4	2.66699706865433e-05	3861	rwr	BC
APBA2	2.66596054692508e-05	3862	rwr	BC
LARP4	2.66526547509077e-05	3863	rwr	BC
INTS9	2.66357437281387e-05	3864	rwr	BC
USP24	2.66236363118729e-05	3865	rwr	BC
SIK3	2.66211431984511e-05	3866	rwr	BC
MAP7D3	2.66181844769098e-05	3867	rwr	BC
RIC8A	2.66057150042341e-05	3868	rwr	BC
BHLHE40	2.65910971488579e-05	3869	rwr	BC
SPECC1	2.65910273391321e-05	3870	rwr	BC
PPP1R15B	2.65859376063329e-05	3871	rwr	BC
URB1	2.65679524771281e-05	3872	rwr	BC
PRRC2B	2.65461131185031e-05	3873	rwr	BC
FPR2	2.6519235578494e-05	3874	rwr	BC
IPO13	2.65113203409225e-05	3875	rwr	BC
CLIP1	2.65098858660091e-05	3876	rwr	BC
COLGALT1	2.648575780224e-05	3877	rwr	BC
POLE3	2.64848898708779e-05	3878	rwr	BC
BMS1	2.64784765484758e-05	3879	rwr	BC
PTPRN	2.64767441151918e-05	3880	rwr	BC
CCDC93	2.64584763351888e-05	3881	rwr	BC
MIER2	2.64554602418337e-05	3882	rwr	BC
ADAM17	2.6425176848197e-05	3883	rwr	BC
MPZL1	2.64183785390511e-05	3884	rwr	BC
PAFAH1B3	2.64167221007977e-05	3885	rwr	BC
WIPF1	2.64124211659172e-05	3886	rwr	BC
RETREG3	2.63872687452029e-05	3887	rwr	BC
FBXO30	2.63793822457211e-05	3888	rwr	BC
ATXN10	2.63779305010928e-05	3889	rwr	BC
RALYL	2.6377914362165e-05	3890	rwr	BC
ALDH1B1	2.63737395116619e-05	3891	rwr	BC
NUP85	2.63585207235507e-05	3892	rwr	BC
COG4	2.6341380505778e-05	3893	rwr	BC
NSMCE2	2.63300187847598e-05	3894	rwr	BC
LMNB2	2.63230265221953e-05	3895	rwr	BC
DDX41	2.63143543493276e-05	3896	rwr	BC
KLHL13	2.63140899949802e-05	3897	rwr	BC
MZT1	2.63090652935856e-05	3898	rwr	BC
NOL9	2.63054364279714e-05	3899	rwr	BC
MRPL37	2.63004376017214e-05	3900	rwr	BC
NPEPPS	2.62753803485662e-05	3901	rwr	BC
EID1	2.627170243311e-05	3902	rwr	BC
SLC30A2	2.62379192643925e-05	3903	rwr	BC
TUBG2	2.62262580483502e-05	3904	rwr	BC
C2CD2L	2.6220447307055e-05	3905	rwr	BC
EHD1	2.6215830806565e-05	3906	rwr	BC
BCORL1	2.62132451614246e-05	3907	rwr	BC
SPC25	2.62038403606387e-05	3908	rwr	BC
RAB13	2.61775561341016e-05	3909	rwr	BC
FBRS	2.61671010683854e-05	3910	rwr	BC
ACTR10	2.61655719761638e-05	3911	rwr	BC
WDCP	2.61621210514931e-05	3912	rwr	BC
CENPB	2.61570461783503e-05	3913	rwr	BC
PIGT	2.6145230613594e-05	3914	rwr	BC
NAV1	2.61398754309522e-05	3915	rwr	BC
VPS37B	2.61256522735543e-05	3916	rwr	BC
PTRH2	2.61191045549591e-05	3917	rwr	BC
PSMG1	2.60775702190485e-05	3918	rwr	BC
PRIMPOL	2.60658748972687e-05	3919	rwr	BC
DDR1	2.60557864518017e-05	3920	rwr	BC
SETD1B	2.60533350166186e-05	3921	rwr	BC
TIPIN	2.60460367661728e-05	3922	rwr	BC
CDKL1	2.60267887476521e-05	3923	rwr	BC
MRPL27	2.60255461631497e-05	3924	rwr	BC
ENO3	2.60118657634105e-05	3925	rwr	BC
CD33	2.60088777645631e-05	3926	rwr	BC
CFDP1	2.60086884867935e-05	3927	rwr	BC
SIKE1	2.59999012331294e-05	3928	rwr	BC
RAB6B	2.59985118396562e-05	3929	rwr	BC
XPO4	2.59878594122537e-05	3930	rwr	BC
CCDC97	2.59779610259119e-05	3931	rwr	BC
TMEM171	2.59675181431652e-05	3932	rwr	BC
TYW1B	2.59632297054634e-05	3933	rwr	BC
RASSF2	2.59515467976985e-05	3934	rwr	BC
KATNB1	2.59514279920567e-05	3935	rwr	BC
CLPX	2.59437284938804e-05	3936	rwr	BC
MRPL41	2.59360885558342e-05	3937	rwr	BC
PDE6D	2.59279119482669e-05	3938	rwr	BC
CIRBP	2.59185854396903e-05	3939	rwr	BC
CWC22	2.59163294029484e-05	3940	rwr	BC
SCCPDH	2.59145135742648e-05	3941	rwr	BC
CEACAM1	2.59103409764738e-05	3942	rwr	BC
GYS1	2.59016129783042e-05	3943	rwr	BC
SPG21	2.5879519897415e-05	3944	rwr	BC
BOP1	2.58608331260765e-05	3945	rwr	BC
TRAF3IP3	2.58529708828599e-05	3946	rwr	BC
IGFBP1	2.58449742216578e-05	3947	rwr	BC
CDC40	2.58284871673094e-05	3948	rwr	BC
CDK18	2.58155494960259e-05	3949	rwr	BC
CCDC50	2.57988911631627e-05	3950	rwr	BC
KLHL42	2.5785000571491e-05	3951	rwr	BC
TIRAP	2.57712910590564e-05	3952	rwr	BC
ACOT9	2.57628320260022e-05	3953	rwr	BC
ESRRG	2.57617559276412e-05	3954	rwr	BC
SCML2	2.57580165216997e-05	3955	rwr	BC
DOCK5	2.57321991458361e-05	3956	rwr	BC
BZW2	2.57253781940166e-05	3957	rwr	BC
RHOBTB3	2.57177629344688e-05	3958	rwr	BC
ABT1	2.57128632956828e-05	3959	rwr	BC
MIS18A	2.56946312292088e-05	3960	rwr	BC
ITGA4	2.56755026323245e-05	3961	rwr	BC
NDFIP2	2.56698958301409e-05	3962	rwr	BC
MMP10	2.56578800314065e-05	3963	rwr	BC
IRGQ	2.56458416303278e-05	3964	rwr	BC
CASC3	2.56348607662767e-05	3965	rwr	BC
AARSD1	2.5633095087137e-05	3966	rwr	BC
HERC3	2.56306871079242e-05	3967	rwr	BC
CEP128	2.56277674669509e-05	3968	rwr	BC
ZNF703	2.56258625461714e-05	3969	rwr	BC
MPHOSPH10	2.56253025363599e-05	3970	rwr	BC
LRCH3	2.56249127040296e-05	3971	rwr	BC
SYCE1	2.55940287430048e-05	3972	rwr	BC
MAPKAPK5	2.55919036300931e-05	3973	rwr	BC
EVI5	2.55828169641959e-05	3974	rwr	BC
LMAN2	2.55737764551659e-05	3975	rwr	BC
POMP	2.55727459271868e-05	3976	rwr	BC
BIRC8	2.55616524002429e-05	3977	rwr	BC
NFRKB	2.55539216974411e-05	3978	rwr	BC
CHRNA9	2.55531813642074e-05	3979	rwr	BC
FZD10	2.55451449557542e-05	3980	rwr	BC
OPRM1	2.55298358944699e-05	3981	rwr	BC
ANKRD44	2.55270354731251e-05	3982	rwr	BC
EIF4ENIF1	2.55089280237831e-05	3983	rwr	BC
FAM117A	2.5506008627445e-05	3984	rwr	BC
UQCRFS1	2.55036277964578e-05	3985	rwr	BC
TUBGCP6	2.54899564775772e-05	3986	rwr	BC
WRAP53	2.54575510994549e-05	3987	rwr	BC
GINM1	2.54545987804009e-05	3988	rwr	BC
BMF	2.54527717172484e-05	3989	rwr	BC
MKRN3	2.54421585606518e-05	3990	rwr	BC
LSM6	2.54362088737126e-05	3991	rwr	BC
SLC9A1	2.54270963926238e-05	3992	rwr	BC
TDP1	2.54154184807337e-05	3993	rwr	BC
CTTNBP2	2.54132186363829e-05	3994	rwr	BC
PHLPP2	2.5404279883173e-05	3995	rwr	BC
ZFC3H1	2.53841779251558e-05	3996	rwr	BC
S100A7	2.53726249320418e-05	3997	rwr	BC
TIMM44	2.53705145179376e-05	3998	rwr	BC
SYNM	2.53485087827231e-05	3999	rwr	BC
UQCRB	2.53433483016617e-05	4000	rwr	BC
SLC20A1	2.53380471845266e-05	4001	rwr	BC
PLXNA1	2.53380387051859e-05	4002	rwr	BC
ARPC5	2.53274432945415e-05	4003	rwr	BC
ZKSCAN8	2.53256583427787e-05	4004	rwr	BC
RAC3	2.53119320755186e-05	4005	rwr	BC
PEBP1	2.53047857622848e-05	4006	rwr	BC
MYL12A	2.52958607407195e-05	4007	rwr	BC
EAF2	2.52818977304422e-05	4008	rwr	BC
ERLEC1	2.52813113575793e-05	4009	rwr	BC
PRG2	2.52656051934966e-05	4010	rwr	BC
HAUS6	2.52623293388488e-05	4011	rwr	BC
MORC3	2.52404125430465e-05	4012	rwr	BC
ATP13A3	2.52310419771015e-05	4013	rwr	BC
AP1G2	2.52008910330214e-05	4014	rwr	BC
RPS6KA6	2.52004245270116e-05	4015	rwr	BC
GEMIN6	2.51788851247424e-05	4016	rwr	BC
POC1B	2.51601574205015e-05	4017	rwr	BC
RHOXF2	2.51587817863882e-05	4018	rwr	BC
WDR83	2.51480171394732e-05	4019	rwr	BC
TRERF1	2.51264046861261e-05	4020	rwr	BC
ANKS1A	2.51227289548388e-05	4021	rwr	BC
PRR11	2.51224877934031e-05	4022	rwr	BC
TRDN	2.51184242999788e-05	4023	rwr	BC
ETFB	2.51050906752479e-05	4024	rwr	BC
UACA	2.51029918865964e-05	4025	rwr	BC
FAM9B	2.51017716124721e-05	4026	rwr	BC
SLITRK5	2.50943266802789e-05	4027	rwr	BC
CASP8AP2	2.50780406589351e-05	4028	rwr	BC
TNFRSF8	2.50680319381572e-05	4029	rwr	BC
IFIT5	2.5066908014665e-05	4030	rwr	BC
NDUFA7	2.50625603795088e-05	4031	rwr	BC
CAMK2B	2.50606943210346e-05	4032	rwr	BC
WBP4	2.50256016923022e-05	4033	rwr	BC
CBY1	2.50189146036021e-05	4034	rwr	BC
CNTROB	2.5014692817321e-05	4035	rwr	BC
CLGN	2.50103546846697e-05	4036	rwr	BC
TAF1D	2.49698373422839e-05	4037	rwr	BC
RRAS	2.49504274396681e-05	4038	rwr	BC
MRPS14	2.49405362184875e-05	4039	rwr	BC
TIFA	2.4936655067887e-05	4040	rwr	BC
PTPRE	2.49333546929594e-05	4041	rwr	BC
SPDL1	2.49272155196339e-05	4042	rwr	BC
NVL	2.49156828727124e-05	4043	rwr	BC
CNOT8	2.49127024294097e-05	4044	rwr	BC
RFX1	2.49090090149514e-05	4045	rwr	BC
THOC5	2.49064888908193e-05	4046	rwr	BC
RNH1	2.48953661819256e-05	4047	rwr	BC
ZBTB21	2.4894329755612e-05	4048	rwr	BC
PTOV1	2.48660202212138e-05	4049	rwr	BC
HCCS	2.48512473084964e-05	4050	rwr	BC
TEAD4	2.48492772205494e-05	4051	rwr	BC
TMEM214	2.48353574543494e-05	4052	rwr	BC
CAPNS1	2.48136807931337e-05	4053	rwr	BC
OGDH	2.48071417441196e-05	4054	rwr	BC
SLC39A14	2.47999270985676e-05	4055	rwr	BC
IQGAP2	2.4769773111116e-05	4056	rwr	BC
EDRF1	2.4757461262556e-05	4057	rwr	BC
RRM1	2.4754555481983e-05	4058	rwr	BC
FOSL1	2.47382195905728e-05	4059	rwr	BC
CPVL	2.47281763612915e-05	4060	rwr	BC
ZNF346	2.47185147176713e-05	4061	rwr	BC
STBD1	2.47037798318359e-05	4062	rwr	BC
KXD1	2.46912325226486e-05	4063	rwr	BC
KLHL18	2.46826127356894e-05	4064	rwr	BC
PPAN	2.46787174245168e-05	4065	rwr	BC
ARPC1A	2.46449827474283e-05	4066	rwr	BC
ALDH3B1	2.46437114156742e-05	4067	rwr	BC
MOSPD2	2.46403484178316e-05	4068	rwr	BC
NUDT12	2.463773729548e-05	4069	rwr	BC
RHOBTB2	2.46257376786775e-05	4070	rwr	BC
RPUSD2	2.46220050801308e-05	4071	rwr	BC
CDC42EP1	2.45915082211803e-05	4072	rwr	BC
AUTS2	2.45881452765203e-05	4073	rwr	BC
DLGAP1	2.45720498383935e-05	4074	rwr	BC
THAP1	2.45681925674337e-05	4075	rwr	BC
TACR1	2.4567080513873e-05	4076	rwr	BC
DCTN5	2.45638137457783e-05	4077	rwr	BC
TICAM2	2.45568155143076e-05	4078	rwr	BC
EXOC2	2.45404695193553e-05	4079	rwr	BC
KPRP	2.45333898143595e-05	4080	rwr	BC
HOMER1	2.45115332558686e-05	4081	rwr	BC
ANKRD13A	2.45106510588358e-05	4082	rwr	BC
KPNA5	2.45068491631953e-05	4083	rwr	BC
DHX16	2.45026782695006e-05	4084	rwr	BC
WDR44	2.45017354228468e-05	4085	rwr	BC
KRI1	2.45004438706702e-05	4086	rwr	BC
C19ORF25	2.44913306979572e-05	4087	rwr	BC
SARM1	2.44606205224847e-05	4088	rwr	BC
HSPB7	2.44435535900063e-05	4089	rwr	BC
REEP4	2.4438491934054e-05	4090	rwr	BC
EAPP	2.44330301795266e-05	4091	rwr	BC
WDR59	2.43965387486154e-05	4092	rwr	BC
LSG1	2.43880751446998e-05	4093	rwr	BC
LRP4	2.43605650264899e-05	4094	rwr	BC
ZDHHC9	2.43380407644189e-05	4095	rwr	BC
UTP3	2.43305311501577e-05	4096	rwr	BC
FZD7	2.43288368812638e-05	4097	rwr	BC
HTATSF1	2.43274175826034e-05	4098	rwr	BC
ACVR1	2.4324248682601e-05	4099	rwr	BC
ATG2B	2.43161333299102e-05	4100	rwr	BC
ANGPT2	2.43033938026095e-05	4101	rwr	BC
TBC1D2B	2.4299163034361e-05	4102	rwr	BC
CD27	2.42983108496617e-05	4103	rwr	BC
NOTCH3	2.4290372706738e-05	4104	rwr	BC
UBXN6	2.4285253695811e-05	4105	rwr	BC
PPP1R12B	2.42463815867641e-05	4106	rwr	BC
SYNJ2BP	2.4243179024833e-05	4107	rwr	BC
APEX2	2.42417024069312e-05	4108	rwr	BC
ULBP3	2.42396618915929e-05	4109	rwr	BC
PEG10	2.42200320389006e-05	4110	rwr	BC
SYTL4	2.42155331831232e-05	4111	rwr	BC
CCDC59	2.41969221131092e-05	4112	rwr	BC
KNSTRN	2.41938809459698e-05	4113	rwr	BC
SPINT2	2.41905765131819e-05	4114	rwr	BC
DLGAP5	2.41750100773357e-05	4115	rwr	BC
SYF2	2.41706191611629e-05	4116	rwr	BC
TXLNG	2.41620328877095e-05	4117	rwr	BC
RAB8B	2.41615852266709e-05	4118	rwr	BC
ZZZ3	2.41510667890856e-05	4119	rwr	BC
MVB12A	2.41389340318245e-05	4120	rwr	BC
EPHA3	2.4136709460178e-05	4121	rwr	BC
STXBP4	2.41255436314996e-05	4122	rwr	BC
HEXIM2	2.41229772193704e-05	4123	rwr	BC
PDXDC1	2.41195079202613e-05	4124	rwr	BC
SYAP1	2.41153922901405e-05	4125	rwr	BC
CA10	2.4109576073221e-05	4126	rwr	BC
MRTO4	2.41028747596843e-05	4127	rwr	BC
HSD17B12	2.40673974839276e-05	4128	rwr	BC
SPECC1L	2.40647742740932e-05	4129	rwr	BC
ZBTB25	2.40527651928438e-05	4130	rwr	BC
ATP6V1D	2.40485949128018e-05	4131	rwr	BC
MGST3	2.40412651113329e-05	4132	rwr	BC
FH	2.40368547207234e-05	4133	rwr	BC
APPBP2	2.40320159141857e-05	4134	rwr	BC
BNIP3L	2.40248654025463e-05	4135	rwr	BC
CEP19	2.40237443633896e-05	4136	rwr	BC
MRPL24	2.40136592302545e-05	4137	rwr	BC
TFE3	2.39952029711193e-05	4138	rwr	BC
KLC4	2.39847912167947e-05	4139	rwr	BC
JADE2	2.39845736459329e-05	4140	rwr	BC
PRPSAP2	2.3965024936823e-05	4141	rwr	BC
AP1S2	2.39604802579476e-05	4142	rwr	BC
LIMK2	2.39600302666694e-05	4143	rwr	BC
INO80E	2.39415840575442e-05	4144	rwr	BC
STMN1	2.39018300952056e-05	4145	rwr	BC
MARK1	2.38811699993962e-05	4146	rwr	BC
PHLDB3	2.38599418355563e-05	4147	rwr	BC
RAB11FIP5	2.38561679106027e-05	4148	rwr	BC
HNRNPCL1	2.38470922667649e-05	4149	rwr	BC
ADAM33	2.38336133156326e-05	4150	rwr	BC
GRPEL1	2.38279990119249e-05	4151	rwr	BC
CEBPG	2.38261548096253e-05	4152	rwr	BC
CLEC11A	2.38093389800529e-05	4153	rwr	BC
RBM24	2.37903687908345e-05	4154	rwr	BC
NUDT16L1	2.37784245355683e-05	4155	rwr	BC
ARMC5	2.37614770327594e-05	4156	rwr	BC
MIA2	2.37424364821753e-05	4157	rwr	BC
NDUFV3	2.37331793090375e-05	4158	rwr	BC
FAM234B	2.37305597351815e-05	4159	rwr	BC
CWC15	2.37025700033949e-05	4160	rwr	BC
KIAA0930	2.36617551913244e-05	4161	rwr	BC
COL6A2	2.36468079304779e-05	4162	rwr	BC
ARL15	2.3642821085108e-05	4163	rwr	BC
SGPL1	2.36427217218464e-05	4164	rwr	BC
RPL36A	2.36196736601509e-05	4165	rwr	BC
RREB1	2.36007258853276e-05	4166	rwr	BC
METAP2	2.35888457639038e-05	4167	rwr	BC
SH2D4A	2.35690832356666e-05	4168	rwr	BC
KLHL21	2.35663940419674e-05	4169	rwr	BC
SEC23B	2.35590698171375e-05	4170	rwr	BC
LUZP1	2.35571115456786e-05	4171	rwr	BC
SERPINB4	2.35383274875519e-05	4172	rwr	BC
RRP1	2.35313740731431e-05	4173	rwr	BC
GNL3L	2.35290631425696e-05	4174	rwr	BC
GCC1	2.35267189527451e-05	4175	rwr	BC
AGO3	2.35205358712332e-05	4176	rwr	BC
NPHP4	2.35062753529298e-05	4177	rwr	BC
CCDC51	2.35028251091695e-05	4178	rwr	BC
ATL3	2.34941402327477e-05	4179	rwr	BC
ATP6V0A1	2.34918505331381e-05	4180	rwr	BC
MAP2K5	2.34784512302194e-05	4181	rwr	BC
DSCC1	2.34710172352588e-05	4182	rwr	BC
PURB	2.34700690426718e-05	4183	rwr	BC
RPS6KA4	2.34537696487523e-05	4184	rwr	BC
YBEY	2.34323477954893e-05	4185	rwr	BC
CISD2	2.33966530079089e-05	4186	rwr	BC
CLK1	2.33810551958579e-05	4187	rwr	BC
LANCL1	2.33700681636162e-05	4188	rwr	BC
PKNOX2	2.33506915900927e-05	4189	rwr	BC
ATP5F1B	2.33472269240243e-05	4190	rwr	BC
KLF16	2.33448550927605e-05	4191	rwr	BC
TARBP2	2.33405344566719e-05	4192	rwr	BC
TF	2.33401137519668e-05	4193	rwr	BC
SLC18A1	2.33350517177033e-05	4194	rwr	BC
MRPS28	2.33206693663334e-05	4195	rwr	BC
PRKAG3	2.33090975249975e-05	4196	rwr	BC
TOR1A	2.33067421598225e-05	4197	rwr	BC
ANKHD1	2.3285884815352e-05	4198	rwr	BC
ACTR5	2.32717571015932e-05	4199	rwr	BC
BTAF1	2.32473173430796e-05	4200	rwr	BC
SOX5	2.32241704374565e-05	4201	rwr	BC
BBC3	2.32172638921731e-05	4202	rwr	BC
HOXB9	2.32030049077562e-05	4203	rwr	BC
KLHL8	2.31952565145949e-05	4204	rwr	BC
DUX4L9	2.31952069722622e-05	4205	rwr	BC
PPP3R1	2.31670595946549e-05	4206	rwr	BC
CHCHD10	2.31588574415144e-05	4207	rwr	BC
IQCB1	2.31411895599589e-05	4208	rwr	BC
KLHL6	2.31361164157717e-05	4209	rwr	BC
CDK14	2.31344466841501e-05	4210	rwr	BC
RPP30	2.31239317648676e-05	4211	rwr	BC
IL27RA	2.30892028091848e-05	4212	rwr	BC
IRF4	2.30790655332075e-05	4213	rwr	BC
ARHGAP12	2.30776183284574e-05	4214	rwr	BC
NCF2	2.30733286367543e-05	4215	rwr	BC
LSM3	2.30324197851697e-05	4216	rwr	BC
PPP1R8	2.30220209695845e-05	4217	rwr	BC
FAM53C	2.30139543048282e-05	4218	rwr	BC
GML	2.30008847400055e-05	4219	rwr	BC
MOS	2.29838347715891e-05	4220	rwr	BC
MAGEA1	2.29765359596972e-05	4221	rwr	BC
MFN2	2.29765271613118e-05	4222	rwr	BC
SNX21	2.29761356156493e-05	4223	rwr	BC
RAG1	2.29750732914726e-05	4224	rwr	BC
CDR2L	2.29738129492658e-05	4225	rwr	BC
STXBP3	2.29732700967538e-05	4226	rwr	BC
MRPL15	2.29518221430126e-05	4227	rwr	BC
CDK17	2.29495576613964e-05	4228	rwr	BC
ARHGAP35	2.29171570791171e-05	4229	rwr	BC
IRAK4	2.29136456091969e-05	4230	rwr	BC
SAP30L	2.29131649539787e-05	4231	rwr	BC
KMT2E	2.28904032201231e-05	4232	rwr	BC
MIDN	2.28902001483649e-05	4233	rwr	BC
MTPN	2.28566127267718e-05	4234	rwr	BC
TMEM231	2.28531731969764e-05	4235	rwr	BC
RCOR2	2.2850168413565e-05	4236	rwr	BC
NUP88	2.28491583880214e-05	4237	rwr	BC
GSPT2	2.28258534470137e-05	4238	rwr	BC
C8ORF33	2.2819201247683e-05	4239	rwr	BC
YME1L1	2.27870421336213e-05	4240	rwr	BC
POLD4	2.27775546935825e-05	4241	rwr	BC
ZNF687	2.27757914311127e-05	4242	rwr	BC
PRG3	2.27716410187968e-05	4243	rwr	BC
ZBTB14	2.27713521886426e-05	4244	rwr	BC
RBM12	2.27462628271929e-05	4245	rwr	BC
KCTD6	2.27410302866867e-05	4246	rwr	BC
BTN2A1	2.27365607185624e-05	4247	rwr	BC
URB2	2.27325835911794e-05	4248	rwr	BC
NUPR1	2.27051919477361e-05	4249	rwr	BC
OSTF1	2.26963264108746e-05	4250	rwr	BC
LIN7A	2.26912300150838e-05	4251	rwr	BC
KCTD10	2.26830674663355e-05	4252	rwr	BC
PPP2R5D	2.26606787451796e-05	4253	rwr	BC
KCNS3	2.26523953959547e-05	4254	rwr	BC
TRUB2	2.26514829619211e-05	4255	rwr	BC
CIAO2B	2.26294987269047e-05	4256	rwr	BC
SOCS4	2.2626911566075e-05	4257	rwr	BC
DCUN1D5	2.26086097072653e-05	4258	rwr	BC
ARL3	2.25901954759764e-05	4259	rwr	BC
ARFIP2	2.25846282291858e-05	4260	rwr	BC
MAP7D1	2.2575441028069e-05	4261	rwr	BC
CTNNBIP1	2.25752010216638e-05	4262	rwr	BC
INSIG2	2.25735557789395e-05	4263	rwr	BC
SLC27A4	2.25638075632153e-05	4264	rwr	BC
DBT	2.25610807253244e-05	4265	rwr	BC
RPGR	2.25597584885225e-05	4266	rwr	BC
TMOD4	2.25559745513365e-05	4267	rwr	BC
TRMT10C	2.25539330326246e-05	4268	rwr	BC
BBS2	2.25229315838521e-05	4269	rwr	BC
MRPL2	2.25042159479104e-05	4270	rwr	BC
BAHD1	2.24894561509732e-05	4271	rwr	BC
ARL1	2.24873334744753e-05	4272	rwr	BC
MMP2	2.24873047207007e-05	4273	rwr	BC
GBP2	2.24818702370406e-05	4274	rwr	BC
GPC3	2.24769052245138e-05	4275	rwr	BC
RRP9	2.24736811917035e-05	4276	rwr	BC
GNB4	2.24671151498608e-05	4277	rwr	BC
ITIH2	2.24586961505092e-05	4278	rwr	BC
BUD13	2.24406049149693e-05	4279	rwr	BC
BCL7B	2.24353047019175e-05	4280	rwr	BC
CD4	2.24319133690805e-05	4281	rwr	BC
AEBP2	2.2430844713614e-05	4282	rwr	BC
BBS1	2.24172226858453e-05	4283	rwr	BC
FAM90A1	2.24128754983552e-05	4284	rwr	BC
FOSB	2.2408530407211e-05	4285	rwr	BC
RAB11FIP2	2.23958077653035e-05	4286	rwr	BC
RMDN1	2.23946081100577e-05	4287	rwr	BC
P3H3	2.23739321804677e-05	4288	rwr	BC
ARAP1	2.23651360180586e-05	4289	rwr	BC
ZNF2	2.23562088318441e-05	4290	rwr	BC
GSTM3	2.23218144384869e-05	4291	rwr	BC
ZG16B	2.23183332796981e-05	4292	rwr	BC
CRCP	2.23046378622771e-05	4293	rwr	BC
EID3	2.23004120305347e-05	4294	rwr	BC
KIF18B	2.22931228001406e-05	4295	rwr	BC
COG8	2.22864775392467e-05	4296	rwr	BC
FBXO3	2.2285987006557e-05	4297	rwr	BC
PLXNB2	2.22681953467362e-05	4298	rwr	BC
TMOD1	2.22589616229342e-05	4299	rwr	BC
PNPT1	2.22586564842772e-05	4300	rwr	BC
CSTA	2.22574731693587e-05	4301	rwr	BC
ITPR2	2.22567899636619e-05	4302	rwr	BC
PTP4A3	2.22557839238204e-05	4303	rwr	BC
SLC25A10	2.22487255304231e-05	4304	rwr	BC
MYO5A	2.22446614740842e-05	4305	rwr	BC
NEU2	2.22420196629343e-05	4306	rwr	BC
SCLT1	2.22326353388521e-05	4307	rwr	BC
BCKDK	2.22294732802574e-05	4308	rwr	BC
IL20RB	2.22164422476553e-05	4309	rwr	BC
ANKLE2	2.22151555074637e-05	4310	rwr	BC
HSPB6	2.22142604000593e-05	4311	rwr	BC
B4GALT5	2.22126079236833e-05	4312	rwr	BC
SENP6	2.22125269937457e-05	4313	rwr	BC
RBM4B	2.21964443920727e-05	4314	rwr	BC
SPSB2	2.21743488955649e-05	4315	rwr	BC
KIF15	2.21599349670166e-05	4316	rwr	BC
ADAM21	2.21540822782888e-05	4317	rwr	BC
POC1A	2.21482425311711e-05	4318	rwr	BC
KDM4D	2.21417421493661e-05	4319	rwr	BC
DNAAF8	2.21396911722527e-05	4320	rwr	BC
HSD17B4	2.21342780523315e-05	4321	rwr	BC
CIZ1	2.21272859827718e-05	4322	rwr	BC
XPO6	2.21272218087825e-05	4323	rwr	BC
GPR37	2.21272129987075e-05	4324	rwr	BC
LYZ	2.21184765107362e-05	4325	rwr	BC
STX17	2.21148479223628e-05	4326	rwr	BC
MRPL1	2.21135222200086e-05	4327	rwr	BC
EIF3CL	2.21118410889604e-05	4328	rwr	BC
INSL5	2.21074829899769e-05	4329	rwr	BC
TNFRSF9	2.21066440816522e-05	4330	rwr	BC
METTL9	2.20794127936684e-05	4331	rwr	BC
SNTB1	2.20783382670082e-05	4332	rwr	BC
MRPL10	2.2060218754975e-05	4333	rwr	BC
BLMH	2.20459800189404e-05	4334	rwr	BC
TMEM63A	2.20357248462544e-05	4335	rwr	BC
CDC42EP4	2.2031409415258e-05	4336	rwr	BC
CHMP5	2.20313988289788e-05	4337	rwr	BC
NEK1	2.20273740048816e-05	4338	rwr	BC
ZC3H4	2.20214747115199e-05	4339	rwr	BC
TGIF2LY	2.20167260253904e-05	4340	rwr	BC
AKIRIN2	2.19897750244452e-05	4341	rwr	BC
FLRT3	2.19693914453006e-05	4342	rwr	BC
PRDM14	2.19616736511873e-05	4343	rwr	BC
CENPQ	2.19604913712773e-05	4344	rwr	BC
PNMA5	2.19449384742738e-05	4345	rwr	BC
BBOX1	2.19440416009129e-05	4346	rwr	BC
SLC29A1	2.19396039274691e-05	4347	rwr	BC
CNP	2.19227411787827e-05	4348	rwr	BC
DIAPH3	2.19208197180935e-05	4349	rwr	BC
ELL2	2.19191207986919e-05	4350	rwr	BC
PPP1R9A	2.19183467247151e-05	4351	rwr	BC
CDC42BPA	2.19111508604466e-05	4352	rwr	BC
CD79A	2.19031802568882e-05	4353	rwr	BC
MFSD8	2.18964055505397e-05	4354	rwr	BC
GLCCI1	2.18953516250831e-05	4355	rwr	BC
KLHL40	2.18950293496169e-05	4356	rwr	BC
AHCTF1	2.18938131089585e-05	4357	rwr	BC
ARHGAP17	2.18820957168515e-05	4358	rwr	BC
SPRY4	2.18792297018291e-05	4359	rwr	BC
GTF2H5	2.18697762847298e-05	4360	rwr	BC
IBTK	2.18653809593821e-05	4361	rwr	BC
STON2	2.18608687192121e-05	4362	rwr	BC
VSIG8	2.18585980101124e-05	4363	rwr	BC
SLC12A7	2.18451993683177e-05	4364	rwr	BC
TWF2	2.1844923129703e-05	4365	rwr	BC
ZW10	2.18390451088208e-05	4366	rwr	BC
MTMR7	2.18241436329791e-05	4367	rwr	BC
COX6C	2.18205217520395e-05	4368	rwr	BC
TPD52	2.18111498474105e-05	4369	rwr	BC
ZC3H12A	2.18061934170304e-05	4370	rwr	BC
PRPS2	2.17966308052525e-05	4371	rwr	BC
WRAP73	2.1795965385451e-05	4372	rwr	BC
GNA13	2.17897790896822e-05	4373	rwr	BC
SAMD1	2.17691473909665e-05	4374	rwr	BC
RALGDS	2.17487162802167e-05	4375	rwr	BC
H2AC11	2.17463879280606e-05	4376	rwr	BC
HK1	2.17315040432773e-05	4377	rwr	BC
CPLX3	2.17271845985185e-05	4378	rwr	BC
NDUFAF1	2.17215152717118e-05	4379	rwr	BC
PPP1R14A	2.16768014890266e-05	4380	rwr	BC
PKP3	2.16275881522862e-05	4381	rwr	BC
LACRT	2.16247921766698e-05	4382	rwr	BC
MYLK2	2.16225871530421e-05	4383	rwr	BC
MBLAC2	2.15369294948445e-05	4384	rwr	BC
SYNE1	2.15320645924538e-05	4385	rwr	BC
CLEC3A	2.15310368246599e-05	4386	rwr	BC
CLCC1	2.15308145528754e-05	4387	rwr	BC
CRMP1	2.15184144354718e-05	4388	rwr	BC
GNAZ	2.15113276470083e-05	4389	rwr	BC
ENTREP1	2.15088473438831e-05	4390	rwr	BC
TNFRSF10C	2.15062057228663e-05	4391	rwr	BC
PLAC1	2.14970320823153e-05	4392	rwr	BC
TBL1Y	2.14966593156321e-05	4393	rwr	BC
DMWD	2.14925417490087e-05	4394	rwr	BC
CKAP2	2.14871768420126e-05	4395	rwr	BC
ASB7	2.14702491311488e-05	4396	rwr	BC
UGDH	2.14688388269172e-05	4397	rwr	BC
FAM83G	2.14653592061582e-05	4398	rwr	BC
B4GALT7	2.14649005765165e-05	4399	rwr	BC
SYNJ2	2.14648793622579e-05	4400	rwr	BC
CREB5	2.14606520301049e-05	4401	rwr	BC
SLC22A16	2.14528796822252e-05	4402	rwr	BC
CIP2A	2.1433170462175e-05	4403	rwr	BC
IFIH1	2.14316264931384e-05	4404	rwr	BC
H3-7	2.14315299453685e-05	4405	rwr	BC
CYSLTR2	2.14123992168611e-05	4406	rwr	BC
DERL2	2.14070147447642e-05	4407	rwr	BC
CRYBG3	2.14029896359633e-05	4408	rwr	BC
ABCF2	2.13985809297887e-05	4409	rwr	BC
REPS1	2.1379458329637e-05	4410	rwr	BC
ZC3H13	2.13761190306533e-05	4411	rwr	BC
IFT74	2.13675538047759e-05	4412	rwr	BC
MRE11	2.13652922998064e-05	4413	rwr	BC
HEATR5B	2.1358938909306e-05	4414	rwr	BC
NPAT	2.13586230769205e-05	4415	rwr	BC
MRPL3	2.13474038193697e-05	4416	rwr	BC
ASIC3	2.13216306593105e-05	4417	rwr	BC
TBC1D1	2.13126723217898e-05	4418	rwr	BC
AFTPH	2.13043607365661e-05	4419	rwr	BC
SLC27A3	2.12884584046799e-05	4420	rwr	BC
MRPS16	2.12849013752721e-05	4421	rwr	BC
NRBP1	2.12596089976876e-05	4422	rwr	BC
SCN5A	2.12538711052389e-05	4423	rwr	BC
MYO9A	2.12518157121918e-05	4424	rwr	BC
COL1A2	2.12496357623183e-05	4425	rwr	BC
ATPAF1	2.12473906947742e-05	4426	rwr	BC
PPP1R3C	2.12303223843844e-05	4427	rwr	BC
SH3D19	2.12067620046589e-05	4428	rwr	BC
ARFGAP1	2.12015950714046e-05	4429	rwr	BC
INTS7	2.11885793433972e-05	4430	rwr	BC
KDM1B	2.11674514709952e-05	4431	rwr	BC
HERC1	2.11638730290251e-05	4432	rwr	BC
CRTC3	2.11626496446758e-05	4433	rwr	BC
ATG3	2.11496848322037e-05	4434	rwr	BC
NUDT19	2.11430559812988e-05	4435	rwr	BC
CPS1	2.1133980888836e-05	4436	rwr	BC
KNTC1	2.1124349997331e-05	4437	rwr	BC
RPP25	2.11228990139326e-05	4438	rwr	BC
TPM2	2.11175747722788e-05	4439	rwr	BC
STXBP1	2.11124362570218e-05	4440	rwr	BC
ADD2	2.10868752877578e-05	4441	rwr	BC
VAMP4	2.10858371073303e-05	4442	rwr	BC
ELMO2	2.10814044131426e-05	4443	rwr	BC
KIF1C	2.10783381158967e-05	4444	rwr	BC
KDM3B	2.10681190982029e-05	4445	rwr	BC
FUT8	2.10622610429122e-05	4446	rwr	BC
CHMP1A	2.10292448153457e-05	4447	rwr	BC
REEP6	2.10260599499088e-05	4448	rwr	BC
PNPLA2	2.10004354330119e-05	4449	rwr	BC
ACVR1B	2.10002287077979e-05	4450	rwr	BC
FOXJ1	2.09915477482476e-05	4451	rwr	BC
EIF2AK3	2.09834093778448e-05	4452	rwr	BC
PMAIP1	2.09784338858389e-05	4453	rwr	BC
NFKBIE	2.09756097676404e-05	4454	rwr	BC
TRAF3IP1	2.09751699059354e-05	4455	rwr	BC
HIPK3	2.09742721973641e-05	4456	rwr	BC
SIX1	2.09518138659772e-05	4457	rwr	BC
BLTP3B	2.09411828729153e-05	4458	rwr	BC
UNC119B	2.08938668255659e-05	4459	rwr	BC
SKA1	2.08896641618483e-05	4460	rwr	BC
RNF170	2.08884687279195e-05	4461	rwr	BC
EEF2K	2.0886131775602e-05	4462	rwr	BC
FKBP14	2.08804160503302e-05	4463	rwr	BC
ZNF576	2.08686706350062e-05	4464	rwr	BC
NXPH2	2.0866355274441e-05	4465	rwr	BC
KANK2	2.08610199796948e-05	4466	rwr	BC
CARD8	2.08415764564036e-05	4467	rwr	BC
VPS33A	2.08275833915883e-05	4468	rwr	BC
RBM22	2.08116687619013e-05	4469	rwr	BC
CD2	2.0798743511007e-05	4470	rwr	BC
TNFRSF10D	2.0793379397593e-05	4471	rwr	BC
ZNF764	2.07790701041676e-05	4472	rwr	BC
EGFL7	2.07789046829413e-05	4473	rwr	BC
SH3BP5L	2.0773915898452e-05	4474	rwr	BC
TLE2	2.07706806770465e-05	4475	rwr	BC
PDPR	2.07641257703975e-05	4476	rwr	BC
GEMIN8	2.07582122259683e-05	4477	rwr	BC
IQSEC1	2.07468498751724e-05	4478	rwr	BC
MAP1A	2.07317046897571e-05	4479	rwr	BC
RBM6	2.07274914548734e-05	4480	rwr	BC
P2RY12	2.07254512962112e-05	4481	rwr	BC
PCDHB11	2.07123003925169e-05	4482	rwr	BC
METTL21A	2.07051886537564e-05	4483	rwr	BC
COMMD7	2.07042343012699e-05	4484	rwr	BC
PPP1R18	2.06785890530868e-05	4485	rwr	BC
PATL1	2.06774491730592e-05	4486	rwr	BC
ADAM12	2.06681405867329e-05	4487	rwr	BC
ITGB3BP	2.06654676477171e-05	4488	rwr	BC
RAB3GAP2	2.06430919118227e-05	4489	rwr	BC
TSPYL1	2.06390809101827e-05	4490	rwr	BC
DNAJB8	2.06387053481267e-05	4491	rwr	BC
RELL1	2.06306341086944e-05	4492	rwr	BC
ERF	2.06202894310869e-05	4493	rwr	BC
LSM12	2.06096199994487e-05	4494	rwr	BC
ATP1B1	2.06020624383349e-05	4495	rwr	BC
ADAMTS4	2.0601990911494e-05	4496	rwr	BC
ARGLU1	2.05984098111841e-05	4497	rwr	BC
AREL1	2.05789712576844e-05	4498	rwr	BC
RPL36AL	2.05782069823691e-05	4499	rwr	BC
ARPC5L	2.05781492909416e-05	4500	rwr	BC
SMG6	2.05507006322691e-05	4501	rwr	BC
SIM2	2.05459010968791e-05	4502	rwr	BC
TTC9C	2.0537142795815e-05	4503	rwr	BC
STAU2	2.05119629970237e-05	4504	rwr	BC
OSBPL11	2.05080511149633e-05	4505	rwr	BC
PPP4R1	2.04978556331518e-05	4506	rwr	BC
SERPINA12	2.04926636225582e-05	4507	rwr	BC
DIP2B	2.04904517708549e-05	4508	rwr	BC
DDX10	2.04858699146166e-05	4509	rwr	BC
EXOSC6	2.04657056362961e-05	4510	rwr	BC
TRIO	2.04577769782923e-05	4511	rwr	BC
NSMAF	2.04531084601997e-05	4512	rwr	BC
PRKX	2.04413547684629e-05	4513	rwr	BC
NOP16	2.04232634734848e-05	4514	rwr	BC
NELL2	2.04196027435016e-05	4515	rwr	BC
CAMSAP3	2.04151368827959e-05	4516	rwr	BC
LAMTOR3	2.03960967301247e-05	4517	rwr	BC
UST	2.03909956847301e-05	4518	rwr	BC
GTF2A1	2.03863718765688e-05	4519	rwr	BC
CAMLG	2.03862543044243e-05	4520	rwr	BC
ZNF704	2.03766713778534e-05	4521	rwr	BC
ANKRD13D	2.03731354141829e-05	4522	rwr	BC
MTUS2	2.03721788216667e-05	4523	rwr	BC
LRRC46	2.03717864212794e-05	4524	rwr	BC
PRKAG2	2.03705819097508e-05	4525	rwr	BC
ERMP1	2.03636692910225e-05	4526	rwr	BC
SOX10	2.03603895923898e-05	4527	rwr	BC
RAB40C	2.03523352107125e-05	4528	rwr	BC
ACTR8	2.03514094550031e-05	4529	rwr	BC
INO80C	2.03514094550031e-05	4530	rwr	BC
KIF5C	2.03460459352006e-05	4531	rwr	BC
ATP1A2	2.0336971086034e-05	4532	rwr	BC
DFFA	2.03245210588468e-05	4533	rwr	BC
CDKN2B	2.03153690305678e-05	4534	rwr	BC
WDR75	2.03130013259626e-05	4535	rwr	BC
RARG	2.03118895700646e-05	4536	rwr	BC
USP32	2.03096327148803e-05	4537	rwr	BC
IGHA1	2.03091126852278e-05	4538	rwr	BC
POTEE	2.03055500140053e-05	4539	rwr	BC
TRIM35	2.03047988447456e-05	4540	rwr	BC
LAMB1	2.02942867132676e-05	4541	rwr	BC
UTP20	2.02799513667855e-05	4542	rwr	BC
KATNA1	2.0263377937438e-05	4543	rwr	BC
ACAT1	2.02514411593902e-05	4544	rwr	BC
TBKBP1	2.02335230962727e-05	4545	rwr	BC
FOXD4	2.02272530574468e-05	4546	rwr	BC
ZNF76	2.02256785737601e-05	4547	rwr	BC
GCM2	2.0216545222913e-05	4548	rwr	BC
ZNF707	2.02148981305462e-05	4549	rwr	BC
HYAL2	2.01770940468886e-05	4550	rwr	BC
SCGN	2.01722410941611e-05	4551	rwr	BC
SSX2	2.01665860808717e-05	4552	rwr	BC
SLC30A5	2.01431664506801e-05	4553	rwr	BC
PPP1R12C	2.01401632494184e-05	4554	rwr	BC
INF2	2.0134306463728e-05	4555	rwr	BC
GINS3	2.01222050586436e-05	4556	rwr	BC
COMMD9	2.011596182451e-05	4557	rwr	BC
WDR41	2.0111588309434e-05	4558	rwr	BC
TXLNB	2.01106075899583e-05	4559	rwr	BC
SRP19	2.00952814567796e-05	4560	rwr	BC
DYNLT2B	2.00932620054814e-05	4561	rwr	BC
CASQ2	2.00914615956702e-05	4562	rwr	BC
GPATCH8	2.00846487779033e-05	4563	rwr	BC
SUN1	2.00783286901392e-05	4564	rwr	BC
E2F2	2.00709220107251e-05	4565	rwr	BC
RAB5B	2.00565030512451e-05	4566	rwr	BC
DENND1A	2.00468009610724e-05	4567	rwr	BC
RARB	2.00339578533659e-05	4568	rwr	BC
THOC6	2.00192658071639e-05	4569	rwr	BC
CYCS	2.00085777981471e-05	4570	rwr	BC
UBE2V2	2.00053361462767e-05	4571	rwr	BC
PARVA	2.00041233474581e-05	4572	rwr	BC
TBC1D15	1.99920857903491e-05	4573	rwr	BC
WSB1	1.99873273357434e-05	4574	rwr	BC
CDYL	1.99851662976256e-05	4575	rwr	BC
INSIG1	1.99690838635087e-05	4576	rwr	BC
PTPN5	1.99566362089823e-05	4577	rwr	BC
KLC3	1.99541947228434e-05	4578	rwr	BC
DLK1	1.99514682925824e-05	4579	rwr	BC
GPRIN1	1.99352299840628e-05	4580	rwr	BC
MAPKAPK3	1.99210643029899e-05	4581	rwr	BC
DNAJB9	1.99107378788703e-05	4582	rwr	BC
CNOT6	1.99065714190385e-05	4583	rwr	BC
GPX7	1.9906519477412e-05	4584	rwr	BC
C6ORF118	1.99035345195974e-05	4585	rwr	BC
TMEM9B	1.98999056524342e-05	4586	rwr	BC
FARP2	1.98992343719428e-05	4587	rwr	BC
POMGNT1	1.98956126073282e-05	4588	rwr	BC
CFAP20	1.9895570049636e-05	4589	rwr	BC
IFT81	1.98939169210318e-05	4590	rwr	BC
BNIP1	1.98897824433909e-05	4591	rwr	BC
LUC7L3	1.98687924144834e-05	4592	rwr	BC
MLKL	1.98562507161573e-05	4593	rwr	BC
ITFG1	1.98502577840443e-05	4594	rwr	BC
VPS26B	1.98494321432845e-05	4595	rwr	BC
VSIG4	1.98449820766792e-05	4596	rwr	BC
AGO4	1.98385236628578e-05	4597	rwr	BC
ATP4A	1.98183223657834e-05	4598	rwr	BC
IRF9	1.98016896073892e-05	4599	rwr	BC
COMMD5	1.97705794075426e-05	4600	rwr	BC
SFXN5	1.97702142414996e-05	4601	rwr	BC
ZNF622	1.97683188992056e-05	4602	rwr	BC
RAP2C	1.97677582418914e-05	4603	rwr	BC
CDC123	1.97591718117591e-05	4604	rwr	BC
COG1	1.97507339693752e-05	4605	rwr	BC
GCC2	1.97432998394218e-05	4606	rwr	BC
TAF8	1.97399327670278e-05	4607	rwr	BC
NDUFS5	1.97348648633605e-05	4608	rwr	BC
ZNF169	1.97238065925646e-05	4609	rwr	BC
IRF2BPL	1.97088821808246e-05	4610	rwr	BC
PCDHB16	1.97027122876398e-05	4611	rwr	BC
CCDC12	1.96880046781333e-05	4612	rwr	BC
MICALL1	1.96735989816307e-05	4613	rwr	BC
TIAL1	1.96701898464572e-05	4614	rwr	BC
IFNAR2	1.9659728759965e-05	4615	rwr	BC
USE1	1.9658006917705e-05	4616	rwr	BC
NME3	1.9656399705082e-05	4617	rwr	BC
GOLGA7	1.96461578270942e-05	4618	rwr	BC
GDPD5	1.9641448188959e-05	4619	rwr	BC
NAF1	1.96193381793016e-05	4620	rwr	BC
SYT16	1.96119975530786e-05	4621	rwr	BC
ZNF669	1.96046849491607e-05	4622	rwr	BC
VPS37C	1.95897159927677e-05	4623	rwr	BC
PLEKHS1	1.95872320004564e-05	4624	rwr	BC
EMC8	1.95843862105998e-05	4625	rwr	BC
LRRTM1	1.95839716381256e-05	4626	rwr	BC
KCTD3	1.95505606957902e-05	4627	rwr	BC
FARSB	1.95496329619931e-05	4628	rwr	BC
BCL2L14	1.9542711573207e-05	4629	rwr	BC
MRPL19	1.95412573142445e-05	4630	rwr	BC
SALL2	1.95360953019695e-05	4631	rwr	BC
CANT1	1.95248805845621e-05	4632	rwr	BC
ATF7IP	1.94753960247386e-05	4633	rwr	BC
NEMP1	1.94743651555584e-05	4634	rwr	BC
ITGA1	1.94628928425044e-05	4635	rwr	BC
CTDSP1	1.94618158148198e-05	4636	rwr	BC
LIN52	1.94524928829897e-05	4637	rwr	BC
LAMTOR2	1.94456842188056e-05	4638	rwr	BC
ODF2	1.94453068807246e-05	4639	rwr	BC
ITGA6	1.9439472577989e-05	4640	rwr	BC
FIS1	1.94345445224938e-05	4641	rwr	BC
WASF3	1.94262567868916e-05	4642	rwr	BC
SMCR8	1.94183006063837e-05	4643	rwr	BC
POTEB3	1.94055152586464e-05	4644	rwr	BC
C1QL1	1.93948115885473e-05	4645	rwr	BC
HSP90AB2P	1.93927636841283e-05	4646	rwr	BC
DYNC2I2	1.93839568306255e-05	4647	rwr	BC
PASK	1.93658229884825e-05	4648	rwr	BC
NAA50	1.93654708248291e-05	4649	rwr	BC
ARL2	1.93642719275997e-05	4650	rwr	BC
FAM8A1	1.93633440596698e-05	4651	rwr	BC
IFT43	1.93507003314616e-05	4652	rwr	BC
USPL1	1.93446049686461e-05	4653	rwr	BC
NR2F1	1.93356871640939e-05	4654	rwr	BC
TAF2	1.93347231871745e-05	4655	rwr	BC
SSBP3	1.93290130060362e-05	4656	rwr	BC
RAC2	1.93231239324346e-05	4657	rwr	BC
ARHGEF11	1.9306424988287e-05	4658	rwr	BC
LRRC4C	1.92846056455769e-05	4659	rwr	BC
TANC2	1.92774927136672e-05	4660	rwr	BC
CNDP2	1.9275646372664e-05	4661	rwr	BC
ZNF581	1.92382087148645e-05	4662	rwr	BC
HAUS3	1.92208778248609e-05	4663	rwr	BC
ALAS1	1.92107258077185e-05	4664	rwr	BC
SRCIN1	1.92035906616408e-05	4665	rwr	BC
CST4	1.91952268823117e-05	4666	rwr	BC
UBA5	1.91694756528345e-05	4667	rwr	BC
RERE	1.91691280516567e-05	4668	rwr	BC
ACTR6	1.91619786362958e-05	4669	rwr	BC
MAP2	1.91594981225406e-05	4670	rwr	BC
CSNK1G2	1.91483514622382e-05	4671	rwr	BC
POLRMT	1.91463001381608e-05	4672	rwr	BC
ARL4D	1.91424123113832e-05	4673	rwr	BC
INSYN2A	1.91308031274067e-05	4674	rwr	BC
POLE4	1.91252350912971e-05	4675	rwr	BC
AP3S1	1.91139319861796e-05	4676	rwr	BC
IFT70B	1.91133911222059e-05	4677	rwr	BC
STAMBPL1	1.9109967614944e-05	4678	rwr	BC
NDUFB7	1.9108648382027e-05	4679	rwr	BC
COG3	1.91063545902992e-05	4680	rwr	BC
DYNC2I1	1.90996029959779e-05	4681	rwr	BC
CHMP2A	1.9094693656707e-05	4682	rwr	BC
GNAQ	1.90855505155002e-05	4683	rwr	BC
SRSF8	1.90616207755651e-05	4684	rwr	BC
CFAP298	1.90576031841755e-05	4685	rwr	BC
DPYSL3	1.90506602179318e-05	4686	rwr	BC
RHOG	1.90480962761181e-05	4687	rwr	BC
SLC25A22	1.90435649329271e-05	4688	rwr	BC
ASPSCR1	1.90431692801796e-05	4689	rwr	BC
CHML	1.90226380351939e-05	4690	rwr	BC
ZCCHC3	1.90067947256207e-05	4691	rwr	BC
CDC42BPB	1.90012179255161e-05	4692	rwr	BC
IRF2BP2	1.89986946441726e-05	4693	rwr	BC
NGRN	1.89942556204492e-05	4694	rwr	BC
PDHX	1.89909563373878e-05	4695	rwr	BC
WDR24	1.89881641675396e-05	4696	rwr	BC
ZNF106	1.89719242191051e-05	4697	rwr	BC
UBXN2A	1.89684922188772e-05	4698	rwr	BC
SESN2	1.89669822971273e-05	4699	rwr	BC
MKS1	1.89617718741439e-05	4700	rwr	BC
MAD2L1BP	1.89616915529594e-05	4701	rwr	BC
FBXL12	1.89579488656704e-05	4702	rwr	BC
TRAK2	1.89543632133495e-05	4703	rwr	BC
KIF22	1.89516597799164e-05	4704	rwr	BC
NEB	1.89502583074335e-05	4705	rwr	BC
UBE2R2	1.89479151215507e-05	4706	rwr	BC
ASB9	1.89403494500049e-05	4707	rwr	BC
PCDH12	1.89226687768035e-05	4708	rwr	BC
KANK1	1.89188666726028e-05	4709	rwr	BC
CD1E	1.89021782845405e-05	4710	rwr	BC
FBXO34	1.8888420109019e-05	4711	rwr	BC
FLYWCH2	1.88865426211881e-05	4712	rwr	BC
DPYSL5	1.88722268510047e-05	4713	rwr	BC
LRRC8B	1.88653981384006e-05	4714	rwr	BC
ATG10	1.8817963144353e-05	4715	rwr	BC
TRMT1L	1.88094547664337e-05	4716	rwr	BC
MTPAP	1.87962445188218e-05	4717	rwr	BC
GPR35	1.8795602303761e-05	4718	rwr	BC
HEATR1	1.87868771929439e-05	4719	rwr	BC
APLP2	1.87865500652105e-05	4720	rwr	BC
UBTD1	1.87654584220063e-05	4721	rwr	BC
BRPF1	1.87503081523712e-05	4722	rwr	BC
SCAF1	1.87462897071015e-05	4723	rwr	BC
FGF3	1.87406418960056e-05	4724	rwr	BC
MOCOS	1.87320630749179e-05	4725	rwr	BC
CD74	1.87218483096085e-05	4726	rwr	BC
TWIST2	1.87202982276164e-05	4727	rwr	BC
TRMT2A	1.87107272114456e-05	4728	rwr	BC
SMARCAL1	1.87071271362738e-05	4729	rwr	BC
SLTM	1.86934216221976e-05	4730	rwr	BC
KLHL4	1.86907893392382e-05	4731	rwr	BC
DHX37	1.86835510472056e-05	4732	rwr	BC
FRMPD4	1.86740521786946e-05	4733	rwr	BC
TCEANC2	1.86714974146932e-05	4734	rwr	BC
WDR18	1.86619359488254e-05	4735	rwr	BC
VPS11	1.86585821699995e-05	4736	rwr	BC
LRRFIP1	1.86547377902683e-05	4737	rwr	BC
PCSK9	1.864258034957e-05	4738	rwr	BC
DENND4A	1.86258808187915e-05	4739	rwr	BC
NUCB2	1.86225844668773e-05	4740	rwr	BC
CFL2	1.86175469781495e-05	4741	rwr	BC
VPS4A	1.86172656293648e-05	4742	rwr	BC
FES	1.86089451759532e-05	4743	rwr	BC
TRIB2	1.85973353390208e-05	4744	rwr	BC
NRF1	1.85895422914115e-05	4745	rwr	BC
EMC7	1.85722648939381e-05	4746	rwr	BC
MRPL45	1.85685277081951e-05	4747	rwr	BC
SLAMF1	1.85459096420169e-05	4748	rwr	BC
CNTNAP1	1.85304438673208e-05	4749	rwr	BC
RANBP1	1.85233523639254e-05	4750	rwr	BC
PCDH10	1.85159183648218e-05	4751	rwr	BC
PRKACG	1.85144668135264e-05	4752	rwr	BC
MRPL51	1.84993165299158e-05	4753	rwr	BC
ELAC2	1.84987154200236e-05	4754	rwr	BC
PI4KB	1.84971871474261e-05	4755	rwr	BC
YARS2	1.84959025365338e-05	4756	rwr	BC
ZNF460	1.84894263679643e-05	4757	rwr	BC
MALSU1	1.84820250181862e-05	4758	rwr	BC
GOSR1	1.84582357160459e-05	4759	rwr	BC
CPA5	1.84482301710868e-05	4760	rwr	BC
GPHN	1.84346028415079e-05	4761	rwr	BC
CFAP161	1.84248462422124e-05	4762	rwr	BC
CEP95	1.8413901336394e-05	4763	rwr	BC
KLHL29	1.84077718476395e-05	4764	rwr	BC
FARP1	1.83879633655675e-05	4765	rwr	BC
PPP3CB	1.83848801087092e-05	4766	rwr	BC
F11R	1.83800942151845e-05	4767	rwr	BC
KCTD9	1.8355212554502e-05	4768	rwr	BC
DMTN	1.83542734835233e-05	4769	rwr	BC
ACTL6B	1.83407778719323e-05	4770	rwr	BC
ODF1	1.83336154288265e-05	4771	rwr	BC
EP400P1	1.83323098600488e-05	4772	rwr	BC
NR5A1	1.83319140069907e-05	4773	rwr	BC
CRTC1	1.8326824459453e-05	4774	rwr	BC
PKD1	1.83215753729459e-05	4775	rwr	BC
BTNL8	1.83120912058448e-05	4776	rwr	BC
PPP1R11	1.83096613244533e-05	4777	rwr	BC
KIAA0232	1.82939726968124e-05	4778	rwr	BC
PNO1	1.82866156777612e-05	4779	rwr	BC
RAP2A	1.82752952852894e-05	4780	rwr	BC
VPS16	1.82734729144075e-05	4781	rwr	BC
IER2	1.82465880594853e-05	4782	rwr	BC
LARGE2	1.82314278854876e-05	4783	rwr	BC
MCOLN3	1.82290065354063e-05	4784	rwr	BC
RGPD5	1.81945189494196e-05	4785	rwr	BC
BIK	1.81917352576512e-05	4786	rwr	BC
TMEM186	1.81823193520361e-05	4787	rwr	BC
RBFA	1.8180233101721e-05	4788	rwr	BC
DDX51	1.81798099617344e-05	4789	rwr	BC
GTF2H2C	1.8176242545081e-05	4790	rwr	BC
PPP2R3B	1.81744757031035e-05	4791	rwr	BC
NMT2	1.81726338935413e-05	4792	rwr	BC
CHM	1.81578772783682e-05	4793	rwr	BC
SLCO1C1	1.81511881155643e-05	4794	rwr	BC
EGLN2	1.81371503484378e-05	4795	rwr	BC
CCNL1	1.81360728599021e-05	4796	rwr	BC
CCDC86	1.81360304259207e-05	4797	rwr	BC
ERAL1	1.8135082044627e-05	4798	rwr	BC
ZBTB42	1.81202692296755e-05	4799	rwr	BC
SFMBT1	1.81201798821981e-05	4800	rwr	BC
ZNF131	1.81168231009634e-05	4801	rwr	BC
SNAP25	1.81098665614166e-05	4802	rwr	BC
ZNF423	1.81096915646918e-05	4803	rwr	BC
LRRC14	1.80925727985517e-05	4804	rwr	BC
CENPH	1.808232062227e-05	4805	rwr	BC
GSTCD	1.80812435452017e-05	4806	rwr	BC
NUAK2	1.80807962121504e-05	4807	rwr	BC
SERPINB3	1.80772877144125e-05	4808	rwr	BC
DOCK8	1.80762961469691e-05	4809	rwr	BC
CELSR1	1.80688828080752e-05	4810	rwr	BC
NSD1	1.80558886900242e-05	4811	rwr	BC
C1ORF198	1.8055096462241e-05	4812	rwr	BC
TESK2	1.80545189028359e-05	4813	rwr	BC
CCDC92	1.80098771358192e-05	4814	rwr	BC
CPNE5	1.79894945303912e-05	4815	rwr	BC
PIGM	1.79894304666241e-05	4816	rwr	BC
PLEKHG6	1.79765961845796e-05	4817	rwr	BC
GADD45B	1.79614525397209e-05	4818	rwr	BC
MYLIP	1.79232848262058e-05	4819	rwr	BC
COL1A1	1.79115268016547e-05	4820	rwr	BC
NDUFA6	1.79099105044549e-05	4821	rwr	BC
SLAIN2	1.79093445212375e-05	4822	rwr	BC
CEP89	1.79004061966817e-05	4823	rwr	BC
TBL2	1.78998364597705e-05	4824	rwr	BC
CNOT10	1.78957512975935e-05	4825	rwr	BC
SIX2	1.78807954635504e-05	4826	rwr	BC
RNF220	1.78750877527907e-05	4827	rwr	BC
BHLHA15	1.78653655395504e-05	4828	rwr	BC
SNX18	1.78652676060333e-05	4829	rwr	BC
MICAL3	1.78651498733272e-05	4830	rwr	BC
TRIM38	1.78566810849187e-05	4831	rwr	BC
TMEM11	1.78492024608222e-05	4832	rwr	BC
ATP5PB	1.78387035916616e-05	4833	rwr	BC
B4GALT3	1.78383422686409e-05	4834	rwr	BC
KIR3DS1	1.78108833070939e-05	4835	rwr	BC
GDF5	1.78104020963738e-05	4836	rwr	BC
TBRG4	1.78102360498985e-05	4837	rwr	BC
KBTBD8	1.78033044489133e-05	4838	rwr	BC
PWP1	1.77996074513407e-05	4839	rwr	BC
ZNF550	1.77888933300863e-05	4840	rwr	BC
PELI2	1.77884849409474e-05	4841	rwr	BC
ASB2	1.77883988104631e-05	4842	rwr	BC
MYLK4	1.77812768254005e-05	4843	rwr	BC
APPL2	1.77744760762369e-05	4844	rwr	BC
GTPBP2	1.77732950777329e-05	4845	rwr	BC
NHLRC1	1.77725932200803e-05	4846	rwr	BC
DOK4	1.77618199363024e-05	4847	rwr	BC
CYB5B	1.77550549724531e-05	4848	rwr	BC
PANX1	1.77502473410926e-05	4849	rwr	BC
MAP3K12	1.77297476917759e-05	4850	rwr	BC
DEFA6	1.77236207253646e-05	4851	rwr	BC
GPRASP2	1.77157719934846e-05	4852	rwr	BC
PYGL	1.77079769167616e-05	4853	rwr	BC
PODXL2	1.76990461526127e-05	4854	rwr	BC
SUGP1	1.76948244847909e-05	4855	rwr	BC
BBS4	1.76909907939139e-05	4856	rwr	BC
NPRL2	1.76878941795845e-05	4857	rwr	BC
RAB3A	1.76874266124064e-05	4858	rwr	BC
SPZ1	1.76859425290176e-05	4859	rwr	BC
SOD2	1.76824601912384e-05	4860	rwr	BC
INSL6	1.76740575999643e-05	4861	rwr	BC
C1QTNF2	1.76698521094825e-05	4862	rwr	BC
DNAAF5	1.76424823656378e-05	4863	rwr	BC
MTCL1	1.76334090059251e-05	4864	rwr	BC
BTG2	1.75890226246519e-05	4865	rwr	BC
NFATC2IP	1.75869084734446e-05	4866	rwr	BC
EML3	1.75737302722836e-05	4867	rwr	BC
TTYH2	1.75594722409421e-05	4868	rwr	BC
P4HA2	1.75580829053794e-05	4869	rwr	BC
EOGT	1.75579158915076e-05	4870	rwr	BC
ENC1	1.75565545684412e-05	4871	rwr	BC
CNN3	1.75552601210479e-05	4872	rwr	BC
MRPL17	1.75537298332591e-05	4873	rwr	BC
PTCH1	1.7551198532948e-05	4874	rwr	BC
PAM	1.75438969739681e-05	4875	rwr	BC
TRIM68	1.75423299287286e-05	4876	rwr	BC
RRP15	1.75204702182516e-05	4877	rwr	BC
TMEM160	1.75139953592042e-05	4878	rwr	BC
RRAD	1.75128249648509e-05	4879	rwr	BC
CLUAP1	1.75113071798954e-05	4880	rwr	BC
S100P	1.75088921597878e-05	4881	rwr	BC
TMBIM6	1.75083396589835e-05	4882	rwr	BC
QPRT	1.75073729923975e-05	4883	rwr	BC
FECH	1.74971885439413e-05	4884	rwr	BC
SLC2A4	1.74853155291015e-05	4885	rwr	BC
PPIH	1.74801798658779e-05	4886	rwr	BC
GNG2	1.74787399629423e-05	4887	rwr	BC
RDH12	1.74631507117772e-05	4888	rwr	BC
FAM114A2	1.744826718242e-05	4889	rwr	BC
ZNF689	1.74448726830631e-05	4890	rwr	BC
SLC15A5	1.74439653151212e-05	4891	rwr	BC
DEPDC5	1.74322298577483e-05	4892	rwr	BC
TMEM108	1.74119504235193e-05	4893	rwr	BC
PRMT9	1.74117427304035e-05	4894	rwr	BC
SLC4A1AP	1.74092294307586e-05	4895	rwr	BC
FMNL1	1.74039990207979e-05	4896	rwr	BC
FMN2	1.74012231702985e-05	4897	rwr	BC
CCNT2	1.73824082242441e-05	4898	rwr	BC
SFTPC	1.73784136234014e-05	4899	rwr	BC
CMSS1	1.73563790040315e-05	4900	rwr	BC
LSM7	1.73476484066435e-05	4901	rwr	BC
STX19	1.73394966692154e-05	4902	rwr	BC
GJB7	1.73386527412821e-05	4903	rwr	BC
TTC19	1.73327793519043e-05	4904	rwr	BC
DCAF4L2	1.73228901093738e-05	4905	rwr	BC
FAM91A1	1.73221616522859e-05	4906	rwr	BC
MAGEC2	1.7316418139142e-05	4907	rwr	BC
TRAPPC3	1.73156111287071e-05	4908	rwr	BC
MPHOSPH6	1.72833428256975e-05	4909	rwr	BC
EPHB6	1.72828666684222e-05	4910	rwr	BC
WDR12	1.72824940359681e-05	4911	rwr	BC
CEP72	1.7272475948767e-05	4912	rwr	BC
INO80D	1.72664407919781e-05	4913	rwr	BC
RAB3IP	1.72612506082048e-05	4914	rwr	BC
CCDC137	1.72604845611637e-05	4915	rwr	BC
HTRA4	1.72541740363641e-05	4916	rwr	BC
ATG12	1.72490487425927e-05	4917	rwr	BC
SCAP	1.72417508726581e-05	4918	rwr	BC
CRTAP	1.72415700693125e-05	4919	rwr	BC
SLIRP	1.72385546654762e-05	4920	rwr	BC
RRAGB	1.7233165492849e-05	4921	rwr	BC
GINS2	1.72321371019198e-05	4922	rwr	BC
FSD1	1.72134025162833e-05	4923	rwr	BC
HMOX1	1.72086804745508e-05	4924	rwr	BC
NCSTN	1.71787826101315e-05	4925	rwr	BC
TCF25	1.71764273188936e-05	4926	rwr	BC
PFKM	1.71747302757532e-05	4927	rwr	BC
ZNF746	1.71643284429954e-05	4928	rwr	BC
HAUS8	1.70897804773866e-05	4929	rwr	BC
SCML1	1.70705005634197e-05	4930	rwr	BC
SERINC1	1.70575226083635e-05	4931	rwr	BC
HTR3C	1.70449313195162e-05	4932	rwr	BC
TIMM8A	1.70415743745333e-05	4933	rwr	BC
PLPPR2	1.70409319257424e-05	4934	rwr	BC
EIF2B4	1.7032655960191e-05	4935	rwr	BC
MYO10	1.70240685310375e-05	4936	rwr	BC
ENDOD1	1.7022929453447e-05	4937	rwr	BC
PRAM1	1.70210674211e-05	4938	rwr	BC
CHRND	1.70181317527715e-05	4939	rwr	BC
AGFG1	1.69967521818058e-05	4940	rwr	BC
IGLL5	1.69900917051945e-05	4941	rwr	BC
NDE1	1.69844674573288e-05	4942	rwr	BC
MAPK15	1.69826000666525e-05	4943	rwr	BC
IFI30	1.69802978723952e-05	4944	rwr	BC
C3ORF62	1.69590405974671e-05	4945	rwr	BC
MYO5B	1.69537076499344e-05	4946	rwr	BC
KLF10	1.69423278654631e-05	4947	rwr	BC
S100A11	1.69371918211068e-05	4948	rwr	BC
FUNDC1	1.69349751261163e-05	4949	rwr	BC
RSPO1	1.69296383813359e-05	4950	rwr	BC
PLCH1	1.69183233605136e-05	4951	rwr	BC
YY1AP1	1.69165002993655e-05	4952	rwr	BC
NECAP2	1.69115921850835e-05	4953	rwr	BC
ASS1	1.69042164755575e-05	4954	rwr	BC
CRTC2	1.69017924372466e-05	4955	rwr	BC
TPH1	1.68967327087437e-05	4956	rwr	BC
TMEM168	1.68890814005732e-05	4957	rwr	BC
NAPG	1.6887125157359e-05	4958	rwr	BC
DTX3L	1.68787621230649e-05	4959	rwr	BC
NPB	1.68662866887341e-05	4960	rwr	BC
MCM3AP	1.68653245059695e-05	4961	rwr	BC
TBCB	1.68583965871792e-05	4962	rwr	BC
CXADR	1.68340293377144e-05	4963	rwr	BC
PLAA	1.68281972069138e-05	4964	rwr	BC
PPFIA3	1.68240832727583e-05	4965	rwr	BC
RRAGD	1.68203998303107e-05	4966	rwr	BC
FAM120C	1.6818837690527e-05	4967	rwr	BC
NOP9	1.68077938842374e-05	4968	rwr	BC
SLC12A9	1.67903034023762e-05	4969	rwr	BC
KIAA1143	1.67821509730894e-05	4970	rwr	BC
DEUP1	1.67731494313783e-05	4971	rwr	BC
NELFCD	1.67577833110847e-05	4972	rwr	BC
TRHDE	1.67506117210605e-05	4973	rwr	BC
ZNF516	1.67405970794659e-05	4974	rwr	BC
MRAS	1.67404501508864e-05	4975	rwr	BC
MAN1A2	1.67363493464489e-05	4976	rwr	BC
MRRF	1.67116656722276e-05	4977	rwr	BC
LIMS1	1.67072746537826e-05	4978	rwr	BC
CAMK1	1.6692392544545e-05	4979	rwr	BC
SNX4	1.66893252920192e-05	4980	rwr	BC
ANXA6	1.66862077495137e-05	4981	rwr	BC
DEPDC1B	1.66857303961633e-05	4982	rwr	BC
LONP2	1.66771306248229e-05	4983	rwr	BC
SLC67A1	1.66488261632015e-05	4984	rwr	BC
FBXO10	1.66481862187852e-05	4985	rwr	BC
SPRYD3	1.66481404766859e-05	4986	rwr	BC
RAB3B	1.66465050445679e-05	4987	rwr	BC
NR1I3	1.66056056696523e-05	4988	rwr	BC
COL6A1	1.66038850716761e-05	4989	rwr	BC
IDH2	1.66007411367221e-05	4990	rwr	BC
PPP4R3A	1.65860448054842e-05	4991	rwr	BC
TNRC18	1.65784498964753e-05	4992	rwr	BC
HLA-E	1.65714543269986e-05	4993	rwr	BC
ZFPL1	1.65706458057273e-05	4994	rwr	BC
POLR3GL	1.65658456825004e-05	4995	rwr	BC
DMRTB1	1.65617730931897e-05	4996	rwr	BC
COX6B1	1.65497093054112e-05	4997	rwr	BC
AURKC	1.65215243160748e-05	4998	rwr	BC
CDKL4	1.65195265822015e-05	4999	rwr	BC
F9	1.65166442207422e-05	5000	rwr	BC
GGPS1	1.6516156064964e-05	5001	rwr	BC
POLG	1.65138700252766e-05	5002	rwr	BC
GOT1	1.65132440176141e-05	5003	rwr	BC
UBE3B	1.65129511728498e-05	5004	rwr	BC
EIF2AK1	1.65008116383405e-05	5005	rwr	BC
PIR	1.64973507827903e-05	5006	rwr	BC
STK36	1.64932936563355e-05	5007	rwr	BC
PNPLA5	1.64919611706068e-05	5008	rwr	BC
SHANK2	1.64844482059885e-05	5009	rwr	BC
RABGAP1	1.64710632285355e-05	5010	rwr	BC
CRYL1	1.64691775452097e-05	5011	rwr	BC
RAP1B	1.6460161111712e-05	5012	rwr	BC
ZNF446	1.64479605420585e-05	5013	rwr	BC
PSMB10	1.64329053300594e-05	5014	rwr	BC
DCX	1.64195539269214e-05	5015	rwr	BC
PEX13	1.64176501911199e-05	5016	rwr	BC
TTC31	1.64160195593758e-05	5017	rwr	BC
NOB1	1.6411638444185e-05	5018	rwr	BC
ASPHD2	1.64069696869867e-05	5019	rwr	BC
IGHG1	1.63949407504198e-05	5020	rwr	BC
DPPA4	1.63898981684278e-05	5021	rwr	BC
NEUROD1	1.63897432439852e-05	5022	rwr	BC
LAMTOR4	1.6387844816467e-05	5023	rwr	BC
SYNC	1.63863595359377e-05	5024	rwr	BC
APBA1	1.6376701217617e-05	5025	rwr	BC
SH3GLB1	1.63695648421733e-05	5026	rwr	BC
MRPS18A	1.63685306297138e-05	5027	rwr	BC
LGMN	1.63616234994165e-05	5028	rwr	BC
INTS12	1.63506620276729e-05	5029	rwr	BC
NBEA	1.6345939277542e-05	5030	rwr	BC
PIM2	1.63401096196494e-05	5031	rwr	BC
NGLY1	1.633590626364e-05	5032	rwr	BC
KLHDC8A	1.63304902485179e-05	5033	rwr	BC
WSB2	1.63292938237228e-05	5034	rwr	BC
SNTG2	1.63292843697018e-05	5035	rwr	BC
RRM2B	1.63269579020055e-05	5036	rwr	BC
STOM	1.63267298649698e-05	5037	rwr	BC
EIPR1	1.63107369087374e-05	5038	rwr	BC
HSD17B11	1.62863320065908e-05	5039	rwr	BC
SLC35A5	1.62747399385089e-05	5040	rwr	BC
CRYAA	1.62478511619143e-05	5041	rwr	BC
ITGB4	1.62470858528058e-05	5042	rwr	BC
ITGA8	1.62380049067728e-05	5043	rwr	BC
FASTKD5	1.62188964395559e-05	5044	rwr	BC
C17ORF75	1.62182394587822e-05	5045	rwr	BC
NKTR	1.62170173509821e-05	5046	rwr	BC
NHSL2	1.62076072486681e-05	5047	rwr	BC
CEP170B	1.62075099383218e-05	5048	rwr	BC
UTP18	1.62005916260807e-05	5049	rwr	BC
LRRC1	1.61916571661848e-05	5050	rwr	BC
INSL3	1.61881010352728e-05	5051	rwr	BC
SLU7	1.6184427808982e-05	5052	rwr	BC
TRIM54	1.61591729976867e-05	5053	rwr	BC
FDFT1	1.61537041987464e-05	5054	rwr	BC
PRCC	1.61440596652094e-05	5055	rwr	BC
SFXN3	1.61397787793216e-05	5056	rwr	BC
LSS	1.61275807949119e-05	5057	rwr	BC
ANKMY2	1.61071604726751e-05	5058	rwr	BC
GNPAT	1.61008681208073e-05	5059	rwr	BC
UTP4	1.60939825345724e-05	5060	rwr	BC
YBX2	1.60878340083964e-05	5061	rwr	BC
ISL1	1.60786261094227e-05	5062	rwr	BC
PDZK1	1.60545754585061e-05	5063	rwr	BC
DRAP1	1.60544225968693e-05	5064	rwr	BC
SNTA1	1.60501326657108e-05	5065	rwr	BC
TBCA	1.60367892755883e-05	5066	rwr	BC
ANKRD27	1.6025366261379e-05	5067	rwr	BC
CLASRP	1.60198293612361e-05	5068	rwr	BC
VPS8	1.60175953022492e-05	5069	rwr	BC
VPS36	1.60146102877112e-05	5070	rwr	BC
PRP4K	1.60056006872932e-05	5071	rwr	BC
GCH1	1.60023329865429e-05	5072	rwr	BC
PCSK5	1.60014110350522e-05	5073	rwr	BC
ZNHIT6	1.59908073868062e-05	5074	rwr	BC
NR3C2	1.5989779231593e-05	5075	rwr	BC
MRPL47	1.59849562914574e-05	5076	rwr	BC
BORCS6	1.59830181970751e-05	5077	rwr	BC
LYG2	1.5961001977654e-05	5078	rwr	BC
NEK8	1.59532600486113e-05	5079	rwr	BC
LYRM4	1.59453800841865e-05	5080	rwr	BC
PYGB	1.59427735046833e-05	5081	rwr	BC
ZNF71	1.59404671413313e-05	5082	rwr	BC
CCNB1IP1	1.59372357088457e-05	5083	rwr	BC
CNTN2	1.59309546056575e-05	5084	rwr	BC
MIER1	1.59235589212961e-05	5085	rwr	BC
CERS6	1.59109114697629e-05	5086	rwr	BC
GAP43	1.58986858558619e-05	5087	rwr	BC
TCEAL2	1.58933666736697e-05	5088	rwr	BC
TAP2	1.5889634781064e-05	5089	rwr	BC
TXNRD1	1.58886712375895e-05	5090	rwr	BC
MRPS18C	1.58834087663785e-05	5091	rwr	BC
ATG4B	1.58678496719164e-05	5092	rwr	BC
CFB	1.58674279071235e-05	5093	rwr	BC
ASGR2	1.58647347459409e-05	5094	rwr	BC
MTF2	1.58562930217876e-05	5095	rwr	BC
SKA2	1.58502124399799e-05	5096	rwr	BC
MFSD5	1.58439588465208e-05	5097	rwr	BC
TBR1	1.58327532251801e-05	5098	rwr	BC
UBAC2	1.58093259352647e-05	5099	rwr	BC
ZBTB38	1.58065707963597e-05	5100	rwr	BC
WDR5B	1.58065514254231e-05	5101	rwr	BC
FBRSL1	1.57903513593302e-05	5102	rwr	BC
TMEM87A	1.57837291359197e-05	5103	rwr	BC
MEF2C	1.57796966429757e-05	5104	rwr	BC
DUSP19	1.57765308840089e-05	5105	rwr	BC
SLC26A2	1.57756938691764e-05	5106	rwr	BC
VNN2	1.57698347195207e-05	5107	rwr	BC
STK11IP	1.57662729886262e-05	5108	rwr	BC
OMA1	1.57656096507682e-05	5109	rwr	BC
CACNA1C	1.57581013708514e-05	5110	rwr	BC
ZNF592	1.57558179948523e-05	5111	rwr	BC
RAB18	1.57491247984853e-05	5112	rwr	BC
HRNR	1.5738757086014e-05	5113	rwr	BC
NAP1L5	1.57384256620004e-05	5114	rwr	BC
RUBCN	1.57362777888788e-05	5115	rwr	BC
PAXBP1	1.5725983060406e-05	5116	rwr	BC
CD7	1.57142524957697e-05	5117	rwr	BC
ZNF207	1.5709732662262e-05	5118	rwr	BC
SARAF	1.57092109854139e-05	5119	rwr	BC
RBM5	1.57051925967299e-05	5120	rwr	BC
ZFP36L2	1.57001121632755e-05	5121	rwr	BC
TTC28	1.5697113214424e-05	5122	rwr	BC
FBXO25	1.56953577591538e-05	5123	rwr	BC
PLXNB1	1.56906775107607e-05	5124	rwr	BC
OLFM2	1.56790959895772e-05	5125	rwr	BC
CORO1B	1.56702886599437e-05	5126	rwr	BC
MCU	1.56617610809657e-05	5127	rwr	BC
TAP1	1.56605494922768e-05	5128	rwr	BC
EMB	1.5644319345508e-05	5129	rwr	BC
DUSP6	1.56399052724039e-05	5130	rwr	BC
TPRN	1.56319567946419e-05	5131	rwr	BC
ARSA	1.56282458696046e-05	5132	rwr	BC
ZNF397	1.56200345829966e-05	5133	rwr	BC
DHRS2	1.56081960239498e-05	5134	rwr	BC
TGM1	1.56068536007515e-05	5135	rwr	BC
IL1R2	1.56057142262635e-05	5136	rwr	BC
NIP7	1.55837703374288e-05	5137	rwr	BC
PSAT1	1.55829580208063e-05	5138	rwr	BC
TUT1	1.55683945244492e-05	5139	rwr	BC
SRP54	1.55603113825818e-05	5140	rwr	BC
IGFBP3	1.55368731602802e-05	5141	rwr	BC
PPFIA2	1.553019594726e-05	5142	rwr	BC
CCDC102B	1.55279711468799e-05	5143	rwr	BC
DOCK11	1.55264002263525e-05	5144	rwr	BC
RALGPS2	1.55251498416868e-05	5145	rwr	BC
CCM2	1.55181552690607e-05	5146	rwr	BC
TRMT6	1.55158959960762e-05	5147	rwr	BC
ZNF277	1.55055779496266e-05	5148	rwr	BC
MKNK2	1.5503241382023e-05	5149	rwr	BC
KLHL36	1.55013884707344e-05	5150	rwr	BC
UGGT1	1.54939988409668e-05	5151	rwr	BC
MTMR14	1.54937946927533e-05	5152	rwr	BC
FBXL16	1.54929681220612e-05	5153	rwr	BC
PGK2	1.54908474156162e-05	5154	rwr	BC
ASPA	1.54836594408711e-05	5155	rwr	BC
AP3M1	1.5474521624103e-05	5156	rwr	BC
ZKSCAN4	1.54658029872919e-05	5157	rwr	BC
TMOD2	1.54541593314157e-05	5158	rwr	BC
CTSD	1.54346267736053e-05	5159	rwr	BC
LSM1	1.54331499093346e-05	5160	rwr	BC
PI4K2A	1.54285264493145e-05	5161	rwr	BC
RPUSD4	1.54273403947861e-05	5162	rwr	BC
EHD2	1.5413260678718e-05	5163	rwr	BC
CPNE8	1.54003889590673e-05	5164	rwr	BC
UBXN2B	1.53786469766334e-05	5165	rwr	BC
MPHOSPH9	1.53783398058652e-05	5166	rwr	BC
ATP13A2	1.53754369657565e-05	5167	rwr	BC
NSMCE3	1.53728933267646e-05	5168	rwr	BC
RHOD	1.53532640744424e-05	5169	rwr	BC
NDUFB6	1.53454999312538e-05	5170	rwr	BC
DMXL2	1.53417837277745e-05	5171	rwr	BC
SNX33	1.53302488021905e-05	5172	rwr	BC
ZSCAN5A	1.53281830942703e-05	5173	rwr	BC
B3GAT3	1.53224751431302e-05	5174	rwr	BC
CLMP	1.53211507443898e-05	5175	rwr	BC
STK39	1.53175126244351e-05	5176	rwr	BC
NSDHL	1.53104770620674e-05	5177	rwr	BC
PAX3	1.53094886565375e-05	5178	rwr	BC
ATP6V1H	1.53079412604516e-05	5179	rwr	BC
TMEM255A	1.53004830056814e-05	5180	rwr	BC
XAGE3	1.5289235318488e-05	5181	rwr	BC
SELENOO	1.52851904510375e-05	5182	rwr	BC
ZDBF2	1.52628510758443e-05	5183	rwr	BC
NMD3	1.52560842187239e-05	5184	rwr	BC
C3	1.5248890353421e-05	5185	rwr	BC
NUP42	1.52482478156823e-05	5186	rwr	BC
CLDN10	1.52473871704432e-05	5187	rwr	BC
ACOT12	1.52451250686274e-05	5188	rwr	BC
ISL2	1.52422864076162e-05	5189	rwr	BC
ICE1	1.52359805072443e-05	5190	rwr	BC
KIF18A	1.52357304600729e-05	5191	rwr	BC
ID3	1.52315101918331e-05	5192	rwr	BC
AGGF1	1.5229817534291e-05	5193	rwr	BC
LEMD2	1.52243168901711e-05	5194	rwr	BC
TMEM237	1.52123286164949e-05	5195	rwr	BC
ADCY9	1.51982449639425e-05	5196	rwr	BC
SLC25A51	1.5198009375263e-05	5197	rwr	BC
ZBTB7B	1.51893731816863e-05	5198	rwr	BC
ZACN	1.51876565175706e-05	5199	rwr	BC
SYNRG	1.51827469979476e-05	5200	rwr	BC
AKR1D1	1.5181366741701e-05	5201	rwr	BC
CYTIP	1.51649828613289e-05	5202	rwr	BC
IFIT3	1.51596558530716e-05	5203	rwr	BC
ZNF354C	1.51569099614597e-05	5204	rwr	BC
HIVEP2	1.51557561667328e-05	5205	rwr	BC
COPRS	1.51527618664423e-05	5206	rwr	BC
ACOT1	1.51391463868562e-05	5207	rwr	BC
THEMIS	1.51326232380265e-05	5208	rwr	BC
NKX2-5	1.51320277431177e-05	5209	rwr	BC
MRPL23	1.51268296780176e-05	5210	rwr	BC
VPS37A	1.51250923292233e-05	5211	rwr	BC
ADAM9	1.51212287821126e-05	5212	rwr	BC
ADD3	1.51211041225263e-05	5213	rwr	BC
FTL	1.51109425017652e-05	5214	rwr	BC
AFG2A	1.50925650437119e-05	5215	rwr	BC
KCTD15	1.50868471701619e-05	5216	rwr	BC
GNG12	1.50412165028245e-05	5217	rwr	BC
ASAP2	1.5037795275486e-05	5218	rwr	BC
CSTB	1.50319556581903e-05	5219	rwr	BC
HK3	1.5026129097759e-05	5220	rwr	BC
CHMP3	1.50234547175572e-05	5221	rwr	BC
TIMMDC1	1.5021210369946e-05	5222	rwr	BC
FAM3C	1.50122677252623e-05	5223	rwr	BC
TRAC	1.50102608082245e-05	5224	rwr	BC
DBR1	1.49954232384947e-05	5225	rwr	BC
MFN1	1.49801486578747e-05	5226	rwr	BC
ASB4	1.49780024593043e-05	5227	rwr	BC
MTX1	1.49708790791001e-05	5228	rwr	BC
TAOK1	1.49661416490257e-05	5229	rwr	BC
SPCS2	1.49598360824651e-05	5230	rwr	BC
SV2A	1.49574357775877e-05	5231	rwr	BC
ZHX3	1.49543939533711e-05	5232	rwr	BC
UQCRH	1.49450949267706e-05	5233	rwr	BC
SCNN1D	1.49415864272842e-05	5234	rwr	BC
ZNHIT3	1.49228571178831e-05	5235	rwr	BC
OAZ3	1.49210991122461e-05	5236	rwr	BC
SLC25A23	1.49204449760986e-05	5237	rwr	BC
TMEM185A	1.49048616772497e-05	5238	rwr	BC
PSTPIP2	1.48985954202946e-05	5239	rwr	BC
TARBP1	1.48924415135319e-05	5240	rwr	BC
TSHZ3	1.48814575361749e-05	5241	rwr	BC
SLC30A9	1.48746302549838e-05	5242	rwr	BC
MUC20	1.4870627147015e-05	5243	rwr	BC
IQGAP3	1.48559091301801e-05	5244	rwr	BC
MRPL16	1.48554045520879e-05	5245	rwr	BC
GPX1	1.48536992424173e-05	5246	rwr	BC
RASSF7	1.48486968126013e-05	5247	rwr	BC
DNTTIP1	1.48389333226803e-05	5248	rwr	BC
ENPP6	1.48344868721998e-05	5249	rwr	BC
GTPBP1	1.48274571054366e-05	5250	rwr	BC
PLXDC2	1.48217334546417e-05	5251	rwr	BC
SCAND1	1.48015822899969e-05	5252	rwr	BC
ZDHHC13	1.480043241696e-05	5253	rwr	BC
COA7	1.47985845766636e-05	5254	rwr	BC
KBTBD2	1.47943042444355e-05	5255	rwr	BC
MYBL1	1.47854445147465e-05	5256	rwr	BC
LRSAM1	1.47780397899839e-05	5257	rwr	BC
JAM3	1.47550455842258e-05	5258	rwr	BC
PHF3	1.47546529421182e-05	5259	rwr	BC
COQ8A	1.47537513446978e-05	5260	rwr	BC
MFF	1.47529277872444e-05	5261	rwr	BC
SH3GL3	1.47430643076388e-05	5262	rwr	BC
PABIR1	1.47404785857898e-05	5263	rwr	BC
KCTD2	1.47232004525281e-05	5264	rwr	BC
AKAP7	1.47225244009822e-05	5265	rwr	BC
ARMC1	1.47155537713295e-05	5266	rwr	BC
SYN1	1.47093861413749e-05	5267	rwr	BC
INS	1.47040708603576e-05	5268	rwr	BC
TARS2	1.46873548242227e-05	5269	rwr	BC
CREM	1.46762287132001e-05	5270	rwr	BC
ZMPSTE24	1.46669587603093e-05	5271	rwr	BC
UBTD2	1.46479746766912e-05	5272	rwr	BC
ATP6V1F	1.46470295654912e-05	5273	rwr	BC
TNPO2	1.462680962579e-05	5274	rwr	BC
DHX58	1.46236581175778e-05	5275	rwr	BC
ZFYVE1	1.46123636532319e-05	5276	rwr	BC
RABGGTA	1.46102023349782e-05	5277	rwr	BC
PGBD1	1.46074484606043e-05	5278	rwr	BC
TBX20	1.4588283910311e-05	5279	rwr	BC
LSM14B	1.45678617701536e-05	5280	rwr	BC
BLOC1S6	1.45610827729399e-05	5281	rwr	BC
NCLN	1.45469253759003e-05	5282	rwr	BC
RGS13	1.45388430843031e-05	5283	rwr	BC
NUP188	1.45350747146892e-05	5284	rwr	BC
BRINP3	1.45313501168632e-05	5285	rwr	BC
WDR35	1.45310447764029e-05	5286	rwr	BC
KANK4	1.45210371232783e-05	5287	rwr	BC
GRIA4	1.45102754643342e-05	5288	rwr	BC
TIMM8B	1.45075847409778e-05	5289	rwr	BC
GALNT6	1.45061639128086e-05	5290	rwr	BC
BCAM	1.4501717382994e-05	5291	rwr	BC
PLK2	1.44913153157957e-05	5292	rwr	BC
ATP6V1E1	1.44909925950327e-05	5293	rwr	BC
VPS35L	1.44878534255764e-05	5294	rwr	BC
FBLIM1	1.44743829105594e-05	5295	rwr	BC
SUCLA2	1.44741972310511e-05	5296	rwr	BC
SH3GLB2	1.44689027641054e-05	5297	rwr	BC
PML-RAR	1.44670283030839e-05	5298	rwr	BC
SLC15A4	1.44635938102382e-05	5299	rwr	BC
EXT1	1.44596091090934e-05	5300	rwr	BC
BTBD9	1.44452022233042e-05	5301	rwr	BC
RARS1	1.44400644778917e-05	5302	rwr	BC
AGRN	1.44255027152305e-05	5303	rwr	BC
ELOVL5	1.44134446401879e-05	5304	rwr	BC
SEPHS2	1.44037776673013e-05	5305	rwr	BC
CEACAM6	1.44014437036777e-05	5306	rwr	BC
SCARB1	1.4390026306026e-05	5307	rwr	BC
RDH14	1.43897188837268e-05	5308	rwr	BC
STOML2	1.43862093676014e-05	5309	rwr	BC
SPAST	1.43772228870989e-05	5310	rwr	BC
IL1A	1.43723973850233e-05	5311	rwr	BC
MLLT10	1.43547769586054e-05	5312	rwr	BC
ICAM2	1.43518581593236e-05	5313	rwr	BC
MKNK1	1.43294642032409e-05	5314	rwr	BC
CDH8	1.43180399620072e-05	5315	rwr	BC
NDC1	1.43177141336226e-05	5316	rwr	BC
NPAS2	1.43155686927978e-05	5317	rwr	BC
TEX28	1.43138487439477e-05	5318	rwr	BC
PTN	1.4310663624751e-05	5319	rwr	BC
BCKDHA	1.43104979066621e-05	5320	rwr	BC
SUSD5	1.430992756693e-05	5321	rwr	BC
GEMIN7	1.4305676932941e-05	5322	rwr	BC
RAB23	1.43035371255666e-05	5323	rwr	BC
IRF8	1.43031625609354e-05	5324	rwr	BC
ARFGAP3	1.43030305987262e-05	5325	rwr	BC
PUM3	1.42865524289312e-05	5326	rwr	BC
MSI2	1.42864509961198e-05	5327	rwr	BC
DDN	1.42764867812473e-05	5328	rwr	BC
ACP2	1.42674949841671e-05	5329	rwr	BC
MYCBP	1.42637069669478e-05	5330	rwr	BC
RFPL4B	1.42628169339395e-05	5331	rwr	BC
ADSL	1.42617818810566e-05	5332	rwr	BC
CALML5	1.42489564448361e-05	5333	rwr	BC
UPK3BL1	1.4228857815977e-05	5334	rwr	BC
EHBP1	1.42271833004589e-05	5335	rwr	BC
PAK1IP1	1.42250797726569e-05	5336	rwr	BC
WIPF3	1.42206929369551e-05	5337	rwr	BC
MAPK12	1.42206733436339e-05	5338	rwr	BC
MRPL20	1.4215287405534e-05	5339	rwr	BC
AAGAB	1.42096547374289e-05	5340	rwr	BC
FAM162A	1.42087486303184e-05	5341	rwr	BC
BOD1	1.42021292967127e-05	5342	rwr	BC
LMTK2	1.41950231786971e-05	5343	rwr	BC
XPOT	1.41949178833399e-05	5344	rwr	BC
VAT1	1.41896419770828e-05	5345	rwr	BC
MOB3C	1.41823674836685e-05	5346	rwr	BC
NOMO1	1.41792044629402e-05	5347	rwr	BC
PECR	1.41752352099105e-05	5348	rwr	BC
VPS33B	1.4160345849511e-05	5349	rwr	BC
GRIPAP1	1.41596241768157e-05	5350	rwr	BC
CREB3L1	1.41576835794273e-05	5351	rwr	BC
PGD	1.41526957076157e-05	5352	rwr	BC
DGKD	1.41508144182438e-05	5353	rwr	BC
XPNPEP3	1.41326140400863e-05	5354	rwr	BC
HAUS2	1.41316435059554e-05	5355	rwr	BC
MRPS6	1.41236928207343e-05	5356	rwr	BC
CHMP1B	1.4119798593857e-05	5357	rwr	BC
BFSP2	1.41134014602919e-05	5358	rwr	BC
ALS2	1.41061807656731e-05	5359	rwr	BC
HSF2BP	1.4095311626628e-05	5360	rwr	BC
NOM1	1.40925517035584e-05	5361	rwr	BC
HAUS7	1.40885031013673e-05	5362	rwr	BC
MPP2	1.40875838011284e-05	5363	rwr	BC
PPP1R2	1.40755944069264e-05	5364	rwr	BC
CHST8	1.40633012276517e-05	5365	rwr	BC
EVPL	1.40612324865272e-05	5366	rwr	BC
NUP37	1.40601724292328e-05	5367	rwr	BC
MAP4K2	1.40575973267389e-05	5368	rwr	BC
LIN7B	1.40570747693443e-05	5369	rwr	BC
GPC4	1.40552784567837e-05	5370	rwr	BC
FAM98B	1.40540332993465e-05	5371	rwr	BC
DCTN3	1.40298089247386e-05	5372	rwr	BC
TFDP3	1.40272864261821e-05	5373	rwr	BC
NCAPH2	1.40246453185382e-05	5374	rwr	BC
CARS2	1.40112466435405e-05	5375	rwr	BC
CCNL2	1.40007412160711e-05	5376	rwr	BC
ZSCAN32	1.39986528781775e-05	5377	rwr	BC
EYA2	1.39954458276613e-05	5378	rwr	BC
NOL7	1.3991099708136e-05	5379	rwr	BC
ENG	1.39870976369018e-05	5380	rwr	BC
CHTF8	1.39867007556799e-05	5381	rwr	BC
PARN	1.39865271881229e-05	5382	rwr	BC
SLC20A2	1.39802272556281e-05	5383	rwr	BC
SH3BP5	1.3975901719374e-05	5384	rwr	BC
ARL6IP1	1.39702660060764e-05	5385	rwr	BC
LRBA	1.39688135508859e-05	5386	rwr	BC
SYP	1.39632602956078e-05	5387	rwr	BC
LSM8	1.39619940893297e-05	5388	rwr	BC
MAZ	1.39586354755918e-05	5389	rwr	BC
CD37	1.39543289004687e-05	5390	rwr	BC
CHMP4C	1.39515772421572e-05	5391	rwr	BC
PLD6	1.39514929478271e-05	5392	rwr	BC
AXIN2	1.39415106940193e-05	5393	rwr	BC
ATG9B	1.39399050373552e-05	5394	rwr	BC
PPP3CC	1.39137545611314e-05	5395	rwr	BC
BRI3BP	1.39118721900851e-05	5396	rwr	BC
TMEM59	1.3902392305415e-05	5397	rwr	BC
HUS1B	1.39017941879985e-05	5398	rwr	BC
TTLL12	1.38962805194698e-05	5399	rwr	BC
LPCAT1	1.38809466110438e-05	5400	rwr	BC
HAO2	1.38777107548662e-05	5401	rwr	BC
PREB	1.3873423642933e-05	5402	rwr	BC
PARS2	1.38734065135165e-05	5403	rwr	BC
PRXL2A	1.38725634886906e-05	5404	rwr	BC
MTM1	1.38716425267838e-05	5405	rwr	BC
ARHGEF26	1.38714468933417e-05	5406	rwr	BC
MTHFR	1.38699444577615e-05	5407	rwr	BC
SCNM1	1.38626118795369e-05	5408	rwr	BC
ZNF428	1.38616857341057e-05	5409	rwr	BC
ARHGAP22	1.38487890527173e-05	5410	rwr	BC
POC5	1.38477290707388e-05	5411	rwr	BC
HBS1L	1.38329769120749e-05	5412	rwr	BC
SSBP4	1.3819382759109e-05	5413	rwr	BC
FNTA	1.37927351063648e-05	5414	rwr	BC
RABL3	1.37873918063235e-05	5415	rwr	BC
RASL10B	1.37852064084311e-05	5416	rwr	BC
ENKD1	1.37735443271912e-05	5417	rwr	BC
DNTTIP2	1.37728822829074e-05	5418	rwr	BC
EDNRA	1.37579653398047e-05	5419	rwr	BC
GOLT1B	1.37563486681759e-05	5420	rwr	BC
FBXL18	1.37550655872735e-05	5421	rwr	BC
FAM131B	1.37459234235401e-05	5422	rwr	BC
MRPL53	1.37404444847502e-05	5423	rwr	BC
RTN1	1.37345934349705e-05	5424	rwr	BC
MIDEAS	1.37328387499695e-05	5425	rwr	BC
GGH	1.37308398225571e-05	5426	rwr	BC
JCHAIN	1.37246378120536e-05	5427	rwr	BC
PSMG4	1.37236561211851e-05	5428	rwr	BC
ACTN3	1.37203867397865e-05	5429	rwr	BC
COLEC12	1.37092799731671e-05	5430	rwr	BC
APOOL	1.37069964824537e-05	5431	rwr	BC
ZBTB9	1.37049644809827e-05	5432	rwr	BC
ZDHHC11	1.36935804797734e-05	5433	rwr	BC
PTCD1	1.36873599094794e-05	5434	rwr	BC
MRPL52	1.36872704842693e-05	5435	rwr	BC
TTLL1	1.36713739537937e-05	5436	rwr	BC
GOLGA4	1.36644023761205e-05	5437	rwr	BC
PRAME	1.36481733485795e-05	5438	rwr	BC
DXO	1.36476553749537e-05	5439	rwr	BC
SNX24	1.36361308612095e-05	5440	rwr	BC
ZNF618	1.36361308612095e-05	5441	rwr	BC
TSR3	1.36353093041379e-05	5442	rwr	BC
OSGEP	1.36333790083351e-05	5443	rwr	BC
NXT1	1.36317121117924e-05	5444	rwr	BC
POLR3G	1.36305929304761e-05	5445	rwr	BC
SLC4A2	1.3624516756576e-05	5446	rwr	BC
PDK2	1.36167268676724e-05	5447	rwr	BC
SPINK2	1.36142347028911e-05	5448	rwr	BC
PARD6G	1.36064710448468e-05	5449	rwr	BC
RGPD8	1.3600791807464e-05	5450	rwr	BC
GSTT1	1.35914230962217e-05	5451	rwr	BC
ZCCHC7	1.35891293126915e-05	5452	rwr	BC
CTLA4	1.35832827141521e-05	5453	rwr	BC
RPF1	1.35802403959071e-05	5454	rwr	BC
ZMYM1	1.35758427914243e-05	5455	rwr	BC
CHMP4A	1.35680470795836e-05	5456	rwr	BC
PPP1R3A	1.35668031205832e-05	5457	rwr	BC
ASCC2	1.35661649767066e-05	5458	rwr	BC
ANP32E	1.35568849709023e-05	5459	rwr	BC
AZIN2	1.35492479110176e-05	5460	rwr	BC
LAMB2	1.35479762859683e-05	5461	rwr	BC
NCOA5	1.35466597146915e-05	5462	rwr	BC
NUP210	1.3540048766144e-05	5463	rwr	BC
CD36	1.35394472974262e-05	5464	rwr	BC
LDHC	1.35317777740401e-05	5465	rwr	BC
EDEM3	1.35246570832445e-05	5466	rwr	BC
AHDC1	1.35204712448974e-05	5467	rwr	BC
DOCK6	1.35026807297937e-05	5468	rwr	BC
LGALS9C	1.34969066529989e-05	5469	rwr	BC
SERPINA5	1.34857947145476e-05	5470	rwr	BC
KDSR	1.3478244245256e-05	5471	rwr	BC
DOCK4	1.34760727940931e-05	5472	rwr	BC
SRBD1	1.34750525825496e-05	5473	rwr	BC
NR2F6	1.34735320463819e-05	5474	rwr	BC
QARS1	1.34582914230039e-05	5475	rwr	BC
PAK5	1.34516120388465e-05	5476	rwr	BC
RCBTB2	1.34371480890295e-05	5477	rwr	BC
BCS1L	1.3426154224099e-05	5478	rwr	BC
SOCS5	1.34234056452018e-05	5479	rwr	BC
KIF13B	1.34220450442678e-05	5480	rwr	BC
ATP6AP1	1.342035635025e-05	5481	rwr	BC
STING1	1.34141548385544e-05	5482	rwr	BC
TNFRSF13B	1.3399018070111e-05	5483	rwr	BC
TXN2	1.3390852014362e-05	5484	rwr	BC
SERTAD4	1.33895078719669e-05	5485	rwr	BC
ZSCAN21	1.33893513696612e-05	5486	rwr	BC
MRPS33	1.33822020864958e-05	5487	rwr	BC
ARSK	1.337762042831e-05	5488	rwr	BC
HPRT1	1.33662603823777e-05	5489	rwr	BC
IGHA2	1.33587934669517e-05	5490	rwr	BC
CCDC102A	1.33500912556303e-05	5491	rwr	BC
MTFR1	1.33419886504918e-05	5492	rwr	BC
GYG1	1.33207616593644e-05	5493	rwr	BC
NEXN	1.33100528296675e-05	5494	rwr	BC
ISYNA1	1.33049581054318e-05	5495	rwr	BC
IFT172	1.32840499368209e-05	5496	rwr	BC
MRPL49	1.32805830438767e-05	5497	rwr	BC
SAT1	1.32796149072551e-05	5498	rwr	BC
RBM11	1.32634407218546e-05	5499	rwr	BC
ARFGEF3	1.32621429262203e-05	5500	rwr	BC
VPS52	1.32568710196964e-05	5501	rwr	BC
RFX3	1.3233732804007e-05	5502	rwr	BC
TLX1	1.32316741664724e-05	5503	rwr	BC
COX7A2L	1.32281364590284e-05	5504	rwr	BC
ACVR2B	1.32251576032365e-05	5505	rwr	BC
THUMPD3	1.32175020915313e-05	5506	rwr	BC
RCCD1	1.32166210312938e-05	5507	rwr	BC
TRMT10B	1.32149047173265e-05	5508	rwr	BC
PRR36	1.32037267725998e-05	5509	rwr	BC
SURF2	1.31996422493918e-05	5510	rwr	BC
TAOK3	1.31929138839318e-05	5511	rwr	BC
CORO1A	1.31884192006499e-05	5512	rwr	BC
PCYT1A	1.31863385676416e-05	5513	rwr	BC
RTKN	1.3181622867639e-05	5514	rwr	BC
EHF	1.31711214526719e-05	5515	rwr	BC
ZHX2	1.31560530887764e-05	5516	rwr	BC
FGFRL1	1.31509297671589e-05	5517	rwr	BC
LETMD1	1.31478555248585e-05	5518	rwr	BC
COLGALT2	1.31452943056431e-05	5519	rwr	BC
TMEM184A	1.31323112504951e-05	5520	rwr	BC
FOCAD	1.31160053074115e-05	5521	rwr	BC
MSL3	1.31155314013075e-05	5522	rwr	BC
ATP6V1G1	1.31008650375538e-05	5523	rwr	BC
ZBTB24	1.30998908589901e-05	5524	rwr	BC
SP4	1.30875230000147e-05	5525	rwr	BC
PIK3AP1	1.30837784512513e-05	5526	rwr	BC
SOCS7	1.30712464429606e-05	5527	rwr	BC
SPIN1	1.3054635437602e-05	5528	rwr	BC
SURF4	1.30521456340369e-05	5529	rwr	BC
NCS1	1.30433060728263e-05	5530	rwr	BC
HERC4	1.30413037197198e-05	5531	rwr	BC
UFSP2	1.30367750062068e-05	5532	rwr	BC
CLMN	1.30329352199957e-05	5533	rwr	BC
RBP4	1.30305117905111e-05	5534	rwr	BC
TOE1	1.30253934204917e-05	5535	rwr	BC
SEMG1	1.30226615059862e-05	5536	rwr	BC
LARS1	1.30108616373444e-05	5537	rwr	BC
WDFY1	1.30049755717124e-05	5538	rwr	BC
COX7A2	1.29988771668424e-05	5539	rwr	BC
EPS8L1	1.29920981048636e-05	5540	rwr	BC
CD68	1.2991190720383e-05	5541	rwr	BC
APH1A	1.29844734467963e-05	5542	rwr	BC
DNAJC6	1.29798293575985e-05	5543	rwr	BC
CDKL2	1.29759775722085e-05	5544	rwr	BC
TMEM67	1.29664186815229e-05	5545	rwr	BC
PPA2	1.29628670761951e-05	5546	rwr	BC
EDA2R	1.295810622045e-05	5547	rwr	BC
P2RX1	1.29535949862557e-05	5548	rwr	BC
NOL10	1.29532536226843e-05	5549	rwr	BC
DDX28	1.29462065768711e-05	5550	rwr	BC
IER3	1.29314125044464e-05	5551	rwr	BC
SLC5A8	1.29159974028191e-05	5552	rwr	BC
ATP9A	1.29023809483259e-05	5553	rwr	BC
ZYG11B	1.28983754482328e-05	5554	rwr	BC
PENK	1.28920328479483e-05	5555	rwr	BC
MAN1A1	1.28851370580877e-05	5556	rwr	BC
PACRG	1.28823111937182e-05	5557	rwr	BC
SNUPN	1.2877557344587e-05	5558	rwr	BC
ADAP2	1.28675433373932e-05	5559	rwr	BC
BCL9	1.28651739433183e-05	5560	rwr	BC
DPH1	1.28541748560754e-05	5561	rwr	BC
NKD2	1.28468171944612e-05	5562	rwr	BC
LZTFL1	1.28413551749893e-05	5563	rwr	BC
SLAIN1	1.28387198207436e-05	5564	rwr	BC
NOL12	1.28360889555734e-05	5565	rwr	BC
UFM1	1.28266161128014e-05	5566	rwr	BC
GGT7	1.28210181203916e-05	5567	rwr	BC
RUSF1	1.28190393609228e-05	5568	rwr	BC
DAAM1	1.28160444676189e-05	5569	rwr	BC
KANSL2	1.28153621004584e-05	5570	rwr	BC
MEPE	1.28132010430869e-05	5571	rwr	BC
NARS2	1.28065464538559e-05	5572	rwr	BC
MIGA2	1.27848796677629e-05	5573	rwr	BC
SLC10A7	1.27831054353594e-05	5574	rwr	BC
EPM2AIP1	1.27795934973708e-05	5575	rwr	BC
TMEM201	1.27713024958886e-05	5576	rwr	BC
LRRC8E	1.27705318464631e-05	5577	rwr	BC
RAB40B	1.27662050204791e-05	5578	rwr	BC
DYRK4	1.27601323305601e-05	5579	rwr	BC
GCFC2	1.27534068522259e-05	5580	rwr	BC
TXNL4A	1.27525237148394e-05	5581	rwr	BC
GMDS	1.27461240377715e-05	5582	rwr	BC
TEKT4	1.27448861370552e-05	5583	rwr	BC
CEP68	1.27264633719747e-05	5584	rwr	BC
TMED9	1.27262308028801e-05	5585	rwr	BC
PNMA1	1.27217689877264e-05	5586	rwr	BC
ZCCHC12	1.27144276507904e-05	5587	rwr	BC
RTN4IP1	1.27089239748264e-05	5588	rwr	BC
ATP1A3	1.2702064906676e-05	5589	rwr	BC
AMY1A	1.27004029488697e-05	5590	rwr	BC
RMND1	1.26988927937474e-05	5591	rwr	BC
KLHL33	1.26935412753492e-05	5592	rwr	BC
TRABD	1.26924919672125e-05	5593	rwr	BC
COBL	1.26828944168059e-05	5594	rwr	BC
HPCAL4	1.26808162466992e-05	5595	rwr	BC
TMED1	1.26782118015699e-05	5596	rwr	BC
AK4	1.26760402940119e-05	5597	rwr	BC
EFNA4	1.26755135423007e-05	5598	rwr	BC
POP7	1.26745774781913e-05	5599	rwr	BC
CIMAP1C	1.26537896059389e-05	5600	rwr	BC
NNT	1.2642894098823e-05	5601	rwr	BC
ADNP2	1.26414986489703e-05	5602	rwr	BC
TRAPPC1	1.2640615299955e-05	5603	rwr	BC
NDUFC2	1.26362096309663e-05	5604	rwr	BC
ACO2	1.26031140470554e-05	5605	rwr	BC
TBCCD1	1.25996548699416e-05	5606	rwr	BC
ACACB	1.25960847489127e-05	5607	rwr	BC
BRWD1	1.25908587906529e-05	5608	rwr	BC
S1PR1	1.25820400224671e-05	5609	rwr	BC
MRS2	1.2551863243125e-05	5610	rwr	BC
FRA10AC1	1.25494449102378e-05	5611	rwr	BC
ZNF417	1.2542969563734e-05	5612	rwr	BC
PRKCG	1.25370105755389e-05	5613	rwr	BC
IL36A	1.25341041258691e-05	5614	rwr	BC
AGTR1	1.25320611102073e-05	5615	rwr	BC
IFI35	1.25255812321132e-05	5616	rwr	BC
ODAD3	1.25116761660457e-05	5617	rwr	BC
ITPRID2	1.25083332538853e-05	5618	rwr	BC
RIOK2	1.25044967161736e-05	5619	rwr	BC
PLEKHG3	1.25028282149408e-05	5620	rwr	BC
DDX52	1.25018394047306e-05	5621	rwr	BC
EEF1E1	1.24972964456559e-05	5622	rwr	BC
NHP2	1.24873450093767e-05	5623	rwr	BC
HEXA	1.248503576968e-05	5624	rwr	BC
LRRFIP2	1.24846606857626e-05	5625	rwr	BC
BLOC1S1	1.24794128970482e-05	5626	rwr	BC
NPAS1	1.24739764148274e-05	5627	rwr	BC
CAMK4	1.24732107965923e-05	5628	rwr	BC
BEGAIN	1.246003633136e-05	5629	rwr	BC
ACOT7	1.24596810081521e-05	5630	rwr	BC
RAB30	1.24546583293914e-05	5631	rwr	BC
SIL1	1.24302457287569e-05	5632	rwr	BC
ICMT	1.24225635237039e-05	5633	rwr	BC
PPIL1	1.24105106309719e-05	5634	rwr	BC
ANKRA2	1.24024481368632e-05	5635	rwr	BC
ARID5B	1.23866631162455e-05	5636	rwr	BC
TEAD2	1.23667885307961e-05	5637	rwr	BC
SLC25A20	1.2361357391751e-05	5638	rwr	BC
UBAP2	1.23578132911097e-05	5639	rwr	BC
SS18L2	1.23558389478023e-05	5640	rwr	BC
ENTPD7	1.23496418467009e-05	5641	rwr	BC
CAMK1D	1.23396609050484e-05	5642	rwr	BC
THAP12	1.23344672442926e-05	5643	rwr	BC
HEPHL1	1.23203239351706e-05	5644	rwr	BC
MB21D2	1.23162320020897e-05	5645	rwr	BC
TOM1L2	1.23135443483064e-05	5646	rwr	BC
NANOS2	1.2311200036012e-05	5647	rwr	BC
GLTP	1.23060497855923e-05	5648	rwr	BC
RNF135	1.23005663332171e-05	5649	rwr	BC
HP	1.22980368779436e-05	5650	rwr	BC
SUCLG1	1.22929341872654e-05	5651	rwr	BC
ADGRV1	1.2289238174536e-05	5652	rwr	BC
KLHL26	1.22774171294824e-05	5653	rwr	BC
HMGCS1	1.22736643623338e-05	5654	rwr	BC
YJU2	1.22683138403357e-05	5655	rwr	BC
SNCG	1.226388115906e-05	5656	rwr	BC
ESF1	1.22570219894977e-05	5657	rwr	BC
TMEM41B	1.22562678315827e-05	5658	rwr	BC
SCGB1D4	1.22414705780565e-05	5659	rwr	BC
NLRC3	1.22347005305457e-05	5660	rwr	BC
MICAL1	1.22300642440286e-05	5661	rwr	BC
ZKSCAN1	1.22197600061285e-05	5662	rwr	BC
HSFY1	1.22151392816212e-05	5663	rwr	BC
TRAPPC10	1.22131438486222e-05	5664	rwr	BC
ZNF518A	1.22093608915915e-05	5665	rwr	BC
LDLRAP1	1.22042716634298e-05	5666	rwr	BC
NCR2	1.22013024572588e-05	5667	rwr	BC
QRSL1	1.2189651992467e-05	5668	rwr	BC
CDH4	1.21840234732436e-05	5669	rwr	BC
LRRC49	1.21783383926636e-05	5670	rwr	BC
CST1	1.2170997784241e-05	5671	rwr	BC
LAMA3	1.21678175108015e-05	5672	rwr	BC
INAVA	1.21538030007086e-05	5673	rwr	BC
TAX1BP3	1.21528152690332e-05	5674	rwr	BC
UBXN11	1.21522184785087e-05	5675	rwr	BC
WDR11	1.21509356386055e-05	5676	rwr	BC
SUPV3L1	1.21485316206341e-05	5677	rwr	BC
MIF4GD	1.21437155103097e-05	5678	rwr	BC
KRT85	1.21338651782696e-05	5679	rwr	BC
ABHD18	1.21334839575313e-05	5680	rwr	BC
CNPY3	1.21312377220205e-05	5681	rwr	BC
TEX13A	1.21256506867802e-05	5682	rwr	BC
FAM9A	1.21102858350874e-05	5683	rwr	BC
CLIC1	1.21070504923439e-05	5684	rwr	BC
NPDC1	1.2104687169975e-05	5685	rwr	BC
MSX2	1.21022075710928e-05	5686	rwr	BC
BBS5	1.20962889049093e-05	5687	rwr	BC
KRTAP12-3	1.20943216817175e-05	5688	rwr	BC
IFT22	1.2087551309756e-05	5689	rwr	BC
CD80	1.20853803151168e-05	5690	rwr	BC
GAST	1.2080472880097e-05	5691	rwr	BC
TMEM106B	1.20741787267852e-05	5692	rwr	BC
HAUS4	1.20714094821039e-05	5693	rwr	BC
BMERB1	1.2067274320953e-05	5694	rwr	BC
PDE5A	1.20637742696525e-05	5695	rwr	BC
DENND2D	1.20556873002282e-05	5696	rwr	BC
PRTG	1.20550489067574e-05	5697	rwr	BC
SGCE	1.20550489067574e-05	5698	rwr	BC
CALML3	1.20535219380488e-05	5699	rwr	BC
MRPL46	1.20489833544745e-05	5700	rwr	BC
FITM2	1.20425836998411e-05	5701	rwr	BC
TSPAN6	1.2035904546461e-05	5702	rwr	BC
BCHE	1.2035030572572e-05	5703	rwr	BC
VPS26C	1.20312396249274e-05	5704	rwr	BC
MAFK	1.20218035938174e-05	5705	rwr	BC
TMEM223	1.20197472126753e-05	5706	rwr	BC
DAD1	1.20132721399368e-05	5707	rwr	BC
NPRL3	1.20132696027641e-05	5708	rwr	BC
IL20	1.20055984449882e-05	5709	rwr	BC
BBS9	1.19960603823137e-05	5710	rwr	BC
MKX	1.19874674669318e-05	5711	rwr	BC
CCDC136	1.19738358625556e-05	5712	rwr	BC
ALDOB	1.19730477188158e-05	5713	rwr	BC
KIR2DS2	1.1968502049211e-05	5714	rwr	BC
SPHK1	1.19669624595197e-05	5715	rwr	BC
RCAN3	1.19605335727521e-05	5716	rwr	BC
NMU	1.19546280819965e-05	5717	rwr	BC
ZSCAN12	1.19509236277974e-05	5718	rwr	BC
CNPY2	1.19476572894721e-05	5719	rwr	BC
VPS51	1.19336632110095e-05	5720	rwr	BC
REPIN1	1.19167236087982e-05	5721	rwr	BC
ACVRL1	1.19063120783019e-05	5722	rwr	BC
BLOC1S2	1.19001725658156e-05	5723	rwr	BC
BMP4	1.18825968336202e-05	5724	rwr	BC
MTMR8	1.18798810629426e-05	5725	rwr	BC
SERPINC1	1.18746903741874e-05	5726	rwr	BC
RPIA	1.18737104278321e-05	5727	rwr	BC
TRAPPC9	1.18702044194852e-05	5728	rwr	BC
SEPHS1	1.1864005312703e-05	5729	rwr	BC
ARSG	1.18569398714257e-05	5730	rwr	BC
GYG2	1.18559559825656e-05	5731	rwr	BC
FABP5	1.18422366413758e-05	5732	rwr	BC
PDP1	1.18310119274142e-05	5733	rwr	BC
C2ORF49	1.18294036096018e-05	5734	rwr	BC
MAP4K3	1.18227678822983e-05	5735	rwr	BC
XYLT2	1.18204902589337e-05	5736	rwr	BC
HAL	1.18097395991986e-05	5737	rwr	BC
PITPNM3	1.17964756964759e-05	5738	rwr	BC
ERP29	1.17831814957238e-05	5739	rwr	BC
CLCN3	1.17763948573385e-05	5740	rwr	BC
CYB5R1	1.17713268796081e-05	5741	rwr	BC
SPN	1.17703600364715e-05	5742	rwr	BC
VPS25	1.17686741996043e-05	5743	rwr	BC
DNM3	1.17614213057467e-05	5744	rwr	BC
PCYOX1	1.17522107645093e-05	5745	rwr	BC
LAGE3	1.17488831318521e-05	5746	rwr	BC
OXCT1	1.1748445691719e-05	5747	rwr	BC
PHACTR2	1.1746535924368e-05	5748	rwr	BC
TRIM52	1.1741258374541e-05	5749	rwr	BC
GRB14	1.17334312581137e-05	5750	rwr	BC
HSBP1	1.17290178293112e-05	5751	rwr	BC
SENP5	1.17231920093904e-05	5752	rwr	BC
POGLUT1	1.17220461143076e-05	5753	rwr	BC
RPP38	1.17155472481326e-05	5754	rwr	BC
CBFA2T2	1.17120352953079e-05	5755	rwr	BC
IGKC	1.17049839230446e-05	5756	rwr	BC
ZNF264	1.17014021498114e-05	5757	rwr	BC
KIFBP	1.16918736928276e-05	5758	rwr	BC
GNG4	1.167119840212e-05	5759	rwr	BC
TRAFD1	1.1664220535046e-05	5760	rwr	BC
MARVELD2	1.16634897623797e-05	5761	rwr	BC
GNG3	1.165289796654e-05	5762	rwr	BC
NGDN	1.16470668471206e-05	5763	rwr	BC
LRP11	1.16427971680122e-05	5764	rwr	BC
SYNPO2	1.16402182699343e-05	5765	rwr	BC
LRRC57	1.16369430443856e-05	5766	rwr	BC
CNDP1	1.16349642042343e-05	5767	rwr	BC
MUC5B	1.16335409723143e-05	5768	rwr	BC
COX7C	1.16258942030818e-05	5769	rwr	BC
LILRB2	1.16223499471282e-05	5770	rwr	BC
ZFTRAF1	1.16189568449255e-05	5771	rwr	BC
LPCAT3	1.16167537521767e-05	5772	rwr	BC
GLB1	1.1609451658715e-05	5773	rwr	BC
KLF13	1.16066457073293e-05	5774	rwr	BC
ZMAT5	1.16055910667222e-05	5775	rwr	BC
CNGA3	1.16055162023978e-05	5776	rwr	BC
CHRNG	1.15915826903205e-05	5777	rwr	BC
TRIM16L	1.15900354018826e-05	5778	rwr	BC
GPT2	1.15864772541829e-05	5779	rwr	BC
ZNF224	1.15860940313089e-05	5780	rwr	BC
HELB	1.15778942519138e-05	5781	rwr	BC
TSN	1.15744803226561e-05	5782	rwr	BC
ABCB1	1.1565906697811e-05	5783	rwr	BC
RSPO3	1.1561595690114e-05	5784	rwr	BC
RBM23	1.15591789807138e-05	5785	rwr	BC
SLC38A2	1.15582976324275e-05	5786	rwr	BC
DPYSL4	1.15572023041474e-05	5787	rwr	BC
CACUL1	1.15508551914353e-05	5788	rwr	BC
PAN3	1.15263369491451e-05	5789	rwr	BC
CCS	1.1523972696048e-05	5790	rwr	BC
DNAAF10	1.15091164317839e-05	5791	rwr	BC
RUSC2	1.14995675402607e-05	5792	rwr	BC
WDR37	1.14956530660155e-05	5793	rwr	BC
LURAP1	1.14944191007178e-05	5794	rwr	BC
NDUFAF2	1.14904458206039e-05	5795	rwr	BC
TEKT3	1.14856137634515e-05	5796	rwr	BC
OSTM1	1.14814865826991e-05	5797	rwr	BC
HOXB5	1.14760012730167e-05	5798	rwr	BC
MRC2	1.14738703825713e-05	5799	rwr	BC
SREK1IP1	1.1470751944075e-05	5800	rwr	BC
GSDME	1.14650224984149e-05	5801	rwr	BC
PXMP2	1.14614128566821e-05	5802	rwr	BC
IVL	1.14450530981737e-05	5803	rwr	BC
RRP7A	1.14384053727797e-05	5804	rwr	BC
TBC1D25	1.14382840680563e-05	5805	rwr	BC
GNG10	1.14341050650694e-05	5806	rwr	BC
MAP7	1.14244705253667e-05	5807	rwr	BC
MYH3	1.14216187017786e-05	5808	rwr	BC
KCNJ5	1.14142770574205e-05	5809	rwr	BC
DUSP3	1.14114057189301e-05	5810	rwr	BC
TRIAP1	1.14085793701938e-05	5811	rwr	BC
CTSA	1.13936222910966e-05	5812	rwr	BC
HSDL1	1.13810736768835e-05	5813	rwr	BC
FBLN1	1.13774771745337e-05	5814	rwr	BC
DCN	1.13721584093463e-05	5815	rwr	BC
ZNF483	1.13684438871034e-05	5816	rwr	BC
TKTL1	1.13650952114368e-05	5817	rwr	BC
REV3L	1.13639632341029e-05	5818	rwr	BC
RACK1	1.13630075794354e-05	5819	rwr	BC
ARC	1.13560057888631e-05	5820	rwr	BC
RAB11FIP4	1.13546856615102e-05	5821	rwr	BC
CCL5	1.135463061893e-05	5822	rwr	BC
PGPEP1	1.13536707675244e-05	5823	rwr	BC
E2F7	1.13459010489255e-05	5824	rwr	BC
OAT	1.13352722098536e-05	5825	rwr	BC
COQ6	1.13198984813862e-05	5826	rwr	BC
NEU3	1.13177473632143e-05	5827	rwr	BC
RFX5	1.12936458578271e-05	5828	rwr	BC
MRM3	1.12919012269456e-05	5829	rwr	BC
RRN3	1.12843793036656e-05	5830	rwr	BC
PTGFRN	1.12838122200567e-05	5831	rwr	BC
TSPAN15	1.12769559189427e-05	5832	rwr	BC
ALKBH5	1.12754662855601e-05	5833	rwr	BC
GNB3	1.12726181835119e-05	5834	rwr	BC
EFHD1	1.12671020889683e-05	5835	rwr	BC
STK38L	1.12617626999786e-05	5836	rwr	BC
CDK15	1.12530739976608e-05	5837	rwr	BC
AKAP5	1.12501475364377e-05	5838	rwr	BC
ITFG2	1.12491554222704e-05	5839	rwr	BC
TRPV5	1.12475467409099e-05	5840	rwr	BC
EBF1	1.12465127871206e-05	5841	rwr	BC
KCTD21	1.1236400978203e-05	5842	rwr	BC
SPTY2D1	1.12361818985861e-05	5843	rwr	BC
MICA	1.12352304408711e-05	5844	rwr	BC
MRPL22	1.12317047230986e-05	5845	rwr	BC
NMUR2	1.1231041433619e-05	5846	rwr	BC
ZDHHC18	1.12236835982344e-05	5847	rwr	BC
PHF14	1.12135278655257e-05	5848	rwr	BC
IRAK3	1.1207937430044e-05	5849	rwr	BC
VMA21	1.12019838603816e-05	5850	rwr	BC
ERGIC2	1.11989342309655e-05	5851	rwr	BC
WASHC2A	1.11954938222842e-05	5852	rwr	BC
ZER1	1.11946995285145e-05	5853	rwr	BC
NUTF2	1.1193408990019e-05	5854	rwr	BC
PDAP1	1.11873435825905e-05	5855	rwr	BC
ST6GAL1	1.11786707350342e-05	5856	rwr	BC
GPATCH11	1.1172197309999e-05	5857	rwr	BC
GPAA1	1.11659539854172e-05	5858	rwr	BC
NABP1	1.11614014494407e-05	5859	rwr	BC
PIGK	1.11562226359591e-05	5860	rwr	BC
NDUFB4	1.11542771642879e-05	5861	rwr	BC
TRAPPC5	1.11457632753311e-05	5862	rwr	BC
TTC5	1.1138342665425e-05	5863	rwr	BC
SCAF11	1.11345016130857e-05	5864	rwr	BC
TMA16	1.11306179610992e-05	5865	rwr	BC
ITLN1	1.11208054712594e-05	5866	rwr	BC
VMP1	1.11174175943359e-05	5867	rwr	BC
RBM33	1.11146493392868e-05	5868	rwr	BC
MRPL35	1.11144457057802e-05	5869	rwr	BC
CEP43	1.1111810461608e-05	5870	rwr	BC
MORC4	1.10910281594293e-05	5871	rwr	BC
JOSD1	1.1087609699775e-05	5872	rwr	BC
SLC17A5	1.10853175582528e-05	5873	rwr	BC
RIMBP3	1.10790342670023e-05	5874	rwr	BC
NAE1	1.10770669234469e-05	5875	rwr	BC
USP38	1.10648580986941e-05	5876	rwr	BC
LYRM7	1.10642682252372e-05	5877	rwr	BC
ZNF816	1.10577224283478e-05	5878	rwr	BC
REPS2	1.10552396693423e-05	5879	rwr	BC
WNT4	1.1047985714456e-05	5880	rwr	BC
PPIAL4G	1.1037006896503e-05	5881	rwr	BC
PSKH1	1.1032165635196e-05	5882	rwr	BC
NIPSNAP2	1.102817390924e-05	5883	rwr	BC
APMAP	1.10265406159199e-05	5884	rwr	BC
CACHD1	1.1026257669286e-05	5885	rwr	BC
LHX3	1.10218094144301e-05	5886	rwr	BC
MYH4	1.10196697977677e-05	5887	rwr	BC
CHRAC1	1.1015399069282e-05	5888	rwr	BC
ZNF696	1.10054226758509e-05	5889	rwr	BC
CHPT1	1.0988300299706e-05	5890	rwr	BC
BTN2A2	1.09825267268156e-05	5891	rwr	BC
HGH1	1.09702513455341e-05	5892	rwr	BC
NARS1	1.09681469275799e-05	5893	rwr	BC
IZUMO1	1.09678596782628e-05	5894	rwr	BC
ADCYAP1	1.0964220092423e-05	5895	rwr	BC
EFNA5	1.09625715866256e-05	5896	rwr	BC
PCLAF	1.095460515616e-05	5897	rwr	BC
GDE1	1.09472431531498e-05	5898	rwr	BC
CDO1	1.09395844106961e-05	5899	rwr	BC
ASB8	1.09393413317698e-05	5900	rwr	BC
ZNF608	1.09391455875011e-05	5901	rwr	BC
CWF19L2	1.0935691761845e-05	5902	rwr	BC
STX16	1.09343642944313e-05	5903	rwr	BC
CHSY3	1.09321154179817e-05	5904	rwr	BC
TNS2	1.09258508257025e-05	5905	rwr	BC
FAM110B	1.09197969729508e-05	5906	rwr	BC
SLC7A3	1.09101886268455e-05	5907	rwr	BC
BBX	1.09003868840729e-05	5908	rwr	BC
RBM15B	1.08953121172583e-05	5909	rwr	BC
TRIM62	1.08942572662678e-05	5910	rwr	BC
RAB25	1.08868109960357e-05	5911	rwr	BC
RALB	1.08855114860821e-05	5912	rwr	BC
GPM6A	1.08851241452168e-05	5913	rwr	BC
SH3BGRL	1.0875003456032e-05	5914	rwr	BC
DOLK	1.08678349547162e-05	5915	rwr	BC
ABHD5	1.08631115323205e-05	5916	rwr	BC
GNL1	1.08610806766368e-05	5917	rwr	BC
DKK1	1.08512119633416e-05	5918	rwr	BC
ANXA11	1.08428395545612e-05	5919	rwr	BC
SLC25A17	1.08306779353316e-05	5920	rwr	BC
HIGD1A	1.08254712850493e-05	5921	rwr	BC
NETO2	1.0822900564287e-05	5922	rwr	BC
ZNF800	1.08178122075767e-05	5923	rwr	BC
PARP9	1.08170233840958e-05	5924	rwr	BC
CPA6	1.08115664116068e-05	5925	rwr	BC
SORD	1.08045388856694e-05	5926	rwr	BC
HNRNPA1L2	1.07998235705476e-05	5927	rwr	BC
TRMT44	1.07933231785522e-05	5928	rwr	BC
SAR1B	1.07893217772856e-05	5929	rwr	BC
CCDC77	1.07827259826284e-05	5930	rwr	BC
LPCAT4	1.07819023500073e-05	5931	rwr	BC
KCTD7	1.07711353083342e-05	5932	rwr	BC
AKR1C3	1.07665105003926e-05	5933	rwr	BC
CCDC9	1.07639105550074e-05	5934	rwr	BC
GRIA3	1.07623711144097e-05	5935	rwr	BC
PITX2	1.07597577910178e-05	5936	rwr	BC
RBMX2	1.07560658498712e-05	5937	rwr	BC
ALOX12B	1.07540239141646e-05	5938	rwr	BC
FAM27E3	1.07538730699722e-05	5939	rwr	BC
IL17RB	1.07489286182079e-05	5940	rwr	BC
VPS4B	1.07458686207055e-05	5941	rwr	BC
LRP1B	1.07451728922433e-05	5942	rwr	BC
ATP6V1C1	1.07436890313137e-05	5943	rwr	BC
BAHCC1	1.07288255858395e-05	5944	rwr	BC
TMED6	1.07231227534773e-05	5945	rwr	BC
DDX43	1.07230099823612e-05	5946	rwr	BC
SYT12	1.07143187977155e-05	5947	rwr	BC
ARHGAP44	1.07132958604925e-05	5948	rwr	BC
TRIML2	1.07073049457896e-05	5949	rwr	BC
MTMR2	1.06895729021289e-05	5950	rwr	BC
PAPOLA	1.06887367760582e-05	5951	rwr	BC
SH3YL1	1.0683705374331e-05	5952	rwr	BC
HLA-G	1.06762872634486e-05	5953	rwr	BC
RAB39B	1.06689721334994e-05	5954	rwr	BC
USB1	1.06686457655262e-05	5955	rwr	BC
APOBEC3C	1.06626074140061e-05	5956	rwr	BC
CENPN	1.06625369170133e-05	5957	rwr	BC
SLC30A7	1.06607063332825e-05	5958	rwr	BC
PRR20E	1.06536258254287e-05	5959	rwr	BC
UFC1	1.06503072186556e-05	5960	rwr	BC
LRRC8A	1.0647871762225e-05	5961	rwr	BC
VIPR1	1.06328020873213e-05	5962	rwr	BC
TTC33	1.06221455198926e-05	5963	rwr	BC
NUS1	1.0618084214064e-05	5964	rwr	BC
TRIM10	1.06113328212949e-05	5965	rwr	BC
EXTL3	1.06092039151711e-05	5966	rwr	BC
PGAM2	1.06077606071387e-05	5967	rwr	BC
GTPBP10	1.06033459115411e-05	5968	rwr	BC
CCDC43	1.059878260933e-05	5969	rwr	BC
DRG2	1.05907354124703e-05	5970	rwr	BC
ATP1A4	1.05862597255647e-05	5971	rwr	BC
ANKRD12	1.05815817069236e-05	5972	rwr	BC
ESS2	1.05773244040709e-05	5973	rwr	BC
GNG5	1.05758021373858e-05	5974	rwr	BC
LTA	1.05711443189238e-05	5975	rwr	BC
FCRL3	1.0568910762646e-05	5976	rwr	BC
VPS41	1.05672888243967e-05	5977	rwr	BC
SLC5A5	1.05629609217248e-05	5978	rwr	BC
LIMCH1	1.0560915931002e-05	5979	rwr	BC
GALNT12	1.05588614202889e-05	5980	rwr	BC
ALDH3A1	1.0557912235884e-05	5981	rwr	BC
PPP1R3D	1.05575246032437e-05	5982	rwr	BC
IFT70A	1.05549408846382e-05	5983	rwr	BC
SLC4A1	1.05482809489184e-05	5984	rwr	BC
OLFM4	1.05392274979045e-05	5985	rwr	BC
FUT1	1.05195254087684e-05	5986	rwr	BC
SFMBT2	1.05115367420427e-05	5987	rwr	BC
FAM217B	1.05086085730408e-05	5988	rwr	BC
IL9R	1.05083931767671e-05	5989	rwr	BC
TLCD4	1.04948049020987e-05	5990	rwr	BC
MZT2A	1.04942614133084e-05	5991	rwr	BC
DDHD2	1.04932657250127e-05	5992	rwr	BC
MAGEE1	1.04881370574917e-05	5993	rwr	BC
MXD4	1.04854555897646e-05	5994	rwr	BC
N4BP1	1.04810290392979e-05	5995	rwr	BC
HLA-DRB1	1.0477381315134e-05	5996	rwr	BC
EIF5A2	1.04673985353801e-05	5997	rwr	BC
TNFRSF14	1.04643599771847e-05	5998	rwr	BC
ZNF562	1.04574741962241e-05	5999	rwr	BC
INTS8	1.0455872800477e-05	6000	rwr	BC
RHOT1	1.04357704988898e-05	6001	rwr	BC
PPP2R3C	1.04292289752363e-05	6002	rwr	BC
TRIB1	1.04288264163603e-05	6003	rwr	BC
CCDC124	1.04274924229447e-05	6004	rwr	BC
SBSN	1.04253299059546e-05	6005	rwr	BC
GMEB2	1.04132400631864e-05	6006	rwr	BC
TOR1B	1.04027845603147e-05	6007	rwr	BC
RELT	1.03912145703738e-05	6008	rwr	BC
C5ORF34	1.03895736065545e-05	6009	rwr	BC
MTG1	1.03765080931235e-05	6010	rwr	BC
ABRAXAS1	1.03700162099622e-05	6011	rwr	BC
SFRP4	1.03676455474638e-05	6012	rwr	BC
MRPL40	1.03674956136556e-05	6013	rwr	BC
RABIF	1.03575775322533e-05	6014	rwr	BC
IFT46	1.03549391249172e-05	6015	rwr	BC
HAGH	1.03517861185192e-05	6016	rwr	BC
SPRY1	1.03490134810415e-05	6017	rwr	BC
HOXA10	1.03476723448086e-05	6018	rwr	BC
LINGO2	1.03461281716555e-05	6019	rwr	BC
NRROS	1.03450282333545e-05	6020	rwr	BC
PRR14L	1.03386338132881e-05	6021	rwr	BC
TMEM131	1.03368476008429e-05	6022	rwr	BC
GAL	1.0335637713697e-05	6023	rwr	BC
LONRF1	1.03269253958892e-05	6024	rwr	BC
TMX3	1.03261527081775e-05	6025	rwr	BC
FCGR1A	1.03196600725324e-05	6026	rwr	BC
PXDN	1.03048707590394e-05	6027	rwr	BC
SRSF12	1.030324787027e-05	6028	rwr	BC
CCDC117	1.03029172475537e-05	6029	rwr	BC
MAF1	1.02999140633581e-05	6030	rwr	BC
LTF	1.02995945435962e-05	6031	rwr	BC
CD93	1.02989350791184e-05	6032	rwr	BC
MRPS11	1.02954094969021e-05	6033	rwr	BC
PANK2	1.02954047735698e-05	6034	rwr	BC
PALD1	1.02902791966135e-05	6035	rwr	BC
CD59	1.02882395777057e-05	6036	rwr	BC
LRRC4	1.02845043972573e-05	6037	rwr	BC
F12	1.02816770474778e-05	6038	rwr	BC
CPLX4	1.02791918767472e-05	6039	rwr	BC
RGS17	1.02766498861481e-05	6040	rwr	BC
SDR9C7	1.02758081272418e-05	6041	rwr	BC
UBR7	1.02660796605271e-05	6042	rwr	BC
MRPL32	1.02560791830014e-05	6043	rwr	BC
TRAPPC4	1.02460640309501e-05	6044	rwr	BC
GGNBP2	1.02435753127088e-05	6045	rwr	BC
TM2D3	1.02371309366937e-05	6046	rwr	BC
ZNG1C	1.02211774695639e-05	6047	rwr	BC
TCP11L2	1.02129105548862e-05	6048	rwr	BC
CDS1	1.02117384048015e-05	6049	rwr	BC
ITGB1BP1	1.02032913577792e-05	6050	rwr	BC
ATP5MC1	1.02007279388898e-05	6051	rwr	BC
ZNF777	1.01996294220178e-05	6052	rwr	BC
CENPW	1.01954053934326e-05	6053	rwr	BC
SEC11C	1.01862031854886e-05	6054	rwr	BC
ARMCX3	1.01855243707752e-05	6055	rwr	BC
DNLZ	1.01842304012727e-05	6056	rwr	BC
LPAR6	1.01816209729456e-05	6057	rwr	BC
BSPRY	1.01793139739092e-05	6058	rwr	BC
WNT3A	1.01757492104906e-05	6059	rwr	BC
ATP5F1D	1.01664886998555e-05	6060	rwr	BC
FGA	1.01649695278896e-05	6061	rwr	BC
MKKS	1.01624246880769e-05	6062	rwr	BC
IFT27	1.01613233333296e-05	6063	rwr	BC
GCDH	1.01468895877238e-05	6064	rwr	BC
TULP4	1.01445846531968e-05	6065	rwr	BC
TRAPPC2L	1.0143333931931e-05	6066	rwr	BC
LLPH	1.01428986416498e-05	6067	rwr	BC
GPR18	1.0139459862425e-05	6068	rwr	BC
GPATCH2	1.01380016648005e-05	6069	rwr	BC
SH3BP1	1.01192857119745e-05	6070	rwr	BC
SDAD1	1.01190758822831e-05	6071	rwr	BC
POMGNT2	1.01149612894337e-05	6072	rwr	BC
TBC1D17	1.01103513932193e-05	6073	rwr	BC
ULBP1	1.01090847320933e-05	6074	rwr	BC
NOL4	1.01008377339742e-05	6075	rwr	BC
ZNF316	1.00925916737551e-05	6076	rwr	BC
RRAS2	1.0087356828364e-05	6077	rwr	BC
TEX9	1.0063466568913e-05	6078	rwr	BC
PAIP2	1.00631670231209e-05	6079	rwr	BC
ADAM32	1.0062652967169e-05	6080	rwr	BC
PHF7	1.00622236148507e-05	6081	rwr	BC
ZNF280D	1.00594171269784e-05	6082	rwr	BC
PEX3	1.00538335327523e-05	6083	rwr	BC
CTSH	1.00492151181845e-05	6084	rwr	BC
LPIN1	1.00487445541339e-05	6085	rwr	BC
EXOC6B	1.00445231883233e-05	6086	rwr	BC
CSN2	1.00370324419049e-05	6087	rwr	BC
RMDN2	1.00305205789454e-05	6088	rwr	BC
OSBP2	1.00201181400135e-05	6089	rwr	BC
ASCC1	1.00199713434533e-05	6090	rwr	BC
TSPAN7	1.00110986292805e-05	6091	rwr	BC
GALNT2	9.99994452098908e-06	6092	rwr	BC
HACD2	9.9998410505371e-06	6093	rwr	BC
SYNGR2	9.99646315904916e-06	6094	rwr	BC
KCNA10	9.99574677374591e-06	6095	rwr	BC
ARL8B	9.99070027726876e-06	6096	rwr	BC
CFAP46	9.98974446571756e-06	6097	rwr	BC
ANKS6	9.98944556946914e-06	6098	rwr	BC
TYW3	9.9846605926227e-06	6099	rwr	BC
WNT11	9.98243861971498e-06	6100	rwr	BC
COL4A1	9.98170583034137e-06	6101	rwr	BC
SGSM3	9.97955249348428e-06	6102	rwr	BC
FBLN5	9.9744540484767e-06	6103	rwr	BC
CHCHD2	9.97410663012108e-06	6104	rwr	BC
TGFBRAP1	9.96396055780621e-06	6105	rwr	BC
ATP6V0C	9.95922064176712e-06	6106	rwr	BC
ANGPTL7	9.95390355075422e-06	6107	rwr	BC
HIC2	9.95262890147368e-06	6108	rwr	BC
ANGPTL4	9.94824891483992e-06	6109	rwr	BC
MRPS17	9.94810455909938e-06	6110	rwr	BC
APRT	9.94675664571777e-06	6111	rwr	BC
PLEK	9.94419043915991e-06	6112	rwr	BC
TPPP	9.94281476220295e-06	6113	rwr	BC
RSU1	9.93841265891852e-06	6114	rwr	BC
EIF1AX	9.92697077847001e-06	6115	rwr	BC
AKAP3	9.9264042922788e-06	6116	rwr	BC
HS6ST1	9.92594059686161e-06	6117	rwr	BC
GAS7	9.91846015963231e-06	6118	rwr	BC
PDIA5	9.91619460116186e-06	6119	rwr	BC
CRYZ	9.91088966357864e-06	6120	rwr	BC
GALNS	9.90995029455952e-06	6121	rwr	BC
ABCD1	9.90763619945775e-06	6122	rwr	BC
NAT14	9.90734771309542e-06	6123	rwr	BC
RDH13	9.90639154593582e-06	6124	rwr	BC
ZFP62	9.90595962006908e-06	6125	rwr	BC
CSN3	9.90583788945032e-06	6126	rwr	BC
CTSV	9.90280782271758e-06	6127	rwr	BC
IRF2BP1	9.89620677261696e-06	6128	rwr	BC
ARHGEF17	9.89224770939254e-06	6129	rwr	BC
PDE3B	9.88170804702186e-06	6130	rwr	BC
MADD	9.88110369122268e-06	6131	rwr	BC
SMYD1	9.87899862995609e-06	6132	rwr	BC
LPAR2	9.86808350871839e-06	6133	rwr	BC
CLIC4	9.86607851237991e-06	6134	rwr	BC
ARV1	9.86315606231049e-06	6135	rwr	BC
CTDSP2	9.85730985564288e-06	6136	rwr	BC
RABEP2	9.85564084638699e-06	6137	rwr	BC
TM9SF3	9.85087798295234e-06	6138	rwr	BC
ETHE1	9.82927275828506e-06	6139	rwr	BC
GPHA2	9.82531999178029e-06	6140	rwr	BC
BCAT2	9.82386840060533e-06	6141	rwr	BC
FBXO24	9.82170361483087e-06	6142	rwr	BC
P2RX4	9.81540582124196e-06	6143	rwr	BC
HPCA	9.81289695008925e-06	6144	rwr	BC
THNSL1	9.80661626541956e-06	6145	rwr	BC
FADS3	9.79936762582567e-06	6146	rwr	BC
FBXL3	9.79796422974439e-06	6147	rwr	BC
FBXL8	9.79409007965857e-06	6148	rwr	BC
MYEF2	9.79037450087354e-06	6149	rwr	BC
PKD2	9.78902424922547e-06	6150	rwr	BC
FUT3	9.76266996478878e-06	6151	rwr	BC
TEFM	9.75853769643336e-06	6152	rwr	BC
TDO2	9.75631712836259e-06	6153	rwr	BC
BCL2L15	9.75263833573776e-06	6154	rwr	BC
NDUFAF3	9.74665302785004e-06	6155	rwr	BC
CNTNAP3	9.74259202043602e-06	6156	rwr	BC
SKIC8	9.73899905313693e-06	6157	rwr	BC
AMPD2	9.73712873140283e-06	6158	rwr	BC
STK32C	9.73526706387291e-06	6159	rwr	BC
TTC8	9.73165334218878e-06	6160	rwr	BC
HASPIN	9.73164764947548e-06	6161	rwr	BC
PFKFB4	9.73011641668422e-06	6162	rwr	BC
TCEA2	9.72916698693498e-06	6163	rwr	BC
MUSK	9.71314649492589e-06	6164	rwr	BC
BCL2L13	9.70887938356521e-06	6165	rwr	BC
FGL2	9.70763243460561e-06	6166	rwr	BC
SCFD2	9.69767689521843e-06	6167	rwr	BC
RNF214	9.69461853310719e-06	6168	rwr	BC
USH1C	9.69413121640275e-06	6169	rwr	BC
GORAB	9.6889140729138e-06	6170	rwr	BC
HDHD3	9.68829936534416e-06	6171	rwr	BC
TENM3	9.66183146059447e-06	6172	rwr	BC
ZNF445	9.65531037340391e-06	6173	rwr	BC
LRRC47	9.65014027638363e-06	6174	rwr	BC
NFE2L3	9.64149966022052e-06	6175	rwr	BC
KCNT2	9.63798655922607e-06	6176	rwr	BC
HOXC8	9.63769841442699e-06	6177	rwr	BC
ATP6V1B1	9.63005913549386e-06	6178	rwr	BC
EBP	9.62730238512698e-06	6179	rwr	BC
CDH10	9.60865012905118e-06	6180	rwr	BC
IMMP1L	9.60691112944908e-06	6181	rwr	BC
PDP2	9.60471530287409e-06	6182	rwr	BC
PHF20L1	9.58853595064604e-06	6183	rwr	BC
SNX8	9.58282844079522e-06	6184	rwr	BC
SDCCAG8	9.57517449005507e-06	6185	rwr	BC
NRN1	9.57185351860935e-06	6186	rwr	BC
HSD3B2	9.56697199104748e-06	6187	rwr	BC
STX1B	9.56140079727392e-06	6188	rwr	BC
SHQ1	9.55781084735925e-06	6189	rwr	BC
MAP3K9	9.55246732836445e-06	6190	rwr	BC
FOXF2	9.54925089860362e-06	6191	rwr	BC
AK1	9.54728159504285e-06	6192	rwr	BC
HEATR6	9.54332395106777e-06	6193	rwr	BC
GLDC	9.53593493771095e-06	6194	rwr	BC
PNPO	9.52610091414368e-06	6195	rwr	BC
MYF6	9.52556714851512e-06	6196	rwr	BC
BSCL2	9.52393747764956e-06	6197	rwr	BC
RNASEL	9.51913945843526e-06	6198	rwr	BC
KDELR1	9.51512532589527e-06	6199	rwr	BC
NAA20	9.51207966871345e-06	6200	rwr	BC
NAMPT	9.50549146447569e-06	6201	rwr	BC
ZC2HC1A	9.50433739122878e-06	6202	rwr	BC
HPD	9.48952184893631e-06	6203	rwr	BC
FHOD1	9.4870765154058e-06	6204	rwr	BC
HSPA14	9.48704930908644e-06	6205	rwr	BC
ALPI	9.48613861977787e-06	6206	rwr	BC
SPRING1	9.47858504730999e-06	6207	rwr	BC
RWDD2B	9.47818724937103e-06	6208	rwr	BC
GC	9.46770508464561e-06	6209	rwr	BC
ZFPM1	9.46643046150286e-06	6210	rwr	BC
MAP3K21	9.46185430191234e-06	6211	rwr	BC
MRPL43	9.45929406518922e-06	6212	rwr	BC
ZNF501	9.45743510746456e-06	6213	rwr	BC
SLIT2	9.4540447531543e-06	6214	rwr	BC
NHLH2	9.44781374815851e-06	6215	rwr	BC
GRHL2	9.44442556138635e-06	6216	rwr	BC
EID2	9.43703179126282e-06	6217	rwr	BC
RAB34	9.43392486173942e-06	6218	rwr	BC
SLC2A8	9.42976080284496e-06	6219	rwr	BC
BEND7	9.42102190873441e-06	6220	rwr	BC
LUZP4	9.41646523703571e-06	6221	rwr	BC
ARHGAP29	9.41488009214883e-06	6222	rwr	BC
CDK10	9.3996791408917e-06	6223	rwr	BC
MAGEA9	9.38159747499545e-06	6224	rwr	BC
LAMA5	9.38037491620204e-06	6225	rwr	BC
PON1	9.37879640663491e-06	6226	rwr	BC
PATJ	9.37678981499349e-06	6227	rwr	BC
HGFAC	9.3698221754098e-06	6228	rwr	BC
COL4A2	9.36857726178216e-06	6229	rwr	BC
MAB21L2	9.35834980400361e-06	6230	rwr	BC
PALS2	9.35648774603127e-06	6231	rwr	BC
PHF23	9.35185504568958e-06	6232	rwr	BC
TMED7	9.34852783865535e-06	6233	rwr	BC
CNKSR3	9.34255973193529e-06	6234	rwr	BC
NOL4L	9.34061205574057e-06	6235	rwr	BC
BUD31	9.33080125087066e-06	6236	rwr	BC
FAM177A1	9.3293405957391e-06	6237	rwr	BC
SRM	9.3283088877924e-06	6238	rwr	BC
DHCR7	9.32763578872792e-06	6239	rwr	BC
FASTKD2	9.3258292428727e-06	6240	rwr	BC
ZNF214	9.31602715651167e-06	6241	rwr	BC
SSR3	9.31371023461033e-06	6242	rwr	BC
RASSF4	9.31062190039577e-06	6243	rwr	BC
ARSB	9.29892641193966e-06	6244	rwr	BC
STS	9.29266633957623e-06	6245	rwr	BC
ACSF3	9.28599443004085e-06	6246	rwr	BC
ZC3H8	9.28394463761717e-06	6247	rwr	BC
AGK	9.2789272737349e-06	6248	rwr	BC
SERPINB1	9.27720376001967e-06	6249	rwr	BC
SLC2A5	9.27353502799776e-06	6250	rwr	BC
PMVK	9.27243473491266e-06	6251	rwr	BC
SCRN1	9.27219165655245e-06	6252	rwr	BC
TCP11L1	9.26679090962282e-06	6253	rwr	BC
PARVG	9.2660557901092e-06	6254	rwr	BC
OAS3	9.26600585218604e-06	6255	rwr	BC
VPS53	9.26255758034182e-06	6256	rwr	BC
MYH7	9.25618575223541e-06	6257	rwr	BC
LAPTM4A	9.2469122037128e-06	6258	rwr	BC
KCTD4	9.24326570122997e-06	6259	rwr	BC
TLX3	9.241401198724e-06	6260	rwr	BC
OTX1	9.23085317546027e-06	6261	rwr	BC
SETMAR	9.22657004201439e-06	6262	rwr	BC
ABAT	9.22515665255191e-06	6263	rwr	BC
GJC1	9.22358184771225e-06	6264	rwr	BC
SPATS2	9.21305323252884e-06	6265	rwr	BC
GPR161	9.20517182455573e-06	6266	rwr	BC
DNAJC18	9.20444862768846e-06	6267	rwr	BC
TSKS	9.19766084293676e-06	6268	rwr	BC
CBR1	9.19539705712788e-06	6269	rwr	BC
PCBD1	9.19452902811435e-06	6270	rwr	BC
IFT80	9.1883855767893e-06	6271	rwr	BC
FTO	9.18165773284873e-06	6272	rwr	BC
PRKD3	9.18102077811041e-06	6273	rwr	BC
ULK2	9.17750351674079e-06	6274	rwr	BC
KNL1	9.17741297668479e-06	6275	rwr	BC
ZFHX3	9.17656423147645e-06	6276	rwr	BC
CAMK1G	9.17503707700949e-06	6277	rwr	BC
ZNF324	9.17180664040179e-06	6278	rwr	BC
SPTLC1	9.17029761927173e-06	6279	rwr	BC
S1PR2	9.16806804215999e-06	6280	rwr	BC
HLF	9.14365436913691e-06	6281	rwr	BC
CAPNS2	9.14318764877811e-06	6282	rwr	BC
CCDC68	9.14205388505375e-06	6283	rwr	BC
IFIT1	9.11964722247135e-06	6284	rwr	BC
IGHG3	9.11414895759792e-06	6285	rwr	BC
SPATA22	9.10944105182079e-06	6286	rwr	BC
CRIPTO	9.09570459178375e-06	6287	rwr	BC
SGPP1	9.08820129115232e-06	6288	rwr	BC
RPS6KC1	9.08685648700792e-06	6289	rwr	BC
FAR1	9.08601689310577e-06	6290	rwr	BC
THSD4	9.08494241270282e-06	6291	rwr	BC
FOXRED2	9.08209088940483e-06	6292	rwr	BC
DECR1	9.07149484033243e-06	6293	rwr	BC
ANKRD50	9.07041778292592e-06	6294	rwr	BC
SLC39A6	9.06673493323538e-06	6295	rwr	BC
YJU2B	9.0643837284476e-06	6296	rwr	BC
NDUFA4L2	9.05302704887725e-06	6297	rwr	BC
PAFAH1B2	9.04653665966036e-06	6298	rwr	BC
IFNA21	9.04602874486063e-06	6299	rwr	BC
TPSB2	9.0402367201247e-06	6300	rwr	BC
SMPD2	9.03736675685965e-06	6301	rwr	BC
IST1	9.03153443773024e-06	6302	rwr	BC
HOMEZ	9.02869055670411e-06	6303	rwr	BC
CMTM5	9.02844244902472e-06	6304	rwr	BC
CHSY1	9.01830460996341e-06	6305	rwr	BC
ZNF165	9.0175793416637e-06	6306	rwr	BC
THEM6	9.01419017644869e-06	6307	rwr	BC
TIMP3	9.01325085783412e-06	6308	rwr	BC
FKRP	9.00914377846627e-06	6309	rwr	BC
SEMG2	9.0012392650238e-06	6310	rwr	BC
CNN2	8.99142461735808e-06	6311	rwr	BC
GFPT1	8.9886055425857e-06	6312	rwr	BC
LSM11	8.98814749097708e-06	6313	rwr	BC
MT-ND1	8.98481006755988e-06	6314	rwr	BC
FAM222A	8.98136450713838e-06	6315	rwr	BC
LRRN2	8.98019339227011e-06	6316	rwr	BC
B3GALNT1	8.97490609722377e-06	6317	rwr	BC
STMN2	8.97073684089781e-06	6318	rwr	BC
C1QB	8.96839739349886e-06	6319	rwr	BC
DFFB	8.96836153834974e-06	6320	rwr	BC
LTBP4	8.96585379922961e-06	6321	rwr	BC
NHLH1	8.96479669500026e-06	6322	rwr	BC
GPR141	8.9552354044736e-06	6323	rwr	BC
FAM187B	8.95471766035258e-06	6324	rwr	BC
DDHD1	8.9441250817694e-06	6325	rwr	BC
AIDA	8.93723802604458e-06	6326	rwr	BC
IDH3A	8.93405523025549e-06	6327	rwr	BC
INPP5E	8.9318065532452e-06	6328	rwr	BC
CCR1	8.92684600878371e-06	6329	rwr	BC
KHDC4	8.92029391703384e-06	6330	rwr	BC
TYROBP	8.91237135430987e-06	6331	rwr	BC
PTGDS	8.90956227416711e-06	6332	rwr	BC
PDF	8.89891714473655e-06	6333	rwr	BC
RAB33B	8.88845874164489e-06	6334	rwr	BC
ACAA1	8.8831832188671e-06	6335	rwr	BC
MAT1A	8.88102641438115e-06	6336	rwr	BC
TBCE	8.87692694942991e-06	6337	rwr	BC
PHKA2	8.86977824166085e-06	6338	rwr	BC
CPA4	8.85927462214168e-06	6339	rwr	BC
EXOG	8.85779580743322e-06	6340	rwr	BC
ATAT1	8.84980033041324e-06	6341	rwr	BC
KRT34	8.8463515046117e-06	6342	rwr	BC
EPDR1	8.83061177422151e-06	6343	rwr	BC
HLA-DRA	8.82846771446123e-06	6344	rwr	BC
DDX19A	8.81778149412368e-06	6345	rwr	BC
CHRDL1	8.81224185815482e-06	6346	rwr	BC
CGRRF1	8.81094983592739e-06	6347	rwr	BC
GPX8	8.80382013738559e-06	6348	rwr	BC
DCXR	8.79814452336319e-06	6349	rwr	BC
CLEC16A	8.79437561204382e-06	6350	rwr	BC
ANK1	8.77990012090751e-06	6351	rwr	BC
ONECUT1	8.77823766116214e-06	6352	rwr	BC
RSRP1	8.77290880594619e-06	6353	rwr	BC
ALDH7A1	8.77069996838866e-06	6354	rwr	BC
CACNG2	8.76934293490538e-06	6355	rwr	BC
MRPS21	8.7665847772041e-06	6356	rwr	BC
RPS19BP1	8.76280566374487e-06	6357	rwr	BC
ACOT2	8.76187303307715e-06	6358	rwr	BC
PHF11	8.75460026404217e-06	6359	rwr	BC
BIN3	8.72674361223278e-06	6360	rwr	BC
TBC1D9	8.72558544898056e-06	6361	rwr	BC
PDLIM4	8.72490639311987e-06	6362	rwr	BC
PITHD1	8.72456640779152e-06	6363	rwr	BC
RBFOX3	8.72383292969872e-06	6364	rwr	BC
ADCY3	8.72294481542173e-06	6365	rwr	BC
SLC2A2	8.72154526993671e-06	6366	rwr	BC
ADIPOR1	8.72092664805134e-06	6367	rwr	BC
DHX35	8.71647039836867e-06	6368	rwr	BC
TCL1B	8.71192935468547e-06	6369	rwr	BC
CDH13	8.70533938301397e-06	6370	rwr	BC
SULF1	8.69442525093247e-06	6371	rwr	BC
IFT88	8.69414802582185e-06	6372	rwr	BC
PPP2R5B	8.68778428967977e-06	6373	rwr	BC
HOPX	8.67933138253933e-06	6374	rwr	BC
TRIM56	8.67836056176857e-06	6375	rwr	BC
CNOT9	8.67280078386913e-06	6376	rwr	BC
GALNT11	8.66240923514371e-06	6377	rwr	BC
LCORL	8.65753824533947e-06	6378	rwr	BC
TFEB	8.65581871497153e-06	6379	rwr	BC
RYR1	8.6551455390903e-06	6380	rwr	BC
GLIPR1	8.65209367894935e-06	6381	rwr	BC
PDCD2	8.651875958152e-06	6382	rwr	BC
FABP1	8.64963261585583e-06	6383	rwr	BC
PLEKHA3	8.64582505524448e-06	6384	rwr	BC
MAB21L1	8.64090166791539e-06	6385	rwr	BC
GPRC5B	8.64084686266453e-06	6386	rwr	BC
LILRB1	8.62501411645805e-06	6387	rwr	BC
SLC25A16	8.62385540429269e-06	6388	rwr	BC
ZNF223	8.62239007999987e-06	6389	rwr	BC
TSSK1B	8.6194235039492e-06	6390	rwr	BC
ALDOC	8.61898137729753e-06	6391	rwr	BC
TLE5	8.60719898465681e-06	6392	rwr	BC
PVRIG	8.60399814789537e-06	6393	rwr	BC
PKDCC	8.60299575891616e-06	6394	rwr	BC
CHCHD6	8.59858792151128e-06	6395	rwr	BC
ZSWIM2	8.59580053086749e-06	6396	rwr	BC
EPHB3	8.59058051386002e-06	6397	rwr	BC
CD244	8.58581118363868e-06	6398	rwr	BC
DNASE1L2	8.58493816926265e-06	6399	rwr	BC
KCTD18	8.58379413110908e-06	6400	rwr	BC
POGK	8.5728623146582e-06	6401	rwr	BC
TIMP2	8.56487333179198e-06	6402	rwr	BC
PAPSS2	8.56089384159774e-06	6403	rwr	BC
SAR1A	8.55695710640651e-06	6404	rwr	BC
ZNF74	8.5478411502091e-06	6405	rwr	BC
SPTLC2	8.54760512871578e-06	6406	rwr	BC
KRIT1	8.54603779483106e-06	6407	rwr	BC
SECISBP2L	8.54510756069329e-06	6408	rwr	BC
DNAAF4	8.53756270139462e-06	6409	rwr	BC
FCN1	8.53418796402727e-06	6410	rwr	BC
CLIC2	8.52201839748979e-06	6411	rwr	BC
GNG7	8.51706212384025e-06	6412	rwr	BC
RABGAP1L	8.51483990253547e-06	6413	rwr	BC
LENG1	8.51326413596437e-06	6414	rwr	BC
RPP25L	8.51071805359077e-06	6415	rwr	BC
FBXO15	8.50902461243643e-06	6416	rwr	BC
SFI1	8.50291411023217e-06	6417	rwr	BC
IKBIP	8.49800145107225e-06	6418	rwr	BC
ANKRD49	8.49259462213689e-06	6419	rwr	BC
DDX55	8.48857220931997e-06	6420	rwr	BC
KRT77	8.48837603418791e-06	6421	rwr	BC
PM20D2	8.48799282468101e-06	6422	rwr	BC
NMT1	8.4795687789927e-06	6423	rwr	BC
SPATA2L	8.46872390667051e-06	6424	rwr	BC
MGME1	8.46867236621198e-06	6425	rwr	BC
PDZD7	8.46227234235523e-06	6426	rwr	BC
TSPAN17	8.45968703971343e-06	6427	rwr	BC
RAPSN	8.45737597286735e-06	6428	rwr	BC
RP9	8.45717861288456e-06	6429	rwr	BC
SELENBP1	8.45199546774718e-06	6430	rwr	BC
IFT52	8.44444293249494e-06	6431	rwr	BC
EHD4	8.44077257944709e-06	6432	rwr	BC
TIMM10	8.42906940047348e-06	6433	rwr	BC
TRPM7	8.42710914523582e-06	6434	rwr	BC
PLEKHH2	8.41001659903783e-06	6435	rwr	BC
HIRIP3	8.39029712320864e-06	6436	rwr	BC
FAM111A	8.38970887894563e-06	6437	rwr	BC
CELA3A	8.38144685451307e-06	6438	rwr	BC
KERA	8.37522543599678e-06	6439	rwr	BC
FGGY	8.35648158926351e-06	6440	rwr	BC
KIAA1191	8.35182426511921e-06	6441	rwr	BC
JAM2	8.34847812495329e-06	6442	rwr	BC
RBSN	8.34600653795993e-06	6443	rwr	BC
NCOA7	8.34438563102325e-06	6444	rwr	BC
FYB1	8.33546808746226e-06	6445	rwr	BC
ZFP64	8.32401045693423e-06	6446	rwr	BC
NAPB	8.32283714047704e-06	6447	rwr	BC
DARS1	8.322100953481e-06	6448	rwr	BC
VSX1	8.31945546124727e-06	6449	rwr	BC
NRSN2	8.30888816484374e-06	6450	rwr	BC
PARP4	8.30064501263247e-06	6451	rwr	BC
LGALS12	8.29901483130996e-06	6452	rwr	BC
FN3KRP	8.29169237155125e-06	6453	rwr	BC
GCN1	8.28083907174412e-06	6454	rwr	BC
TSHB	8.28083631732308e-06	6455	rwr	BC
HGF	8.27914123725339e-06	6456	rwr	BC
RSPH9	8.27613703474023e-06	6457	rwr	BC
ZNF668	8.27540890762351e-06	6458	rwr	BC
CTC1	8.27373959795602e-06	6459	rwr	BC
GRK4	8.27229742818424e-06	6460	rwr	BC
PRSS37	8.26796990656285e-06	6461	rwr	BC
TAT	8.26676080586327e-06	6462	rwr	BC
EMC6	8.25414529869652e-06	6463	rwr	BC
FAM241A	8.25248912243172e-06	6464	rwr	BC
ATL2	8.24851072084258e-06	6465	rwr	BC
LIPG	8.24771296902744e-06	6466	rwr	BC
DIPK1A	8.24434831044229e-06	6467	rwr	BC
GATB	8.23909005592068e-06	6468	rwr	BC
SLC25A15	8.23881670289391e-06	6469	rwr	BC
MYOM2	8.23109773207799e-06	6470	rwr	BC
SAT2	8.22556243349512e-06	6471	rwr	BC
OGDHL	8.22257976033989e-06	6472	rwr	BC
PALS1	8.21703416249034e-06	6473	rwr	BC
VTA1	8.21571527389321e-06	6474	rwr	BC
SYT-SSX2	8.2144102392418e-06	6475	rwr	BC
CCPG1	8.213640125438e-06	6476	rwr	BC
PLEKHF2	8.20600442538097e-06	6477	rwr	BC
PPP1R37	8.19459081521335e-06	6478	rwr	BC
WDR70	8.19440500986765e-06	6479	rwr	BC
ADRB1	8.19365548554024e-06	6480	rwr	BC
PWWP2B	8.19341346448883e-06	6481	rwr	BC
RDH11	8.19285604181778e-06	6482	rwr	BC
WDR55	8.18659617286789e-06	6483	rwr	BC
HESX1	8.18577035122677e-06	6484	rwr	BC
UNC13B	8.18450408907255e-06	6485	rwr	BC
GNGT1	8.17459619491231e-06	6486	rwr	BC
ZNF747	8.1740786430609e-06	6487	rwr	BC
H1-3	8.15783045257867e-06	6488	rwr	BC
PNISR	8.15462446066454e-06	6489	rwr	BC
APIP	8.15040155610012e-06	6490	rwr	BC
AHI1	8.15012871726214e-06	6491	rwr	BC
ST3GAL1	8.14744159617833e-06	6492	rwr	BC
ARHGAP26	8.14662270174969e-06	6493	rwr	BC
FOXD4L6	8.14636901621789e-06	6494	rwr	BC
EMILIN2	8.1435371500841e-06	6495	rwr	BC
HOXC4	8.14206497291702e-06	6496	rwr	BC
VSNL1	8.13640534758576e-06	6497	rwr	BC
MRPL34	8.13302245102654e-06	6498	rwr	BC
MAGEB4	8.13093469227228e-06	6499	rwr	BC
ANKRD13C	8.128021435776e-06	6500	rwr	BC
SMAP1	8.12799862426559e-06	6501	rwr	BC
LARS2	8.12171680001087e-06	6502	rwr	BC
MOCS3	8.12109297230993e-06	6503	rwr	BC
EMILIN3	8.11931793858723e-06	6504	rwr	BC
CAMKK1	8.11306893889102e-06	6505	rwr	BC
FBXL15	8.11185877228055e-06	6506	rwr	BC
MAP1LC3B2	8.11121818307643e-06	6507	rwr	BC
PEX10	8.1084260371957e-06	6508	rwr	BC
ELOC	8.10074958229983e-06	6509	rwr	BC
TFB1M	8.09980151790621e-06	6510	rwr	BC
ICAM3	8.09473651248031e-06	6511	rwr	BC
S100A3	8.08237441053936e-06	6512	rwr	BC
ACOT8	8.08094380477043e-06	6513	rwr	BC
UGT1A10	8.07959882144914e-06	6514	rwr	BC
STOX2	8.06506278310108e-06	6515	rwr	BC
EPRS1	8.0650217236165e-06	6516	rwr	BC
KIF24	8.06338702548487e-06	6517	rwr	BC
CELF5	8.04780081816268e-06	6518	rwr	BC
OR5F1	8.04736105253538e-06	6519	rwr	BC
PLP1	8.04564544237117e-06	6520	rwr	BC
HLA-DPB1	8.04062460771174e-06	6521	rwr	BC
PAM16	8.03295743918797e-06	6522	rwr	BC
GLUD2	8.02259513871136e-06	6523	rwr	BC
NAALAD2	8.01679166880798e-06	6524	rwr	BC
GTF2A2	8.00846902529379e-06	6525	rwr	BC
CKM	7.99671093214486e-06	6526	rwr	BC
LRCH4	7.99512454283144e-06	6527	rwr	BC
TTF1	7.9933324401975e-06	6528	rwr	BC
ZDHHC23	7.9889760324455e-06	6529	rwr	BC
GRID2IP	7.98828124279384e-06	6530	rwr	BC
C1QA	7.97945622556145e-06	6531	rwr	BC
GPATCH1	7.97795823284676e-06	6532	rwr	BC
KASH5	7.97696453742231e-06	6533	rwr	BC
CDK2AP2	7.97570479336798e-06	6534	rwr	BC
THAP7	7.9671527387309e-06	6535	rwr	BC
RBMXL1	7.96465231514038e-06	6536	rwr	BC
WASHC5	7.96160022304984e-06	6537	rwr	BC
METTL6	7.95762344119991e-06	6538	rwr	BC
ACO1	7.9514070386019e-06	6539	rwr	BC
ZNF335	7.94843799701472e-06	6540	rwr	BC
TBC1D32	7.9480184498932e-06	6541	rwr	BC
ITPRIP	7.93415792283388e-06	6542	rwr	BC
DCAF12L2	7.9292901758514e-06	6543	rwr	BC
CALB1	7.91882874688048e-06	6544	rwr	BC
MAGEE2	7.91494738436574e-06	6545	rwr	BC
PBLD	7.91403838583673e-06	6546	rwr	BC
VSX2	7.91041379398866e-06	6547	rwr	BC
GALT	7.90983688158598e-06	6548	rwr	BC
C18ORF21	7.90968269357572e-06	6549	rwr	BC
NDUFA3	7.90776873188349e-06	6550	rwr	BC
DPH2	7.90455147246905e-06	6551	rwr	BC
ALG10	7.89970833118883e-06	6552	rwr	BC
DDAH2	7.89514876198926e-06	6553	rwr	BC
SLC27A6	7.89209156038953e-06	6554	rwr	BC
TSGA10	7.88473530155217e-06	6555	rwr	BC
DTD1	7.88466514381186e-06	6556	rwr	BC
TRAPPC12	7.88360217970737e-06	6557	rwr	BC
C1ORF122	7.88358926802547e-06	6558	rwr	BC
ITPK1	7.87972895731563e-06	6559	rwr	BC
SCG3	7.87605568564345e-06	6560	rwr	BC
SCAMP2	7.87600489924869e-06	6561	rwr	BC
RGS19	7.87502890066805e-06	6562	rwr	BC
ANKRD39	7.86925060880454e-06	6563	rwr	BC
CTSG	7.86496223398306e-06	6564	rwr	BC
AKR1B10	7.85850167463811e-06	6565	rwr	BC
GAL3ST1	7.85338690381905e-06	6566	rwr	BC
B4GALT4	7.85061952311146e-06	6567	rwr	BC
IMP4	7.84795541590271e-06	6568	rwr	BC
ALX3	7.84664928948696e-06	6569	rwr	BC
LGALS7	7.84310135810608e-06	6570	rwr	BC
TMEM63B	7.84049307002745e-06	6571	rwr	BC
OAS1	7.83986136527884e-06	6572	rwr	BC
IER5	7.83831607761003e-06	6573	rwr	BC
ATIC	7.83798867688754e-06	6574	rwr	BC
OPRD1	7.82295358128035e-06	6575	rwr	BC
HEG1	7.82263747333893e-06	6576	rwr	BC
PRAF2	7.81846767135228e-06	6577	rwr	BC
ATG2A	7.80861255507215e-06	6578	rwr	BC
UGT8	7.8075186993246e-06	6579	rwr	BC
ALOX5AP	7.80414108519478e-06	6580	rwr	BC
ABCB10	7.7984914548667e-06	6581	rwr	BC
VARS1	7.79632807822887e-06	6582	rwr	BC
RTL8C	7.79394064410428e-06	6583	rwr	BC
TNFRSF17	7.79389249438597e-06	6584	rwr	BC
GALK1	7.78991657502392e-06	6585	rwr	BC
UROD	7.78602156575369e-06	6586	rwr	BC
CLSTN1	7.781016797522e-06	6587	rwr	BC
DPCD	7.77921245626476e-06	6588	rwr	BC
VMAC	7.77573921098853e-06	6589	rwr	BC
ITGB8	7.77033489085771e-06	6590	rwr	BC
DYNLRB2	7.76656552346968e-06	6591	rwr	BC
ARL6IP6	7.76580923950606e-06	6592	rwr	BC
GOT2	7.76154122958452e-06	6593	rwr	BC
MOB2	7.75897384904985e-06	6594	rwr	BC
NOP10	7.7415801217181e-06	6595	rwr	BC
NCR3	7.7376647997006e-06	6596	rwr	BC
HMCES	7.73501031470419e-06	6597	rwr	BC
ENPP4	7.72646548333165e-06	6598	rwr	BC
ABHD14A	7.72617267178619e-06	6599	rwr	BC
CISD3	7.72136948110531e-06	6600	rwr	BC
RIBC1	7.7131441074262e-06	6601	rwr	BC
CCDC146	7.71037635576582e-06	6602	rwr	BC
PROX1	7.70865417358267e-06	6603	rwr	BC
VARS2	7.70517496136154e-06	6604	rwr	BC
ZNF212	7.7048754203588e-06	6605	rwr	BC
SLC44A5	7.7039173428354e-06	6606	rwr	BC
ILKAP	7.70096635742454e-06	6607	rwr	BC
MYO3B	7.70087029455652e-06	6608	rwr	BC
FMC1	7.69579731166147e-06	6609	rwr	BC
SGCG	7.69315342377633e-06	6610	rwr	BC
ARHGEF35	7.68181492167504e-06	6611	rwr	BC
PIGR	7.66704078353741e-06	6612	rwr	BC
PRUNE1	7.66645969136431e-06	6613	rwr	BC
KLHL25	7.66527603183551e-06	6614	rwr	BC
FAM221A	7.66253275090791e-06	6615	rwr	BC
MTFR2	7.65459425306795e-06	6616	rwr	BC
EPHX1	7.65392810503374e-06	6617	rwr	BC
SIX4	7.64330795661953e-06	6618	rwr	BC
NT5DC1	7.63942972826415e-06	6619	rwr	BC
ST3GAL2	7.63717793727685e-06	6620	rwr	BC
ME1	7.63603640633652e-06	6621	rwr	BC
CPNE1	7.6327423974041e-06	6622	rwr	BC
DNAAF2	7.62867325460222e-06	6623	rwr	BC
TECPR2	7.6273359502633e-06	6624	rwr	BC
SPATS2L	7.62157332721107e-06	6625	rwr	BC
VPS13B	7.61499450555631e-06	6626	rwr	BC
CADM1	7.61468128709591e-06	6627	rwr	BC
DNALI1	7.60201492729426e-06	6628	rwr	BC
WDR47	7.6006468008835e-06	6629	rwr	BC
LYPD6	7.59965776199011e-06	6630	rwr	BC
MLLT11	7.59801336878308e-06	6631	rwr	BC
TEC	7.59763087969441e-06	6632	rwr	BC
TMEM120B	7.59459696330857e-06	6633	rwr	BC
ZNF8	7.58239699070255e-06	6634	rwr	BC
BPIFB1	7.58126200896744e-06	6635	rwr	BC
BABAM2	7.58026546671653e-06	6636	rwr	BC
COL9A3	7.57930942165953e-06	6637	rwr	BC
SLC14A2	7.56628373529296e-06	6638	rwr	BC
TM9SF4	7.5631793045645e-06	6639	rwr	BC
DCBLD1	7.56225511863576e-06	6640	rwr	BC
RBM48	7.56192420789478e-06	6641	rwr	BC
KHNYN	7.55927892651848e-06	6642	rwr	BC
MRPL14	7.55521928796363e-06	6643	rwr	BC
CAPN15	7.55283168040251e-06	6644	rwr	BC
LILRB3	7.54952902676016e-06	6645	rwr	BC
ZSCAN23	7.54846417091463e-06	6646	rwr	BC
DTX4	7.54004499286897e-06	6647	rwr	BC
ABCC5	7.53991279511452e-06	6648	rwr	BC
TRIM45	7.5216032805831e-06	6649	rwr	BC
IGDCC4	7.51557733364828e-06	6650	rwr	BC
FSHR	7.50538796485072e-06	6651	rwr	BC
PRSS50	7.50031096121056e-06	6652	rwr	BC
APOL2	7.50018260558504e-06	6653	rwr	BC
RBPMS2	7.49584315484071e-06	6654	rwr	BC
MYOZ2	7.49448525849744e-06	6655	rwr	BC
DNAAF11	7.4932160483291e-06	6656	rwr	BC
ZSWIM8	7.49294825353385e-06	6657	rwr	BC
TMIGD1	7.48712213627781e-06	6658	rwr	BC
ZNF627	7.48327678450362e-06	6659	rwr	BC
SNAPC1	7.48002350414973e-06	6660	rwr	BC
NDUFAB1	7.47975281426239e-06	6661	rwr	BC
IL19	7.4790645874787e-06	6662	rwr	BC
HSPB9	7.4760468197264e-06	6663	rwr	BC
GLB1L2	7.47424961120243e-06	6664	rwr	BC
MRPL48	7.46668469826109e-06	6665	rwr	BC
DCAF17	7.46226084254863e-06	6666	rwr	BC
ZNF670	7.46145427152054e-06	6667	rwr	BC
AAMP	7.4531755372157e-06	6668	rwr	BC
E2F5	7.45054073695041e-06	6669	rwr	BC
POTEKP	7.4473123709529e-06	6670	rwr	BC
CCZ1B	7.44570258420438e-06	6671	rwr	BC
TMED5	7.44311189366228e-06	6672	rwr	BC
NOA1	7.44299875606815e-06	6673	rwr	BC
CKMT1A	7.43852860368227e-06	6674	rwr	BC
COL5A1	7.43756756756895e-06	6675	rwr	BC
REEP1	7.43052276063728e-06	6676	rwr	BC
ZNF44	7.42848719079257e-06	6677	rwr	BC
RBM38	7.42578425965342e-06	6678	rwr	BC
CST3	7.42214582489217e-06	6679	rwr	BC
RND2	7.41944543934255e-06	6680	rwr	BC
OCC1	7.41089946546952e-06	6681	rwr	BC
MYO1F	7.41031258404438e-06	6682	rwr	BC
IFT25	7.40998742240097e-06	6683	rwr	BC
BDH1	7.40815943054369e-06	6684	rwr	BC
SFSWAP	7.40804169792375e-06	6685	rwr	BC
ORMDL2	7.40570243164213e-06	6686	rwr	BC
ITPA	7.40544154591649e-06	6687	rwr	BC
CBR3	7.39632902564349e-06	6688	rwr	BC
MAPK13	7.39246212269301e-06	6689	rwr	BC
TRIM34	7.38955660816079e-06	6690	rwr	BC
METAP1	7.38947195724957e-06	6691	rwr	BC
ZNF579	7.38934769380079e-06	6692	rwr	BC
ARHGAP42	7.38933661779481e-06	6693	rwr	BC
TUBA8	7.38565852461785e-06	6694	rwr	BC
ZNF629	7.37518383487841e-06	6695	rwr	BC
SNAP47	7.36994882343859e-06	6696	rwr	BC
CCDC107	7.36363575551496e-06	6697	rwr	BC
OSBPL10	7.36202282948856e-06	6698	rwr	BC
SPCS1	7.35854678996744e-06	6699	rwr	BC
ABTB2	7.35125385834211e-06	6700	rwr	BC
LOX	7.34112287279546e-06	6701	rwr	BC
POP5	7.34109111210396e-06	6702	rwr	BC
SESTD1	7.34058976340061e-06	6703	rwr	BC
TBC1D10A	7.33450174873759e-06	6704	rwr	BC
ENSA	7.33113903343314e-06	6705	rwr	BC
RIOX2	7.32535969402539e-06	6706	rwr	BC
SERPINF1	7.32460728653707e-06	6707	rwr	BC
A4GNT	7.32179576789784e-06	6708	rwr	BC
TAS2R7	7.31792817337802e-06	6709	rwr	BC
FBXO16	7.31758045765799e-06	6710	rwr	BC
CT55	7.31537128055891e-06	6711	rwr	BC
TMEM39B	7.3148278429263e-06	6712	rwr	BC
RNASE7	7.30119301611387e-06	6713	rwr	BC
CPSF4L	7.28939607525874e-06	6714	rwr	BC
ALOXE3	7.28384651576724e-06	6715	rwr	BC
SLC33A1	7.26322367532917e-06	6716	rwr	BC
ATG16L2	7.26321143705906e-06	6717	rwr	BC
GNAT2	7.25219973169625e-06	6718	rwr	BC
SUMO1P1	7.25142658802277e-06	6719	rwr	BC
SNX11	7.24252370454989e-06	6720	rwr	BC
CRABP2	7.23266168986541e-06	6721	rwr	BC
NT5DC2	7.2317815635971e-06	6722	rwr	BC
CRHBP	7.22826823749167e-06	6723	rwr	BC
SCARB2	7.22200352599174e-06	6724	rwr	BC
ARHGAP39	7.21942573910328e-06	6725	rwr	BC
PRPSAP1	7.21612559413614e-06	6726	rwr	BC
MIPEP	7.20858835111498e-06	6727	rwr	BC
AGRP	7.2080825134335e-06	6728	rwr	BC
GDF2	7.20669000244066e-06	6729	rwr	BC
CSRNP1	7.20543051807153e-06	6730	rwr	BC
ALDH1A3	7.18968411517534e-06	6731	rwr	BC
BPGM	7.18949485601469e-06	6732	rwr	BC
SGSM1	7.18577373085772e-06	6733	rwr	BC
LRRC32	7.17987074469182e-06	6734	rwr	BC
SPA17	7.17568655169722e-06	6735	rwr	BC
ZNF174	7.17126677039576e-06	6736	rwr	BC
CTPS2	7.16420607319754e-06	6737	rwr	BC
SARS2	7.14986398212675e-06	6738	rwr	BC
ADAMTS1	7.14085291013039e-06	6739	rwr	BC
IL12RB2	7.13413623485141e-06	6740	rwr	BC
FAM199X	7.12824309621803e-06	6741	rwr	BC
C2	7.12683238781758e-06	6742	rwr	BC
THBS2	7.12642329202381e-06	6743	rwr	BC
GNA11	7.1216090302962e-06	6744	rwr	BC
LRRC8C	7.11819881295232e-06	6745	rwr	BC
TWNK	7.11188988785979e-06	6746	rwr	BC
LAMA1	7.10665745314092e-06	6747	rwr	BC
METTL25	7.10397911123717e-06	6748	rwr	BC
ITGA9	7.10332367961948e-06	6749	rwr	BC
H1-1	7.10138978439378e-06	6750	rwr	BC
HLA-DRB5	7.09884110827777e-06	6751	rwr	BC
NOTCH2NLA	7.09844082940669e-06	6752	rwr	BC
CYBRD1	7.08687935459769e-06	6753	rwr	BC
SYTL5	7.08260681835525e-06	6754	rwr	BC
ZNF496	7.07050424301008e-06	6755	rwr	BC
ZNF197	7.06770096342663e-06	6756	rwr	BC
ATAD3C	7.0639177059092e-06	6757	rwr	BC
GZF1	7.05883920436351e-06	6758	rwr	BC
NHERF1	7.05282357677413e-06	6759	rwr	BC
ARFGAP2	7.05165909085931e-06	6760	rwr	BC
GCNT1	7.04808982501336e-06	6761	rwr	BC
IL22RA1	7.04201178212817e-06	6762	rwr	BC
WDR54	7.04005868588749e-06	6763	rwr	BC
CHRD	7.03853764359198e-06	6764	rwr	BC
ZC3H10	7.03093185224115e-06	6765	rwr	BC
ITM2A	7.030771944297e-06	6766	rwr	BC
TNFRSF12A	7.02823454878559e-06	6767	rwr	BC
HBZ	7.0250142969208e-06	6768	rwr	BC
TCHH	7.02450559383705e-06	6769	rwr	BC
MLEC	7.02183515570446e-06	6770	rwr	BC
MGAT5	7.02012771317573e-06	6771	rwr	BC
NGEF	7.01932904544837e-06	6772	rwr	BC
DNAAF19	7.01873427441949e-06	6773	rwr	BC
RNPC3	7.01623905718931e-06	6774	rwr	BC
MTHFD2L	7.01464836967743e-06	6775	rwr	BC
SERGEF	7.0128586235306e-06	6776	rwr	BC
KDM3A	7.01140907474328e-06	6777	rwr	BC
SNRK	7.00924030017718e-06	6778	rwr	BC
RNF19B	7.00715758103486e-06	6779	rwr	BC
GM2A	7.00703586148754e-06	6780	rwr	BC
CROCC	7.00677250891292e-06	6781	rwr	BC
C8ORF82	7.00103923200771e-06	6782	rwr	BC
OSGIN1	6.99945652230749e-06	6783	rwr	BC
TTLL4	6.99815762692487e-06	6784	rwr	BC
TSPYL4	6.99143012108166e-06	6785	rwr	BC
GBP1	6.99124093274538e-06	6786	rwr	BC
KCNK3	6.98733155688156e-06	6787	rwr	BC
C1ORF174	6.98680249367325e-06	6788	rwr	BC
FARS2	6.96848055253131e-06	6789	rwr	BC
TPGS1	6.962702841505e-06	6790	rwr	BC
MYH1	6.96067615892681e-06	6791	rwr	BC
OTC	6.95804326271161e-06	6792	rwr	BC
IL17RA	6.95396633397364e-06	6793	rwr	BC
SNAP91	6.94504184994837e-06	6794	rwr	BC
CFAP52	6.94216300087682e-06	6795	rwr	BC
DGKQ	6.94131408064231e-06	6796	rwr	BC
VGLL4	6.93866390071483e-06	6797	rwr	BC
CLCN5	6.93783109627634e-06	6798	rwr	BC
SLCO1B1	6.93778909819469e-06	6799	rwr	BC
CHN1	6.93631181560142e-06	6800	rwr	BC
FNDC3B	6.93227794748437e-06	6801	rwr	BC
TNNI3	6.92324030087966e-06	6802	rwr	BC
SLC25A30	6.91487699827526e-06	6803	rwr	BC
DDI1	6.91172623708535e-06	6804	rwr	BC
NICN1	6.91081354062966e-06	6805	rwr	BC
ZNF786	6.90354903861581e-06	6806	rwr	BC
POU2AF1	6.90112321145821e-06	6807	rwr	BC
EPS8L2	6.89700562534841e-06	6808	rwr	BC
FAM43A	6.89132262872977e-06	6809	rwr	BC
SLITRK4	6.88347320314369e-06	6810	rwr	BC
SLC38A7	6.87539991909855e-06	6811	rwr	BC
CLIP2	6.87413933964116e-06	6812	rwr	BC
GLRB	6.8687938634759e-06	6813	rwr	BC
SNX7	6.86839557217568e-06	6814	rwr	BC
MTUS1	6.86711657811865e-06	6815	rwr	BC
MTHFD2	6.86178397951e-06	6816	rwr	BC
RIT1	6.86133836147131e-06	6817	rwr	BC
GCHFR	6.85103380024229e-06	6818	rwr	BC
H2AC21	6.84668418805389e-06	6819	rwr	BC
LINC00312	6.8452321117613e-06	6820	rwr	BC
SNX25	6.8369551330068e-06	6821	rwr	BC
ADISSP	6.83648777030149e-06	6822	rwr	BC
MTREX	6.83645031322154e-06	6823	rwr	BC
TIGD3	6.83432919129265e-06	6824	rwr	BC
TFB2M	6.8302480386846e-06	6825	rwr	BC
PLXNA4	6.82902704029578e-06	6826	rwr	BC
KRTAP10-7	6.82331265636891e-06	6827	rwr	BC
SH3PXD2B	6.82229862517336e-06	6828	rwr	BC
AP3B2	6.81950608274705e-06	6829	rwr	BC
ASB13	6.81866030145731e-06	6830	rwr	BC
ACADS	6.81458042287729e-06	6831	rwr	BC
REG4	6.80567995987544e-06	6832	rwr	BC
DHRS7B	6.80444211353318e-06	6833	rwr	BC
ARG1	6.79536863755692e-06	6834	rwr	BC
THEM4	6.79332949763381e-06	6835	rwr	BC
L3HYPDH	6.79057373583316e-06	6836	rwr	BC
SPRR3	6.78067049492974e-06	6837	rwr	BC
ZNF250	6.77640203853494e-06	6838	rwr	BC
PPP1R3F	6.77442553131217e-06	6839	rwr	BC
SPATA24	6.77048412342982e-06	6840	rwr	BC
AP3S2	6.77041707245419e-06	6841	rwr	BC
CHST6	6.76913095659735e-06	6842	rwr	BC
FAM169A	6.76419944170166e-06	6843	rwr	BC
ATAD1	6.76092184352748e-06	6844	rwr	BC
RGL2	6.75859485746359e-06	6845	rwr	BC
GATC	6.75777279266529e-06	6846	rwr	BC
NCALD	6.75776044186652e-06	6847	rwr	BC
RNF32	6.75718842993986e-06	6848	rwr	BC
ISCU	6.74840769518787e-06	6849	rwr	BC
AP5B1	6.74599777237608e-06	6850	rwr	BC
AMZ1	6.73633715576522e-06	6851	rwr	BC
TPRKB	6.73400049109109e-06	6852	rwr	BC
PHB1	6.73210770178969e-06	6853	rwr	BC
RBAK	6.72719660492163e-06	6854	rwr	BC
HCN1	6.72417917690537e-06	6855	rwr	BC
RGPD2	6.72014578713831e-06	6856	rwr	BC
B3GNT3	6.70359782872939e-06	6857	rwr	BC
FBXO46	6.69671260606128e-06	6858	rwr	BC
UTF1	6.68899253026843e-06	6859	rwr	BC
MILR1	6.68648612818518e-06	6860	rwr	BC
SOWAHC	6.68403156559455e-06	6861	rwr	BC
TRMT61A	6.68210433920368e-06	6862	rwr	BC
MPP1	6.68090119727952e-06	6863	rwr	BC
KLHL34	6.68055762806327e-06	6864	rwr	BC
ASB1	6.6766654571087e-06	6865	rwr	BC
MIER3	6.67200796879106e-06	6866	rwr	BC
GRHL3	6.66655338354711e-06	6867	rwr	BC
HOXC9	6.66322034022246e-06	6868	rwr	BC
KIAA1328	6.66101091441453e-06	6869	rwr	BC
WDR81	6.65954910072131e-06	6870	rwr	BC
CGB2	6.65809583829081e-06	6871	rwr	BC
KCNJ8	6.65396841888038e-06	6872	rwr	BC
EMC10	6.6535632439734e-06	6873	rwr	BC
ZNF521	6.64983607368086e-06	6874	rwr	BC
GLCE	6.64460125768426e-06	6875	rwr	BC
ZC3H7A	6.64438832934627e-06	6876	rwr	BC
SSMEM1	6.62483849478969e-06	6877	rwr	BC
TBC1D31	6.61529518211749e-06	6878	rwr	BC
NBAS	6.61513600118209e-06	6879	rwr	BC
PIGB	6.60234761117339e-06	6880	rwr	BC
ISCA1	6.60232502305519e-06	6881	rwr	BC
UCKL1	6.60166682748808e-06	6882	rwr	BC
GLRX5	6.59840192762146e-06	6883	rwr	BC
GNS	6.5905058094013e-06	6884	rwr	BC
TMX4	6.58601885902588e-06	6885	rwr	BC
CILP2	6.58033057205924e-06	6886	rwr	BC
GBP5	6.56918843900425e-06	6887	rwr	BC
GRAMD2B	6.56099663399249e-06	6888	rwr	BC
CCDC150	6.54731320503789e-06	6889	rwr	BC
FAR2	6.54542574637938e-06	6890	rwr	BC
BTN3A2	6.54270495406404e-06	6891	rwr	BC
HACL1	6.5412937373251e-06	6892	rwr	BC
KIF21A	6.53790440649052e-06	6893	rwr	BC
DIRAS2	6.53388007888535e-06	6894	rwr	BC
BBS10	6.53143734349535e-06	6895	rwr	BC
LGALS2	6.52575624378463e-06	6896	rwr	BC
RGS6	6.52403302995486e-06	6897	rwr	BC
TMEM79	6.52289342292652e-06	6898	rwr	BC
ZBTB46	6.52186203470041e-06	6899	rwr	BC
GABRG2	6.52048515240387e-06	6900	rwr	BC
MT-ND5	6.51933782073405e-06	6901	rwr	BC
KLHL41	6.51694237903767e-06	6902	rwr	BC
MFSD4A	6.51537908317839e-06	6903	rwr	BC
SCGB2A1	6.50644875621027e-06	6904	rwr	BC
MMP26	6.50091852811169e-06	6905	rwr	BC
VMA12	6.49821581369367e-06	6906	rwr	BC
CENPT	6.4958221672017e-06	6907	rwr	BC
MYH6	6.49544500449261e-06	6908	rwr	BC
TNNT1	6.4900353243829e-06	6909	rwr	BC
BCAP29	6.4891113023008e-06	6910	rwr	BC
LRRC42	6.48724761126215e-06	6911	rwr	BC
KCTD20	6.48626192751266e-06	6912	rwr	BC
PAIP2B	6.48385828030734e-06	6913	rwr	BC
ABCC2	6.47456107081505e-06	6914	rwr	BC
VCAN	6.46483889579923e-06	6915	rwr	BC
FCER1G	6.45464783905864e-06	6916	rwr	BC
CMPK1	6.45324626574663e-06	6917	rwr	BC
WFDC10A	6.44507930901958e-06	6918	rwr	BC
TNNC2	6.44501055067105e-06	6919	rwr	BC
ABITRAM	6.4439945297456e-06	6920	rwr	BC
MNS1	6.44077426352708e-06	6921	rwr	BC
ZNF430	6.43321687599316e-06	6922	rwr	BC
IGHMBP2	6.43073548339659e-06	6923	rwr	BC
SETD3	6.43056830941565e-06	6924	rwr	BC
COL10A1	6.42890196938658e-06	6925	rwr	BC
MID1IP1	6.4224743156027e-06	6926	rwr	BC
DGAT1	6.41733271811805e-06	6927	rwr	BC
CHST12	6.41650903891369e-06	6928	rwr	BC
DUSP11	6.4149218009859e-06	6929	rwr	BC
POMC	6.41428167438349e-06	6930	rwr	BC
C2ORF48	6.4042668641533e-06	6931	rwr	BC
MMP7	6.4011480642988e-06	6932	rwr	BC
WNK2	6.399594767564e-06	6933	rwr	BC
ZNF563	6.39705683618508e-06	6934	rwr	BC
C2ORF68	6.39524744319425e-06	6935	rwr	BC
GCAT	6.39464525784084e-06	6936	rwr	BC
SPATA19	6.39461771526277e-06	6937	rwr	BC
SNX29	6.39331644708429e-06	6938	rwr	BC
CAPN6	6.38732825961449e-06	6939	rwr	BC
TGM5	6.38554293408692e-06	6940	rwr	BC
PHYH	6.38270179474875e-06	6941	rwr	BC
CDC42SE1	6.37316380526102e-06	6942	rwr	BC
GAREM1	6.36834553779978e-06	6943	rwr	BC
B4GALNT1	6.35803426442999e-06	6944	rwr	BC
PDSS2	6.35137568903816e-06	6945	rwr	BC
SPACA4	6.35131339886552e-06	6946	rwr	BC
PIGS	6.35046614793973e-06	6947	rwr	BC
MBOAT7	6.348536815675e-06	6948	rwr	BC
PLBD1	6.34665611141875e-06	6949	rwr	BC
ABCC4	6.34465167265815e-06	6950	rwr	BC
SIGLEC12	6.33947413888151e-06	6951	rwr	BC
MIEF1	6.32073731547857e-06	6952	rwr	BC
SHISA2	6.31839777395635e-06	6953	rwr	BC
RHBDD3	6.31822349829866e-06	6954	rwr	BC
RANGRF	6.31706843040318e-06	6955	rwr	BC
ADIPOR2	6.3114363697955e-06	6956	rwr	BC
SC5D	6.31104059270992e-06	6957	rwr	BC
FZD2	6.30834635335774e-06	6958	rwr	BC
ETFRF1	6.29817959103572e-06	6959	rwr	BC
PHF20	6.29456319661406e-06	6960	rwr	BC
GALNT18	6.2924361197034e-06	6961	rwr	BC
GOLM1	6.28078068225976e-06	6962	rwr	BC
INTS14	6.27874759700809e-06	6963	rwr	BC
BCKDHB	6.27343588013863e-06	6964	rwr	BC
FEM1A	6.27302739656449e-06	6965	rwr	BC
PPM1K	6.27202890951286e-06	6966	rwr	BC
GIMAP8	6.26943422640667e-06	6967	rwr	BC
PPP1R16A	6.25827769406712e-06	6968	rwr	BC
SEMA7A	6.25397335208135e-06	6969	rwr	BC
SPART	6.25126483330847e-06	6970	rwr	BC
TEX29	6.24135725638735e-06	6971	rwr	BC
MT-ND4	6.23927712761366e-06	6972	rwr	BC
DECR2	6.23111503387171e-06	6973	rwr	BC
PGP	6.22651455842046e-06	6974	rwr	BC
ACY3	6.22640838365624e-06	6975	rwr	BC
FBXO27	6.22612268916198e-06	6976	rwr	BC
FBXO9	6.22612268916198e-06	6977	rwr	BC
NYNRIN	6.22041854337061e-06	6978	rwr	BC
COCH	6.21902758452619e-06	6979	rwr	BC
SMPD3	6.21876992390142e-06	6980	rwr	BC
CCDC89	6.20830270659083e-06	6981	rwr	BC
SUMF1	6.20590395535427e-06	6982	rwr	BC
VWA1	6.20053157199307e-06	6983	rwr	BC
SCIN	6.20032825768382e-06	6984	rwr	BC
DCTPP1	6.19539279720772e-06	6985	rwr	BC
UBR3	6.18926076330546e-06	6986	rwr	BC
ARHGAP19	6.18727932576776e-06	6987	rwr	BC
VIPAS39	6.18197658643287e-06	6988	rwr	BC
CNPPD1	6.18066974138682e-06	6989	rwr	BC
LRRC58	6.18028435652309e-06	6990	rwr	BC
ANKRD13B	6.1794203632779e-06	6991	rwr	BC
DNASE2B	6.17914211100619e-06	6992	rwr	BC
SPP1	6.17258230711991e-06	6993	rwr	BC
FASTK	6.17248512539148e-06	6994	rwr	BC
SAMD7	6.16595997876161e-06	6995	rwr	BC
GPR52	6.16392543533072e-06	6996	rwr	BC
LRRC4B	6.15867700651498e-06	6997	rwr	BC
IL36RN	6.15440112996605e-06	6998	rwr	BC
RSPH14	6.15224924652477e-06	6999	rwr	BC
IGFBP2	6.14787648814872e-06	7000	rwr	BC
RAB3IL1	6.14669752704065e-06	7001	rwr	BC
PDLIM3	6.14478434093476e-06	7002	rwr	BC
PCYOX1L	6.14404110137573e-06	7003	rwr	BC
RAB28	6.12869163128841e-06	7004	rwr	BC
CYBA	6.12616600744611e-06	7005	rwr	BC
DNAJC15	6.12561118937906e-06	7006	rwr	BC
PSME3IP1	6.12301599787704e-06	7007	rwr	BC
FSD2	6.11376751446124e-06	7008	rwr	BC
ZPR1	6.10698353012926e-06	7009	rwr	BC
KCND2	6.10506629028874e-06	7010	rwr	BC
SYNE4	6.10345547638673e-06	7011	rwr	BC
NEU1	6.10345347035563e-06	7012	rwr	BC
ZNF184	6.10326001850837e-06	7013	rwr	BC
RGL1	6.10321111665625e-06	7014	rwr	BC
EIF4EBP2	6.10239461564514e-06	7015	rwr	BC
MANEA	6.09998747164468e-06	7016	rwr	BC
SERPINA6	6.09937650013174e-06	7017	rwr	BC
DOC2A	6.09861394136863e-06	7018	rwr	BC
CHST9	6.09524120137062e-06	7019	rwr	BC
ZNF518B	6.09477831941671e-06	7020	rwr	BC
MCEE	6.08786446951402e-06	7021	rwr	BC
AMHR2	6.08777530396144e-06	7022	rwr	BC
AANAT	6.08691050798984e-06	7023	rwr	BC
PIPSL	6.07881413523831e-06	7024	rwr	BC
HENMT1	6.07546228067161e-06	7025	rwr	BC
C3ORF38	6.07281879381251e-06	7026	rwr	BC
TSC22D2	6.0709597735767e-06	7027	rwr	BC
CRIP2	6.0673988731992e-06	7028	rwr	BC
FLG2	6.06611064157625e-06	7029	rwr	BC
ZNF564	6.0655313120425e-06	7030	rwr	BC
BRF2	6.06400566401438e-06	7031	rwr	BC
GLT8D2	6.05845843166538e-06	7032	rwr	BC
HOXA5	6.05652860379751e-06	7033	rwr	BC
CORO2A	6.05426406382392e-06	7034	rwr	BC
TYW5	6.05412550558133e-06	7035	rwr	BC
FERD3L	6.04996673248442e-06	7036	rwr	BC
KLHL23	6.0474951396353e-06	7037	rwr	BC
TRAPPC6B	6.04373429176364e-06	7038	rwr	BC
AMIGO2	6.03841169857067e-06	7039	rwr	BC
BOLA1	6.03728450615349e-06	7040	rwr	BC
OAZ1	6.03598263192933e-06	7041	rwr	BC
ZNF865	6.03489566521612e-06	7042	rwr	BC
PALM2AKAP2	6.0283217951934e-06	7043	rwr	BC
CRYBA1	6.0233708986446e-06	7044	rwr	BC
NPR2	6.02325348530933e-06	7045	rwr	BC
DHX33	6.02013944266595e-06	7046	rwr	BC
POTEC	6.01786978463318e-06	7047	rwr	BC
CMAS	6.0139070805834e-06	7048	rwr	BC
FZD8	6.00377928680503e-06	7049	rwr	BC
MAP7D2	5.99868773067746e-06	7050	rwr	BC
RETSAT	5.99457157252252e-06	7051	rwr	BC
TAPBP	5.98168931771384e-06	7052	rwr	BC
QSOX2	5.97651061943456e-06	7053	rwr	BC
ADCK2	5.97508500848831e-06	7054	rwr	BC
FBXO40	5.9660502541626e-06	7055	rwr	BC
MAN1B1	5.96475288832646e-06	7056	rwr	BC
SEMA3C	5.95675162467984e-06	7057	rwr	BC
ZNF286A	5.95371416136666e-06	7058	rwr	BC
EEF2KMT	5.95098893730877e-06	7059	rwr	BC
DUSP8	5.94870854161543e-06	7060	rwr	BC
CDV3	5.94512344924919e-06	7061	rwr	BC
TCF19	5.94247497126329e-06	7062	rwr	BC
DAAM2	5.9420204498902e-06	7063	rwr	BC
SELENOH	5.93456718574178e-06	7064	rwr	BC
ALDH4A1	5.93383393132843e-06	7065	rwr	BC
RSL24D1	5.93232136409677e-06	7066	rwr	BC
ELF1	5.93181907342869e-06	7067	rwr	BC
SPSB4	5.9279454266612e-06	7068	rwr	BC
BLOC1S3	5.92560428507442e-06	7069	rwr	BC
KLK3	5.92442288852568e-06	7070	rwr	BC
SOX13	5.92418293497769e-06	7071	rwr	BC
NPM2	5.92182429649559e-06	7072	rwr	BC
KLHDC10	5.92143427466022e-06	7073	rwr	BC
TRIM43	5.9209126505607e-06	7074	rwr	BC
TPST2	5.90433995447784e-06	7075	rwr	BC
RFXAP	5.90332581171551e-06	7076	rwr	BC
NIPSNAP3A	5.89861168278344e-06	7077	rwr	BC
SLC5A3	5.89083450031432e-06	7078	rwr	BC
ZC3H15	5.88274558222233e-06	7079	rwr	BC
RWDD1	5.87931430547161e-06	7080	rwr	BC
PIP	5.87388897242497e-06	7081	rwr	BC
LIPF	5.8721503767933e-06	7082	rwr	BC
CNNM4	5.87062659365508e-06	7083	rwr	BC
TRAPPC11	5.87026607421652e-06	7084	rwr	BC
TCTN3	5.86782778516121e-06	7085	rwr	BC
LZIC	5.86711801091013e-06	7086	rwr	BC
PACS1	5.86507992866955e-06	7087	rwr	BC
PCDHGC4	5.86480802098695e-06	7088	rwr	BC
TMEM143	5.86480802098695e-06	7089	rwr	BC
ERBIN	5.8583274049023e-06	7090	rwr	BC
ATP5F1A	5.85713625006258e-06	7091	rwr	BC
UCP2	5.85043340198913e-06	7092	rwr	BC
EHD3	5.85035957727873e-06	7093	rwr	BC
RBM12B	5.84614124320337e-06	7094	rwr	BC
SDF2	5.84181079899578e-06	7095	rwr	BC
KLHL24	5.84090283451451e-06	7096	rwr	BC
POGLUT2	5.8387741506943e-06	7097	rwr	BC
TLL1	5.8387741506943e-06	7098	rwr	BC
TLL2	5.8387741506943e-06	7099	rwr	BC
ATP2C2	5.83291751954703e-06	7100	rwr	BC
ZNF7	5.8327242990755e-06	7101	rwr	BC
GPRASP1	5.82524766611075e-06	7102	rwr	BC
TSEN15	5.82522273321417e-06	7103	rwr	BC
FOXS1	5.81742831843866e-06	7104	rwr	BC
GALNT7	5.81359357908309e-06	7105	rwr	BC
CYHR1	5.81186598945068e-06	7106	rwr	BC
CEP57	5.80645744179189e-06	7107	rwr	BC
NAA16	5.79948941223105e-06	7108	rwr	BC
SCAF8	5.79790812526378e-06	7109	rwr	BC
GRK7	5.79709132585519e-06	7110	rwr	BC
HIPK4	5.79709132585519e-06	7111	rwr	BC
NEK11	5.79709132585519e-06	7112	rwr	BC
IPP	5.79576309306465e-06	7113	rwr	BC
TMEFF1	5.78515282174995e-06	7114	rwr	BC
CREG1	5.78009893379394e-06	7115	rwr	BC
MAGEA6	5.77723157303061e-06	7116	rwr	BC
DPY19L1	5.77650425988018e-06	7117	rwr	BC
SLC25A32	5.77556647647399e-06	7118	rwr	BC
GCNT3	5.77209333602504e-06	7119	rwr	BC
TCTN1	5.77061494942831e-06	7120	rwr	BC
MTR	5.77010510409914e-06	7121	rwr	BC
ZNF491	5.76313053504563e-06	7122	rwr	BC
CDC42BPG	5.75849933610574e-06	7123	rwr	BC
RXYLT1	5.75174746448318e-06	7124	rwr	BC
PREP	5.75168662698584e-06	7125	rwr	BC
PDE2A	5.75127043524266e-06	7126	rwr	BC
CRIP1	5.74731242231733e-06	7127	rwr	BC
RCBTB1	5.74078759916875e-06	7128	rwr	BC
ARMCX5	5.73758838269971e-06	7129	rwr	BC
HMGN5	5.73350561328599e-06	7130	rwr	BC
ELK3	5.73262657893375e-06	7131	rwr	BC
CYP3A4	5.72738170392372e-06	7132	rwr	BC
YIF1A	5.70411377556084e-06	7133	rwr	BC
TTLL5	5.70234732682099e-06	7134	rwr	BC
FKBP9	5.70185210226553e-06	7135	rwr	BC
ARHGAP6	5.69982273714172e-06	7136	rwr	BC
WDR53	5.69366695265592e-06	7137	rwr	BC
PROC	5.68747847605676e-06	7138	rwr	BC
CPPED1	5.67806639345672e-06	7139	rwr	BC
LZTS3	5.67618777730126e-06	7140	rwr	BC
TIMM9	5.67545715656781e-06	7141	rwr	BC
CDH12	5.66934321869857e-06	7142	rwr	BC
GNAO1	5.66040930836843e-06	7143	rwr	BC
TMED4	5.65982660057076e-06	7144	rwr	BC
PLN	5.65835010582938e-06	7145	rwr	BC
RARS2	5.65793495809809e-06	7146	rwr	BC
OXCT2	5.65522916081381e-06	7147	rwr	BC
H1-2	5.65345219121569e-06	7148	rwr	BC
DEFB127	5.64911204444076e-06	7149	rwr	BC
EFHD2	5.64616408833874e-06	7150	rwr	BC
FST	5.64385726580596e-06	7151	rwr	BC
GK	5.64381658009161e-06	7152	rwr	BC
GGT5	5.64228185709487e-06	7153	rwr	BC
TREX1	5.63665587380657e-06	7154	rwr	BC
ABHD16A	5.63616375614393e-06	7155	rwr	BC
XAGE2	5.63576155789148e-06	7156	rwr	BC
BBS12	5.6352781049328e-06	7157	rwr	BC
ABCA3	5.63425865555079e-06	7158	rwr	BC
GAS2L2	5.63032270651744e-06	7159	rwr	BC
LRRC56	5.6234164419821e-06	7160	rwr	BC
ZNF18	5.61503994120038e-06	7161	rwr	BC
GUCY1A2	5.6119326974762e-06	7162	rwr	BC
MFSD10	5.60731819014603e-06	7163	rwr	BC
ALAS2	5.59853223191174e-06	7164	rwr	BC
IARS1	5.59239545090301e-06	7165	rwr	BC
HLCS	5.59184605632352e-06	7166	rwr	BC
CELA1	5.5887773480577e-06	7167	rwr	BC
IBA57	5.58717414183552e-06	7168	rwr	BC
HLX	5.58614715084964e-06	7169	rwr	BC
SPINK4	5.58360042980963e-06	7170	rwr	BC
FADS1	5.58248015493101e-06	7171	rwr	BC
STAR	5.5778258544733e-06	7172	rwr	BC
PLCL2	5.57571155411414e-06	7173	rwr	BC
CLEC5A	5.57539096334862e-06	7174	rwr	BC
CST2	5.56222311279111e-06	7175	rwr	BC
BTBD6	5.55361661360298e-06	7176	rwr	BC
MMP3	5.54676441746353e-06	7177	rwr	BC
FHOD3	5.54478063463353e-06	7178	rwr	BC
RAP2B	5.53526459722174e-06	7179	rwr	BC
CHP1	5.5296017004974e-06	7180	rwr	BC
TYMP	5.52275063220499e-06	7181	rwr	BC
H19	5.51951913703107e-06	7182	rwr	BC
RPP14	5.51654520445883e-06	7183	rwr	BC
TMCC2	5.51653800476075e-06	7184	rwr	BC
LCMT2	5.51532492224598e-06	7185	rwr	BC
PLEKHJ1	5.51437020035989e-06	7186	rwr	BC
PSD4	5.51318946672711e-06	7187	rwr	BC
FBN1	5.50828089881472e-06	7188	rwr	BC
KCNIP4	5.50754274461807e-06	7189	rwr	BC
C4ORF46	5.50638719152529e-06	7190	rwr	BC
RAB7B	5.50180210561799e-06	7191	rwr	BC
B4GALT6	5.49252513161214e-06	7192	rwr	BC
TMEM59L	5.48842517833161e-06	7193	rwr	BC
HLA-H	5.48538965444867e-06	7194	rwr	BC
ERMAP	5.48508512867471e-06	7195	rwr	BC
NSD2	5.48277509793205e-06	7196	rwr	BC
TRIM36	5.48100798226186e-06	7197	rwr	BC
MCEMP1	5.47166065899572e-06	7198	rwr	BC
TMEM200A	5.46859487000644e-06	7199	rwr	BC
DUS2	5.46773250110098e-06	7200	rwr	BC
FNDC4	5.46156802408111e-06	7201	rwr	BC
AKAP14	5.45873415143433e-06	7202	rwr	BC
DHRS3	5.45743104914695e-06	7203	rwr	BC
RFTN1	5.44344836827793e-06	7204	rwr	BC
SIPA1	5.44291463463127e-06	7205	rwr	BC
OBSCN	5.4403252078999e-06	7206	rwr	BC
TAS2R41	5.43880792239289e-06	7207	rwr	BC
CILK1	5.43496994762737e-06	7208	rwr	BC
ADAMTSL4	5.43354529270205e-06	7209	rwr	BC
THUMPD1	5.42694764539267e-06	7210	rwr	BC
SULT4A1	5.41259419063478e-06	7211	rwr	BC
NECTIN4	5.40494505228055e-06	7212	rwr	BC
TMEM164	5.40458483119566e-06	7213	rwr	BC
HERC6	5.39907779019046e-06	7214	rwr	BC
CD151	5.397493272659e-06	7215	rwr	BC
ZNF354A	5.39614138791929e-06	7216	rwr	BC
UTP6	5.39390460565589e-06	7217	rwr	BC
FGG	5.39073695264687e-06	7218	rwr	BC
XDH	5.38878935108284e-06	7219	rwr	BC
CSH2	5.38855751336193e-06	7220	rwr	BC
GPD1	5.38565662128896e-06	7221	rwr	BC
PDXDC2P	5.37770579351177e-06	7222	rwr	BC
MORN2	5.36408802295139e-06	7223	rwr	BC
DCLK1	5.36130328897783e-06	7224	rwr	BC
C12ORF50	5.36017413080091e-06	7225	rwr	BC
MEIOB	5.36017413080091e-06	7226	rwr	BC
FAM3B	5.35667747280286e-06	7227	rwr	BC
CALHM4	5.34914295260109e-06	7228	rwr	BC
FAAP100	5.34717433080523e-06	7229	rwr	BC
MEF2B	5.34212775385732e-06	7230	rwr	BC
C12ORF57	5.34151355671952e-06	7231	rwr	BC
PDE4A	5.33785568285009e-06	7232	rwr	BC
GLO1	5.33562333819186e-06	7233	rwr	BC
TNFAIP8L2	5.32863624147196e-06	7234	rwr	BC
FAM241B	5.32456215774662e-06	7235	rwr	BC
LRIG2	5.3238717179414e-06	7236	rwr	BC
BRINP2	5.31835509267742e-06	7237	rwr	BC
MARS1	5.31384175088548e-06	7238	rwr	BC
CRYGC	5.31038524697855e-06	7239	rwr	BC
BFSP1	5.30719874613636e-06	7240	rwr	BC
EEPD1	5.30252585684578e-06	7241	rwr	BC
THAP3	5.29822293773368e-06	7242	rwr	BC
ARL2BP	5.29475847959207e-06	7243	rwr	BC
TLR5	5.29366092581188e-06	7244	rwr	BC
SCPEP1	5.29022789821651e-06	7245	rwr	BC
PLA2G2A	5.2897059319439e-06	7246	rwr	BC
GBE1	5.28505542172258e-06	7247	rwr	BC
FUNDC2	5.27989565247121e-06	7248	rwr	BC
TESC	5.27772285338152e-06	7249	rwr	BC
NCCRP1	5.27726524800542e-06	7250	rwr	BC
RASIP1	5.27554529621661e-06	7251	rwr	BC
SSNA1	5.26714027680505e-06	7252	rwr	BC
TMEM179B	5.26423937705984e-06	7253	rwr	BC
SGSH	5.26093021026366e-06	7254	rwr	BC
LIFR	5.25958914192767e-06	7255	rwr	BC
MAN2A1	5.2587834241779e-06	7256	rwr	BC
PARVB	5.25420880750057e-06	7257	rwr	BC
CMTR2	5.25322052814715e-06	7258	rwr	BC
MSR1	5.2520249435122e-06	7259	rwr	BC
CWC27	5.24848941612008e-06	7260	rwr	BC
CIPC	5.24780534577266e-06	7261	rwr	BC
SYT17	5.24081519653892e-06	7262	rwr	BC
DEGS1	5.24029116142584e-06	7263	rwr	BC
CD99L2	5.23872216945355e-06	7264	rwr	BC
EREG	5.23141551738476e-06	7265	rwr	BC
SEMA4D	5.22825584355417e-06	7266	rwr	BC
RPS6KL1	5.21572336964268e-06	7267	rwr	BC
ATG4A	5.20690225168176e-06	7268	rwr	BC
RADX	5.20569714468528e-06	7269	rwr	BC
FUCA1	5.19123706951971e-06	7270	rwr	BC
HMGN3	5.18923880856853e-06	7271	rwr	BC
ARPP19	5.18862759016033e-06	7272	rwr	BC
CCDC172	5.18823578332444e-06	7273	rwr	BC
SNCB	5.18811446695935e-06	7274	rwr	BC
CNPY4	5.18765338464912e-06	7275	rwr	BC
VCPKMT	5.1832404795076e-06	7276	rwr	BC
DOHH	5.17806546054865e-06	7277	rwr	BC
TCF7	5.1762659826565e-06	7278	rwr	BC
KLK10	5.17606737390387e-06	7279	rwr	BC
DPY19L4	5.17586089567936e-06	7280	rwr	BC
ATL1	5.17211499203133e-06	7281	rwr	BC
ZNF507	5.1644591927592e-06	7282	rwr	BC
ZNF121	5.16280241058287e-06	7283	rwr	BC
NEK3	5.15996493350308e-06	7284	rwr	BC
NRBP2	5.15904566512926e-06	7285	rwr	BC
ZNF813	5.15066615607313e-06	7286	rwr	BC
BPIFA2	5.14637539206605e-06	7287	rwr	BC
ARLN	5.14598680037727e-06	7288	rwr	BC
ABHD15	5.14214668036988e-06	7289	rwr	BC
NTMT1	5.13447245445583e-06	7290	rwr	BC
PMM1	5.13109702507018e-06	7291	rwr	BC
MAN2B2	5.12499629310705e-06	7292	rwr	BC
FXYD1	5.12469850239472e-06	7293	rwr	BC
SPRED1	5.12054845864278e-06	7294	rwr	BC
MANBA	5.11642837441822e-06	7295	rwr	BC
BTBD10	5.11083998328564e-06	7296	rwr	BC
SELENOT	5.10947714429759e-06	7297	rwr	BC
VWF	5.10380077449459e-06	7298	rwr	BC
GNB1L	5.10297256111696e-06	7299	rwr	BC
AKR1B1	5.10233138098892e-06	7300	rwr	BC
UNC5CL	5.10201972930309e-06	7301	rwr	BC
NECTIN1	5.09497223932346e-06	7302	rwr	BC
SLC10A1	5.09312503036591e-06	7303	rwr	BC
ZNF490	5.08858508612156e-06	7304	rwr	BC
HYAL4	5.08762290381104e-06	7305	rwr	BC
SLC5A2	5.08762290381104e-06	7306	rwr	BC
NUDT6	5.06786212502665e-06	7307	rwr	BC
CAPG	5.06754068406077e-06	7308	rwr	BC
NENF	5.06615612953074e-06	7309	rwr	BC
MPP3	5.04556290216643e-06	7310	rwr	BC
GNA15	5.04433657636455e-06	7311	rwr	BC
PRXL2B	5.04343038104471e-06	7312	rwr	BC
CALCR	5.03624858227466e-06	7313	rwr	BC
PIP4P2	5.03235454521823e-06	7314	rwr	BC
CENPP	5.02862732851299e-06	7315	rwr	BC
OSER1	5.02622106921299e-06	7316	rwr	BC
DAO	5.02478605056373e-06	7317	rwr	BC
LPGAT1	5.01972661415756e-06	7318	rwr	BC
MAP3K6	5.01635046523947e-06	7319	rwr	BC
TSPAN11	5.01247252760585e-06	7320	rwr	BC
ARMT1	5.01022076045849e-06	7321	rwr	BC
PPFIBP2	5.00784455800492e-06	7322	rwr	BC
PDCD7	5.00490203627348e-06	7323	rwr	BC
EMC9	4.9890687954651e-06	7324	rwr	BC
GNPTAB	4.98003528284155e-06	7325	rwr	BC
TUBE1	4.97937090303081e-06	7326	rwr	BC
CPLX2	4.97532749286863e-06	7327	rwr	BC
AFF3	4.97345451739061e-06	7328	rwr	BC
CLIC3	4.9703517184183e-06	7329	rwr	BC
PTGES2	4.96924838058018e-06	7330	rwr	BC
NDST1	4.96746965420472e-06	7331	rwr	BC
IDH3B	4.95989138222437e-06	7332	rwr	BC
A2ML1	4.9585003623626e-06	7333	rwr	BC
ATP6V1C2	4.95834850638377e-06	7334	rwr	BC
SPDEF	4.95632046329488e-06	7335	rwr	BC
CNST	4.95334158028972e-06	7336	rwr	BC
CSRNP2	4.95334158028972e-06	7337	rwr	BC
H2BC11	4.94848072513571e-06	7338	rwr	BC
RSRC1	4.94518943819982e-06	7339	rwr	BC
NBEAL1	4.93293493918799e-06	7340	rwr	BC
LGALS13	4.93061862570843e-06	7341	rwr	BC
SYCP1	4.92369587295779e-06	7342	rwr	BC
MMRN1	4.9231169747569e-06	7343	rwr	BC
MRPL57	4.91737076509554e-06	7344	rwr	BC
GBP3	4.91381888292162e-06	7345	rwr	BC
KCNAB2	4.91260457801809e-06	7346	rwr	BC
METRNL	4.90904489075825e-06	7347	rwr	BC
RIGI	4.90827221645618e-06	7348	rwr	BC
GPSM3	4.90669946806576e-06	7349	rwr	BC
STK32A	4.90298301501219e-06	7350	rwr	BC
PHETA1	4.90224046342139e-06	7351	rwr	BC
EFCAB14	4.90180614740177e-06	7352	rwr	BC
HIGD2A	4.89640287646838e-06	7353	rwr	BC
PHKA1	4.89573087729909e-06	7354	rwr	BC
ELAVL4	4.8929913384041e-06	7355	rwr	BC
FRAT1	4.88286063288077e-06	7356	rwr	BC
GSKIP	4.88286063288077e-06	7357	rwr	BC
DPP8	4.88259265470164e-06	7358	rwr	BC
H3-3A	4.87733829911953e-06	7359	rwr	BC
IFNA2	4.87546214844784e-06	7360	rwr	BC
HHIPL2	4.87487331862747e-06	7361	rwr	BC
CAMKMT	4.86045903412075e-06	7362	rwr	BC
DNASE1L1	4.85906445714764e-06	7363	rwr	BC
EFNA1	4.85461065923267e-06	7364	rwr	BC
AQP4	4.85460156962877e-06	7365	rwr	BC
TRMT13	4.85284330830134e-06	7366	rwr	BC
CHST3	4.85207245222682e-06	7367	rwr	BC
LIPT1	4.8515142453291e-06	7368	rwr	BC
ASB3	4.84998969485492e-06	7369	rwr	BC
SNAPC5	4.8498695062445e-06	7370	rwr	BC
SPMIP6	4.84755373975657e-06	7371	rwr	BC
SNRNP48	4.8426779673563e-06	7372	rwr	BC
TPH2	4.83769672017116e-06	7373	rwr	BC
KIF3B	4.83577399144094e-06	7374	rwr	BC
B9D2	4.83430593611359e-06	7375	rwr	BC
OLFM1	4.82777268625999e-06	7376	rwr	BC
ASAP3	4.8266042372123e-06	7377	rwr	BC
OPCML	4.82286603945289e-06	7378	rwr	BC
CEACAM8	4.82088169154128e-06	7379	rwr	BC
CCDC71	4.81826192801026e-06	7380	rwr	BC
HSD17B8	4.81685522512885e-06	7381	rwr	BC
IGFBP6	4.81671698592914e-06	7382	rwr	BC
SIGMAR1	4.81194132726936e-06	7383	rwr	BC
AKR1C2	4.80939708069026e-06	7384	rwr	BC
TMED3	4.8023959923558e-06	7385	rwr	BC
SERPINA3	4.79372251113986e-06	7386	rwr	BC
ISG20L2	4.79227169694654e-06	7387	rwr	BC
CIAO3	4.79197402036857e-06	7388	rwr	BC
TOR2A	4.79074292749123e-06	7389	rwr	BC
AZIN1	4.77971045737959e-06	7390	rwr	BC
POMT2	4.77950405372059e-06	7391	rwr	BC
TESK1	4.77772358046471e-06	7392	rwr	BC
DSE	4.77644737783447e-06	7393	rwr	BC
RASD1	4.77579686297536e-06	7394	rwr	BC
MAP3K20	4.77326839458439e-06	7395	rwr	BC
TTC21A	4.764698706377e-06	7396	rwr	BC
SLC39A1	4.76395644121524e-06	7397	rwr	BC
TM9SF2	4.75463309437711e-06	7398	rwr	BC
CDSN	4.75350321045626e-06	7399	rwr	BC
CCDC71L	4.74912447130636e-06	7400	rwr	BC
OXA1L	4.74718916939521e-06	7401	rwr	BC
AKR1B15	4.73953473649045e-06	7402	rwr	BC
USH1G	4.73421426020241e-06	7403	rwr	BC
NPTX1	4.73068953950184e-06	7404	rwr	BC
ZBTB40	4.72555263249963e-06	7405	rwr	BC
SCARF2	4.72093812818652e-06	7406	rwr	BC
GTPBP6	4.7173751414926e-06	7407	rwr	BC
RUBCNL	4.7166485940898e-06	7408	rwr	BC
PLCD1	4.71374215800007e-06	7409	rwr	BC
TMEM97	4.71152816416072e-06	7410	rwr	BC
KRTAP5-6	4.711099959092e-06	7411	rwr	BC
PCSK1N	4.70825945014682e-06	7412	rwr	BC
IQUB	4.70473985383731e-06	7413	rwr	BC
MGARP	4.70415933125148e-06	7414	rwr	BC
ZNF273	4.70146589952143e-06	7415	rwr	BC
C11ORF42	4.69839369170295e-06	7416	rwr	BC
ETV7	4.69459336312061e-06	7417	rwr	BC
VPS37D	4.69433909491769e-06	7418	rwr	BC
H2BC17	4.69329495561643e-06	7419	rwr	BC
THAP2	4.69308945603418e-06	7420	rwr	BC
ARMC7	4.68967737247926e-06	7421	rwr	BC
LYPLA2	4.68216801445427e-06	7422	rwr	BC
FBP2	4.681958369727e-06	7423	rwr	BC
ZNF444	4.68178188273394e-06	7424	rwr	BC
PDHA2	4.68119528052699e-06	7425	rwr	BC
TTC17	4.68060706300046e-06	7426	rwr	BC
TMEM38A	4.67802233756455e-06	7427	rwr	BC
ANKS3	4.6632028083452e-06	7428	rwr	BC
IGHG2	4.66080245490917e-06	7429	rwr	BC
BLOC1S5	4.66069672210398e-06	7430	rwr	BC
LCN1	4.65709529772832e-06	7431	rwr	BC
CRNN	4.65210542083071e-06	7432	rwr	BC
GRPEL2	4.65088064958191e-06	7433	rwr	BC
DUS3L	4.64539482982592e-06	7434	rwr	BC
ZNF282	4.64361977913471e-06	7435	rwr	BC
F5	4.63998975434964e-06	7436	rwr	BC
DMPK	4.63992787690327e-06	7437	rwr	BC
ACBD7	4.6361734557823e-06	7438	rwr	BC
CATSPER4	4.63545450231925e-06	7439	rwr	BC
PLXNB3	4.62794191464039e-06	7440	rwr	BC
HIKESHI	4.62398228338273e-06	7441	rwr	BC
CYP1A2	4.62296692130374e-06	7442	rwr	BC
ROGDI	4.62106062915819e-06	7443	rwr	BC
TXNDC16	4.6199680898819e-06	7444	rwr	BC
TMEM102	4.61793796283828e-06	7445	rwr	BC
DDX19B	4.61773286486468e-06	7446	rwr	BC
MZF1	4.61724139589919e-06	7447	rwr	BC
SERPINB7	4.61526444754272e-06	7448	rwr	BC
ANGEL1	4.60891045759331e-06	7449	rwr	BC
HS2ST1	4.60461908273404e-06	7450	rwr	BC
MAL2	4.60308921874275e-06	7451	rwr	BC
FAM210B	4.60100252964895e-06	7452	rwr	BC
RUFY3	4.5990881594546e-06	7453	rwr	BC
LCN15	4.59696002769376e-06	7454	rwr	BC
EXTL2	4.59443304787356e-06	7455	rwr	BC
ZSCAN25	4.59319682283313e-06	7456	rwr	BC
SPATA8	4.58908556441795e-06	7457	rwr	BC
RGS7	4.58694326490249e-06	7458	rwr	BC
GABRE	4.5865220679822e-06	7459	rwr	BC
CPAP	4.57438151505155e-06	7460	rwr	BC
GKAP1	4.57161803592438e-06	7461	rwr	BC
BST2	4.56910459423425e-06	7462	rwr	BC
FOXF1	4.56164730034387e-06	7463	rwr	BC
WDR45	4.5571437208381e-06	7464	rwr	BC
PRPS1L1	4.55330421502703e-06	7465	rwr	BC
CCNJ	4.55228936257877e-06	7466	rwr	BC
ASMTL	4.54640666903285e-06	7467	rwr	BC
ABHD6	4.54380198133115e-06	7468	rwr	BC
PRKN	4.53912392806848e-06	7469	rwr	BC
MEIS2	4.53661805621012e-06	7470	rwr	BC
FAM222B	4.53630889804146e-06	7471	rwr	BC
FUCA2	4.5331285179763e-06	7472	rwr	BC
PAAT	4.52837179878384e-06	7473	rwr	BC
RAD54L	4.52797854388647e-06	7474	rwr	BC
CENPI	4.52208958121028e-06	7475	rwr	BC
IP6K2	4.5204073765778e-06	7476	rwr	BC
SLC35F1	4.51816780163998e-06	7477	rwr	BC
ZNF783	4.5137013215314e-06	7478	rwr	BC
RAB40A	4.51017379718941e-06	7479	rwr	BC
TAGLN3	4.50956586809886e-06	7480	rwr	BC
INHA	4.50950684541846e-06	7481	rwr	BC
CDIPT	4.50633810686741e-06	7482	rwr	BC
PGCKA1	4.50431757627642e-06	7483	rwr	BC
SUOX	4.50250406966322e-06	7484	rwr	BC
RER1	4.49904409371752e-06	7485	rwr	BC
TEKT2	4.4949808061945e-06	7486	rwr	BC
PVR	4.49372602744024e-06	7487	rwr	BC
PABPC3	4.49214394292048e-06	7488	rwr	BC
PIPOX	4.48927213222296e-06	7489	rwr	BC
VPS50	4.48524458329248e-06	7490	rwr	BC
ARL14EP	4.47793325476782e-06	7491	rwr	BC
PDE9A	4.47704355979519e-06	7492	rwr	BC
TMA7	4.47155619281427e-06	7493	rwr	BC
DYRK3	4.45719373098441e-06	7494	rwr	BC
EME2	4.45659038415992e-06	7495	rwr	BC
CABLES2	4.45535629416886e-06	7496	rwr	BC
LSM10	4.45248262513196e-06	7497	rwr	BC
NECAB3	4.45031627997564e-06	7498	rwr	BC
ATP5PO	4.45021415245388e-06	7499	rwr	BC
JAGN1	4.44722389232356e-06	7500	rwr	BC
RETN	4.44287214345177e-06	7501	rwr	BC
SLC38A10	4.42737639170149e-06	7502	rwr	BC
ARL5B	4.42495376888697e-06	7503	rwr	BC
GABRA3	4.42447454401248e-06	7504	rwr	BC
CGAS	4.42431825461413e-06	7505	rwr	BC
SCRN2	4.42063745847238e-06	7506	rwr	BC
WFS1	4.41946136807667e-06	7507	rwr	BC
LHX1	4.41530566569373e-06	7508	rwr	BC
DDIT4L	4.41332410188048e-06	7509	rwr	BC
SMDT1	4.40677033155412e-06	7510	rwr	BC
KLRK1	4.40595482815605e-06	7511	rwr	BC
ZNF593	4.40036289519968e-06	7512	rwr	BC
CHRNA5	4.39866399707579e-06	7513	rwr	BC
TSSK4	4.3884557937992e-06	7514	rwr	BC
CST7	4.38719813548365e-06	7515	rwr	BC
ALDH16A1	4.38205311874442e-06	7516	rwr	BC
PIGN	4.37715352362983e-06	7517	rwr	BC
GSTM5	4.37317532334959e-06	7518	rwr	BC
TMEM219	4.37193534745194e-06	7519	rwr	BC
CCDC57	4.36737031787255e-06	7520	rwr	BC
ADIPOQ	4.36696967035355e-06	7521	rwr	BC
TTBK2	4.36637934756124e-06	7522	rwr	BC
IGSF6	4.36474593167363e-06	7523	rwr	BC
GARRE1	4.36336569930679e-06	7524	rwr	BC
B3GALT6	4.35413617888096e-06	7525	rwr	BC
MIPOL1	4.35244439175415e-06	7526	rwr	BC
MUC5AC	4.3468450634703e-06	7527	rwr	BC
H2AC20	4.34650993854558e-06	7528	rwr	BC
PLPPR1	4.34385359160678e-06	7529	rwr	BC
LRRC25	4.34121259017126e-06	7530	rwr	BC
GALK2	4.33830197587135e-06	7531	rwr	BC
IFRD1	4.33794222260572e-06	7532	rwr	BC
FAM78B	4.3369491636133e-06	7533	rwr	BC
EIF1AY	4.33501274765984e-06	7534	rwr	BC
PIM3	4.33385334040465e-06	7535	rwr	BC
INHBE	4.32545298662771e-06	7536	rwr	BC
WNT10B	4.31372200492996e-06	7537	rwr	BC
AMIGO3	4.30913973357256e-06	7538	rwr	BC
TSR2	4.30623352803267e-06	7539	rwr	BC
LHX8	4.29485899749751e-06	7540	rwr	BC
M6PR	4.29418479417916e-06	7541	rwr	BC
LSP1	4.29225533588189e-06	7542	rwr	BC
PIGW	4.29160093061108e-06	7543	rwr	BC
MACIR	4.28510911930738e-06	7544	rwr	BC
NCR1	4.2842240011969e-06	7545	rwr	BC
CPLX1	4.28388662416355e-06	7546	rwr	BC
EPPIN	4.28176412876268e-06	7547	rwr	BC
PRELP	4.27994377997173e-06	7548	rwr	BC
C9ORF40	4.27842699417221e-06	7549	rwr	BC
FABP4	4.27795964658324e-06	7550	rwr	BC
DTWD2	4.27703065682261e-06	7551	rwr	BC
ECHDC2	4.26037474847603e-06	7552	rwr	BC
ZNF639	4.25465496260981e-06	7553	rwr	BC
ZNFX1	4.24902529958453e-06	7554	rwr	BC
SUCO	4.24432992444459e-06	7555	rwr	BC
CTDSPL	4.24127849130891e-06	7556	rwr	BC
SRFBP1	4.22902246344166e-06	7557	rwr	BC
ZNF770	4.2244194238466e-06	7558	rwr	BC
NUDT16	4.22367952827192e-06	7559	rwr	BC
PPEF1	4.22363898128823e-06	7560	rwr	BC
MEGF6	4.21449330816216e-06	7561	rwr	BC
TP53I11	4.20956189287007e-06	7562	rwr	BC
TRAM2	4.20956189287007e-06	7563	rwr	BC
ACBD6	4.20675888760996e-06	7564	rwr	BC
OVOL1	4.20613929503149e-06	7565	rwr	BC
SLC51A	4.20226105324476e-06	7566	rwr	BC
AKR1A1	4.19666252690352e-06	7567	rwr	BC
CLK4	4.19565218590868e-06	7568	rwr	BC
OAZ2	4.19178118424683e-06	7569	rwr	BC
GAREM2	4.19161604383067e-06	7570	rwr	BC
VGLL1	4.18388869592569e-06	7571	rwr	BC
TOB2	4.1767093388761e-06	7572	rwr	BC
PGAM4	4.17581396213626e-06	7573	rwr	BC
C10ORF55	4.17453872691228e-06	7574	rwr	BC
CUSTOS	4.1737376153532e-06	7575	rwr	BC
DIP2C	4.1737376153532e-06	7576	rwr	BC
CYP20A1	4.16512287558535e-06	7577	rwr	BC
NAPSA	4.16104757323131e-06	7578	rwr	BC
GALNT4	4.16041613906931e-06	7579	rwr	BC
NMB	4.15291940488086e-06	7580	rwr	BC
CLEC18A	4.15121046498416e-06	7581	rwr	BC
FBXL13	4.14355161813504e-06	7582	rwr	BC
ZNF100	4.13446925520729e-06	7583	rwr	BC
H2BC5	4.13331215396181e-06	7584	rwr	BC
IGFBP5	4.13305138343733e-06	7585	rwr	BC
SEPTIN1	4.13223244657188e-06	7586	rwr	BC
FEM1C	4.12732459676978e-06	7587	rwr	BC
AP3M2	4.12615009310626e-06	7588	rwr	BC
MYORG	4.12180273395214e-06	7589	rwr	BC
GRK2	4.12106548694197e-06	7590	rwr	BC
BET1L	4.12059499649336e-06	7591	rwr	BC
MGAT2	4.10602891890081e-06	7592	rwr	BC
CBLL2	4.10484753444074e-06	7593	rwr	BC
RTL6	4.10354099078155e-06	7594	rwr	BC
AZU1	4.10095123086352e-06	7595	rwr	BC
OTX2	4.09830343988433e-06	7596	rwr	BC
CSRP1	4.09646962858571e-06	7597	rwr	BC
AUNIP	4.09572094354343e-06	7598	rwr	BC
DHRSX	4.09556347418883e-06	7599	rwr	BC
AQP2	4.09415622923435e-06	7600	rwr	BC
RETREG2	4.09089035101087e-06	7601	rwr	BC
ZNF488	4.09005304803161e-06	7602	rwr	BC
SETD5	4.08960922319552e-06	7603	rwr	BC
TBC1D23	4.08496948179421e-06	7604	rwr	BC
DHH	4.08373139187549e-06	7605	rwr	BC
CLPTM1	4.08212742106947e-06	7606	rwr	BC
LURAP1L	4.08128872204612e-06	7607	rwr	BC
FBN2	4.07542209847545e-06	7608	rwr	BC
MARCHF5	4.07498919159184e-06	7609	rwr	BC
GSTO2	4.07004919358126e-06	7610	rwr	BC
KCTD16	4.06854010988506e-06	7611	rwr	BC
FNBP4	4.06418589357409e-06	7612	rwr	BC
PKIG	4.05591721148259e-06	7613	rwr	BC
SYT3	4.05254813283192e-06	7614	rwr	BC
PSG9	4.05182934387711e-06	7615	rwr	BC
CASTOR1	4.05130017550974e-06	7616	rwr	BC
UTP23	4.05061018847708e-06	7617	rwr	BC
IFT56	4.05003251344981e-06	7618	rwr	BC
MOXD1	4.03767494285798e-06	7619	rwr	BC
GPR3	4.03702358067202e-06	7620	rwr	BC
TECPR1	4.03233994564152e-06	7621	rwr	BC
NCBP3	4.0271947325724e-06	7622	rwr	BC
KIAA0319L	4.02678563352889e-06	7623	rwr	BC
PEX16	4.02542126687936e-06	7624	rwr	BC
NXN	4.00410942331476e-06	7625	rwr	BC
GNPDA2	4.00204532273443e-06	7626	rwr	BC
AGPAT5	4.00106868351613e-06	7627	rwr	BC
HACD3	3.99546450178576e-06	7628	rwr	BC
ORAI1	3.992320950105e-06	7629	rwr	BC
BMAL1	3.99164135856296e-06	7630	rwr	BC
ATP11A	3.98925593684828e-06	7631	rwr	BC
FZD3	3.98686798531676e-06	7632	rwr	BC
BLVRB	3.98540917171934e-06	7633	rwr	BC
FAM32A	3.98372121746383e-06	7634	rwr	BC
VEGFC	3.98215139985673e-06	7635	rwr	BC
DBF4B	3.98082389480775e-06	7636	rwr	BC
LMX1B	3.97995527518505e-06	7637	rwr	BC
NAGLU	3.96529022049309e-06	7638	rwr	BC
MRPL58	3.96522589988749e-06	7639	rwr	BC
RAB12	3.96356258788089e-06	7640	rwr	BC
MVB12B	3.95750372104736e-06	7641	rwr	BC
SYT11	3.95381802765094e-06	7642	rwr	BC
ZNF624	3.95195812303743e-06	7643	rwr	BC
AKR1C1	3.95139246756374e-06	7644	rwr	BC
COL18A1	3.94896622855892e-06	7645	rwr	BC
INPP5A	3.94615209204564e-06	7646	rwr	BC
BTN3A1	3.94446963359019e-06	7647	rwr	BC
GCNT2	3.94429318519042e-06	7648	rwr	BC
BATF2	3.93845027219695e-06	7649	rwr	BC
CACNG3	3.93570903955311e-06	7650	rwr	BC
FAM76B	3.93525894509779e-06	7651	rwr	BC
COA1	3.93468809140084e-06	7652	rwr	BC
AQP1	3.93378055772835e-06	7653	rwr	BC
DNAJC4	3.93280586339123e-06	7654	rwr	BC
IFIT2	3.93175632616696e-06	7655	rwr	BC
ZNF561	3.92722873187142e-06	7656	rwr	BC
AGER	3.92584309798721e-06	7657	rwr	BC
CTSK	3.92377378164334e-06	7658	rwr	BC
ZNF771	3.91306634484802e-06	7659	rwr	BC
MFHAS1	3.91155704019558e-06	7660	rwr	BC
LRRC51	3.9083290421398e-06	7661	rwr	BC
SDHAF1	3.90311607348589e-06	7662	rwr	BC
SPSB3	3.90008562959852e-06	7663	rwr	BC
KRTAP10-8	3.89932316270982e-06	7664	rwr	BC
CD207	3.8953766479042e-06	7665	rwr	BC
LRRC20	3.88510410355832e-06	7666	rwr	BC
RNASE13	3.8843816099968e-06	7667	rwr	BC
P3H4	3.87937905006744e-06	7668	rwr	BC
SPCS3	3.87452416211185e-06	7669	rwr	BC
NEBL	3.8743517688419e-06	7670	rwr	BC
MYH8	3.87276861397297e-06	7671	rwr	BC
GTPBP8	3.87236692989418e-06	7672	rwr	BC
B9D1	3.87127483696588e-06	7673	rwr	BC
ARSI	3.86921562115966e-06	7674	rwr	BC
PRAMEF17	3.86754757989903e-06	7675	rwr	BC
CHDH	3.86201316927388e-06	7676	rwr	BC
ZNG1B	3.85662911991474e-06	7677	rwr	BC
MIR1253	3.8557909056373e-06	7678	rwr	BC
MIR147B	3.8557909056373e-06	7679	rwr	BC
MIR210	3.8557909056373e-06	7680	rwr	BC
MIR425	3.8557909056373e-06	7681	rwr	BC
MIR4269	3.8557909056373e-06	7682	rwr	BC
MIR4667	3.8557909056373e-06	7683	rwr	BC
LRRC8D	3.84639476561158e-06	7684	rwr	BC
G2E3	3.84631659930227e-06	7685	rwr	BC
MESD	3.84197137710511e-06	7686	rwr	BC
TRAPPC6A	3.83437097620749e-06	7687	rwr	BC
RGPD3	3.8286010128902e-06	7688	rwr	BC
KARS1	3.82727278452007e-06	7689	rwr	BC
CABCOCO1	3.82231095936424e-06	7690	rwr	BC
NT5C1A	3.82158388093287e-06	7691	rwr	BC
SEPTIN4	3.82001914193234e-06	7692	rwr	BC
DHRS13	3.81862514028776e-06	7693	rwr	BC
SULT2A1	3.81857661885579e-06	7694	rwr	BC
SGO1	3.81707595098245e-06	7695	rwr	BC
ODAD4	3.81691940643365e-06	7696	rwr	BC
WNT16	3.8168479644646e-06	7697	rwr	BC
PIEZO1	3.81650251869221e-06	7698	rwr	BC
H6PD	3.81548732422278e-06	7699	rwr	BC
NOMO3	3.81283055569482e-06	7700	rwr	BC
ZNF761	3.81086561042352e-06	7701	rwr	BC
CRELD2	3.80510806981192e-06	7702	rwr	BC
TDRD7	3.80510806981192e-06	7703	rwr	BC
RANBP17	3.80018050876811e-06	7704	rwr	BC
ATP6V0D2	3.7998570169443e-06	7705	rwr	BC
BLOC1S4	3.79875747632003e-06	7706	rwr	BC
TMEM205	3.79647716876008e-06	7707	rwr	BC
PADI1	3.79046263240037e-06	7708	rwr	BC
MTMR12	3.78882393666633e-06	7709	rwr	BC
GSDMA	3.78144363329092e-06	7710	rwr	BC
NME8	3.78058387534892e-06	7711	rwr	BC
SIRPB1	3.77816764725048e-06	7712	rwr	BC
GPM6B	3.77736322864119e-06	7713	rwr	BC
C11ORF24	3.77615004707345e-06	7714	rwr	BC
ZBTB11	3.77410553849324e-06	7715	rwr	BC
RNASE1	3.77000296989268e-06	7716	rwr	BC
TMEM39A	3.76250844873388e-06	7717	rwr	BC
ASRGL1	3.7618613317971e-06	7718	rwr	BC
ATP6V1G2	3.76084031457503e-06	7719	rwr	BC
ZNF587	3.7585697616433e-06	7720	rwr	BC
PCDHB5	3.75281156090003e-06	7721	rwr	BC
MCAT	3.75225999856159e-06	7722	rwr	BC
PHACTR3	3.74964620610147e-06	7723	rwr	BC
TIMM29	3.74864353314056e-06	7724	rwr	BC
AGPAT2	3.74825898096004e-06	7725	rwr	BC
TMEM184B	3.74715061309382e-06	7726	rwr	BC
LILRB4	3.7392928883023e-06	7727	rwr	BC
ZNF558	3.73805176809091e-06	7728	rwr	BC
ZNF514	3.72425914364241e-06	7729	rwr	BC
ATG4C	3.72393165207623e-06	7730	rwr	BC
ATP23	3.7236126596413e-06	7731	rwr	BC
TRMT12	3.72354661963637e-06	7732	rwr	BC
KLHL14	3.7228314482022e-06	7733	rwr	BC
EML2	3.72245985914852e-06	7734	rwr	BC
MPC2	3.71858520760866e-06	7735	rwr	BC
CCDC186	3.70618423718008e-06	7736	rwr	BC
DZANK1	3.7031285943946e-06	7737	rwr	BC
MTFP1	3.69712633361821e-06	7738	rwr	BC
CERS5	3.6967956176331e-06	7739	rwr	BC
MSMO1	3.69049984857462e-06	7740	rwr	BC
TENT4B	3.68852451478161e-06	7741	rwr	BC
SLC25A28	3.68359977846235e-06	7742	rwr	BC
ME2	3.68276063890352e-06	7743	rwr	BC
LINC03122	3.68244269570454e-06	7744	rwr	BC
NRIP3	3.67870759567624e-06	7745	rwr	BC
CYP4F12	3.67792092677155e-06	7746	rwr	BC
CKMT2	3.66973637220368e-06	7747	rwr	BC
PIGQ	3.66904716342676e-06	7748	rwr	BC
THBS4	3.66628659569319e-06	7749	rwr	BC
NT5C2	3.66448587368135e-06	7750	rwr	BC
KLHL1	3.66411554121452e-06	7751	rwr	BC
ZC3H7B	3.66411554121452e-06	7752	rwr	BC
SH3BGRL3	3.65524409040872e-06	7753	rwr	BC
TMPRSS12	3.64842604930296e-06	7754	rwr	BC
TREML2	3.64714785562332e-06	7755	rwr	BC
PDK4	3.64511077609436e-06	7756	rwr	BC
TNNC1	3.63933452176577e-06	7757	rwr	BC
WAPL	3.63582216919926e-06	7758	rwr	BC
PTCD2	3.63491342075265e-06	7759	rwr	BC
HRG	3.63415585453892e-06	7760	rwr	BC
CTH	3.63401635986503e-06	7761	rwr	BC
PTPN20	3.63401635986503e-06	7762	rwr	BC
TPST1	3.63308834032268e-06	7763	rwr	BC
MEOX1	3.62928103654172e-06	7764	rwr	BC
ZYG11A	3.62701711974594e-06	7765	rwr	BC
SNAPC2	3.62472471921349e-06	7766	rwr	BC
CHD2	3.61833100613359e-06	7767	rwr	BC
NFATC3	3.61804643005042e-06	7768	rwr	BC
NXT2	3.61754662071864e-06	7769	rwr	BC
NDUFB1	3.61630918425306e-06	7770	rwr	BC
HOXD13	3.6146785314912e-06	7771	rwr	BC
NDUFA11	3.61398447828304e-06	7772	rwr	BC
WASHC4	3.61200420997718e-06	7773	rwr	BC
ZNF267	3.61177733342459e-06	7774	rwr	BC
CER1	3.61145394573906e-06	7775	rwr	BC
AOC3	3.60761109105173e-06	7776	rwr	BC
ZNF580	3.60739026820777e-06	7777	rwr	BC
PRR4	3.60675788692366e-06	7778	rwr	BC
NPHP3	3.60613565146799e-06	7779	rwr	BC
DNAAF1	3.60516724423044e-06	7780	rwr	BC
SERPINB6	3.60076590613317e-06	7781	rwr	BC
PRSS2	3.59902427216322e-06	7782	rwr	BC
SHPK	3.59642541205712e-06	7783	rwr	BC
UBFD1	3.59502630747527e-06	7784	rwr	BC
EMSY	3.58911210657474e-06	7785	rwr	BC
ATP5IF1	3.58758426485148e-06	7786	rwr	BC
CCDC28B	3.58667086506702e-06	7787	rwr	BC
ARL6	3.58317614196419e-06	7788	rwr	BC
MADCAM1	3.57627985578811e-06	7789	rwr	BC
CHGB	3.57507434590836e-06	7790	rwr	BC
NSG1	3.57453302048122e-06	7791	rwr	BC
TYMSOS	3.57242391672151e-06	7792	rwr	BC
QTRT1	3.57163920898103e-06	7793	rwr	BC
NOVA1	3.56801972513087e-06	7794	rwr	BC
ASGR1	3.56625889894693e-06	7795	rwr	BC
ZNF780A	3.56593892484117e-06	7796	rwr	BC
ASNSD1	3.56518119821414e-06	7797	rwr	BC
SGCA	3.5639676649262e-06	7798	rwr	BC
PMFBP1	3.563519649976e-06	7799	rwr	BC
TBC1D14	3.56339389125993e-06	7800	rwr	BC
SPATA46	3.56309991839837e-06	7801	rwr	BC
SCAPER	3.56150329145137e-06	7802	rwr	BC
ATP6V1E2	3.56052238534981e-06	7803	rwr	BC
B3GALT2	3.55552161945715e-06	7804	rwr	BC
SAMD11	3.54670036016759e-06	7805	rwr	BC
DCDC2B	3.54545648488382e-06	7806	rwr	BC
GPR50	3.53773906779046e-06	7807	rwr	BC
MRPL33	3.53720478346681e-06	7808	rwr	BC
ZNF620	3.53026220603032e-06	7809	rwr	BC
ZNF77	3.53026220603032e-06	7810	rwr	BC
FLG	3.52348187108223e-06	7811	rwr	BC
SMPX	3.5228605744309e-06	7812	rwr	BC
TOMM40L	3.51777102513386e-06	7813	rwr	BC
ZNF213	3.51386279935576e-06	7814	rwr	BC
ST8SIA3	3.51363055430045e-06	7815	rwr	BC
OR51E2	3.51108589005655e-06	7816	rwr	BC
ACAD8	3.51083637274473e-06	7817	rwr	BC
PPM1E	3.50931871313616e-06	7818	rwr	BC
ZNF296	3.50920479204124e-06	7819	rwr	BC
CLPSL1	3.50919948397581e-06	7820	rwr	BC
ZNF440	3.50736238614596e-06	7821	rwr	BC
PLAT	3.50486805728002e-06	7822	rwr	BC
GCLC	3.50378619710967e-06	7823	rwr	BC
SEPTIN5	3.50264963123072e-06	7824	rwr	BC
KRTAP10-9	3.50159323615317e-06	7825	rwr	BC
ADAMTS18	3.49824994113022e-06	7826	rwr	BC
PPP1R1A	3.49707660457933e-06	7827	rwr	BC
GIPC2	3.49664283683957e-06	7828	rwr	BC
KIF3C	3.496072958128e-06	7829	rwr	BC
PLVAP	3.49518228526382e-06	7830	rwr	BC
CARTPT	3.49256964448435e-06	7831	rwr	BC
NECAP1	3.48746660944761e-06	7832	rwr	BC
ULK4	3.47984819896977e-06	7833	rwr	BC
CYSRT1	3.47783538010681e-06	7834	rwr	BC
DBP	3.47554815483075e-06	7835	rwr	BC
THAP4	3.47134709541282e-06	7836	rwr	BC
PRPF18	3.46875947438073e-06	7837	rwr	BC
ZNF284	3.46785824930228e-06	7838	rwr	BC
GKN1	3.46772906725705e-06	7839	rwr	BC
GDNF	3.46401688792097e-06	7840	rwr	BC
KCNQ2	3.46093403097719e-06	7841	rwr	BC
CHAC2	3.44912936206152e-06	7842	rwr	BC
MXRA7	3.44586263234914e-06	7843	rwr	BC
CHST14	3.44237693421748e-06	7844	rwr	BC
ZNF45	3.43956862531308e-06	7845	rwr	BC
DKK4	3.43258958326173e-06	7846	rwr	BC
NOX1	3.42860914350073e-06	7847	rwr	BC
ATP5F1C	3.42584294728824e-06	7848	rwr	BC
LYSMD1	3.42447107360395e-06	7849	rwr	BC
CD86	3.42232565001017e-06	7850	rwr	BC
UTP11	3.41982272147852e-06	7851	rwr	BC
ALKBH4	3.41873913467046e-06	7852	rwr	BC
CBARP	3.41701369477795e-06	7853	rwr	BC
AFM	3.41687985213169e-06	7854	rwr	BC
LRFN3	3.41195609765303e-06	7855	rwr	BC
FAM163A	3.41017760249768e-06	7856	rwr	BC
RTN4RL2	3.40822420023168e-06	7857	rwr	BC
NHSL3	3.40714239403337e-06	7858	rwr	BC
MT-CO1	3.40051451291472e-06	7859	rwr	BC
STAP1	3.39620220735941e-06	7860	rwr	BC
RGP1	3.39536557798098e-06	7861	rwr	BC
KCNJ6	3.39366222462159e-06	7862	rwr	BC
CCDC140	3.39239673987975e-06	7863	rwr	BC
METAP1D	3.38679329928717e-06	7864	rwr	BC
DGCR2	3.38188907024355e-06	7865	rwr	BC
OSM	3.37742547797403e-06	7866	rwr	BC
COX11	3.37441380993464e-06	7867	rwr	BC
TENT4A	3.36992293198004e-06	7868	rwr	BC
SEPTIN9	3.36967721751373e-06	7869	rwr	BC
CNNM1	3.36736728594228e-06	7870	rwr	BC
CNNM2	3.36736728594228e-06	7871	rwr	BC
KATNAL2	3.3664597318571e-06	7872	rwr	BC
NPTX2	3.36194546121619e-06	7873	rwr	BC
F8A1	3.36089579952192e-06	7874	rwr	BC
SLC35C1	3.36040274241823e-06	7875	rwr	BC
NSUN3	3.35563786387865e-06	7876	rwr	BC
ELOVL2	3.35149675116367e-06	7877	rwr	BC
VMA22	3.34779035714705e-06	7878	rwr	BC
ZNF70	3.34720360136113e-06	7879	rwr	BC
PABPC4L	3.34703501376842e-06	7880	rwr	BC
GABRA6	3.34572734970832e-06	7881	rwr	BC
MAL	3.33820189801256e-06	7882	rwr	BC
LILRA3	3.33656114728365e-06	7883	rwr	BC
ZNF202	3.33098879255333e-06	7884	rwr	BC
ALG8	3.32870064461493e-06	7885	rwr	BC
H2BC13	3.32685090467418e-06	7886	rwr	BC
ZNF48	3.32622462759205e-06	7887	rwr	BC
SEPTIN2	3.32504694128696e-06	7888	rwr	BC
DDX3Y	3.32228482980125e-06	7889	rwr	BC
ZNF101	3.31882404882995e-06	7890	rwr	BC
CEND1	3.3179942939401e-06	7891	rwr	BC
FERMT3	3.31624352451403e-06	7892	rwr	BC
CCNI2	3.31509846171473e-06	7893	rwr	BC
KCTD8	3.29786785646266e-06	7894	rwr	BC
CABLES1	3.29742836513081e-06	7895	rwr	BC
GPR137B	3.29350954197684e-06	7896	rwr	BC
TCEANC	3.28453910977392e-06	7897	rwr	BC
HOXB2	3.28400915179497e-06	7898	rwr	BC
CRAMP1	3.28116877870023e-06	7899	rwr	BC
SBSPON	3.27993886749027e-06	7900	rwr	BC
AMMECR1L	3.27289102825854e-06	7901	rwr	BC
IFNA8	3.27057219124444e-06	7902	rwr	BC
ARK2N	3.26183022530537e-06	7903	rwr	BC
GNPTG	3.25937167936392e-06	7904	rwr	BC
TMEM68	3.25683153191328e-06	7905	rwr	BC
GPC6	3.25159537576719e-06	7906	rwr	BC
CAPN13	3.25118115143191e-06	7907	rwr	BC
MUC7	3.25093161971108e-06	7908	rwr	BC
ACMSD	3.24623890405126e-06	7909	rwr	BC
RTKN2	3.24072166937747e-06	7910	rwr	BC
KIF9	3.2401146450319e-06	7911	rwr	BC
SEPSECS	3.23935399707888e-06	7912	rwr	BC
ST8SIA1	3.23633349179339e-06	7913	rwr	BC
ERI1	3.2346368053575e-06	7914	rwr	BC
CDC42EP3	3.23341923492119e-06	7915	rwr	BC
RPL41	3.23161023029719e-06	7916	rwr	BC
ALG11	3.22857215823154e-06	7917	rwr	BC
FAM200C	3.22739412581633e-06	7918	rwr	BC
PPP1R3E	3.2246957282373e-06	7919	rwr	BC
NPY	3.22464455349824e-06	7920	rwr	BC
PISD	3.22341410107696e-06	7921	rwr	BC
SLC35G2	3.22246565437428e-06	7922	rwr	BC
KLHL17	3.22246322603377e-06	7923	rwr	BC
CCL23	3.21741677775395e-06	7924	rwr	BC
IDH3G	3.21514196621189e-06	7925	rwr	BC
DNAJC28	3.20305576838459e-06	7926	rwr	BC
DNAJB7	3.20199464751966e-06	7927	rwr	BC
ZNF22	3.20084155037037e-06	7928	rwr	BC
YIPF4	3.19876237690949e-06	7929	rwr	BC
FZD5	3.19372107392663e-06	7930	rwr	BC
DUSP12	3.18602719135075e-06	7931	rwr	BC
PPOX	3.18601000373253e-06	7932	rwr	BC
ENTREP3	3.18552170758224e-06	7933	rwr	BC
ENOPH1	3.1741371060596e-06	7934	rwr	BC
RIT2	3.17223113975251e-06	7935	rwr	BC
ULBP2	3.16971547105356e-06	7936	rwr	BC
IFRD2	3.16953317423026e-06	7937	rwr	BC
MOK	3.16920164528951e-06	7938	rwr	BC
RGS11	3.1676954113808e-06	7939	rwr	BC
ZBTB20	3.1676954113808e-06	7940	rwr	BC
NDST2	3.16018106588877e-06	7941	rwr	BC
PRTFDC1	3.1599822757571e-06	7942	rwr	BC
FLAD1	3.15464946743258e-06	7943	rwr	BC
DUSP23	3.14863322477951e-06	7944	rwr	BC
DOP1A	3.14489784757235e-06	7945	rwr	BC
NACAD	3.14489784757235e-06	7946	rwr	BC
SELPLG	3.13665500955416e-06	7947	rwr	BC
CRYBB1	3.13281815262171e-06	7948	rwr	BC
SLC36A1	3.13215969369814e-06	7949	rwr	BC
SPPL2A	3.13215969369814e-06	7950	rwr	BC
BCL6B	3.13173076665586e-06	7951	rwr	BC
BTD	3.12987476485235e-06	7952	rwr	BC
ODF4	3.12887563859761e-06	7953	rwr	BC
CYP51A1	3.12853778197043e-06	7954	rwr	BC
UQCC2	3.12760870013359e-06	7955	rwr	BC
PRPF38B	3.12244647956832e-06	7956	rwr	BC
GNG11	3.12134721175546e-06	7957	rwr	BC
TMED8	3.11360779212792e-06	7958	rwr	BC
KIR2DL3	3.10950962588661e-06	7959	rwr	BC
STK17B	3.10668619908261e-06	7960	rwr	BC
SYT2	3.09922343571481e-06	7961	rwr	BC
BOLA2	3.09777035421024e-06	7962	rwr	BC
TMEM147	3.09751902975361e-06	7963	rwr	BC
HLA-DQB2	3.08887063535331e-06	7964	rwr	BC
ELOA	3.08841810196535e-06	7965	rwr	BC
NAT8L	3.08224134227032e-06	7966	rwr	BC
METTL16	3.08123396705169e-06	7967	rwr	BC
ZNF146	3.07998383095963e-06	7968	rwr	BC
XKRX	3.07886160154634e-06	7969	rwr	BC
ZNF556	3.06949646664899e-06	7970	rwr	BC
PADI3	3.06693852244071e-06	7971	rwr	BC
GFPT2	3.06122498294667e-06	7972	rwr	BC
DMAC2L	3.05957200882727e-06	7973	rwr	BC
PDYN	3.05824823554677e-06	7974	rwr	BC
CFP	3.05776353522625e-06	7975	rwr	BC
MEGF8	3.05563005765582e-06	7976	rwr	BC
HMGB3	3.05556807159503e-06	7977	rwr	BC
PEX11B	3.05119461974091e-06	7978	rwr	BC
ZNF621	3.04974883790027e-06	7979	rwr	BC
CHIT1	3.04671205093006e-06	7980	rwr	BC
BMP15	3.0463887437057e-06	7981	rwr	BC
CHLSN	3.04318186758906e-06	7982	rwr	BC
FZD6	3.04065949075202e-06	7983	rwr	BC
LHFPL5	3.04064276533106e-06	7984	rwr	BC
DCLK2	3.04021652517498e-06	7985	rwr	BC
KRTAP5-9	3.03882344083648e-06	7986	rwr	BC
ATP5MG	3.03532862946928e-06	7987	rwr	BC
MFSD11	3.03470826350551e-06	7988	rwr	BC
KLHDC8B	3.03217998573715e-06	7989	rwr	BC
TMCO4	3.02781918304916e-06	7990	rwr	BC
RGS9	3.02772497814993e-06	7991	rwr	BC
PRELID1	3.02326494894402e-06	7992	rwr	BC
FMR1NB	3.02176609014529e-06	7993	rwr	BC
BMP5	3.02141119048585e-06	7994	rwr	BC
TMEM92	3.02141119048585e-06	7995	rwr	BC
ANGPTL2	3.02104833311881e-06	7996	rwr	BC
PTS	3.01871364051277e-06	7997	rwr	BC
CCN1	3.0186668703079e-06	7998	rwr	BC
GON7	3.01796078202797e-06	7999	rwr	BC
METTL18	3.01564191398046e-06	8000	rwr	BC
PRL	3.01337332453175e-06	8001	rwr	BC
ALDH5A1	3.01009501187081e-06	8002	rwr	BC
SAXO4	3.00990856518335e-06	8003	rwr	BC
SAPCD2	3.00824587281388e-06	8004	rwr	BC
AARS1	3.00706831007879e-06	8005	rwr	BC
DMXL1	3.00101681255388e-06	8006	rwr	BC
MT-ATP8	2.99850420153873e-06	8007	rwr	BC
CISD1	2.99341087119126e-06	8008	rwr	BC
CD55	2.99073971459581e-06	8009	rwr	BC
SMCO3	2.99043594524615e-06	8010	rwr	BC
CYP2C9	2.98824536761515e-06	8011	rwr	BC
CYB561	2.98672591383826e-06	8012	rwr	BC
ALG3	2.98443489278419e-06	8013	rwr	BC
RIPPLY1	2.98386917268519e-06	8014	rwr	BC
ISCA2	2.98312576917999e-06	8015	rwr	BC
IYD	2.97253810342912e-06	8016	rwr	BC
NLN	2.96906555316397e-06	8017	rwr	BC
CTBS	2.9665442615532e-06	8018	rwr	BC
KLRD1	2.96642845596097e-06	8019	rwr	BC
ZNF431	2.95546512412196e-06	8020	rwr	BC
TIMM23	2.9531197940662e-06	8021	rwr	BC
CASTOR3P	2.95229520222511e-06	8022	rwr	BC
DPH3	2.94925954710885e-06	8023	rwr	BC
FATE1	2.94746565988417e-06	8024	rwr	BC
UQCC1	2.94326972459413e-06	8025	rwr	BC
DPH6	2.94306609097426e-06	8026	rwr	BC
SFRP2	2.93772419576366e-06	8027	rwr	BC
ZIM2	2.93488052756562e-06	8028	rwr	BC
AREG	2.93222886278341e-06	8029	rwr	BC
MCUB	2.9317816213509e-06	8030	rwr	BC
SLC16A10	2.93175315200961e-06	8031	rwr	BC
PRCP	2.93155375538659e-06	8032	rwr	BC
RAB2B	2.92721935291401e-06	8033	rwr	BC
IFNW1	2.92674736691957e-06	8034	rwr	BC
SNAPC4	2.92424371631365e-06	8035	rwr	BC
COQ3	2.9234809295128e-06	8036	rwr	BC
H2BC18	2.92226354045149e-06	8037	rwr	BC
C5ORF22	2.92075449429075e-06	8038	rwr	BC
C1QTNF1	2.91812146877874e-06	8039	rwr	BC
SLC39A3	2.91550858701505e-06	8040	rwr	BC
SLAMF6	2.91519699181344e-06	8041	rwr	BC
NOPCHAP1	2.91442755538288e-06	8042	rwr	BC
S100A16	2.90977889620091e-06	8043	rwr	BC
RAB24	2.90886259379117e-06	8044	rwr	BC
DPY19L3	2.90562060964302e-06	8045	rwr	BC
THADA	2.89843723351402e-06	8046	rwr	BC
TMEM182	2.89832608078957e-06	8047	rwr	BC
ZNF114	2.8938143998038e-06	8048	rwr	BC
DCAKD	2.89029437736472e-06	8049	rwr	BC
HYLS1	2.8902218512027e-06	8050	rwr	BC
AKAP6	2.889593966763e-06	8051	rwr	BC
IFNA14	2.88946839474314e-06	8052	rwr	BC
CSRP2	2.88861095172363e-06	8053	rwr	BC
TTL	2.88509991431341e-06	8054	rwr	BC
AGT	2.87357758256916e-06	8055	rwr	BC
FNDC11	2.86929114939113e-06	8056	rwr	BC
SPATA20	2.86903470594496e-06	8057	rwr	BC
MPO	2.86831099036262e-06	8058	rwr	BC
DMP1	2.86434335310319e-06	8059	rwr	BC
AMZ2	2.86162162341494e-06	8060	rwr	BC
OPRL1	2.85902286138841e-06	8061	rwr	BC
C9	2.85552009329985e-06	8062	rwr	BC
SRPRA	2.85367613103379e-06	8063	rwr	BC
CIB4	2.84468096962443e-06	8064	rwr	BC
FBXL21P	2.84468096962443e-06	8065	rwr	BC
TRAPPC14	2.84089793508225e-06	8066	rwr	BC
AIG1	2.83957344430508e-06	8067	rwr	BC
CYP3A5	2.83542101997174e-06	8068	rwr	BC
BLTP3A	2.83437370193152e-06	8069	rwr	BC
CYRIB	2.83326831472114e-06	8070	rwr	BC
CYP8B1	2.83159063324207e-06	8071	rwr	BC
DPYS	2.8310738524544e-06	8072	rwr	BC
ASTE1	2.82081440436002e-06	8073	rwr	BC
ZKSCAN3	2.8169059051069e-06	8074	rwr	BC
C16ORF54	2.81458972578629e-06	8075	rwr	BC
B3GLCT	2.81393141600239e-06	8076	rwr	BC
C6ORF120	2.81018578191483e-06	8077	rwr	BC
CACNA1S	2.80806579646237e-06	8078	rwr	BC
SPACA3	2.80747279111263e-06	8079	rwr	BC
CGGBP1	2.80374286402124e-06	8080	rwr	BC
ZNF724	2.80194611338412e-06	8081	rwr	BC
DCHS1	2.80122701924009e-06	8082	rwr	BC
TMEM150A	2.79833876542358e-06	8083	rwr	BC
FGF13	2.79654529595081e-06	8084	rwr	BC
MARCHF7	2.79585568296896e-06	8085	rwr	BC
SOX1	2.79584582254456e-06	8086	rwr	BC
LIMS2	2.79200992779971e-06	8087	rwr	BC
BTNL3	2.78999496297392e-06	8088	rwr	BC
P2RX6	2.78993044638655e-06	8089	rwr	BC
CEACAM5	2.78116164267344e-06	8090	rwr	BC
HSD17B6	2.78104803260451e-06	8091	rwr	BC
HDDC3	2.77939715231183e-06	8092	rwr	BC
TRIM4	2.77235289434404e-06	8093	rwr	BC
TFF1	2.7709658153373e-06	8094	rwr	BC
NUP62CL	2.76382785310295e-06	8095	rwr	BC
AGL	2.75811289047231e-06	8096	rwr	BC
PRKCH	2.75781856279034e-06	8097	rwr	BC
ODC1	2.75710450206063e-06	8098	rwr	BC
RGS14	2.75292065485632e-06	8099	rwr	BC
ZNF768	2.74919141210887e-06	8100	rwr	BC
TKFC	2.74839117894573e-06	8101	rwr	BC
ITPKC	2.74451262432913e-06	8102	rwr	BC
CX3CL1	2.74316920553139e-06	8103	rwr	BC
GPR55	2.74305861217584e-06	8104	rwr	BC
TNNI1	2.74111222719617e-06	8105	rwr	BC
RIC1	2.73751259341325e-06	8106	rwr	BC
HSPA7	2.73053451079631e-06	8107	rwr	BC
DIXDC1	2.72855196294341e-06	8108	rwr	BC
PIN4	2.72630753327232e-06	8109	rwr	BC
PCDHB7	2.72374351456188e-06	8110	rwr	BC
BAZ2B	2.72188106567164e-06	8111	rwr	BC
SULT1A1	2.71986575099588e-06	8112	rwr	BC
XXYLT1	2.71165136464211e-06	8113	rwr	BC
TAF7L	2.70838910769472e-06	8114	rwr	BC
ABHD12	2.70671248953028e-06	8115	rwr	BC
AGPAT4	2.70473194172436e-06	8116	rwr	BC
NYX	2.70155164926451e-06	8117	rwr	BC
SARS1	2.70065072565712e-06	8118	rwr	BC
CFAP47	2.70003617455878e-06	8119	rwr	BC
CYP7B1	2.70003617455878e-06	8120	rwr	BC
ZNF396	2.69344909493945e-06	8121	rwr	BC
PNMA8A	2.68971648555622e-06	8122	rwr	BC
FMO5	2.6867927796592e-06	8123	rwr	BC
VWDE	2.68666613858503e-06	8124	rwr	BC
KCNA6	2.68440443958753e-06	8125	rwr	BC
H2AZ1	2.68101512662654e-06	8126	rwr	BC
CRLF3	2.67931699457855e-06	8127	rwr	BC
RUFY4	2.67792586181095e-06	8128	rwr	BC
SLC16A2	2.67592468756698e-06	8129	rwr	BC
TCF24	2.67006458851185e-06	8130	rwr	BC
SLC16A11	2.66986949354373e-06	8131	rwr	BC
CHST15	2.66808435318973e-06	8132	rwr	BC
COL3A1	2.66796785008709e-06	8133	rwr	BC
HTR1B	2.66528624024917e-06	8134	rwr	BC
TEN1	2.66432212549016e-06	8135	rwr	BC
RGS8	2.66426053658744e-06	8136	rwr	BC
SNX15	2.66312604844879e-06	8137	rwr	BC
TIMM17B	2.66212096808472e-06	8138	rwr	BC
DCLK3	2.65265530267213e-06	8139	rwr	BC
UMPS	2.65192858351223e-06	8140	rwr	BC
RBMY1A1	2.64914363770921e-06	8141	rwr	BC
LYRM2	2.64681895159999e-06	8142	rwr	BC
SGCB	2.63498281455791e-06	8143	rwr	BC
PHPT1	2.63398179446156e-06	8144	rwr	BC
KRTAP26-1	2.63332465400806e-06	8145	rwr	BC
GXYLT2	2.6269264144293e-06	8146	rwr	BC
AMIGO1	2.62666344391029e-06	8147	rwr	BC
ICA1	2.62666344391029e-06	8148	rwr	BC
ICA1L	2.62666344391029e-06	8149	rwr	BC
PRXL2C	2.62666344391029e-06	8150	rwr	BC
ZCCHC9	2.62316528209862e-06	8151	rwr	BC
C1S	2.62123058797165e-06	8152	rwr	BC
GNMT	2.60970752502143e-06	8153	rwr	BC
MTCL3	2.60841255763629e-06	8154	rwr	BC
FOXN3	2.6037099429988e-06	8155	rwr	BC
DENND4B	2.60327078591437e-06	8156	rwr	BC
VAT1L	2.60236574223434e-06	8157	rwr	BC
ATP6V0E1	2.60200587173134e-06	8158	rwr	BC
ETV5	2.59253464927151e-06	8159	rwr	BC
RTF2	2.59128741663676e-06	8160	rwr	BC
SDC3	2.59107796335947e-06	8161	rwr	BC
INVS	2.58814372243987e-06	8162	rwr	BC
SNRPGP15	2.57965210652464e-06	8163	rwr	BC
FAHD2A	2.57699622743492e-06	8164	rwr	BC
SERPING1	2.5765754446702e-06	8165	rwr	BC
PTGR2	2.56966991051741e-06	8166	rwr	BC
HELZ2	2.56856300393494e-06	8167	rwr	BC
CTDNEP1	2.56831892735265e-06	8168	rwr	BC
RSRC2	2.56826756485368e-06	8169	rwr	BC
CRYBG1	2.56747159497657e-06	8170	rwr	BC
INTS13	2.56612036746778e-06	8171	rwr	BC
MTCL2	2.55875460285179e-06	8172	rwr	BC
RIDA	2.55539137949313e-06	8173	rwr	BC
PHETA2	2.55131849349619e-06	8174	rwr	BC
S100PBP	2.54343305532306e-06	8175	rwr	BC
PLIN5	2.54247093172014e-06	8176	rwr	BC
EML6	2.54117495674074e-06	8177	rwr	BC
GPANK1	2.53921230254032e-06	8178	rwr	BC
C1ORF50	2.53780457229817e-06	8179	rwr	BC
HDGFL2	2.53505588548751e-06	8180	rwr	BC
REG1B	2.53449400146498e-06	8181	rwr	BC
PHTF1	2.53210723897489e-06	8182	rwr	BC
ZNF843	2.52855639325308e-06	8183	rwr	BC
TLR6	2.52354005886403e-06	8184	rwr	BC
ALPG	2.51945884956136e-06	8185	rwr	BC
TSLP	2.51878390502389e-06	8186	rwr	BC
BHMT2	2.51445333380892e-06	8187	rwr	BC
NKAPD1	2.51432120833924e-06	8188	rwr	BC
C3ORF33	2.5133971837908e-06	8189	rwr	BC
CPA2	2.5088539388277e-06	8190	rwr	BC
DEFB1	2.50650342922328e-06	8191	rwr	BC
IRF6	2.50305346530669e-06	8192	rwr	BC
C6ORF47	2.50209472627036e-06	8193	rwr	BC
PKLR	2.49934752199065e-06	8194	rwr	BC
TGDS	2.49739033187061e-06	8195	rwr	BC
ASB16	2.49717203833648e-06	8196	rwr	BC
TUSC1	2.49694274773053e-06	8197	rwr	BC
KCNV2	2.49551330232533e-06	8198	rwr	BC
PTAR1	2.48787560911136e-06	8199	rwr	BC
PNLIP	2.48520398910294e-06	8200	rwr	BC
PRKRIP1	2.48506811139159e-06	8201	rwr	BC
GPLD1	2.47940994721347e-06	8202	rwr	BC
ELOB	2.47936765311644e-06	8203	rwr	BC
CYORF15B	2.47827792338015e-06	8204	rwr	BC
KIR3DL1	2.46883106163312e-06	8205	rwr	BC
ROPN1	2.46584978374781e-06	8206	rwr	BC
MGAT1	2.4624704461749e-06	8207	rwr	BC
PIGH	2.45929718941931e-06	8208	rwr	BC
SIGLEC5	2.45626680111179e-06	8209	rwr	BC
RAB17	2.4555324490964e-06	8210	rwr	BC
KICS2	2.45525499048276e-06	8211	rwr	BC
AKR1C4	2.45517589693654e-06	8212	rwr	BC
CTSF	2.45283215184541e-06	8213	rwr	BC
ST6GALNAC5	2.45251514973749e-06	8214	rwr	BC
CRACR2A	2.45221895681423e-06	8215	rwr	BC
PEX39	2.44719907177604e-06	8216	rwr	BC
PPP4R3B	2.44538858055797e-06	8217	rwr	BC
PROS1	2.44515067890641e-06	8218	rwr	BC
CPM	2.44412956949364e-06	8219	rwr	BC
AP1AR	2.44221096871317e-06	8220	rwr	BC
BMAL2	2.4369777495548e-06	8221	rwr	BC
ZMAT4	2.4363277246942e-06	8222	rwr	BC
YRDC	2.43252784127028e-06	8223	rwr	BC
KCNB2	2.42793020694223e-06	8224	rwr	BC
CD58	2.42652009098441e-06	8225	rwr	BC
CHL1	2.4231909796402e-06	8226	rwr	BC
ATP5MF	2.42281149844044e-06	8227	rwr	BC
PM20D1	2.42201180523238e-06	8228	rwr	BC
C1ORF21	2.42135746143133e-06	8229	rwr	BC
IFNE	2.42132767740366e-06	8230	rwr	BC
SLC22A5	2.41705268401538e-06	8231	rwr	BC
GNPDA1	2.41380113322824e-06	8232	rwr	BC
TNFSF11	2.41340382619119e-06	8233	rwr	BC
TCEAL9	2.41200304722531e-06	8234	rwr	BC
KIF12	2.41133364284734e-06	8235	rwr	BC
THYN1	2.41055585210157e-06	8236	rwr	BC
DPEP3	2.40715755537479e-06	8237	rwr	BC
CAPN8	2.40292365702166e-06	8238	rwr	BC
ZNF549	2.40184272229614e-06	8239	rwr	BC
SSC5D	2.40106506739107e-06	8240	rwr	BC
ZNF574	2.39911781119684e-06	8241	rwr	BC
SLC6A5	2.39766973340265e-06	8242	rwr	BC
ERAP1	2.39729830736404e-06	8243	rwr	BC
LRRC3	2.39315800902172e-06	8244	rwr	BC
TMC7	2.38961988055157e-06	8245	rwr	BC
LRATD2	2.38838612630515e-06	8246	rwr	BC
DNPEP	2.38574224861177e-06	8247	rwr	BC
FRAT2	2.38161545361975e-06	8248	rwr	BC
LEFTY1	2.38133201575612e-06	8249	rwr	BC
NAA11	2.3751134184276e-06	8250	rwr	BC
CDC42EP2	2.37345103118276e-06	8251	rwr	BC
SELE	2.36667797606279e-06	8252	rwr	BC
AMTN	2.36459160923171e-06	8253	rwr	BC
GET3	2.36451536781653e-06	8254	rwr	BC
CCDC40	2.36240115723004e-06	8255	rwr	BC
B3GALNT2	2.36129140066749e-06	8256	rwr	BC
TMCC3	2.35613876151373e-06	8257	rwr	BC
HS3ST2	2.3495522183662e-06	8258	rwr	BC
EPB41L4A	2.34678608818154e-06	8259	rwr	BC
SEPTIN7	2.34627463749931e-06	8260	rwr	BC
PHF13	2.34575253222064e-06	8261	rwr	BC
SLC25A21	2.34575253222064e-06	8262	rwr	BC
MSL3B	2.34133131652336e-06	8263	rwr	BC
TBX22	2.34018176905373e-06	8264	rwr	BC
WDFY2	2.3379127047569e-06	8265	rwr	BC
ZBTB43	2.33771858198462e-06	8266	rwr	BC
LRAT	2.33739203891629e-06	8267	rwr	BC
UCP1	2.33739203891629e-06	8268	rwr	BC
DEFB4A	2.33367973809878e-06	8269	rwr	BC
KLHL38	2.32547182485001e-06	8270	rwr	BC
ORM1	2.32480728468276e-06	8271	rwr	BC
ERO1B	2.31964703166394e-06	8272	rwr	BC
LMBR1	2.31816604148066e-06	8273	rwr	BC
KATNBL1	2.31347901254249e-06	8274	rwr	BC
POLR1F	2.31120287961238e-06	8275	rwr	BC
ALKBH2	2.30973059282967e-06	8276	rwr	BC
FOXA3	2.30251362227381e-06	8277	rwr	BC
SHISA5	2.30065456658717e-06	8278	rwr	BC
CD79B	2.29943993889969e-06	8279	rwr	BC
ROM1	2.2991401089066e-06	8280	rwr	BC
GDAP2	2.29861117304446e-06	8281	rwr	BC
H3-4	2.29794810472571e-06	8282	rwr	BC
UQCR10	2.29373789123088e-06	8283	rwr	BC
BRME1	2.29280467082539e-06	8284	rwr	BC
NCKAP5	2.29259574465385e-06	8285	rwr	BC
RSAD1	2.28618221831991e-06	8286	rwr	BC
GJA8	2.27848731643088e-06	8287	rwr	BC
FCRL1	2.27823914740219e-06	8288	rwr	BC
SPIN3	2.27732284348172e-06	8289	rwr	BC
TYMS	2.27446982841382e-06	8290	rwr	BC
GCLM	2.2738256855276e-06	8291	rwr	BC
PLTP	2.27016755176656e-06	8292	rwr	BC
MYH2	2.26531468471874e-06	8293	rwr	BC
SLC35A2	2.26290675275929e-06	8294	rwr	BC
BTN1A1	2.25811735769496e-06	8295	rwr	BC
SCRN3	2.24813406515081e-06	8296	rwr	BC
PRADC1	2.23714381535677e-06	8297	rwr	BC
IFNG	2.23287731469349e-06	8298	rwr	BC
TMEM242	2.23099133435406e-06	8299	rwr	BC
CLIC5	2.22776442324876e-06	8300	rwr	BC
CAPN5	2.22158923323935e-06	8301	rwr	BC
CLRN3	2.21854159625953e-06	8302	rwr	BC
CLSTN3	2.21649970168874e-06	8303	rwr	BC
GBP7	2.21609142284703e-06	8304	rwr	BC
SERPINA7	2.21421851427269e-06	8305	rwr	BC
KLHL28	2.21069565068327e-06	8306	rwr	BC
KLHL5	2.21069565068327e-06	8307	rwr	BC
GRHL1	2.21034420155091e-06	8308	rwr	BC
STPG2	2.2101595492133e-06	8309	rwr	BC
H1-5	2.21012610737873e-06	8310	rwr	BC
ARID3C	2.209657396227e-06	8311	rwr	BC
A1CF	2.20832282312721e-06	8312	rwr	BC
PNMA6A	2.20794259076049e-06	8313	rwr	BC
GNPNAT1	2.2040289363269e-06	8314	rwr	BC
CYP2C19	2.20187757730499e-06	8315	rwr	BC
MPLKIP	2.19893361452812e-06	8316	rwr	BC
P3H2	2.19778899820518e-06	8317	rwr	BC
SYNGR3	2.19697409625074e-06	8318	rwr	BC
LCN2	2.19636911044905e-06	8319	rwr	BC
C1ORF162	2.19615776150462e-06	8320	rwr	BC
PGGT1B	2.19445813566387e-06	8321	rwr	BC
MAP3K15	2.19400274932105e-06	8322	rwr	BC
FAH	2.19269065988438e-06	8323	rwr	BC
SELENOP	2.19269065988438e-06	8324	rwr	BC
SH3D21	2.19269065988438e-06	8325	rwr	BC
TMCO3	2.19269065988438e-06	8326	rwr	BC
ANGPTL3	2.19098815702775e-06	8327	rwr	BC
GPCPD1	2.19048466874254e-06	8328	rwr	BC
KCNJ3	2.18903944891072e-06	8329	rwr	BC
CDIN1	2.1883831549474e-06	8330	rwr	BC
ZSCAN26	2.18648455934719e-06	8331	rwr	BC
HOGA1	2.18497848453435e-06	8332	rwr	BC
MAP6	2.18397737673581e-06	8333	rwr	BC
TMEM14B	2.1823659180991e-06	8334	rwr	BC
KIR2DL1	2.18082810335977e-06	8335	rwr	BC
TEDC2	2.17826536952821e-06	8336	rwr	BC
PNRC1	2.17496382591083e-06	8337	rwr	BC
DSG3	2.17226283588478e-06	8338	rwr	BC
ETFBKMT	2.16675661553815e-06	8339	rwr	BC
TMEM267	2.16615320289496e-06	8340	rwr	BC
ACSM1	2.16579368489415e-06	8341	rwr	BC
GET1	2.16344466058238e-06	8342	rwr	BC
MT-CYB	2.16311314454269e-06	8343	rwr	BC
PNKD	2.16070201906199e-06	8344	rwr	BC
ZNF41	2.15524580091194e-06	8345	rwr	BC
PDZK1P1	2.15464750471006e-06	8346	rwr	BC
MYLK3	2.15406661972777e-06	8347	rwr	BC
TMEM181	2.1497488229961e-06	8348	rwr	BC
FAM204A	2.14674584803423e-06	8349	rwr	BC
VIT	2.14450401478118e-06	8350	rwr	BC
KIR2DS1	2.14084457766118e-06	8351	rwr	BC
HAGHL	2.13801986872612e-06	8352	rwr	BC
PGAP6	2.13740599677256e-06	8353	rwr	BC
SLC25A24	2.1374039232652e-06	8354	rwr	BC
KCNG1	2.13635935465757e-06	8355	rwr	BC
TSSK3	2.13232973747095e-06	8356	rwr	BC
KIR2DS4	2.12555380768942e-06	8357	rwr	BC
LDAF1	2.12347315321964e-06	8358	rwr	BC
SCGB1D2	2.12196786292157e-06	8359	rwr	BC
CDRT15	2.12162956798139e-06	8360	rwr	BC
RTRAF	2.11999360655182e-06	8361	rwr	BC
PYM1	2.1173698866832e-06	8362	rwr	BC
HPX	2.11354242124291e-06	8363	rwr	BC
DHTKD1	2.11152745865574e-06	8364	rwr	BC
SV2C	2.11058150941641e-06	8365	rwr	BC
RNPEPL1	2.11042980608642e-06	8366	rwr	BC
TKTL2	2.1015869894277e-06	8367	rwr	BC
AGA	2.10074914437489e-06	8368	rwr	BC
MAN2B1	2.10074914437489e-06	8369	rwr	BC
OR2K2	2.09969115360277e-06	8370	rwr	BC
RDH5	2.09969115360277e-06	8371	rwr	BC
FAT4	2.09415076346346e-06	8372	rwr	BC
MYO18B	2.09415076346346e-06	8373	rwr	BC
TM4SF20	2.09359683987768e-06	8374	rwr	BC
CHST10	2.09129659104126e-06	8375	rwr	BC
TAPBPL	2.09102807691646e-06	8376	rwr	BC
SOX14	2.0819960086463e-06	8377	rwr	BC
SOX21	2.0819960086463e-06	8378	rwr	BC
MATN3	2.08182487563661e-06	8379	rwr	BC
GPAT4	2.0758075458839e-06	8380	rwr	BC
MORC1	2.07387162558112e-06	8381	rwr	BC
PCP2	2.0668763593521e-06	8382	rwr	BC
LBP	2.06264544275594e-06	8383	rwr	BC
RTL9	2.06234246345099e-06	8384	rwr	BC
PPIP5K2	2.06164850637761e-06	8385	rwr	BC
HYCC1	2.06114275391519e-06	8386	rwr	BC
AOC2	2.05534415932647e-06	8387	rwr	BC
CEACAM7	2.04301820176627e-06	8388	rwr	BC
NXPE3	2.02571187116082e-06	8389	rwr	BC
SQOR	2.0241704389852e-06	8390	rwr	BC
ALDH1A1	2.02298203046166e-06	8391	rwr	BC
MATN2	2.02180264827778e-06	8392	rwr	BC
TSPO	2.01745013765414e-06	8393	rwr	BC
YIPF6	2.01465636221168e-06	8394	rwr	BC
CFAP206	2.01388488216162e-06	8395	rwr	BC
FSBP	2.01388488216162e-06	8396	rwr	BC
MUCL1	2.00918698489829e-06	8397	rwr	BC
FAM161B	2.00542114963383e-06	8398	rwr	BC
GARS1	2.00464061210466e-06	8399	rwr	BC
SPINDOC	2.00333852059457e-06	8400	rwr	BC
MARS2	2.00116826667304e-06	8401	rwr	BC
ZRSR2P1	1.99774960668607e-06	8402	rwr	BC
ZSCAN22	1.99741232000265e-06	8403	rwr	BC
ALG6	1.99608334071097e-06	8404	rwr	BC
NUBPL	1.99550506260372e-06	8405	rwr	BC
PCTP	1.99449416998883e-06	8406	rwr	BC
APOBEC3F	1.99393334107104e-06	8407	rwr	BC
RELL2	1.99186450521946e-06	8408	rwr	BC
IFNA17	1.98821288687383e-06	8409	rwr	BC
GIMAP5	1.98678735629256e-06	8410	rwr	BC
CRYM	1.98465368930877e-06	8411	rwr	BC
TMEM89	1.98373801609362e-06	8412	rwr	BC
TRIM74	1.98316165872734e-06	8413	rwr	BC
LINC02908	1.98089950291748e-06	8414	rwr	BC
GRAMD1C	1.9796192748897e-06	8415	rwr	BC
FKTN	1.97897233874673e-06	8416	rwr	BC
SNU13	1.9765474218733e-06	8417	rwr	BC
SEPTIN6	1.97185955383537e-06	8418	rwr	BC
SLC25A43	1.97069496682592e-06	8419	rwr	BC
ROPN1L	1.96849338747065e-06	8420	rwr	BC
CIMAP3	1.96555733511394e-06	8421	rwr	BC
PRSS33	1.96542176913525e-06	8422	rwr	BC
FAM210A	1.95896741367879e-06	8423	rwr	BC
GRID1	1.95817683567296e-06	8424	rwr	BC
OGFRL1	1.95816866755537e-06	8425	rwr	BC
CPT2	1.95747344011894e-06	8426	rwr	BC
ILRUN	1.95308566702438e-06	8427	rwr	BC
SPRYD7	1.95287223954179e-06	8428	rwr	BC
POLG2	1.94366141948781e-06	8429	rwr	BC
FSTL3	1.94250306836995e-06	8430	rwr	BC
TMEM94	1.93643837095065e-06	8431	rwr	BC
TRMT112	1.93599242817137e-06	8432	rwr	BC
R3HCC1L	1.92925005854421e-06	8433	rwr	BC
ALDH6A1	1.92921554468395e-06	8434	rwr	BC
ETNK1	1.92892495227217e-06	8435	rwr	BC
THUMPD2	1.92732546855001e-06	8436	rwr	BC
COPS9	1.92400980743056e-06	8437	rwr	BC
CCN5	1.9160699270045e-06	8438	rwr	BC
RNASEH1	1.91471283642592e-06	8439	rwr	BC
PCMTD1	1.91083115892295e-06	8440	rwr	BC
PCMTD2	1.91083115892295e-06	8441	rwr	BC
ACSF2	1.90745155416186e-06	8442	rwr	BC
C6	1.90600796788412e-06	8443	rwr	BC
PRAMEF10	1.90311563439933e-06	8444	rwr	BC
ALPK1	1.90014994086268e-06	8445	rwr	BC
CIDEA	1.89873494321844e-06	8446	rwr	BC
PCOLCE2	1.89738642128485e-06	8447	rwr	BC
FAM135B	1.89585273040548e-06	8448	rwr	BC
HACD1	1.89379592486657e-06	8449	rwr	BC
ZC2HC1C	1.89271814109648e-06	8450	rwr	BC
SDHAF3	1.89171067433668e-06	8451	rwr	BC
TIMM10B	1.89059227807886e-06	8452	rwr	BC
AKR7A3	1.8868477978798e-06	8453	rwr	BC
BPNT2	1.8866671307372e-06	8454	rwr	BC
PUS7L	1.88573608311857e-06	8455	rwr	BC
PTRH1	1.88332899621919e-06	8456	rwr	BC
GAMT	1.88202693943117e-06	8457	rwr	BC
FAM234A	1.8809040818548e-06	8458	rwr	BC
PRDM15	1.87815806870104e-06	8459	rwr	BC
TEDC1	1.87804029627814e-06	8460	rwr	BC
LRRC45	1.87670481260809e-06	8461	rwr	BC
ORMDL3	1.87289786097861e-06	8462	rwr	BC
SQLE	1.86806084035857e-06	8463	rwr	BC
GOT1L1	1.86508988052426e-06	8464	rwr	BC
IQCC	1.86306695937915e-06	8465	rwr	BC
CENPL	1.86276052368552e-06	8466	rwr	BC
HLA-DMB	1.86257481014597e-06	8467	rwr	BC
USP9Y	1.86192810606979e-06	8468	rwr	BC
CHIC2	1.86048240353117e-06	8469	rwr	BC
ANO9	1.85816406161296e-06	8470	rwr	BC
MSANTD4	1.85089733107846e-06	8471	rwr	BC
MFSD4B	1.85064885776149e-06	8472	rwr	BC
CATSPER1	1.84836481483087e-06	8473	rwr	BC
EXT2	1.84659232087081e-06	8474	rwr	BC
SYNGR1	1.84651867326424e-06	8475	rwr	BC
SMR3B	1.84371636263148e-06	8476	rwr	BC
GLI4	1.84183757182069e-06	8477	rwr	BC
NDUFA1	1.8400049947628e-06	8478	rwr	BC
GSTT2B	1.83730510950538e-06	8479	rwr	BC
EID2B	1.83542400077966e-06	8480	rwr	BC
MDM1	1.83473757049608e-06	8481	rwr	BC
SERPINA10	1.83193777498293e-06	8482	rwr	BC
WASHC1	1.82810648646378e-06	8483	rwr	BC
MIR124-1	1.82281467453499e-06	8484	rwr	BC
HBD	1.81941619459135e-06	8485	rwr	BC
AMPD3	1.81677486316407e-06	8486	rwr	BC
SNN	1.81412014924584e-06	8487	rwr	BC
POTED	1.81277754971927e-06	8488	rwr	BC
IFNA13	1.80731841711977e-06	8489	rwr	BC
CAPN3	1.80566268243836e-06	8490	rwr	BC
SELENOS	1.80515717729987e-06	8491	rwr	BC
BORCS5	1.80312802979173e-06	8492	rwr	BC
TRUB1	1.80228535182159e-06	8493	rwr	BC
CD14	1.80137739024042e-06	8494	rwr	BC
SLC5A11	1.79446269862541e-06	8495	rwr	BC
FSTL1	1.79434262600376e-06	8496	rwr	BC
PRSS23	1.7937200635071e-06	8497	rwr	BC
BOLA3	1.79105098969706e-06	8498	rwr	BC
CTSO	1.78931034182599e-06	8499	rwr	BC
OPRK1	1.78804622285694e-06	8500	rwr	BC
IL1RL2	1.78465849313788e-06	8501	rwr	BC
CMYA5	1.77954689244192e-06	8502	rwr	BC
MYOM1	1.77954689244192e-06	8503	rwr	BC
AFDN	1.77882475315603e-06	8504	rwr	BC
SMYD4	1.77696497265807e-06	8505	rwr	BC
CST6	1.77288469479341e-06	8506	rwr	BC
THTPA	1.77203775825274e-06	8507	rwr	BC
FIZ1	1.77175453810795e-06	8508	rwr	BC
WASHC2C	1.76886806512657e-06	8509	rwr	BC
TSPAN18	1.76657632395132e-06	8510	rwr	BC
WDR89	1.76493313172539e-06	8511	rwr	BC
TLCD1	1.76474057714158e-06	8512	rwr	BC
TCAF1	1.76029608082362e-06	8513	rwr	BC
TRIL	1.75930877974791e-06	8514	rwr	BC
PTH2	1.75766791679418e-06	8515	rwr	BC
SACS	1.7563249842173e-06	8516	rwr	BC
SULT1A2	1.7509200542642e-06	8517	rwr	BC
RCC1L	1.73865830679386e-06	8518	rwr	BC
CARMIL1	1.73860925248894e-06	8519	rwr	BC
DERA	1.73603959992923e-06	8520	rwr	BC
NECTIN3	1.73462419664282e-06	8521	rwr	BC
CABS1	1.73424824175574e-06	8522	rwr	BC
SLC24A5	1.73349106580833e-06	8523	rwr	BC
CLDN19	1.73046218444519e-06	8524	rwr	BC
ENTPD5	1.72331715076675e-06	8525	rwr	BC
CNTNAP3B	1.72018242743367e-06	8526	rwr	BC
CCDC60	1.71804989964918e-06	8527	rwr	BC
SPATA33	1.71625081329744e-06	8528	rwr	BC
ZNF334	1.71427552084955e-06	8529	rwr	BC
ZNF569	1.71427552084955e-06	8530	rwr	BC
ZNF610	1.71427552084955e-06	8531	rwr	BC
DDX53	1.70988537504302e-06	8532	rwr	BC
NIPAL3	1.70498548093655e-06	8533	rwr	BC
OBI1	1.70373727780694e-06	8534	rwr	BC
FAM209A	1.70309818133556e-06	8535	rwr	BC
CFHR5	1.70002014360838e-06	8536	rwr	BC
FAM216A	1.69849010671344e-06	8537	rwr	BC
FOXJ2	1.69849010671344e-06	8538	rwr	BC
DGKE	1.68885691220597e-06	8539	rwr	BC
BUD23	1.68509928112966e-06	8540	rwr	BC
CENPS	1.68493212778395e-06	8541	rwr	BC
ACADSB	1.68294563605064e-06	8542	rwr	BC
KGD4	1.6827407334679e-06	8543	rwr	BC
TIGD6	1.6817782004002e-06	8544	rwr	BC
WFDC2	1.67864011656232e-06	8545	rwr	BC
FOXD2	1.67713566403697e-06	8546	rwr	BC
KIR2DL2	1.67704725101866e-06	8547	rwr	BC
SNX16	1.67668560600022e-06	8548	rwr	BC
ADSS2	1.66896061524303e-06	8549	rwr	BC
GJD3	1.6685501903203e-06	8550	rwr	BC
KLK6	1.66733092669192e-06	8551	rwr	BC
ERICH5	1.66358490631758e-06	8552	rwr	BC
PHOSPHO2	1.66044873121295e-06	8553	rwr	BC
CYSTM1	1.65770517785876e-06	8554	rwr	BC
ZNF544	1.6573623387472e-06	8555	rwr	BC
RBMY1F	1.65689213654635e-06	8556	rwr	BC
RFPL3	1.65273547988484e-06	8557	rwr	BC
HS1BP3	1.65046823090542e-06	8558	rwr	BC
TIGIT	1.64744472305222e-06	8559	rwr	BC
TRIM42	1.64299094651633e-06	8560	rwr	BC
FAM110A	1.64180887081037e-06	8561	rwr	BC
FAM110C	1.64180887081037e-06	8562	rwr	BC
SHOX	1.63714140557825e-06	8563	rwr	BC
SOWAHA	1.63292319915941e-06	8564	rwr	BC
ZNF503	1.63292319915941e-06	8565	rwr	BC
SNRNP35	1.62866232667387e-06	8566	rwr	BC
SLC9A7	1.62835242966336e-06	8567	rwr	BC
LOXL1	1.62772154475892e-06	8568	rwr	BC
PLEKHH1	1.62659134791836e-06	8569	rwr	BC
SHOX2	1.62564945985729e-06	8570	rwr	BC
EVA1B	1.6222701440771e-06	8571	rwr	BC
HINT3	1.62219421431332e-06	8572	rwr	BC
ARPIN	1.62165440595318e-06	8573	rwr	BC
SANBR	1.62126027752313e-06	8574	rwr	BC
TBC1D19	1.62126027752313e-06	8575	rwr	BC
TPGS2	1.62126027752313e-06	8576	rwr	BC
GDA	1.62095769774828e-06	8577	rwr	BC
PLPP2	1.62032816017402e-06	8578	rwr	BC
DSCR4	1.61739906800457e-06	8579	rwr	BC
JAKMIP2	1.61598121959459e-06	8580	rwr	BC
SEMA4F	1.61336545369963e-06	8581	rwr	BC
SETD9	1.61336545369963e-06	8582	rwr	BC
CHGA	1.61172947474029e-06	8583	rwr	BC
AVPI1	1.61164622855155e-06	8584	rwr	BC
C19ORF12	1.61164622855155e-06	8585	rwr	BC
FRMD8	1.61164622855155e-06	8586	rwr	BC
H1-0	1.61164622855155e-06	8587	rwr	BC
LMCD1	1.61164622855155e-06	8588	rwr	BC
MYL5	1.61164622855155e-06	8589	rwr	BC
NRARP	1.61164622855155e-06	8590	rwr	BC
ODAM	1.61164622855155e-06	8591	rwr	BC
SHTN1	1.61164622855155e-06	8592	rwr	BC
TCP11	1.61164622855155e-06	8593	rwr	BC
INKA2	1.61112728738022e-06	8594	rwr	BC
STC2	1.61097225668993e-06	8595	rwr	BC
HARS1	1.61076210173304e-06	8596	rwr	BC
SEPTIN11	1.60866831287926e-06	8597	rwr	BC
CCDC27	1.60358246395998e-06	8598	rwr	BC
RFX2	1.60240823557448e-06	8599	rwr	BC
S100A7A	1.6017836822678e-06	8600	rwr	BC
ZC3HAV1L	1.60116031977754e-06	8601	rwr	BC
ANXA9	1.59993322437339e-06	8602	rwr	BC
C1QC	1.59806036626228e-06	8603	rwr	BC
RFPL4A	1.59651313120743e-06	8604	rwr	BC
IFNA10	1.58940673102967e-06	8605	rwr	BC
KRT36	1.58927745167556e-06	8606	rwr	BC
MOGAT2	1.58467256875681e-06	8607	rwr	BC
SLC25A36	1.58467256875681e-06	8608	rwr	BC
TMEM53	1.58467256875681e-06	8609	rwr	BC
VASH2	1.58467256875681e-06	8610	rwr	BC
ETV3	1.58224300596738e-06	8611	rwr	BC
ZSCAN30	1.58033278311294e-06	8612	rwr	BC
TSGA13	1.57884246436061e-06	8613	rwr	BC
TC2N	1.57755267103725e-06	8614	rwr	BC
ZNF426	1.57741848484079e-06	8615	rwr	BC
LCE3D	1.57279452901174e-06	8616	rwr	BC
YPEL2	1.57279452901174e-06	8617	rwr	BC
MGLL	1.57236189554686e-06	8618	rwr	BC
RCVRN	1.56735550286773e-06	8619	rwr	BC
STYXL2	1.56493344701747e-06	8620	rwr	BC
GDF3	1.55942455326502e-06	8621	rwr	BC
ITLN2	1.5569127718194e-06	8622	rwr	BC
ACKR3	1.55563706999635e-06	8623	rwr	BC
ACSBG2	1.55221041649966e-06	8624	rwr	BC
GAA	1.55069363281154e-06	8625	rwr	BC
LEG1	1.54877269753318e-06	8626	rwr	BC
GSTA4	1.5406007949469e-06	8627	rwr	BC
CA1	1.53610393310261e-06	8628	rwr	BC
PROSER1	1.53609424928122e-06	8629	rwr	BC
PLXNA3	1.53551674332987e-06	8630	rwr	BC
LHX9	1.53548908155227e-06	8631	rwr	BC
A4GALT	1.52903886141576e-06	8632	rwr	BC
TMEM258	1.52519442914237e-06	8633	rwr	BC
CASKIN1	1.52267291371781e-06	8634	rwr	BC
GSTA1	1.51791268063483e-06	8635	rwr	BC
ALG12	1.50844982680205e-06	8636	rwr	BC
DENND10	1.5072499420137e-06	8637	rwr	BC
SPNS3	1.50715702778223e-06	8638	rwr	BC
SLC44A2	1.50686992547509e-06	8639	rwr	BC
ZNF358	1.50552390153475e-06	8640	rwr	BC
ADAM8	1.50549694782294e-06	8641	rwr	BC
C8G	1.50207897236205e-06	8642	rwr	BC
C8ORF34	1.50105824507414e-06	8643	rwr	BC
PYGO1	1.50093697603959e-06	8644	rwr	BC
ACADL	1.49937269051305e-06	8645	rwr	BC
NSG2	1.49926875399622e-06	8646	rwr	BC
WNT2	1.49926875399622e-06	8647	rwr	BC
SMIM3	1.49580095708605e-06	8648	rwr	BC
LRRC15	1.49570424219323e-06	8649	rwr	BC
CROT	1.49447555495711e-06	8650	rwr	BC
AMDHD2	1.48598698051487e-06	8651	rwr	BC
MMTAG2	1.48473261412126e-06	8652	rwr	BC
ELP1	1.48179870093034e-06	8653	rwr	BC
PALM3	1.47566469508149e-06	8654	rwr	BC
ADA	1.47380472887064e-06	8655	rwr	BC
FIG4	1.47323678915904e-06	8656	rwr	BC
PRICKLE1	1.47279301026342e-06	8657	rwr	BC
LCE2C	1.46898200773429e-06	8658	rwr	BC
WASH3P	1.46484386643294e-06	8659	rwr	BC
WASH6P	1.46484386643294e-06	8660	rwr	BC
INTU	1.46279513593239e-06	8661	rwr	BC
C1ORF74	1.46145990059362e-06	8662	rwr	BC
OTULINL	1.45767683035547e-06	8663	rwr	BC
LSAMP	1.45523474145864e-06	8664	rwr	BC
ADO	1.45516452848902e-06	8665	rwr	BC
ACVR1C	1.45341989053126e-06	8666	rwr	BC
ASB17	1.45341989053126e-06	8667	rwr	BC
DLX6	1.45341989053126e-06	8668	rwr	BC
DMRTA1	1.45341989053126e-06	8669	rwr	BC
DNAAF9	1.45341989053126e-06	8670	rwr	BC
FBH1	1.45341989053126e-06	8671	rwr	BC
GTF2IRD2	1.45341989053126e-06	8672	rwr	BC
ISX	1.45341989053126e-06	8673	rwr	BC
KLHL32	1.45341989053126e-06	8674	rwr	BC
MARCHF9	1.45341989053126e-06	8675	rwr	BC
PRAG1	1.45341989053126e-06	8676	rwr	BC
STK32B	1.45341989053126e-06	8677	rwr	BC
TRIM73	1.45341989053126e-06	8678	rwr	BC
ZBED4	1.45341989053126e-06	8679	rwr	BC
ZNF215	1.45341989053126e-06	8680	rwr	BC
ZNF311	1.45316896426682e-06	8681	rwr	BC
PCYT2	1.45083696484869e-06	8682	rwr	BC
ZUP1	1.4507321248952e-06	8683	rwr	BC
GNAT3	1.44818398244898e-06	8684	rwr	BC
ANGPTL8	1.44818245659559e-06	8685	rwr	BC
SNX30	1.44764904021476e-06	8686	rwr	BC
GUK1	1.44711008689828e-06	8687	rwr	BC
TESMIN	1.44584641470378e-06	8688	rwr	BC
CCL18	1.4450682780201e-06	8689	rwr	BC
NHLRC3	1.44397677610104e-06	8690	rwr	BC
MIR155	1.44244715504328e-06	8691	rwr	BC
TMEM38B	1.43941717951819e-06	8692	rwr	BC
COX10	1.43844111703071e-06	8693	rwr	BC
SLC25A53	1.43844111703071e-06	8694	rwr	BC
SLC6A12	1.43487416550362e-06	8695	rwr	BC
LHFPL4	1.43229474676781e-06	8696	rwr	BC
CYBC1	1.4278904238826e-06	8697	rwr	BC
BBIP1	1.42534656823765e-06	8698	rwr	BC
ZNF394	1.41944750316324e-06	8699	rwr	BC
TMEM222	1.41811879624229e-06	8700	rwr	BC
NAP1L3	1.41673496165818e-06	8701	rwr	BC
MESP2	1.41513423191128e-06	8702	rwr	BC
EDA	1.41510135892643e-06	8703	rwr	BC
GPR89B	1.41424977779079e-06	8704	rwr	BC
IL18	1.41157116071131e-06	8705	rwr	BC
GIMAP2	1.41094165086998e-06	8706	rwr	BC
GDF10	1.41010464244686e-06	8707	rwr	BC
PGAP4	1.40570008981194e-06	8708	rwr	BC
SLF2	1.40548030104306e-06	8709	rwr	BC
NT5C3A	1.40207171417684e-06	8710	rwr	BC
NECTIN2	1.40030901822794e-06	8711	rwr	BC
BLTP2	1.39970953538715e-06	8712	rwr	BC
PHYHIP	1.39899254299983e-06	8713	rwr	BC
SH3BGR	1.39675898684175e-06	8714	rwr	BC
CRABP1	1.39655577824852e-06	8715	rwr	BC
LARGE1	1.3888950826665e-06	8716	rwr	BC
SLFN12	1.38847093960601e-06	8717	rwr	BC
OSTC	1.38516129528703e-06	8718	rwr	BC
ANG	1.3841744518652e-06	8719	rwr	BC
SLC47A1	1.3750166212416e-06	8720	rwr	BC
KATNIP	1.36811314090983e-06	8721	rwr	BC
PRDM6	1.36640413404875e-06	8722	rwr	BC
FAM219B	1.36118045662798e-06	8723	rwr	BC
COA8	1.35806941661433e-06	8724	rwr	BC
ACP5	1.35088830194045e-06	8725	rwr	BC
TRARG1	1.34994819208644e-06	8726	rwr	BC
NAXD	1.34867062771408e-06	8727	rwr	BC
CDRT15P3	1.34665897413566e-06	8728	rwr	BC
ZNF526	1.34388214312934e-06	8729	rwr	BC
ZNF419	1.33916965247588e-06	8730	rwr	BC
PCDHA9	1.33905024663959e-06	8731	rwr	BC
IGLC7	1.33828534767084e-06	8732	rwr	BC
IGLL1	1.33828534767084e-06	8733	rwr	BC
ARMC9	1.33706709761918e-06	8734	rwr	BC
SLC22A1	1.33655284883871e-06	8735	rwr	BC
CFAP410	1.33551711519628e-06	8736	rwr	BC
S1PR5	1.33539689335348e-06	8737	rwr	BC
NAT1	1.33507796975968e-06	8738	rwr	BC
WARS2	1.33442683055078e-06	8739	rwr	BC
H2AC4	1.32989470548357e-06	8740	rwr	BC
DIPK2A	1.32388051979858e-06	8741	rwr	BC
CALB2	1.32305140385175e-06	8742	rwr	BC
H3C13	1.3211965377965e-06	8743	rwr	BC
PMP22	1.31185974070088e-06	8744	rwr	BC
GPAM	1.31163855825319e-06	8745	rwr	BC
MTERF2	1.31061286332642e-06	8746	rwr	BC
GSTA2	1.30825722762597e-06	8747	rwr	BC
SEC16B	1.30687031359682e-06	8748	rwr	BC
CYP2A6	1.30454360071252e-06	8749	rwr	BC
FGD4	1.30439867225909e-06	8750	rwr	BC
MAGEC1	1.30334603533194e-06	8751	rwr	BC
LARP6	1.29769538209551e-06	8752	rwr	BC
SZRD1	1.29769538209551e-06	8753	rwr	BC
NUDT15	1.29575593912062e-06	8754	rwr	BC
LRRC36	1.29515671244996e-06	8755	rwr	BC
SLC10A2	1.29264538187988e-06	8756	rwr	BC
BTN3A3	1.29189756466125e-06	8757	rwr	BC
KRTAP3-2	1.29078215730604e-06	8758	rwr	BC
HLA-F	1.28749029259403e-06	8759	rwr	BC
KCNJ10	1.2827820701773e-06	8760	rwr	BC
FUT4	1.28174832189467e-06	8761	rwr	BC
HS3ST3B1	1.28174832189467e-06	8762	rwr	BC
RNFT1	1.27650965416827e-06	8763	rwr	BC
PSG4	1.27389689223989e-06	8764	rwr	BC
KIRREL1	1.26809814464343e-06	8765	rwr	BC
CACNA1D	1.26537977357259e-06	8766	rwr	BC
NIBAN2	1.26408517338046e-06	8767	rwr	BC
RIPOR2	1.26374342301598e-06	8768	rwr	BC
FABP2	1.26247529824556e-06	8769	rwr	BC
PRAP1	1.26202159115653e-06	8770	rwr	BC
RMC1	1.25967114426798e-06	8771	rwr	BC
ADAT3	1.25918473365188e-06	8772	rwr	BC
STEAP2	1.25569510788262e-06	8773	rwr	BC
CSF2	1.25388031284124e-06	8774	rwr	BC
FAHD2B	1.25236414735145e-06	8775	rwr	BC
TMEM107	1.24219143273038e-06	8776	rwr	BC
ELMOD1	1.23652452145068e-06	8777	rwr	BC
CENATAC	1.23591000783343e-06	8778	rwr	BC
CTRB1	1.23538218918826e-06	8779	rwr	BC
EPOP	1.2344658499925e-06	8780	rwr	BC
SAXO1	1.22795796834256e-06	8781	rwr	BC
MPZL3	1.22558630204176e-06	8782	rwr	BC
TGM4	1.22421434233322e-06	8783	rwr	BC
PKD2L1	1.2228451624655e-06	8784	rwr	BC
MCUR1	1.2220615864553e-06	8785	rwr	BC
GK2	1.22067854189024e-06	8786	rwr	BC
PIERCE1	1.22067854189024e-06	8787	rwr	BC
WDR25	1.21572620111911e-06	8788	rwr	BC
STEEP1	1.21387345677082e-06	8789	rwr	BC
GNRH1	1.2132745591612e-06	8790	rwr	BC
SERPINA4	1.21071320286752e-06	8791	rwr	BC
ETNPPL	1.19923314627173e-06	8792	rwr	BC
DAGLA	1.19684230482438e-06	8793	rwr	BC
NAT16	1.19600761489719e-06	8794	rwr	BC
FCHSD1	1.19551934415625e-06	8795	rwr	BC
RSC1A1	1.19477607034097e-06	8796	rwr	BC
TASL	1.19372019367298e-06	8797	rwr	BC
ALPP	1.18811496793862e-06	8798	rwr	BC
ERFE	1.18744669099596e-06	8799	rwr	BC
P2RY1	1.18389313109652e-06	8800	rwr	BC
LRG1	1.18306849826156e-06	8801	rwr	BC
ZNF28	1.18060297131066e-06	8802	rwr	BC
GOLGA6L2	1.17645607325013e-06	8803	rwr	BC
CHAD	1.17546829975614e-06	8804	rwr	BC
PIMREG	1.17515562633916e-06	8805	rwr	BC
AFG2B	1.17166869486213e-06	8806	rwr	BC
PUS10	1.16712909424245e-06	8807	rwr	BC
DELE1	1.16672406076532e-06	8808	rwr	BC
MAGEB16	1.16214755686666e-06	8809	rwr	BC
MCRIP2	1.16196426617401e-06	8810	rwr	BC
CIDEB	1.16085257518682e-06	8811	rwr	BC
RIMOC1	1.16041097740578e-06	8812	rwr	BC
TGIF2LX	1.16041097708927e-06	8813	rwr	BC
PCDHA2	1.15934124280958e-06	8814	rwr	BC
NRM	1.1550358495956e-06	8815	rwr	BC
GPR88	1.1488458346692e-06	8816	rwr	BC
MCOLN1	1.14829783973082e-06	8817	rwr	BC
ZNF473	1.14550567464933e-06	8818	rwr	BC
BPIFB2	1.14420431337209e-06	8819	rwr	BC
CP	1.14420431337209e-06	8820	rwr	BC
IGLC2	1.14420431337209e-06	8821	rwr	BC
LPO	1.14420431337209e-06	8822	rwr	BC
OPRPN	1.14420431337209e-06	8823	rwr	BC
TCN1	1.14420431337209e-06	8824	rwr	BC
SPATA17	1.14276567933464e-06	8825	rwr	BC
METTL21C	1.14075647219776e-06	8826	rwr	BC
NRAP	1.14046492288525e-06	8827	rwr	BC
PRPF39	1.13891691930399e-06	8828	rwr	BC
PGAP1	1.13748847076054e-06	8829	rwr	BC
CAVIN3	1.13225374531758e-06	8830	rwr	BC
PRKY	1.13180932821818e-06	8831	rwr	BC
RAB40AL	1.12761974084656e-06	8832	rwr	BC
IFIT1B	1.12651370969452e-06	8833	rwr	BC
C19ORF53	1.12530363405572e-06	8834	rwr	BC
H1-10	1.12530363405572e-06	8835	rwr	BC
UFD1	1.12530363405572e-06	8836	rwr	BC
BICRA	1.12366745839233e-06	8837	rwr	BC
UGT3A2	1.12254883572266e-06	8838	rwr	BC
KLK15	1.12159775785799e-06	8839	rwr	BC
SCAMP4	1.1178998601581e-06	8840	rwr	BC
HLA-CW	1.11676362077087e-06	8841	rwr	BC
COL14A1	1.11540994636109e-06	8842	rwr	BC
MFAP4	1.11533644874235e-06	8843	rwr	BC
PON3	1.11523508903379e-06	8844	rwr	BC
HPF1	1.1146190981088e-06	8845	rwr	BC
ATF6B	1.11355158726483e-06	8846	rwr	BC
EBF4	1.11355158726483e-06	8847	rwr	BC
ELOA2	1.11355158726483e-06	8848	rwr	BC
PRX	1.11355158726483e-06	8849	rwr	BC
ZNF823	1.11355158726483e-06	8850	rwr	BC
ZSCAN1	1.11355158726483e-06	8851	rwr	BC
SLC30A8	1.11337124154755e-06	8852	rwr	BC
INTS11	1.10830037059017e-06	8853	rwr	BC
MPPED2	1.10590274749197e-06	8854	rwr	BC
BNC2	1.1057832719816e-06	8855	rwr	BC
N4BP2L2	1.10117320803554e-06	8856	rwr	BC
TSPAN10	1.09989167177245e-06	8857	rwr	BC
OXT	1.0984396012155e-06	8858	rwr	BC
SPMIP4	1.09571465812767e-06	8859	rwr	BC
FOXD4L1	1.09505622859647e-06	8860	rwr	BC
NOXRED1	1.08781559287731e-06	8861	rwr	BC
TMEM65	1.08781559287731e-06	8862	rwr	BC
SLF1	1.0870336682966e-06	8863	rwr	BC
ATP5ME	1.08499498760543e-06	8864	rwr	BC
MTRFR	1.07982207448659e-06	8865	rwr	BC
SPAG7	1.07778262380416e-06	8866	rwr	BC
MSS51	1.07568918757228e-06	8867	rwr	BC
RANBP3L	1.07545475196442e-06	8868	rwr	BC
KPNA7	1.07134955389819e-06	8869	rwr	BC
TEPP	1.07090625285445e-06	8870	rwr	BC
TSEN34	1.07025089083652e-06	8871	rwr	BC
TSEN54	1.07025089083652e-06	8872	rwr	BC
SMCO1	1.06381240649365e-06	8873	rwr	BC
GATD3	1.06348937205897e-06	8874	rwr	BC
YARS1	1.06348937205897e-06	8875	rwr	BC
TRHR	1.06328099738728e-06	8876	rwr	BC
AKIRIN1	1.06230798235307e-06	8877	rwr	BC
TEX15	1.06156870457623e-06	8878	rwr	BC
ZDHHC21	1.06132755035436e-06	8879	rwr	BC
ARL14	1.0610976951862e-06	8880	rwr	BC
SSX3	1.05974553737048e-06	8881	rwr	BC
SSX6P	1.05974553737048e-06	8882	rwr	BC
CHRM1	1.05948585000452e-06	8883	rwr	BC
CHRM2	1.05948585000452e-06	8884	rwr	BC
HTR7	1.05948585000452e-06	8885	rwr	BC
BTLA	1.05883454153425e-06	8886	rwr	BC
CD160	1.05883454153425e-06	8887	rwr	BC
ATP5PF	1.05849452184736e-06	8888	rwr	BC
ALDH3B2	1.05692942295832e-06	8889	rwr	BC
ASB14	1.05271766347903e-06	8890	rwr	BC
AK5	1.05239511351845e-06	8891	rwr	BC
PDE1A	1.05239511351845e-06	8892	rwr	BC
KTI12	1.04859675518985e-06	8893	rwr	BC
IFNA4	1.04532503089639e-06	8894	rwr	BC
SULT2B1	1.04465276560368e-06	8895	rwr	BC
EBI3	1.04445134472114e-06	8896	rwr	BC
IL27	1.04445134472114e-06	8897	rwr	BC
MFSD9	1.04266035968186e-06	8898	rwr	BC
BTC	1.04063649013103e-06	8899	rwr	BC
CTSL3P	1.03825570096747e-06	8900	rwr	BC
OXNAD1	1.03711405952542e-06	8901	rwr	BC
TPCN1	1.03312468195002e-06	8902	rwr	BC
ECE2	1.03055398910078e-06	8903	rwr	BC
TREM2	1.02953249822628e-06	8904	rwr	BC
ZNF16	1.02777171072003e-06	8905	rwr	BC
VAX2	1.0261274384957e-06	8906	rwr	BC
TMT1A	1.02576268184578e-06	8907	rwr	BC
SERPINB13	1.02412773439666e-06	8908	rwr	BC
CXORF58	1.01931575717325e-06	8909	rwr	BC
BOD1L2	1.01914700276225e-06	8910	rwr	BC
TMLHE	1.01632335608399e-06	8911	rwr	BC
GNRHR	1.0162073729477e-06	8912	rwr	BC
RBM18	1.01477754652422e-06	8913	rwr	BC
PYCR3	1.01334251762185e-06	8914	rwr	BC
CCDC121	1.01026255967869e-06	8915	rwr	BC
CFAP263	1.01026255967869e-06	8916	rwr	BC
EIF2D	1.00995063960856e-06	8917	rwr	BC
TRMO	1.00995063960856e-06	8918	rwr	BC
NXPH4	1.00531441517465e-06	8919	rwr	BC
PHKG1	1.00316833208758e-06	8920	rwr	BC
C22ORF23	1.00114422791323e-06	8921	rwr	BC
HOXD4	1.00112602453262e-06	8922	rwr	BC
WDR73	1.00030820387126e-06	8923	rwr	BC
RWDD2A	1.00029563243811e-06	8924	rwr	BC
ZNF852	9.99440124052842e-07	8925	rwr	BC
CAVIN2	9.96962317660596e-07	8926	rwr	BC
FCN2	9.95655277618408e-07	8927	rwr	BC
ALG1	9.94689972496102e-07	8928	rwr	BC
MRI1	9.94689972496102e-07	8929	rwr	BC
WARS1	9.94689972496102e-07	8930	rwr	BC
SLC35F6	9.92528507132197e-07	8931	rwr	BC
APH1B	9.91727026801698e-07	8932	rwr	BC
MTERF1	9.86035010159702e-07	8933	rwr	BC
ADH6	9.8337213898451e-07	8934	rwr	BC
RHBDD2	9.83257311287207e-07	8935	rwr	BC
C3ORF20	9.83109707619934e-07	8936	rwr	BC
PRELID3B	9.82680055842783e-07	8937	rwr	BC
NRGN	9.81012008049507e-07	8938	rwr	BC
FERRY3	9.78715719883471e-07	8939	rwr	BC
RXFP4	9.76876366767834e-07	8940	rwr	BC
DVL1P1	9.75727235347017e-07	8941	rwr	BC
ZNF888	9.74560415824226e-07	8942	rwr	BC
TATDN1	9.7336668765555e-07	8943	rwr	BC
PSG1	9.72502739457832e-07	8944	rwr	BC
ISOC1	9.7227761596001e-07	8945	rwr	BC
CD226	9.67646103943327e-07	8946	rwr	BC
TIGD7	9.6509948578145e-07	8947	rwr	BC
ALKBH7	9.64054207147621e-07	8948	rwr	BC
HEMK1	9.64054207147621e-07	8949	rwr	BC
PAX4	9.63769792807807e-07	8950	rwr	BC
WDR13	9.60285162652974e-07	8951	rwr	BC
H2BC10	9.56990758116165e-07	8952	rwr	BC
CARMIL2	9.55987001236578e-07	8953	rwr	BC
CRACD	9.55987001236578e-07	8954	rwr	BC
DCAF12L1	9.5236514761014e-07	8955	rwr	BC
CCL4	9.51220776455783e-07	8956	rwr	BC
ASPRV1	9.49262959312331e-07	8957	rwr	BC
THG1L	9.49153060347708e-07	8958	rwr	BC
PTGR3	9.48418474433679e-07	8959	rwr	BC
SNAPC3	9.46838413527601e-07	8960	rwr	BC
ANKRD30B	9.46574670519543e-07	8961	rwr	BC
CCDC15	9.46574670519543e-07	8962	rwr	BC
ADGRL1	9.45778201782269e-07	8963	rwr	BC
TSPOAP1	9.45778201782269e-07	8964	rwr	BC
CCR2	9.37004713222886e-07	8965	rwr	BC
SYNPR	9.33501752404299e-07	8966	rwr	BC
RTL8B	9.30403675516861e-07	8967	rwr	BC
CDKL3	9.27200028748952e-07	8968	rwr	BC
NLGN2	9.24844271992309e-07	8969	rwr	BC
SMIM8	9.23199669617129e-07	8970	rwr	BC
IGHG4	9.2207522172722e-07	8971	rwr	BC
CHI3L1	9.20935258464314e-07	8972	rwr	BC
TMEM35A	9.18658764051238e-07	8973	rwr	BC
ST6GALNAC4	9.17242878917056e-07	8974	rwr	BC
WNT5B	9.17242878917056e-07	8975	rwr	BC
EPCIP	9.13242619391437e-07	8976	rwr	BC
CFAP418	9.12358634340574e-07	8977	rwr	BC
ZNF662	9.10590268639573e-07	8978	rwr	BC
IDI1	9.09717678046276e-07	8979	rwr	BC
BCDIN3D	9.08736322783057e-07	8980	rwr	BC
AIFM3	9.07137676472336e-07	8981	rwr	BC
ARHGAP15	9.07137676472336e-07	8982	rwr	BC
CCDC149	9.07137676472336e-07	8983	rwr	BC
ZFYVE28	9.07137676472336e-07	8984	rwr	BC
ZNF740	9.07137676472336e-07	8985	rwr	BC
NT5C	9.0533377931801e-07	8986	rwr	BC
NUDT13	9.05137606616732e-07	8987	rwr	BC
RTL8A	9.04559128974726e-07	8988	rwr	BC
MANBAL	9.01455812340465e-07	8989	rwr	BC
ZNG1F	8.99880134892933e-07	8990	rwr	BC
ANKRD24	8.99733962346178e-07	8991	rwr	BC
DCAF8L1	8.994207498338e-07	8992	rwr	BC
ACTR3C	8.99303170547715e-07	8993	rwr	BC
CAPS	8.98376446793796e-07	8994	rwr	BC
CFAP337	8.97257490016717e-07	8995	rwr	BC
LRRC29	8.94879548778472e-07	8996	rwr	BC
CADM2	8.91750049629058e-07	8997	rwr	BC
CARHSP1	8.91750049629058e-07	8998	rwr	BC
CTNND2	8.91750049629058e-07	8999	rwr	BC
PCDH1	8.91750049629058e-07	9000	rwr	BC
PGM2L1	8.91750049629058e-07	9001	rwr	BC
PLPPR3	8.91750049629058e-07	9002	rwr	BC
PPP1R2B	8.91750049629058e-07	9003	rwr	BC
RAB3D	8.91750049629058e-07	9004	rwr	BC
CCDC191	8.91581891084812e-07	9005	rwr	BC
CALCB	8.90910958887902e-07	9006	rwr	BC
WNT3	8.90378063122045e-07	9007	rwr	BC
MTHFS	8.89099955063118e-07	9008	rwr	BC
PXDC1	8.8885558159338e-07	9009	rwr	BC
HBG1	8.87074703526977e-07	9010	rwr	BC
MYL4	8.87074703526977e-07	9011	rwr	BC
TARS1	8.87074703526977e-07	9012	rwr	BC
NEMP2	8.8266624500058e-07	9013	rwr	BC
METTL27	8.82227030023938e-07	9014	rwr	BC
FAM50B	8.81610849066456e-07	9015	rwr	BC
DYNLT4	8.81609384546732e-07	9016	rwr	BC
TMEM239	8.80284707996324e-07	9017	rwr	BC
GLRX	8.79399354426995e-07	9018	rwr	BC
GPAT3	8.78531404409423e-07	9019	rwr	BC
NIPA2	8.77445126296209e-07	9020	rwr	BC
FAM81B	8.76041187394379e-07	9021	rwr	BC
SETDB2	8.7313463408361e-07	9022	rwr	BC
GRK3	8.73015092734465e-07	9023	rwr	BC
BBLN	8.7230427870987e-07	9024	rwr	BC
PGBD5	8.71385740789737e-07	9025	rwr	BC
UGT1A7	8.70110607320073e-07	9026	rwr	BC
UGT1A9	8.70110607320073e-07	9027	rwr	BC
BIN2	8.68601228148988e-07	9028	rwr	BC
METRN	8.68035612029518e-07	9029	rwr	BC
JAML	8.67971804004792e-07	9030	rwr	BC
SLAMF8	8.6741898301701e-07	9031	rwr	BC
ADI1	8.5996820373843e-07	9032	rwr	BC
C11ORF52	8.5996820373843e-07	9033	rwr	BC
KCNN2	8.5996820373843e-07	9034	rwr	BC
MBNL3	8.5996820373843e-07	9035	rwr	BC
OCEL1	8.5996820373843e-07	9036	rwr	BC
RIMS4	8.5996820373843e-07	9037	rwr	BC
TAAR8	8.5996820373843e-07	9038	rwr	BC
IRGC	8.57763461198603e-07	9039	rwr	BC
KHK	8.56267268886486e-07	9040	rwr	BC
CCDC183	8.54562492785123e-07	9041	rwr	BC
CLEC14A	8.53324823946698e-07	9042	rwr	BC
ARL13A	8.51979723190331e-07	9043	rwr	BC
FMO3	8.49891192711048e-07	9044	rwr	BC
CRYGB	8.46791170273092e-07	9045	rwr	BC
CHST7	8.44645408038111e-07	9046	rwr	BC
QPCTL	8.44645408038111e-07	9047	rwr	BC
GALNT3	8.41298809364448e-07	9048	rwr	BC
CRH	8.39539205446585e-07	9049	rwr	BC
ABCD4	8.38685908383431e-07	9050	rwr	BC
STXBP5L	8.34364892221599e-07	9051	rwr	BC
H2AC12	8.33665337765819e-07	9052	rwr	BC
H2BC12	8.33665337765819e-07	9053	rwr	BC
LEFTY2	8.33466208039721e-07	9054	rwr	BC
TMEM132E-DT	8.31198433918139e-07	9055	rwr	BC
AVL9	8.30804611011702e-07	9056	rwr	BC
TM7SF3	8.30804611011702e-07	9057	rwr	BC
PLAAT5	8.30190665294783e-07	9058	rwr	BC
ASTL	8.23910929818902e-07	9059	rwr	BC
C1R	8.22807819385225e-07	9060	rwr	BC
C20ORF203	8.21726460094624e-07	9061	rwr	BC
ARSF	8.21177800979704e-07	9062	rwr	BC
CHI3L2	8.21177800979704e-07	9063	rwr	BC
NLRP10	8.21177800979704e-07	9064	rwr	BC
SDR16C5	8.21177800979704e-07	9065	rwr	BC
LIX1L	8.20871356076616e-07	9066	rwr	BC
IFNA6	8.2039627673233e-07	9067	rwr	BC
HLA-DOA	8.20256710490369e-07	9068	rwr	BC
PF4	8.18933332364061e-07	9069	rwr	BC
AMDHD1	8.18890325400572e-07	9070	rwr	BC
SERP1	8.18724449002032e-07	9071	rwr	BC
RAB6C	8.17410843114013e-07	9072	rwr	BC
ZNF81	8.16387531824145e-07	9073	rwr	BC
ABHD3	8.16384619670825e-07	9074	rwr	BC
SLC7A6	8.16384619670825e-07	9075	rwr	BC
ALG14	8.15149188814993e-07	9076	rwr	BC
CBLIF	8.14490623274968e-07	9077	rwr	BC
FAM90A26	8.14414970547425e-07	9078	rwr	BC
FAM90A5	8.14414970547425e-07	9079	rwr	BC
WNT2B	8.12852319442246e-07	9080	rwr	BC
LILRA4	8.11527542203389e-07	9081	rwr	BC
IFNL3	8.11482154126339e-07	9082	rwr	BC
C7ORF25	8.04294180173337e-07	9083	rwr	BC
RGS1	8.01569032458905e-07	9084	rwr	BC
CFAP210	8.01401032963034e-07	9085	rwr	BC
SEPTIN14	8.01338522313672e-07	9086	rwr	BC
GBP6	7.9697957266798e-07	9087	rwr	BC
TANGO2	7.96512034194565e-07	9088	rwr	BC
FCRL4	7.92594831740883e-07	9089	rwr	BC
SLC5A12	7.92176041873314e-07	9090	rwr	BC
ATP5MC3	7.90634870258016e-07	9091	rwr	BC
SLC9C1	7.88755528684535e-07	9092	rwr	BC
APOF	7.88188930543635e-07	9093	rwr	BC
CTAGE1	7.86468213963339e-07	9094	rwr	BC
NAA35	7.8540904914039e-07	9095	rwr	BC
OGFOD1	7.8540904914039e-07	9096	rwr	BC
ZNF787	7.85234530287731e-07	9097	rwr	BC
MUC15	7.83999347342098e-07	9098	rwr	BC
NKAPL	7.8335524623417e-07	9099	rwr	BC
MEX3D	7.83303092936881e-07	9100	rwr	BC
SCAND3	7.83204082759408e-07	9101	rwr	BC
METTL8	7.82727592094659e-07	9102	rwr	BC
WNT7B	7.82214253791601e-07	9103	rwr	BC
PCDHB12	7.8106991861706e-07	9104	rwr	BC
DHODH	7.8081549825429e-07	9105	rwr	BC
IL13RA1	7.79554475034663e-07	9106	rwr	BC
CAGE1	7.78148677527877e-07	9107	rwr	BC
CFAP184	7.77783438517044e-07	9108	rwr	BC
TMEM185B	7.77343197310724e-07	9109	rwr	BC
UPK3B	7.7667519717584e-07	9110	rwr	BC
GLB1L	7.6839378983528e-07	9111	rwr	BC
IFNB1	7.6777140360373e-07	9112	rwr	BC
SLC35D3	7.66669599626891e-07	9113	rwr	BC
PCDHB6	7.66216590873041e-07	9114	rwr	BC
LILRA1	7.64113695575743e-07	9115	rwr	BC
NSMF	7.62528052603992e-07	9116	rwr	BC
UQCC6	7.61389446335734e-07	9117	rwr	BC
CES3	7.61325040569329e-07	9118	rwr	BC
C1ORF105	7.57334066062083e-07	9119	rwr	BC
MMP28	7.57334066062083e-07	9120	rwr	BC
NTF4	7.57334066062083e-07	9121	rwr	BC
PRSS48	7.57334066062083e-07	9122	rwr	BC
DEFB121	7.57124383356608e-07	9123	rwr	BC
NINJ2	7.56741414883858e-07	9124	rwr	BC
MARCHF6	7.54402985559088e-07	9125	rwr	BC
CADPS	7.51292315391538e-07	9126	rwr	BC
AMH	7.49929245964443e-07	9127	rwr	BC
ZNF142	7.47486393520615e-07	9128	rwr	BC
ZNF775	7.47486393520615e-07	9129	rwr	BC
NAP1L2	7.4714985578299e-07	9130	rwr	BC
C1GALT1C1	7.4555210613556e-07	9131	rwr	BC
HSD3B1	7.44097821572787e-07	9132	rwr	BC
CYP2W1	7.40882625483073e-07	9133	rwr	BC
SLC38A3	7.40388232828351e-07	9134	rwr	BC
TEX261	7.3960531980207e-07	9135	rwr	BC
APOA5	7.34495072099884e-07	9136	rwr	BC
APOL1	7.34495072099884e-07	9137	rwr	BC
CHRDL2	7.34495072099884e-07	9138	rwr	BC
ECM2	7.34495072099884e-07	9139	rwr	BC
IL6	7.34495072099884e-07	9140	rwr	BC
KNG1	7.34495072099884e-07	9141	rwr	BC
MENT	7.34495072099884e-07	9142	rwr	BC
PRH1	7.34495072099884e-07	9143	rwr	BC
SPARCL1	7.34495072099884e-07	9144	rwr	BC
SPP2	7.34495072099884e-07	9145	rwr	BC
PRELID3A	7.33549900840387e-07	9146	rwr	BC
RERG	7.30858381127031e-07	9147	rwr	BC
PLPBP	7.29774578987803e-07	9148	rwr	BC
CASS4	7.29416395427269e-07	9149	rwr	BC
LINC01561	7.28638978629698e-07	9150	rwr	BC
CREB3L2	7.28502170395309e-07	9151	rwr	BC
CYP2C8	7.26216917890692e-07	9152	rwr	BC
SELENOM	7.25692638934587e-07	9153	rwr	BC
HLA-DRB3	7.23856331707687e-07	9154	rwr	BC
ZNF672	7.22402696165593e-07	9155	rwr	BC
KCNJ11	7.20750795603817e-07	9156	rwr	BC
ZNF416	7.17491188673534e-07	9157	rwr	BC
SOX11	7.13849813898267e-07	9158	rwr	BC
NOVA2	7.13603948865356e-07	9159	rwr	BC
ADPRH	7.12826325273306e-07	9160	rwr	BC
BCE1	7.12826325273306e-07	9161	rwr	BC
C16ORF78	7.12826325273306e-07	9162	rwr	BC
CCDC28A	7.12826325273306e-07	9163	rwr	BC
CD53	7.12826325273306e-07	9164	rwr	BC
CSAG1	7.12826325273306e-07	9165	rwr	BC
DAW1	7.12826325273306e-07	9166	rwr	BC
ENOX2	7.12826325273306e-07	9167	rwr	BC
EPS8L3	7.12826325273306e-07	9168	rwr	BC
FGF12	7.12826325273306e-07	9169	rwr	BC
LRRN4CL	7.12826325273306e-07	9170	rwr	BC
MAGEB1	7.12826325273306e-07	9171	rwr	BC
MARCHF10	7.12826325273306e-07	9172	rwr	BC
OR5A1	7.12826325273306e-07	9173	rwr	BC
RPL39L	7.12826325273306e-07	9174	rwr	BC
SDR42E1	7.12826325273306e-07	9175	rwr	BC
SERF1A	7.12826325273306e-07	9176	rwr	BC
YPEL3	7.12826325273306e-07	9177	rwr	BC
ZNF321P	7.12826325273306e-07	9178	rwr	BC
CYP4F2	7.10356817788339e-07	9179	rwr	BC
FMO1	7.10356817788339e-07	9180	rwr	BC
MGST2	7.10356817788339e-07	9181	rwr	BC
SLC29A3	7.10356817788339e-07	9182	rwr	BC
SLC7A9	7.10356817788339e-07	9183	rwr	BC
SYT10	7.09195929237459e-07	9184	rwr	BC
FAM89A	7.07875691367079e-07	9185	rwr	BC
PTRHD1	7.06993700524133e-07	9186	rwr	BC
BCO1	7.06787375439047e-07	9187	rwr	BC
SRARP	7.06456427770124e-07	9188	rwr	BC
ZNF107	7.01647984937192e-07	9189	rwr	BC
LMF1	6.99707341248559e-07	9190	rwr	BC
ATP6V1G3	6.98152042451156e-07	9191	rwr	BC
GPR173	6.97576206609148e-07	9192	rwr	BC
ATP1B2	6.97553146473691e-07	9193	rwr	BC
CSHL1	6.97010647556721e-07	9194	rwr	BC
NTN1	6.96989686634128e-07	9195	rwr	BC
PLEKHG7	6.93685118721465e-07	9196	rwr	BC
LINGO1	6.93224929757635e-07	9197	rwr	BC
ACY1	6.92641266206312e-07	9198	rwr	BC
PPWD1	6.92641266206312e-07	9199	rwr	BC
ST20-AS1	6.91458340820966e-07	9200	rwr	BC
HTR3E	6.90505830570471e-07	9201	rwr	BC
TYRP1	6.89608523601052e-07	9202	rwr	BC
F11	6.88442085625033e-07	9203	rwr	BC
C11ORF68	6.87778552510619e-07	9204	rwr	BC
BAAT	6.86771556842215e-07	9205	rwr	BC
TMEM123	6.85958489087754e-07	9206	rwr	BC
CHCHD1	6.81293104423957e-07	9207	rwr	BC
CHCHD7	6.80344009313559e-07	9208	rwr	BC
MICU3	6.79181878276635e-07	9209	rwr	BC
SLC38A6	6.78632592095311e-07	9210	rwr	BC
HSD17B3	6.74707378827059e-07	9211	rwr	BC
CCDC25	6.73816093150826e-07	9212	rwr	BC
IER3IP1	6.73167131033899e-07	9213	rwr	BC
MGAT4A	6.73167131033899e-07	9214	rwr	BC
ALDH1L2	6.71832654949127e-07	9215	rwr	BC
MAB21L4	6.71386695385343e-07	9216	rwr	BC
CIART	6.67939652699799e-07	9217	rwr	BC
CIMAP1D	6.66869161396194e-07	9218	rwr	BC
MEAK7	6.66869161396194e-07	9219	rwr	BC
TP53AIP1	6.66535780658038e-07	9220	rwr	BC
WNT1	6.66535780658038e-07	9221	rwr	BC
ZNF664	6.65971266126348e-07	9222	rwr	BC
TTC7A	6.65211006384463e-07	9223	rwr	BC
CYP3A7	6.61598244345121e-07	9224	rwr	BC
TACSTD2	6.60704487269145e-07	9225	rwr	BC
REX1BD	6.57970700299996e-07	9226	rwr	BC
FERMT1	6.57277233495709e-07	9227	rwr	BC
AASS	6.57207484440687e-07	9228	rwr	BC
AADAT	6.55076983947118e-07	9229	rwr	BC
JMJD8	6.54972578462194e-07	9230	rwr	BC
NEK5	6.5422401077232e-07	9231	rwr	BC
KLRC1	6.48906167077642e-07	9232	rwr	BC
KLRC2	6.48906167077642e-07	9233	rwr	BC
ZNF784	6.47675039296564e-07	9234	rwr	BC
ERICH6	6.47381047419766e-07	9235	rwr	BC
PCDHB13	6.46823526354753e-07	9236	rwr	BC
TMTC2	6.46823526354753e-07	9237	rwr	BC
TP53I13	6.46823526354753e-07	9238	rwr	BC
SLC22A2	6.46307154271043e-07	9239	rwr	BC
HOXC10	6.45764557402118e-07	9240	rwr	BC
CCDC170	6.44101910021927e-07	9241	rwr	BC
TIGD4	6.43832516512413e-07	9242	rwr	BC
RAB9B	6.41354920546416e-07	9243	rwr	BC
LINC02913	6.41255366544246e-07	9244	rwr	BC
ZSCAN16	6.40461165352196e-07	9245	rwr	BC
RFLNB	6.38732830417481e-07	9246	rwr	BC
MB	6.37461760231095e-07	9247	rwr	BC
REG1A	6.36872859308799e-07	9248	rwr	BC
NODAL	6.34942497633546e-07	9249	rwr	BC
C1QTNF3	6.3348968283373e-07	9250	rwr	BC
HSD17B2	6.32676234552334e-07	9251	rwr	BC
TMCC1	6.32406730687766e-07	9252	rwr	BC
CNTN5	6.3048657551715e-07	9253	rwr	BC
TMT1B	6.30081309036322e-07	9254	rwr	BC
CLDN7	6.29563656378787e-07	9255	rwr	BC
CLCA2	6.26399996630821e-07	9256	rwr	BC
UEVLD	6.25077070531822e-07	9257	rwr	BC
RGN	6.22691530491704e-07	9258	rwr	BC
CYRIA	6.18047796168663e-07	9259	rwr	BC
CHCHD5	6.17291339559067e-07	9260	rwr	BC
CFAP45	6.16375156382255e-07	9261	rwr	BC
TREM1	6.14646267597779e-07	9262	rwr	BC
FSTL5	6.14054115229914e-07	9263	rwr	BC
ANO5	6.11820529051421e-07	9264	rwr	BC
XKR8	6.11820529051421e-07	9265	rwr	BC
ANKDD1A	6.09069165487123e-07	9266	rwr	BC
IFNA5	6.0494865395835e-07	9267	rwr	BC
GSTT2	6.02948599675134e-07	9268	rwr	BC
RTN4R	5.99261806383179e-07	9269	rwr	BC
PMM2	5.9862797926604e-07	9270	rwr	BC
TVP23B	5.96050761512335e-07	9271	rwr	BC
YIPF1	5.96050761512335e-07	9272	rwr	BC
NT5DC3	5.95558467196835e-07	9273	rwr	BC
MYOZ3	5.94892470117717e-07	9274	rwr	BC
GPR84	5.9400735885484e-07	9275	rwr	BC
ENGASE	5.93465450614807e-07	9276	rwr	BC
CENPX	5.93389147947419e-07	9277	rwr	BC
DPH7	5.903200344235e-07	9278	rwr	BC
PEX11A	5.89918900897798e-07	9279	rwr	BC
FOXN4	5.89178427695464e-07	9280	rwr	BC
BHMT	5.86705786422758e-07	9281	rwr	BC
PKD2L2	5.82007697743506e-07	9282	rwr	BC
COX18	5.80993907794389e-07	9283	rwr	BC
RFPL1	5.78455284375879e-07	9284	rwr	BC
CCDC126	5.77736917794647e-07	9285	rwr	BC
HPS5	5.76948689742332e-07	9286	rwr	BC
CCL25	5.73806883171282e-07	9287	rwr	BC
CERS4	5.69714797620481e-07	9288	rwr	BC
GPR108	5.69714797620481e-07	9289	rwr	BC
PGBD2	5.69055342531873e-07	9290	rwr	BC
PLA2G12A	5.66869119157571e-07	9291	rwr	BC
GASK1A	5.64976456023807e-07	9292	rwr	BC
DCAF1	5.61479722613712e-07	9293	rwr	BC
CD300E	5.612728998684e-07	9294	rwr	BC
FXYD6	5.612728998684e-07	9295	rwr	BC
SLC52A2	5.612728998684e-07	9296	rwr	BC
DDAH1	5.6005740103843e-07	9297	rwr	BC
TOGARAM1	5.599677470441e-07	9298	rwr	BC
RCE1	5.58415882375534e-07	9299	rwr	BC
NCF1B	5.57845680141881e-07	9300	rwr	BC
RAET1E	5.55776354890132e-07	9301	rwr	BC
ACTMAP	5.54911883831901e-07	9302	rwr	BC
OR7C1	5.53145592372591e-07	9303	rwr	BC
SGCZ	5.52241913366016e-07	9304	rwr	BC
CASTOR2	5.51642802095363e-07	9305	rwr	BC
ATP5PD	5.50794540273915e-07	9306	rwr	BC
KLK4	5.50754273275257e-07	9307	rwr	BC
TFPI	5.50754273275257e-07	9308	rwr	BC
BORCS8	5.49531249698737e-07	9309	rwr	BC
MBTPS2	5.48451260214713e-07	9310	rwr	BC
EXOC3L2	5.48029964547726e-07	9311	rwr	BC
RAET1G	5.47948518905764e-07	9312	rwr	BC
CLEC1A	5.47576014638778e-07	9313	rwr	BC
OR2S2	5.47576014638778e-07	9314	rwr	BC
PLA2G12B	5.47576014638778e-07	9315	rwr	BC
MT-ND2	5.47393881994258e-07	9316	rwr	BC
GALNT1	5.44322201783131e-07	9317	rwr	BC
ZMYND12	5.43088496901081e-07	9318	rwr	BC
TMEM252	5.41788604741934e-07	9319	rwr	BC
SERPINE2	5.41591046156051e-07	9320	rwr	BC
PLPP1	5.4095290433006e-07	9321	rwr	BC
TMEM183A	5.37382734950447e-07	9322	rwr	BC
ZNF266	5.34620748795307e-07	9323	rwr	BC
MORN3	5.32699218475284e-07	9324	rwr	BC
RAET1L	5.32292846937028e-07	9325	rwr	BC
RNF24	5.30957074705508e-07	9326	rwr	BC
CTRC	5.3064976598017e-07	9327	rwr	BC
PGLYRP3	5.30588945274154e-07	9328	rwr	BC
ALOX15	5.30493970221147e-07	9329	rwr	BC
HSPBAP1	5.30228582349475e-07	9330	rwr	BC
DENND1B	5.27869897699071e-07	9331	rwr	BC
APOM	5.25602418426887e-07	9332	rwr	BC
TRNAU1AP	5.21072763947415e-07	9333	rwr	BC
SEPTIN12	5.20750058201016e-07	9334	rwr	BC
DOCK10	5.20357882782465e-07	9335	rwr	BC
CYP4V2	5.18404430959241e-07	9336	rwr	BC
ZNF32	5.17383680545807e-07	9337	rwr	BC
SULT1C2	5.16028964063427e-07	9338	rwr	BC
CX3CR1	5.154948922568e-07	9339	rwr	BC
ACOT11	5.12590096812554e-07	9340	rwr	BC
EEF1AKNMT	5.11702763760901e-07	9341	rwr	BC
GABRG1	5.11437633160818e-07	9342	rwr	BC
PCED1B	5.08686613201485e-07	9343	rwr	BC
FAM149B1	5.05782994632039e-07	9344	rwr	BC
FRMPD2	5.04110295788061e-07	9345	rwr	BC
FAM78A	5.04036804561439e-07	9346	rwr	BC
ATP5F1E	5.00117813507485e-07	9347	rwr	BC
NALCN	4.98241465074745e-07	9348	rwr	BC
PTPA	4.97643416456332e-07	9349	rwr	BC
FUZ	4.97065690268522e-07	9350	rwr	BC
KIR2DS5	4.96124509774095e-07	9351	rwr	BC
PGAP3	4.95712316237234e-07	9352	rwr	BC
LYPD5	4.95155619907334e-07	9353	rwr	BC
CDRT15L2	4.95046901312767e-07	9354	rwr	BC
VSTM2A	4.93987054862925e-07	9355	rwr	BC
SERPIND1	4.93017012874139e-07	9356	rwr	BC
UTP25	4.89877153139506e-07	9357	rwr	BC
AKR7A2	4.89182569743631e-07	9358	rwr	BC
ELOVL4	4.87418967936911e-07	9359	rwr	BC
SLC12A8	4.85286948549204e-07	9360	rwr	BC
POGLUT3	4.84957781214972e-07	9361	rwr	BC
LORICRIN	4.83264170910727e-07	9362	rwr	BC
ATG4D	4.81246355045205e-07	9363	rwr	BC
H2AB2	4.80835714837233e-07	9364	rwr	BC
GPR155	4.80636848856484e-07	9365	rwr	BC
ROMO1	4.79459665096146e-07	9366	rwr	BC
MPZL2	4.7899996984604e-07	9367	rwr	BC
ZNF582	4.77996153299157e-07	9368	rwr	BC
IL22RA2	4.77392441154805e-07	9369	rwr	BC
CHST4	4.73839165661514e-07	9370	rwr	BC
PHEX	4.72034731331198e-07	9371	rwr	BC
NEGR1	4.71330642221666e-07	9372	rwr	BC
NTM	4.71330642221666e-07	9373	rwr	BC
AGBL2	4.69279442976565e-07	9374	rwr	BC
ASPDH	4.69279442976565e-07	9375	rwr	BC
C1ORF43	4.69279442976565e-07	9376	rwr	BC
HAS3	4.69279442976565e-07	9377	rwr	BC
SEMA6D	4.69279442976565e-07	9378	rwr	BC
SPACA9	4.68810283846706e-07	9379	rwr	BC
PCDHA7	4.68667530430376e-07	9380	rwr	BC
NME6	4.63642216463984e-07	9381	rwr	BC
ATP11B	4.62950406189032e-07	9382	rwr	BC
FAM228A	4.62950406189032e-07	9383	rwr	BC
HTR1E	4.56920252896227e-07	9384	rwr	BC
CD69	4.56054841148581e-07	9385	rwr	BC
LMBRD1	4.55792388603198e-07	9386	rwr	BC
BORCS7	4.55080566156767e-07	9387	rwr	BC
GAS8	4.54699354475498e-07	9388	rwr	BC
AXDND1	4.49091748069679e-07	9389	rwr	BC
CFAP119	4.46730050331423e-07	9390	rwr	BC
TMEM115	4.45404537957878e-07	9391	rwr	BC
ROPN1B	4.44092374673498e-07	9392	rwr	BC
ZFP2	4.43654400674765e-07	9393	rwr	BC
ZNF75A	4.43654400674765e-07	9394	rwr	BC
CD48	4.41707639583461e-07	9395	rwr	BC
ITM2C	4.39722636035638e-07	9396	rwr	BC
GPR180	4.34944742685387e-07	9397	rwr	BC
PNLIPRP2	4.34910707931725e-07	9398	rwr	BC
ALG10B	4.32442382205358e-07	9399	rwr	BC
OLFML3	4.27387424409049e-07	9400	rwr	BC
TBC1D20	4.2662586398706e-07	9401	rwr	BC
ZNF500	4.254796193139e-07	9402	rwr	BC
IFI44	4.15870703864724e-07	9403	rwr	BC
IFI44L	4.15870703864724e-07	9404	rwr	BC
ADSS1	4.14362603097526e-07	9405	rwr	BC
HSD17B13	4.05585052829938e-07	9406	rwr	BC
IL21	4.04596391316088e-07	9407	rwr	BC
E2F8	3.98686426231886e-07	9408	rwr	BC
RBIS	3.98067373074198e-07	9409	rwr	BC
DDX11	3.97602309745876e-07	9410	rwr	BC
CD300LD	3.87934795220627e-07	9411	rwr	BC
SIGLEC8	3.87934795220627e-07	9412	rwr	BC
SDHAF4	3.87748348279853e-07	9413	rwr	BC
GABRA5	3.87141521810939e-07	9414	rwr	BC
LRRIQ3	3.85850011710928e-07	9415	rwr	BC
GGTLC1	3.79938295045023e-07	9416	rwr	BC
OXSM	3.79138857164738e-07	9417	rwr	BC
ADAT2	3.79109389424582e-07	9418	rwr	BC
ZNF808	3.73431498449983e-07	9419	rwr	BC
MS4A14	3.67368233628702e-07	9420	rwr	BC
GSTA5	3.61968792994216e-07	9421	rwr	BC
TREH	3.60607511566542e-07	9422	rwr	BC
RNASE2	3.59456762152817e-07	9423	rwr	BC
SLC36A3	3.58674222181852e-07	9424	rwr	BC
PAQR5	3.50172322105814e-07	9425	rwr	BC
CTRB2	3.4940102826547e-07	9426	rwr	BC
PIP4P1	3.20953890929889e-07	9427	rwr	BC
TMEM255B	3.14561577484884e-07	9428	rwr	BC
AKR7L	3.13076844635924e-07	9429	rwr	BC
RASGEF1C	3.07191377695176e-07	9430	rwr	BC
ACCS	2.92653571548083e-07	9431	rwr	BC
GTPBP3	2.78193597495964e-07	9432	rwr	BC
SMIM43	2.70452703859512e-07	9433	rwr	BC
CPLANE2	2.63444815842317e-07	9434	rwr	BC
CORT	2.60296871453477e-07	9435	rwr	BC
SLC35E1	2.46095136781652e-07	9436	rwr	BC
CCDC185	2.42628526431926e-07	9437	rwr	BC
RECK	2.35039746463604e-07	9438	rwr	BC
SULT1B1	2.3411602546245e-07	9439	rwr	BC
TMTC4	2.29216148628471e-07	9440	rwr	BC
TMPRSS5	2.202346378533e-07	9441	rwr	BC
MINDY2	2.17000227835222e-07	9442	rwr	BC
C6ORF89	2.12858309917159e-07	9443	rwr	BC
FLACC1	2.081031337444e-07	9444	rwr	BC
HPS6	2.01931954185223e-07	9445	rwr	BC
KLK13	1.89556872170989e-07	9446	rwr	BC
LNPK	1.86700278250597e-07	9447	rwr	BC
TFF2	1.86087484310431e-07	9448	rwr	BC
SULT1C4	1.80609107959156e-07	9449	rwr	BC
CADM4	1.59619006056168e-07	9450	rwr	BC
ADH1B	0	9451	rwr	BC
ADH1C	0	9452	rwr	BC
ARMCX4	0	9453	rwr	BC
C16ORF46	0	9454	rwr	BC
C20ORF96	0	9455	rwr	BC
CABP4	0	9456	rwr	BC
CACNA1F	0	9457	rwr	BC
CACNB3	0	9458	rwr	BC
CD200	0	9459	rwr	BC
CD200R1	0	9460	rwr	BC
CFAP74	0	9461	rwr	BC
CLBA1	0	9462	rwr	BC
CPNE7	0	9463	rwr	BC
DPAGT1	0	9464	rwr	BC
FAT3	0	9465	rwr	BC
GGT1	0	9466	rwr	BC
GGT3P	0	9467	rwr	BC
GGT6	0	9468	rwr	BC
H1-7	0	9469	rwr	BC
HARBI1	0	9470	rwr	BC
KRTAP6-3	0	9471	rwr	BC
LACTB2	0	9472	rwr	BC
LCE1C	0	9473	rwr	BC
MBLAC1	0	9474	rwr	BC
MINDY1	0	9475	rwr	BC
MS4A7	0	9476	rwr	BC
MTRES1	0	9477	rwr	BC
NAIF1	0	9478	rwr	BC
OBP2A	0	9479	rwr	BC
OBP2B	0	9480	rwr	BC
OGA	0	9481	rwr	BC
PLEKHA8	0	9482	rwr	BC
PLEKHA8P1	0	9483	rwr	BC
PRAMEF4	0	9484	rwr	BC
PRAMEF5	0	9485	rwr	BC
PRODH	0	9486	rwr	BC
PRR20D	0	9487	rwr	BC
PRR34	0	9488	rwr	BC
PSG5	0	9489	rwr	BC
SEC14L2	0	9490	rwr	BC
SEC14L3	0	9491	rwr	BC
SEC14L4	0	9492	rwr	BC
SEL1L3	0	9493	rwr	BC
SELENON	0	9494	rwr	BC
SHBG	0	9495	rwr	BC
SLC23A3	0	9496	rwr	BC
ST8SIA5	0	9497	rwr	BC
STEAP1	0	9498	rwr	BC
STEAP1B	0	9499	rwr	BC
TIE1	0	9500	rwr	BC
TMEM236	0	9501	rwr	BC
TNMD	0	9502	rwr	BC
ZDHHC19	0	9503	rwr	BC
ZFY	0	9504	rwr	BC
