gene_symbol	z_score	raw_pvalue	rwr_score	rwr_rank	adj_pvalue_bh	significant
TP53	8.936511030219357	2.0082552027011342e-19	1.0	3	1.8978011665525717e-15	True
FGFR2	8.503904472395048	9.165920119685426e-18	1.0	18	4.3308972565513635e-14	True
PIK3CA	8.235698870994995	8.925621886361347e-17	1.0	15	2.811570894203824e-13	True
PALB2	8.158783334473668	1.6920803665554725e-16	1.0	4	3.209515895524178e-13	True
STK11	8.158350300476242	1.698156558478401e-16	1.0	8	3.209515895524178e-13	True
BRCA1	7.977376104677541	7.473841037539986e-16	1.0	1	1.1771299634125479e-12	True
BRCA2	7.597968719194397	1.5040750851588892e-14	1.0	2	1.98893093501218e-11	True
PTEN	7.583347922724945	1.6837510560949673e-14	1.0	6	1.98893093501218e-11	True
AKT1	7.550722233778054	2.164255583669237e-14	1.0	16	2.2724683628526987e-11	True
ATM	7.0802774227839995	7.193308032043166e-13	1.0	5	6.797676090280791e-10	True
ERBB2	6.973729080388724	1.5432409832461794e-12	1.0	17	1.3257842992433087e-09	True
BRIP1	6.940785165382689	1.9496330624365185e-12	1.0	12	1.5353360366687583e-09	True
RAD51	6.908992025586324	2.4405469663200925e-12	1.0	9	1.7740899101326825e-09	True
MLH1	6.819828627359321	4.5574588602333615e-12	1.0	22	3.076284730657519e-09	True
XRCC2	6.69911838748109	1.0484033709820003e-11	1.0	20	6.604941237186602e-09	True
BARD1	6.676382340285103	1.2245625953057592e-11	1.0	13	7.23257282852464e-09	True
RAD51D	6.6065259729108154	1.967216349565746e-11	1.0	11	1.093540853140959e-08	True
NBN	6.551566312316687	2.8468347144979693e-11	1.0	14	1.4945882251114338e-08	True
FANCM	6.498896446413068	4.045566478408531e-11	1.0	21	2.0121370116295064e-08	True
RAD51C	6.321454882794167	1.2955601717043217e-10	1.0	10	6.12152181130292e-08	True
CDH1	6.294056845682858	1.5463724038943534e-10	1.0	7	6.958675817524591e-08	True
FAAP24	5.999297765036387	9.908633433677267e-10	0.0005534291117183	211	4.25620845219319e-07	True
CASP8	5.914025671997685	1.6692290854097594e-09	1.0	19	6.858354285705316e-07	True
NKIRAS1	5.835076961332388	2.6882872054942655e-09	5.73760627564021e-05	2254	1.058513087163367e-06	True
SNX22	5.743369070897214	4.64055659638772e-09	0.0002240728794948	692	1.754130393434558e-06	True
HIPK3	5.625914616389443	9.226380475596848e-09	2.09742721973641e-05	4456	3.1708673617117026e-06	True
FAM111A	5.625914616389443	9.226380475596848e-09	8.38970887894563e-06	6437	3.1708673617117026e-06	True
ARL4C	5.6227849579931695	9.395162553219859e-09	0.0012887277613157	62	3.1708673617117026e-06	True
MACROH2A1	5.419633757685176	2.986062675362436e-08	5.29671024144318e-05	2390	9.73044561454311e-06	True
RNF138	5.37378316153585	3.855078552435723e-08	0.0010616989007743	81	1.2143497440172526e-05	True
C1ORF94	5.3158681372557055	5.3075001354419993e-08	0.0007453923485678	146	1.6179314929008675e-05	True
IHO1	5.288262921655312	6.174170041162458e-08	0.000708420389229	158	1.823309590280788e-05	True
HSD17B14	5.087214178300854	1.8168070343563638e-07	0.0006100244699651	188	5.202674689293224e-05	True
ANOS1	5.062378053195055	2.0702945718097996e-07	0.0002003302248797	773	5.754201089294884e-05	True
COX5B	5.023725897926344	2.533927606972029e-07	0.0007023457073028	161	6.841604538824479e-05	True
PTPN9	4.940115432533179	3.903816797461757e-07	0.0007124979679438	156	0.00010247519093337112	True
PMS1	4.899958221372231	4.792851834540268e-07	0.0008979716300218	106	0.0001224120265848798	True
TCL1A	4.868372468730328	5.626055033873883e-07	0.0002072843775815	743	0.00013640753856192993	True
CBY2	4.86825086128384	5.629517464460601e-07	0.0002220893861084	695	0.00013640753856192993	True
CAB39	4.819802238864951	7.185029863890226e-07	0.0003785472776924	360	0.00016974633053440656	True
CELA2B	4.805831003107693	7.705501857355182e-07	0.0001424351314606	1040	0.00017383091987748908	True
SWSAP1	4.805304221390412	7.725818661221737e-07	0.0028418264486753	28	0.00017383091987748908	True
TELO2	4.773768728463518	9.040500369167419e-07	0.0008939140138227	108	0.00019868076392705143	True
CEP57L1	4.755836295141895	9.881328602523871e-07	0.0005452123780498	213	0.00021222398930420588	True
EME1	4.7222300326681	1.1663631206673955e-06	0.0002999333596746	496	0.000244936255340153	True
TMEM248	4.6583452855361935	1.5938061880514097e-06	0.000221120346759	700	0.00032742322776273524	True
TMSB4X	4.6505294576252405	1.6554197429587952e-06	0.0002884638849882	524	0.0003328450334246939	True
ZSWIM7	4.632058113588367	1.8102424421119666e-06	0.0003095925029205	483	0.00034661304612288254	True
FIGNL1	4.629366390918195	1.8339314609676019e-06	0.0003672652028555	373	0.00034661304612288254	True
TNXB	4.629366390918192	1.8339314609676323e-06	4.28476070079304e-05	2809	0.00034661304612288254	True
MAGEA8	4.621983257825347	1.9004434785977158e-06	0.0002946028266983	508	0.00035214099750487083	True
ZDHHC1	4.586599456457922	2.252619166069083e-06	0.0002029658507469	764	0.00040937021383370833	True
CCDC33	4.571301594972609	2.4235203981421608e-06	0.0008580163964998	117	0.00043211825966874375	True
STRADA	4.5634683008074735	2.515770492302992e-06	0.000345965962903	407	0.00043343101016610165	True
ZNF200	4.559115147728763	2.5684800602434798e-06	3.68308700641071e-05	3146	0.00043343101016610165	True
TASOR2	4.559115147728756	2.5684800602435653e-06	0.0002315083260212	671	0.00043343101016610165	True
FGF7	4.543536895706259	2.7659058815675634e-06	0.0004453552877568	288	0.00045855808036514864	True
FANCB	4.527980325765182	2.977506230391471e-06	0.0008624225781779	116	0.00048419955267202836	True
NAT2	4.524771136090943	3.0230448262063147e-06	0.0004110840243559	323	0.00048419955267202836	True
LYZ	4.512529735074495	3.2029475205943845e-06	2.21184765107362e-05	4325	0.0005044642344936155	True
EFHC2	4.49974582649753	3.401738092418773e-06	0.000588040152876	194	0.000526990573333728	True
FANCE	4.467854177435442	3.950406588252756e-06	0.0008399678868044	119	0.0006021184235320734	True
MCM8	4.451946530213857	4.254767912930774e-06	0.0003026215854346	490	0.000638215186939616	True
IFFO2	4.401930246977884	5.364602680385319e-06	0.0002313339159544	673	0.0007921171145256448	True
RMI1	4.362162233821235	6.439165702284616e-06	0.0008872152219916	111	0.0009361556290244557	True
FGF2	4.3480914603107275	6.866366927718563e-06	0.0005325633266711	221	0.0009831389010142488	True
LIPH	4.332830678741669	7.360216134998889e-06	0.000346215275382	406	0.0010381200369513359	True
SYTL1	4.32378208195954	7.66884027398861e-06	6.71779355576823e-05	1994	0.0010657432439587114	True
RNASEH2A	4.29775940376183	8.626664486955502e-06	0.0005957448383784	193	0.0011520517069482572	True
GFOD1	4.29674483007093	8.66622586779241e-06	0.000356975189764	390	0.0011520517069482572	True
GFOD2	4.296744830070914	8.666225867793044e-06	3.58575975439753e-05	3210	0.0011520517069482572	True
CDKL5	4.293913698439789	8.777536814843864e-06	0.0002836359599239	532	0.0011520517069482572	True
IVD	4.290045083341385	8.93184255033742e-06	0.0002768681901643	549	0.00115624537124231	True
TIMP1	4.284777724463039	9.146098841578866e-06	0.0002427968870021	638	0.0011679815412556796	True
BLM	4.264169398643133	1.0032359119185247e-05	0.0060830147533315	23	0.0012640772490173412	True
RASD2	4.260785356976043	1.0185490197152787e-05	0.0003855720451727	352	0.0012664852942512348	True
DLC1	4.244376424907317	1.0960106172560984e-05	8.17585497469469e-05	1721	0.0013303682040187396	True
TOP3A	4.243953030939772	1.0980816922059438e-05	0.00096587507716	96	0.0013303682040187396	True
DEDD2	4.1756639394470465	1.4855909195229247e-05	0.000272301854439	563	0.001777067618922992	True
CAB39L	4.1667544148746725	1.5448351886480412e-05	0.0002680016734013	573	0.0018248365665904985	True
NDUFAF5	4.161404107354762	1.5814840519798955e-05	0.0012854530915456	63	0.0018450647273098781	True
KDM4D	4.156400343625042	1.6165054920492655e-05	2.21417421493661e-05	4319	0.0018629240121787267	True
RAD51AP1	4.142974844874268	1.7141478082952174e-05	0.0003610921544834	382	0.001951650215468651	True
MATK	4.123546770001366	1.8654133116641738e-05	0.0001024210791633	1410	0.0020985899756221955	True
RNF168	4.117161703031151	1.9178347970291902e-05	0.0009783507201519	95	0.0021321810390501	True
SLC39A7	4.094859645615389	2.1121210651601705e-05	0.0001457606463323	1023	0.002320877216949257	True
C5ORF24	4.067999493368224	2.370924222756344e-05	0.0002159288528824	710	0.002575314241959477	True
CARNMT1	4.030995484615972	2.7770555415389736e-05	0.0004335949469616	301	0.0029821789622208297	True
PYCARD	4.00924806713138	3.04562005222888e-05	0.0003480023235101	403	0.0031912144858851567	True
NLRC3	4.009248067131341	3.0456200522293825e-05	1.22347005305457e-05	5660	0.0031912144858851567	True
KDM4A	4.007132346983777	3.073021356778299e-05	0.0001811072727023	848	0.0031912144858851567	True
XRCC3	4.002694915243087	3.131251808694891e-05	0.002213206243321	31	0.0032163401730616	True
ADAP1	3.991979516592608	3.276201686889343e-05	0.0003913489731236	343	0.003309191312567794	True
MYH14	3.990861759320281	3.291682363824049e-05	0.0003133390358894	469	0.003309191312567794	True
PMS2	3.9809586117261677	3.4318950431611064e-05	0.0009579028649529	99	0.003413832437670785	True
PDS5B	3.9447266919615505	3.994552255741973e-05	0.0014420210165921	53	0.003932137376746005	True
GDF11	3.935834576497174	4.145403472322835e-05	2.89272160244624e-05	3683	0.004038563176644411	True
ATAD3B	3.9097346543687457	4.619878047832926e-05	0.0004709205909354	262	0.004439928410193242	True
TNS3	3.9077360431285535	4.6582503481867386e-05	0.0002410942942209	644	0.004439928410193242	True
NUDT5	3.9044496521670737	4.722002483023874e-05	0.00022042616497	701	0.004439928410193242	True
KIFC3	3.903258086679846	4.7453203114234654e-05	0.0005624190160869	207	0.004439928410193242	True
FANCL	3.8971541777657532	4.866483030557489e-05	0.0009464052652187	101	0.004508653395957673	True
DMC1	3.8685462807562208	5.4743078589662956e-05	0.0005991309992596	192	0.005022544589051601	True
ERCC5	3.8599209058971256	5.671186580350749e-05	0.0006296941028852	184	0.005153145498491786	True
ZNF398	3.850520805551031	5.893345817937944e-05	2.77270224329545e-05	3782	0.005304011236144149	True
BPIFA1	3.8462656878804173	5.996585621897673e-05	0.0003732310999452	368	0.005346012653484246	True
IP6K1	3.8263464910674303	6.502959567161295e-05	0.0002618422210871	591	0.005704268670610052	True
CDCA7L	3.8257334965327496	6.519164194982917e-05	0.0002915718295139	515	0.005704268670610052	True
MAPK1IP1L	3.8197176679118603	6.680225669258383e-05	5.69415681066153e-05	2268	0.005791571795824928	True
SPIDR	3.8077504635917356	7.011833794666804e-05	0.0004692016205144	266	0.006023802669054664	True
WTIP	3.7968962711221326	7.325953112195125e-05	0.0002834878205581	534	0.006236960082003958	True
CASP6	3.792632478325528	7.452934159887566e-05	0.0002660714957893	578	0.0062884131974051335	True
SNX32	3.785431644143804	7.672100434418265e-05	0.0002940984610309	510	0.006416048593385186	True
FKBP3	3.780960492868984	7.811223333094315e-05	0.0002523015149126	609	0.006475093026117655	True
CTNNA2	3.765309678858333	8.317139390875271e-05	0.0002093029928099	737	0.006834518890762723	True
TNFRSF10D	3.7420897120487018	9.124816876805977e-05	2.0793379397593e-05	4471	0.0073700444004974695	True
TNFSF10	3.7420897120486907	9.124816876806391e-05	0.000337293527383	424	0.0073700444004974695	True
OLA1	3.7284976307064897	9.631235981085198e-05	0.000301622059833	493	0.007713150849258908	True
FLRT1	3.699650940772932	0.00010794810273753447	0.0002284074054272	683	0.008572349335039501	True
SPACA1	3.648134878340008	0.00013207548124471324	0.0007522087792004	145	0.010400944148021167	True
ZNF597	3.6403922285784756	0.0001361115170453473	7.02560367753073e-05	1930	0.010630196992384563	True
UBXN4	3.6212407369041015	0.00014659676550051782	0.0002806212244624	543	0.011355241262130274	True
SPANXA1	3.6069120650841997	0.00015493130579154264	0.0001491892262095	1003	0.01190325885959413	True
EIF4EBP1	3.5983045965802134	0.00016014918265766672	0.0001475618808906	1012	0.012204917549314118	True
HSP90AB3P	3.5876810318732346	0.00016681604067788426	0.0001641054056162	921	0.012611292675248052	True
DKKL1	3.5545690915010164	0.000189299511778823	0.0007914049020017	130	0.014197463383411723	True
KLHL10	3.550572073243155	0.00019219743473283406	0.0007328886325124	149	0.014301305182876234	True
ENPP1	3.547311826972011	0.00019459182864303855	6.30462808679091e-05	2098	0.014366349849036831	True
IKZF3	3.544161649571172	0.0001969318400195737	0.0009082488243625	104	0.014426402233992025	True
NDUFAF8	3.5388918114902914	0.0002009052471571391	6.4395312268706e-05	2067	0.01460426604334588	True
MYOG	3.5285436349470714	0.00020892652587438423	0.0002896337511135	521	0.01507141732452619	True
SAXO5	3.5175007309830444	0.000217815575357087	0.0001524665786925	983	0.015593615053973274	True
EFNB3	3.513351357716997	0.000221245958848355	0.0007372370490923	147	0.01572010760238312	True
RGS17	3.5087759369681413	0.00022508699176853643	1.02766498861481e-05	6040	0.01587367218069156	True
FGF1	3.4973086856903817	0.00023498883615447486	0.0004826790636081	256	0.016449218530813242	True
CNKSR1	3.4819023987025783	0.00024893256043926503	0.0001649409756936	915	0.017223512889895532	True
ORC4	3.478832353610839	0.0002518017649656619	0.0001705507430232	897	0.017223512889895532	True
USP44	3.4780346828587465	0.00025255228255723387	0.0003003323346176	495	0.017223512889895532	True
CASP10	3.477199255921526	0.00025334055996777556	0.0003347630529249	427	0.017223512889895532	True
CACNB4	3.4618593709179883	0.00026822869268264694	3.44945812785585e-05	3293	0.018105436756078667	True
FAM171B	3.4589481978684593	0.0002711445957014983	0.0002372381661212	656	0.01817245694595148	True
FANCD2	3.456348316504008	0.00027377363872599944	0.003175773437592	27	0.01821944285887813	True
TNFRSF10B	3.450871721298623	0.00027938954465193825	0.0003811392217642	357	0.01846315522350221	True
MT2A	3.4428623421834192	0.0002877961093005174	0.0002436188435825	634	0.018886619672846456	True
IL20RA	3.4394350277064314	0.0002914648443124307	0.000237522660293	654	0.018995467439672207	True
FANCA	3.4301763327902863	0.00030159456133954605	0.0014935246499749	50	0.019521017840128153	True
CDKN2D	3.421434119791505	0.00031145907235650706	5.59624975335247e-05	2294	0.020022368937204025	True
RFWD3	3.4150290708886915	0.0003188760226403607	0.0003646434852005	377	0.020359331137148644	True
KRTAP12-3	3.411389057418497	0.00032316398630393393	1.20943216817175e-05	5688	0.020359331137148644	True
LNX1	3.4113890574184857	0.00032316398630394673	0.0008250055142763	122	0.020359331137148644	True
TP53BP1	3.4093364435494213	0.00032560556687857205	0.0014318499805066	54	0.02037730203312918	True
ACP1	3.403961622240051	0.0003320804206467362	8.25232672820508e-05	1708	0.020645789309945112	True
CNRIP1	3.3893354215073765	0.00035031125886522777	5.64950386479835e-05	2280	0.0216368718710876	True
PTX3	3.3811600498689605	0.0003609024320416752	3.02333739624759e-05	3589	0.022146285602557342	True
ZNF783	3.3736399315673076	0.0003709066598893542	4.5137013215314e-06	7478	0.022613341522286435	True
NABP2	3.3572813642354364	0.00039356484025709535	0.0003221027136507	449	0.023840947054035583	True
TATDN2	3.3527593177588852	0.0004000512513782915	2.70940967687619e-05	3830	0.024079517996973596	True
HIP1	3.339444836348976	0.0004197301076775699	0.0002693791155129	569	0.025104110870588833	True
RAD52	3.332348345004291	0.00043058195636397334	0.0003282958871527	437	0.025591191746160678	True
MANF	3.318238364524384	0.0004529357179554368	5.0061969025793e-05	2487	0.026524341950958097	True
BCL2L15	3.3182383645243756	0.00045293571795545037	9.75263833573776e-06	6154	0.026524341950958097	True
CSF1R	3.3141839761588976	0.00045955505467471175	0.0004202652453892	314	0.026524341950958097	True
KRT15	3.3127450893021377	0.0004619257037766468	0.0008985121427458	105	0.026524341950958097	True
RAD50	3.3121428347380437	0.0004629213127819925	0.0013160499647119	58	0.026524341950958097	True
NGB	3.31202071789541	0.0004631234308897446	6.74493665465061e-05	1987	0.026524341950958097	True
USP22	3.2943278905544378	0.0004932867048741522	0.0009612340318151	98	0.028081682897956255	True
PIK3C3	3.2854477861439992	0.0005091020604860656	0.0003030026340253	489	0.028808469889780357	True
PIK3R3	3.2834850099806627	0.0005126604869329648	0.0006545205651589	172	0.028837152389979272	True
NPC2	3.2800593625083496	0.0005189262330777372	0.0002503004792787	617	0.02884619354461591	True
HK3	3.2800593625083447	0.0005189262330777465	1.5026129097759e-05	5220	0.02884619354461591	True
PIP5K1C	3.2653315274477186	0.0005466801231440396	0.0002347614887113	665	0.03021126996322324	True
MAGED1	3.262489395554939	0.0005521915231828738	0.0002970620531998	501	0.030338429616733473	True
PDGFRA	3.241974033823324	0.0005935241870715115	0.0005810454779797	196	0.03242082987182534	True
NTHL1	3.234137259812967	0.0006100540083989711	5.17178293301105e-05	2435	0.03296640305483316	True
AMOTL2	3.2315811304879625	0.0006155368535965992	0.00087664828968	113	0.03296640305483316	True
FAM174A	3.2306867695401964	0.0006174659619794041	0.0007829978438847	137	0.03296640305483316	True
TMEM168	3.2306867695401915	0.0006174659619794146	1.68890814005732e-05	4957	0.03296640305483316	True
MSH6	3.2204865335640123	0.0006398660244299793	0.0011745170146983	70	0.03397041534192868	True
PSMC3IP	3.216451870902156	0.0006489315043577581	6.19456424162517e-05	2135	0.03406890397878406	True
MND1	3.216451870902141	0.0006489315043577916	0.0003176926518253	458	0.03406890397878406	True
MMS19	3.202786094039761	0.000680525174413035	0.0009883018642733	91	0.03553018175802862	True
ENO2	3.1935198704055052	0.0007027483220749543	8.2480173114251e-05	1709	0.036488855184661086	True
CSTF1	3.1885374759352314	0.0007149723661751057	0.0003202751806227	453	0.03692070415494398	True
FRMD6	3.185082289560662	0.0007235642591809688	0.0002910052872258	517	0.03716131657206606	True
ERRFI1	3.1820338224745015	0.0007312236940531466	0.0002676980581282	575	0.03735169680433641	True
FANCG	3.177373052008505	0.0007430786830093551	0.0015700402261072	42	0.037753191152894654	True
ETV4	3.1676646956135905	0.000768343210615485	0.0002821680426736	540	0.038828039253028516	True
SDC4	3.150217602366744	0.000815744483930172	5.05275043466479e-05	2471	0.041004177516702794	True
STRADB	3.1482002927919868	0.0008213954385496162	0.000340162100216	422	0.041069771927480805	True
CDH3	3.145950484368818	0.0008277401520103281	0.0002260792468441	689	0.04116918124472421	True
LANCL2	3.136243728316088	0.0008556346142125258	7.29220794124235e-05	1876	0.04221982846897268	True
PKP4	3.135502548213342	0.0008577996895283339	0.0002321338279444	669	0.04221982846897268	True
DIRAS1	3.1335739008983	0.0008634571327194795	7.19841852256865e-05	1898	0.04227808240517659	True
RBBP8	3.124161761838733	0.0008915619918053199	0.0008190300149764	125	0.04342917949773337	True
RAD18	3.113644594544159	0.0009239596892466808	0.0007571238304015	143	0.04467595382921644	True
MORF4L1	3.1127985386516444	0.0009266123757170817	0.0015539805738836	44	0.04467595382921644	True
CSTF2	3.109882869072122	0.0009358077340486185	0.0003421325377288	418	0.04489026947593627	True
FER	3.1033859305313514	0.000956599860649366	0.0001228079418654	1196	0.04535631011918409	True
STARD7	3.1027806565982177	0.000958558362409252	5.67579523828243e-05	2273	0.04535631011918409	True
TERF2	3.1023599239857527	0.0009599219072843194	0.0009853783589834	93	0.04535631011918409	True
TEK	3.094208504832222	0.000986693733079573	0.000120989932998	1219	0.046389332226875454	True
RGS12	3.0824647819580866	0.0010264701051762527	7.43907548365636e-05	1840	0.04802050739562173	True
MORF4L2	3.0806694812568542	0.0010326788727812529	0.001297608953104	61	0.04807298200878246	True
PLEKHA7	3.0655881217289656	0.0010862117485678365	0.0002188007773709	702	0.05031716188218654	False
CAP1	3.0640129937622804	0.0010919471222216792	0.0002747648356544	556	0.05033609904875545	False
BLK	3.062228868525996	0.0010984770192200984	0.0001171493079365	1269	0.050391300153543345	False
GYS2	3.047294319809956	0.0011545574659165736	2.88347840233804e-05	3698	0.052708058226626185	False
UIMC1	3.0447000510569437	0.0011645623594485578	0.0003885056836526	350	0.05290920334994649	False
LZTS2	3.0191846014562516	0.0012672802155118917	0.0009504075915186	100	0.057300469074580744	False
VAV3	3.0176798339707487	0.0012735892924237873	0.0001208352600244	1220	0.05731151815907043	False
FRK	3.013157680977337	0.0012927227155253027	8.97932275781354e-05	1588	0.05746396693444225	False
ABRAXAS2	3.012574496135168	0.0012952092370034432	0.0001604191469308	942	0.05746396693444225	False
P2RY8	3.012572074277768	0.0012952195721731429	9.73738149129652e-05	1460	0.05746396693444225	False
DES	3.0072464018121354	0.00131812991471538	0.0003499058822969	396	0.05820713875729131	False
AGPAT1	3.002996647315977	0.0013366768825381766	4.61551304653988e-05	2638	0.058253326938980776	False
DGKZ	3.0027847631160705	0.0013376078090743205	0.00041009802049	324	0.058253326938980776	False
GCA	3.0027708429422537	0.0013376689889691882	0.0001192172348005	1239	0.058253326938980776	False
SPSB1	2.9792248577924454	0.0014448931435420774	0.0001442966569098	1030	0.06251969535603345	False
ACY3	2.974019362272612	0.0014696326378302834	6.22640838365624e-06	6975	0.06251969535603345	False
KEAP1	2.9740193622725943	0.0014696326378303664	0.0015069313186062	48	0.06251969535603345	False
ASPA	2.974019362272573	0.0014696326378304692	1.54836594408711e-05	5155	0.06251969535603345	False
SLITRK5	2.9715792114993658	0.0014813621810405742	2.50943266802789e-05	4027	0.06251969535603345	False
IKZF1	2.971483001171144	0.0014818263993354615	0.0006521421578497	174	0.06251969535603345	False
USP34	2.9714577344114095	0.0014819483343652372	0.0001506115073242	997	0.06251969535603345	False
FBXO33	2.9568232756308	0.00155413105538337	7.40978727425532e-05	1844	0.06527350432610154	False
TNFRSF10C	2.9459711813235763	0.0016097119692643656	2.15062057228663e-05	4391	0.06730875269711617	False
CASP1	2.9375699930283865	0.0016539774572208567	8.31107716192177e-05	1697	0.06885500868166122	False
IRS2	2.9349619592512974	0.001667942909141614	0.0004471832012895	287	0.06913184426047478	False
DEFA5	2.9313044846384577	0.0016877088173812126	0.0002519358887814	612	0.06934281880110227	False
METRNL	2.931304484638437	0.0016877088173813252	4.90904489075825e-06	7347	0.06934281880110227	False
MLF1	2.921155552497371	0.0017436783025295854	0.0001855109031744	825	0.07133229419439213	False
PCNA	2.9142095475494187	0.0017829523049541606	0.0021842700198014	32	0.07226697637132966	False
MUC1	2.912620825749959	0.0017920475640709921	0.000334850691433	426	0.07226697637132966	False
SDC2	2.9099467484488413	0.0018074517103989763	0.0003160535402273	463	0.07226697637132966	False
NBEAL1	2.909946748448828	0.001807451710399052	4.93293493918799e-06	7340	0.07226697637132966	False
SEMA3C	2.909946748448828	0.001807451710399052	5.95675162467984e-06	7057	0.07226697637132966	False
ZBTB8A	2.909090444919466	0.0018124098835984263	0.000100797996781	1430	0.07226697637132966	False
CHERP	2.9074512364646528	0.0018219357551202155	0.000276100207755	551	0.07234156674742032	False
GPC1	2.895959217068255	0.0018900076069953825	0.0001120750312802	1314	0.07473042630170026	False
MAP3K8	2.8930241821158726	0.0019077595976031117	9.98915866954981e-05	1438	0.07511803415562253	False
RPA2	2.877599062789055	0.0020035703666029304	0.0034418085585809	24	0.07856323636679541	False
SIRT4	2.8683390372588984	0.0020631654982641045	8.55847904044655e-05	1649	0.08056576015948673	False
YIF1B	2.8522965582724593	0.0021702293007076624	7.88705569565746e-05	1765	0.08439780613863132	False
ATR	2.8492994057456165	0.002190781285635649	0.0007864846877835	136	0.08484788175924952	False
LIMD1	2.840313455815732	0.0022534611989066026	0.0003273399674013	440	0.08691921767211182	False
NUP42	2.828645945036331	0.0023372690910235744	1.52482478156823e-05	5186	0.08978533703322268	False
MCM9	2.8236346947702264	0.0023741234883123945	0.0008934620078427	109	0.0906199358246964	False
PKNOX2	2.823088234824082	0.0023781739771983816	2.33506915900927e-05	4189	0.0906199358246964	False
HSPG2	2.8175310727713456	0.0024197215863488134	0.0001379531685103	1073	0.09183280719275617	False
FHL3	2.8157274062136954	0.002433347032959417	0.0003967603607664	336	0.09198051784586597	False
PRDX6	2.8013008385923195	0.002544852337810643	0.0003239511928981	444	0.0953859437248394	False
MMS22L	2.801041578077806	0.002546897781687179	0.0003106432184686	480	0.0953859437248394	False
KAT7	2.800178355741649	0.0025537189166544307	0.0003017679861493	492	0.0953859437248394	False
CYP2E1	2.7909324767286763	0.0026278217610948146	5.56000107541543e-05	2302	0.09776738441868503	False
JADE1	2.7844441598269762	0.0026809776397162042	9.56799727472122e-05	1488	0.0991981320715302	False
MMAB	2.7820677891574137	0.002700687830851241	7.59519240546649e-05	1815	0.0991981320715302	False
ZC3H11A	2.779003915920029	0.0027262933890346954	0.0003136277211114	467	0.0991981320715302	False
RNASEH2C	2.7787322979110285	0.002728573910683658	8.14957823263435e-05	1725	0.0991981320715302	False
DNAJC12	2.777797858680443	0.002736432678946358	9.90000077746011e-05	1447	0.0991981320715302	False
TPH2	2.7777978586803833	0.002736432678946861	4.83769672017116e-06	7373	0.0991981320715302	False
MSH3	2.777403201676946	0.0027397579334041675	0.000417835622469	318	0.0991981320715302	False
CASP9	2.771090701456882	0.0027934430937295238	0.0003224581326286	448	0.10060374709979311	False
TBPL1	2.7702933991384624	0.0028002909000253186	2.75647656423304e-05	3793	0.10060374709979311	False
LITAF	2.769105980888851	0.0028105173792958077	0.0002858740282486	529	0.10060374709979311	False
ARHGAP21	2.75965372491852	0.00289313284717945	0.0002358966915054	660	0.10317020907866341	False
EYA1	2.753999919670398	0.002943589130575008	6.65167220740511e-05	2010	0.10424459600256737	False
PTPN12	2.7517618803592114	0.002963780225641298	0.0001282625181053	1148	0.10424459600256737	False
HNRNPC	2.749653474939309	0.0029829158841995717	0.0013120628914162	59	0.10424459600256737	False
BANP	2.748057517165335	0.0029974745763478913	0.0002141660739343	717	0.10424459600256737	False
VMAC	2.7480575171652912	0.0029974745763482937	7.77573921098853e-06	6589	0.10424459600256737	False
ALAS2	2.748057517165291	0.002997474576348299	5.59853223191174e-06	7164	0.10424459600256737	False
WRN	2.747728993655017	0.0030004793770051137	0.0008544230300374	118	0.10424459600256737	False
MPG	2.7443567371182547	0.0030314805874869493	0.0001271451624158	1159	0.10493586648993286	False
BID	2.736530099847307	0.0031045457183513257	0.000343457149557	416	0.10707283590664245	False
HMG20B	2.7330664710107793	0.00313738337710777	0.0003136184725819	468	0.10781190150424882	False
TULP2	2.7303646978544256	0.0031632148073307592	0.0003934101272697	340	0.1083057243814336	False
KRT10	2.7266169776437006	0.003199363366934107	8.53482604010082e-05	1653	0.1085854429124167	False
MCM2	2.7263401687718343	0.0032020480053669906	0.0011074239607972	76	0.1085854429124167	False
MVP	2.7238652322187873	0.0032261414737499976	9.48645143181918e-05	1502	0.1085854429124167	False
PARP4	2.723865232218763	0.0032261414737502375	8.30064501263247e-06	6451	0.1085854429124167	False
PTPRN2	2.7235893787919916	0.0032288369797237137	4.33458268521762e-05	2791	0.1085854429124167	False
PLCG1	2.7197346844259744	0.0032667157319243812	0.0007776593890493	138	0.10946972931448724	False
TRIM49	2.7165272181815583	0.003298538526496226	9.66427108847579e-05	1470	0.11014554443600472	False
CBLL1	2.713807082945513	0.003325744429739148	0.0002320356128566	670	0.11066297486279912	False
INSRR	2.7055734274051533	0.003409328596581908	0.0001175836037667	1265	0.11304615872876853	False
CRYZL1	2.699957741860625	0.003467414197479702	5.86409992429747e-05	2218	0.11457015442721394	False
CFB	2.6934106485291522	0.0035362549779325617	1.58674279071235e-05	5093	0.11605535910075448	False
RIOX2	2.693347468888995	0.0035369252297372793	7.32535969402539e-06	6706	0.11605535910075448	False
CA8	2.6793201901087267	0.003688590649098856	0.0001986301248869	783	0.12061308523869962	False
CDCA8	2.6727350469193056	0.003761782350821746	0.0002357419969288	661	0.12218071629735752	False
RPUSD2	2.6724671536583386	0.0037647872733470727	2.46220050801308e-05	4071	0.12218071629735752	False
MRAP2	2.6715297024587055	0.0037753194877067084	0.0002687073633895	572	0.12218071629735752	False
SERPINB5	2.6696129629600733	0.0037969362193426906	0.0003107455143918	479	0.12246091219381716	False
NT5DC1	2.6658297907604043	0.003839928242269945	7.63942972826415e-06	6619	0.12300787081170078	False
HSP90AA4P	2.665829790760397	0.003839928242270024	0.0001738360028351	875	0.12300787081170078	False
CSPG4	2.6557503263033686	0.003956608895843654	3.91743632504531e-05	3003	0.12631741238419775	False
PIK3R2	2.6527587968566566	0.003991844961068042	0.0007372172280009	148	0.1268372086087968	False
CIAO1	2.6520922447381534	0.003999734197399095	0.0007143264666047	155	0.1268372086087968	False
CCDC120	2.638660853526171	0.004161710149806755	0.0003788116065763	358	0.13103398289203977	False
MORN2	2.6386608535261655	0.0041617101498068205	5.36408802295139e-06	7223	0.13103398289203977	False
TERF2IP	2.6376294228706993	0.0041743880324265625	0.0004999500401239	246	0.13103398289203977	False
DXO	2.6365622950655	0.004187541040571006	1.36476553749537e-05	5439	0.13103398289203977	False
RECQL5	2.628802154615448	0.004284309800317889	0.0006401765780691	179	0.1335852161650174	False
AGTRAP	2.625186175750575	0.004330080007735186	6.97852965220314e-05	1939	0.1335852161650174	False
GDNF	2.6251861757505672	0.004330080007735281	3.46401688792097e-06	7840	0.1335852161650174	False
CIMAP1C	2.6245727387025375	0.004337887963036474	1.26537896059389e-05	5600	0.1335852161650174	False
CYP4F12	2.62331872116675	0.004353888526859553	3.67792092677155e-06	7746	0.1335852161650174	False
POLE2	2.623318721166729	0.004353888526859826	8.3034694227057e-05	1699	0.1335852161650174	False
C6ORF141	2.618544846386456	0.004415284172182625	0.0002143650111082	716	0.1338543736881223	False
ARID2	2.6166448974140506	0.004439933341440693	0.0003087875376765	484	0.1338543736881223	False
TMEM30B	2.616351777900316	0.004443747080677345	0.0002932404009714	513	0.1338543736881223	False
PCDHGC4	2.6163517779003107	0.004443747080677413	5.86480802098695e-06	7088	0.1338543736881223	False
TMEM143	2.6163517779003107	0.004443747080677413	5.86480802098695e-06	7089	0.1338543736881223	False
LCK	2.616052192335623	0.004447647972282583	0.0005030861795036	243	0.1338543736881223	False
RPS6KA3	2.6121155935504676	0.0044991911733005055	0.0005149798159541	234	0.13497573519901518	False
ROCK2	2.6007233993759176	0.00465137134779291	0.0003216385652907	451	0.1390995545463386	False
CIAO2B	2.5960242012470776	0.0047154711140882264	2.26294987269047e-05	4256	0.14034790016182333	False
TNFRSF10A	2.595489224946787	0.004722818227667706	0.0003601760332772	383	0.14034790016182333	False
AHSG	2.593053935558521	0.00475639253932247	0.0001058044705754	1377	0.14090253760688823	False
CFLAR	2.5889140182294956	0.004813956555896443	0.0004909594953914	249	0.14173054640401508	False
BMP1	2.5888866473737067	0.004814339195310989	0.0001768943973899	862	0.14173054640401508	False
RPGRIP1	2.584740119547802	0.004872621026327629	6.47517525106264e-05	2058	0.14300083446831086	False
RIPK3	2.5807619819008147	0.004929126232121054	0.0003195750591459	455	0.14421127830818564	False
CASP2	2.577454951516036	0.004976542705201618	0.0003111930653883	477	0.14514916223504717	False
DSN1	2.5693555896946316	0.005094392400188693	0.000199296203569	777	0.1476663700432198	False
FLNA	2.568976062804973	0.005099975144283865	0.0007880809802242	134	0.1476663700432198	False
XRCC4	2.568314120262054	0.005109725185622527	0.0004096482210341	326	0.1476663700432198	False
JOSD2	2.565090704733528	0.00515744181914932	0.0004830973863393	255	0.1476903793665666	False
MCEMP1	2.5650907047334863	0.005157441819149938	5.47166065899572e-06	7198	0.1476903793665666	False
LRRC51	2.565090704733486	0.0051574418191499445	3.9083290421398e-06	7661	0.1476903793665666	False
CDKL2	2.556382873912117	0.005288333558833947	1.29759775722085e-05	5544	0.15063013184786822	False
DYNC1LI2	2.5561430941906393	0.005291979235290185	0.0003201524966732	454	0.15063013184786822	False
PARD3B	2.55480296054297	0.005312396182649745	4.40972170198549e-05	2738	0.15075718896708737	False
HSPB8	2.5528504315574616	0.005342268364492166	0.0003191873938347	457	0.15092275864796312	False
MRE11	2.5523354609037656	0.0053501718674145654	2.13652922998064e-05	4413	0.15092275864796312	False
IWS1	2.540742354809003	0.005530870002178175	7.83543450489023e-05	1772	0.15555571881126118	False
NTPCR	2.5387987104489214	0.005561690043525402	0.0001234057318957	1191	0.15595837065672122	False
RPA1	2.5375264932739396	0.005581945892729886	0.0034389371353207	25	0.15606328013697462	False
POLA1	2.5192459592188667	0.005880323600152409	0.0003575304796394	387	0.1639197034891414	False
OTUD6A	2.5182105049484464	0.005897640125535246	7.5201011714363e-05	1830	0.1639197034891414	False
FGR	2.5160758093466367	0.0059334827202764395	0.0001350651862957	1094	0.16406614673634298	False
DHX32	2.515829428977893	0.005937631977124793	2.84126323269761e-05	3737	0.16406614673634298	False
FCGRT	2.5117276815992513	0.00600708789213013	0.0002809802061159	542	0.16550140110970765	False
UBE2E3	2.5080353262089234	0.006070226456522675	0.0003780698634726	361	0.16640057995769164	False
PPAT	2.507712758922826	0.006075770128741627	5.65389079570676e-05	2279	0.16640057995769164	False
RNF20	2.5067379633110707	0.006092550334958868	0.0005182435700271	230	0.16640057995769164	False
CTNNA3	2.501623533234502	0.006181265234473582	0.0001592306099219	950	0.16788520516760605	False
ERCC2	2.501556285165469	0.006182439301410254	0.000132217995191	1120	0.16788520516760605	False
TICAM1	2.4928113138798507	0.006336808756803595	0.0002953490110386	506	0.17098896025893662	False
RGS13	2.4920158458371313	0.006351018523903229	1.45388430843031e-05	5283	0.17098896025893662	False
CCDC140	2.492015845837124	0.006351018523903361	3.39239673987975e-06	7863	0.17098896025893662	False
PTPN11	2.486616279929647	0.006448220825590819	0.0012161851408272	67	0.17311274659611717	False
TOPORS	2.481819810468204	0.006535667762433179	0.0003480803193531	401	0.17496334378185138	False
EP400P1	2.477438314881612	0.006616464035906368	1.83323098600488e-05	4772	0.17606361063365197	False
PRTG	2.4765656735036807	0.006632660887362973	1.20550489067574e-05	5697	0.17606361063365197	False
SGCE	2.4765656735036807	0.006632660887362973	1.20550489067574e-05	5698	0.17606361063365197	False
VAV2	2.475261289578421	0.00665693654650208	0.0001365007338022	1082	0.1762130262309374	False
ANXA2	2.472113947977272	0.00671583482138875	0.000422841258165	311	0.17727552810649075	False
TUBG1	2.4684090552420477	0.006785756660050847	0.0007115001817734	157	0.1786222853411713	False
FOXO3	2.463442505888251	0.006880498175572922	0.0003014417928789	494	0.18061307710878918	False
SETX	2.4532639821749895	0.007078320279774319	6.70503450564355e-05	1997	0.18529120953979866	False
RNF40	2.4520118654752645	0.0071029988720834845	0.0002258926540615	690	0.1854235893403009	False
USP27X	2.4365579550499366	0.007413896584174248	0.0001175884741484	1264	0.19300639867891636	False
CASP3	2.4309173462676146	0.0075303249031539775	0.0004497916735982	283	0.1950950176319643	False
PLA2G10	2.4304635481420664	0.007539761410485357	0.0003245888882734	443	0.1950950176319643	False
MAPK4	2.4294651561253007	0.007560559149836043	8.52562999401155e-05	1656	0.1950950176319643	False
TRIM29	2.428196779239232	0.007587053862209614	0.0005830207741744	195	0.1950950176319643	False
CAMK1G	2.42770488077068	0.007597350951170674	9.17503707700949e-06	6277	0.1950950176319643	False
PCK1	2.425730918645863	0.007638796496752267	8.1204134190428e-05	1732	0.19519971665495642	False
ERBB3	2.425543578850172	0.007642740228818399	0.0007749004793697	139	0.19519971665495642	False
PNKP	2.419433326179865	0.007772355070159787	0.0001964581344699	790	0.1974563750579258	False
CCND1	2.4194084881237914	0.007772885875296127	0.0007586450776685	142	0.1974563750579258	False
IL19	2.4160854703214656	0.007844189138534559	7.4790645874787e-06	6662	0.19835289816848486	False
INTS3	2.414869786450117	0.007870417930369538	0.0001637790094176	925	0.19835289816848486	False
CFAP161	2.4148360570258336	0.007871146752717653	1.84248462422124e-05	4762	0.19835289816848486	False
UNC45A	2.4127869114228475	0.007915536013981891	0.0002581838041805	598	0.198940998223747	False
HECTD3	2.4105273053973706	0.007964739439192115	0.0003144856406372	466	0.1996466517251074	False
MAP2K3	2.409439098566821	0.007988531184817772	0.0003480538455418	402	0.1997132796204443	False
HSP90AA5P	2.4058592828219267	0.00806723906859954	0.0002026918063158	766	0.2006704558754034	False
CLDN10	2.405766495587818	0.008069288172767544	1.52473871704432e-05	5187	0.2006704558754034	False
CYTH3	2.402496283846324	0.008141800004271522	3.1547763251904e-05	3491	0.20194228357051414	False
BCL10	2.394269671668613	0.00832674971964505	0.000263554281379	584	0.2059889655776066	False
MVK	2.3925362538743986	0.008366187471632484	3.85884949501096e-05	3039	0.20642420785098428	False
PIK3R1	2.3889094862565665	0.008449232518808365	0.0015625246539177	43	0.2079303315175496	False
MERTK	2.3822445213367165	0.008603733631478318	0.0001185561753598	1253	0.2111825527726496	False
FANCI	2.3784418897476836	0.008692988504553672	0.0002185514167171	704	0.21227303406718048	False
PIK3CD	2.378437748130534	0.008693086157036916	4.60597971542289e-05	2645	0.21227303406718048	False
CEP76	2.3762549252851666	0.008744687556284587	8.96200604191685e-05	1591	0.212982725275488	False
MME	2.368558918444264	0.008928767928640929	9.51950905529806e-05	1496	0.21690708721248528	False
PCDHGC3	2.3662799353391066	0.008983926365146753	2.66908057144482e-05	3860	0.2176874465400944	False
PTK6	2.360931892036944	0.009114539072288558	0.0001431040478877	1038	0.22028745328165442	False
MEIS1	2.3568775958030947	0.009214660246426823	3.10832756507916e-05	3528	0.22213913094064663	False
PML-RAR	2.3558800199180827	0.009239442537626309	1.44670283030839e-05	5298	0.22216980147727383	False
OAF	2.35421195035672	0.009281011902859347	8.26642144070779e-05	1705	0.2226029504619818	False
HAVCR2	2.350245547926999	0.009380515039524154	0.0002761926746458	550	0.22441991676836265	False
LRIG2	2.3441675054462485	0.009534802444811996	5.3238717179414e-06	7236	0.2269619221749998	False
LRIG1	2.344167505446242	0.009534802444812161	0.0001249890097503	1176	0.2269619221749998	False
CASP7	2.3415988172202127	0.009600671092789318	0.0003129189062833	472	0.22795563273080166	False
VRK1	2.340539621745883	0.009627947552361843	0.0003453475118421	409	0.2280303367664647	False
TYW1B	2.339316676829478	0.009659525119528388	2.59632297054634e-05	3933	0.22820628094885817	False
FAM221B	2.336126974688584	0.009742312406526961	3.17307389133246e-05	3479	0.22958816020369022	False
DHPS	2.3338859087145623	0.009800848396016052	6.29755980093043e-05	2101	0.23039307796604902	False
DENND11	2.331022235900169	0.009876093607367945	5.45554967035209e-05	2330	0.2315858178402657	False
FBXO5	2.3268042867186303	0.00998784208045798	0.0003278781059523	438	0.23361861150088045	False
BABAM1	2.325889385998044	0.010012226207180591	0.0001119987090867	1317	0.23361861150088045	False
TLN1	2.323918304364037	0.010064936511224884	0.0002966895196014	503	0.2342700739681654	False
DSG1	2.322187483888467	0.010111421315970825	0.0001247799178207	1177	0.2347737873118533	False
RPS6KA1	2.318951467209016	0.010198834006018991	0.0005589701878531	208	0.2359015263235639	False
NABP1	2.317633491982365	0.01023462419094191	1.11614014494407e-05	5859	0.2359015263235639	False
SSR4	2.3176240481785784	0.010234881036260446	0.0001033016743221	1399	0.2359015263235639	False
FAS	2.314127865697826	0.01033035464848219	0.0003653912063945	374	0.2375227528665613	False
DNAJC30	2.310666143822256	0.010425651338683816	0.0002474154864953	621	0.23913205133631568	False
SKP2	2.304309612343127	0.010602634879097392	0.0011222169116149	75	0.24260266248782167	False
LPAR4	2.3018475609335343	0.010671885163610005	9.2196963362367e-05	1555	0.24359737873457618	False
NR1H3	2.293109971757025	0.010920837218765155	0.0002517545084255	613	0.24867930534296556	False
XRCC5	2.2891443921348262	0.011035482136203787	0.0010879853103958	79	0.2506858321805908	False
MAP3K14	2.2872041528980436	0.011091954870501615	0.000195566526016	792	0.251364444907051	False
TRADD	2.2814588791980523	0.011260653667947344	0.0003081135987425	485	0.2545769788567043	False
VCL	2.2795876377205366	0.011316078420712514	0.0003228426312314	447	0.2546893765966714	False
UBR2	2.278564634920826	0.01134647910552318	6.47034701704749e-05	2059	0.2546893765966714	False
RGS8	2.2785646349208095	0.011346479105523668	2.66426053658744e-06	8136	0.2546893765966714	False
APTX	2.2711361119290334	0.011569369753543625	4.83871721645605e-05	2553	0.2588736168345171	False
CYTIP	2.2705315320030284	0.01158767618211648	1.51649828613289e-05	5202	0.2588736168345171	False
AKAP8L	2.2663873554599445	0.011713838547905269	0.0001079110589438	1358	0.2604656539663333	False
FADD	2.2663799910200537	0.011714063802718694	0.00048816114589	250	0.2604656539663333	False
HSP90AB4P	2.2643335109699296	0.011776804990273169	0.0001841283989642	831	0.26124602619267945	False
USP11	2.2579528475575574	0.011974299652848745	0.0014289633439628	55	0.26418539226977256	False
PTPN6	2.2573477116276575	0.011993178125262387	0.0007246215429865	153	0.26418539226977256	False
LILRB4	2.2573477116276477	0.01199317812526269	3.7392928883023e-06	7727	0.26418539226977256	False
TERF1	2.2525971825848696	0.01214227946504462	0.000330104826513	434	0.26684776963877127	False
C3ORF38	2.2470164871334855	0.01231948672732153	6.07281879381251e-06	7026	0.26948877216016914	False
BAG4	2.24701648713347	0.012319486727322018	0.0002056950476773	750	0.26948877216016914	False
PRKG2	2.2457914228410654	0.01235868548132014	3.08029889050961e-05	3549	0.26972188868008157	False
POGLUT2	2.2427550199108115	0.012456308246755546	5.8387741506943e-06	7097	0.2699819103941282	False
TLL2	2.2427550199108115	0.012456308246755546	5.8387741506943e-06	7099	0.2699819103941282	False
TLL1	2.2427550199108115	0.012456308246755546	5.8387741506943e-06	7098	0.2699819103941282	False
ERCC4	2.241545949894318	0.012495366299656967	0.0001431270418524	1036	0.2702087220406369	False
PRKDC	2.2390393057343148	0.012576679399995688	0.0009880815662946	92	0.27134616513689325	False
APLF	2.231723575119077	0.012816619060053422	0.0002019732731592	768	0.2758930526594643	False
CBLN4	2.2301396342220605	0.012869087152891336	3.20564008600404e-05	3457	0.2763928945336889	False
IL20	2.2286653814122723	0.01291808863899001	1.20055984449882e-05	5709	0.2768161851212145	False
CHEK1	2.2260567047723487	0.013005191725449934	0.0007566649131947	144	0.2780521760305472	False
CDH12	2.223849111099251	0.013079298941733427	5.66934321869857e-06	7142	0.2790053611724173	False
HBA1	2.2212951969025245	0.013165486987515955	0.0001513273133114	989	0.28021137845050853	False
EP400	2.21829847449317	0.013267244065122606	0.0005643358603667	206	0.2817425986863115	False
HIPK1	2.210463289970278	0.01353651277738929	3.93355390288388e-05	2994	0.2856066191508504	False
GPD1	2.2103664725830483	0.01353986935233582	5.38565662128896e-06	7221	0.2856066191508504	False
GPD1L	2.210366472583025	0.01353986935233661	3.84689758374487e-05	3044	0.2856066191508504	False
POT1	2.1967911168252154	0.01401768389580556	0.0001092174477376	1344	0.2950269773170658	False
AVP	2.192501482988121	0.014171658065282925	6.44210644847181e-05	2065	0.29760481937094146	False
SUN2	2.190560289530751	0.014241813726036183	0.0002429503016238	637	0.29841494392692225	False
TRIM37	2.1881054594341562	0.014330960667175544	0.0003625489121513	381	0.29961853607258604	False
ALOX5	2.184985555724024	0.014444952840398484	0.0001886111697101	814	0.30133510892222004	False
RNF169	2.1828236005819988	0.014524401486128683	7.58960267937587e-05	1817	0.3019409501320883	False
HDHD3	2.1824573565202767	0.0145378975989524	9.68829936534416e-06	6171	0.3019409501320883	False
PLK3	2.1806442599299594	0.0146048693901015	3.77494591664987e-05	3089	0.3026667011764455	False
POMK	2.1779036508667278	0.01470660532820668	0.0003904531077556	347	0.3041081408130265	False
MT-CO2	2.1738556137864236	0.014857990182828372	4.58679843307989e-05	2651	0.30656770137058537	False
PEX5	2.1703028612155895	0.014991955008327795	0.0001979783049018	786	0.3084566687582412	False
GAPDHS	2.1696991573004945	0.01501482197130063	0.0002140176061479	718	0.3084566687582412	False
USP3	2.167357831141684	0.015103790009129243	7.27963047963923e-05	1879	0.30894115927766375	False
PDZK1P1	2.167357831141658	0.015103790009130228	2.15464750471006e-06	8346	0.30894115927766375	False
TINF2	2.163009138199313	0.015270238386842837	0.0001164625773151	1275	0.31156758658330563	False
FBXW11	2.162284331419951	0.01529813335181522	0.0010315584787831	83	0.31156758658330563	False
CARD10	2.1608582480980836	0.015353145475269343	6.89940556683482e-05	1956	0.3119069390150843	False
ZEB1	2.160142813203149	0.015380807786352308	0.0002311444308065	675	0.3119069390150843	False
CREB1	2.154619667783601	0.015595804340872712	0.0002523134929842	608	0.31491527995993596	False
TSSK4	2.154619667783593	0.015595804340873019	4.3884557937992e-06	7514	0.31491527995993596	False
DYNC1LI1	2.152053790506901	0.015696559020459397	0.0003494601257495	398	0.3162739504122416	False
PRIM1	2.1494059797613185	0.015801115923542663	0.00010209883803	1418	0.31770328824995353	False
TCERG1	2.1474482878137473	0.015878804944747898	0.00028809945066	525	0.3179393185454862	False
PDZRN4	2.1474146234294467	0.015880143741107883	8.23297431673045e-05	1712	0.3179393185454862	False
PEX1	2.146102561587702	0.015932398480993808	4.21315543691129e-05	2843	0.31831113244268816	False
NAGK	2.144424189419517	0.015999456893606295	3.09729659414849e-05	3535	0.3189765140181002	False
CDKN2C	2.138424425689	0.016241155901161087	0.0001993782722483	776	0.32288976523893126	False
C6ORF118	2.1378594263541375	0.016264077063886908	1.99035345195974e-05	4585	0.32288976523893126	False
HSPB7	2.134667242029822	0.016394100298979045	2.44435535900063e-05	4089	0.32478877950807544	False
RAB21	2.133238716896721	0.016452574282270302	7.10652475551784e-05	1915	0.32526532838379574	False
CSE1L	2.132274213557995	0.016492155306936113	0.0003052755667297	488	0.32536715584665193	False
UBE2E1	2.130069268787908	0.01658294751149916	0.0004122086270889	322	0.3264767791326397	False
DENND6A	2.1271005920799997	0.016705863049914157	7.3826236726489e-05	1849	0.3282129019161929	False
TLN2	2.1227175705712136	0.01688876287267596	3.39502429228289e-05	3324	0.33111786130038967	False
PXN	2.1201403800608487	0.016997104247709734	0.0004833940601282	254	0.33255203962910346	False
ABL1	2.1185637981428758	0.01706367395504015	0.0008940965898227	107	0.33316470841968887	False
RPA4	2.115177992933671	0.017207389931782325	7.16533371802741e-05	1902	0.3352780100110164	False
AMOT	2.11314622043198	0.017294127335096384	0.0005326219834315	220	0.3362746981824297	False
NFIL3	2.110408844692054	0.01741157764558872	4.00819987280749e-05	2952	0.3366985588871336	False
SYNC	2.1098640898809786	0.017435032074886714	1.63863595359377e-05	5024	0.3366985588871336	False
CCNE2	2.109422004938909	0.017454085876499582	0.0001022319254154	1416	0.3366985588871336	False
XIAP	2.1093209507509787	0.01745844379414767	0.0007728120853658	140	0.3366985588871336	False
HAPLN3	2.1067678005640986	0.01756885593512501	2.77191065588693e-05	3785	0.337471681451611	False
ZHX1	2.1067424731645303	0.01756995420890927	8.59327468263837e-05	1640	0.337471681451611	False
PKN2	2.1027089552207228	0.017745609383671573	0.0001144521426729	1290	0.3401541758127715	False
RNASEH2B	2.1014491085874947	0.017800780460065148	8.85395523028734e-05	1602	0.3405210027279669	False
VAPB	2.0999833804662735	0.017865151562429564	0.0006487305450926	176	0.3410619843736553	False
KLHL7	2.0977225315831927	0.017964831652659732	3.07222268779494e-05	3555	0.34212774684794867	False
SRC	2.0970768783462184	0.01799338520459582	0.0010978250288539	77	0.34212774684794867	False
TSPAN3	2.0951066181482503	0.018080757880434915	0.0002697535475019	568	0.3430987188154818	False
MAPKAP1	2.0929830807797187	0.018175332460875014	0.0001520051387318	987	0.34391383753907395	False
PAFAH1B3	2.092509098807819	0.018196499340691744	2.64167221007977e-05	3885	0.34391383753907395	False
RFC2	2.086554942296	0.01846419192127943	0.0001396022439585	1060	0.3482766739642527	False
BCAT1	2.0801110682547255	0.018757673313581077	4.82979264659176e-05	2557	0.35310759524569957	False
SLC30A4	2.078290410650752	0.01884130956905278	0.0001253561032965	1172	0.3539304002904369	False
MXD1	2.0767791668640845	0.018910972941285183	8.43634112268446e-05	1680	0.3539304002904369	False
BCL3	2.0767192165099404	0.018913740967901653	0.0002758680908072	553	0.3539304002904369	False
PIK3CB	2.07437580266044	0.01902221139197569	0.0001394893740007	1061	0.3552273219147175	False
MDM2	2.0736002121221233	0.01905822774717056	0.00165765936818	39	0.3552273219147175	False
LGR4	2.0724071555892283	0.01911374330672869	5.42722178584855e-05	2345	0.35556077607989395	False
COMMD1	2.0672381495480345	0.019355859539209586	0.0004140230614529	320	0.3593573136454432	False
CSNK1A1	2.050610183593197	0.020152461931173947	0.0006627742206605	168	0.37341326519528195	False
MUS81	2.0454776393794125	0.020403895748915185	0.0001262700607548	1164	0.3752785745433884	False
EME2	2.045477639379407	0.02040389574891544	4.45659038415992e-06	7495	0.3752785745433884	False
STAP2	2.0453135571186545	0.020411977493682395	6.04822001909092e-05	2167	0.3752785745433884	False
PADI1	2.045313557118648	0.020411977493682714	3.79046263240037e-06	7708	0.3752785745433884	False
UGDH	2.0379953497868155	0.020775198964349432	2.14688388269172e-05	4397	0.3812148159477711	False
IRS4	2.0359620031241357	0.020877085445339408	0.0006367893548167	182	0.3823419718187159	False
EFHC1	2.0333996064308346	0.021006083541391916	0.0002492380570647	618	0.38396032778753114	False
POLA2	2.0268387431448454	0.021339453414933467	9.1042127877475e-05	1572	0.3893008393264889	False
ATF1	2.020024777832126	0.02169040873280946	7.35751517467344e-05	1860	0.3949409682563572	False
PPP2R5C	2.0184123399607015	0.021774167640408446	0.0001044147449704	1388	0.395703623465115	False
MAGI1	2.016549389647961	0.021871279556788754	0.0002592462812837	595	0.39670555050221445	False
MOCOS	2.015133999906036	0.021945305310920402	1.87320630749179e-05	4725	0.39728569959424864	False
PRKCQ	2.010031539853344	0.02221392541765455	0.0001260075914224	1167	0.4011759809988719	False
HOOK2	2.00944271552539	0.022245102015175544	8.30022428725352e-05	1700	0.4011759809988719	False
MMP10	2.0046935077608015	0.02249791150668795	2.56578800314065e-05	3963	0.4049624071203831	False
NIF3L1	2.000314901603827	0.022733135459296384	7.29939799219155e-05	1872	0.4083275774080811	False
PPL	1.9988093437966492	0.022814493213911123	8.23406370837842e-05	1711	0.4083275774080811	False
BTN1A1	1.998809343796636	0.022814493213911834	2.25811735769496e-06	8295	0.4083275774080811	False
PATZ1	1.9945911929458546	0.023043742460391346	3.35886978573752e-05	3347	0.41165097589924043	False
COPS8	1.9923650000095199	0.02316551231462129	0.0003572260760441	389	0.41304545542107773	False
CDCA2	1.9862307567486708	0.02350385359139129	6.55588092019853e-05	2036	0.4182889198467941	False
RUBCN	1.9835878096360946	0.023650904639893187	1.57362777888788e-05	5115	0.4194803008608477	False
MLKL	1.9834323777369636	0.02365957675754834	1.98562507161573e-05	4593	0.4194803008608477	False
KRT18	1.9819334091477623	0.023743347059828106	0.0003585417057124	385	0.4201772092048232	False
CD63	1.9801850537196592	0.023841369346688818	4.93354675239755e-05	2517	0.4206409714248286	False
MTHFD1	1.9798787413714658	0.023858577850127842	0.0001194994582883	1236	0.4206409714248286	False
BLVRA	1.976096709862029	0.024071912500617326	9.65096856190725e-05	1471	0.4236014818545751	False
APOD	1.9729500892734626	0.0242506245167535	9.52792157075444e-05	1492	0.4236014818545751	False
SLC35C1	1.9729500892734544	0.024250624516753957	3.36040274241823e-06	7875	0.4236014818545751	False
CCN1	1.9729500892734544	0.024250624516753957	3.0186668703079e-06	7998	0.4236014818545751	False
FCRL1	1.9729500892734542	0.024250624516753982	2.27823914740219e-06	8288	0.4236014818545751	False
BIRC8	1.968629222954026	0.024497842129993588	2.55616524002429e-05	3977	0.4271302732997037	False
SUMO1	1.9644335103899404	0.024739919945626482	0.0005299371776748	223	0.4302567889545879	False
CSTF2T	1.9639452371135477	0.024768221501724426	7.90058397526378e-05	1763	0.4302567889545879	False
PLEC	1.961288167674564	0.024922708389695732	0.000365350638704	375	0.4321460445552746	False
RHEB	1.9575836628267687	0.02513944295899019	0.0001998291154152	774	0.4351057435209841	False
EFEMP2	1.9562164840644372	0.025219828742330152	2.91029887494299e-05	3672	0.43565449534468087	False
CAT	1.9553449789267685	0.025271182811728566	0.0001279044302331	1152	0.43565449534468087	False
DNAAF11	1.95469650158478	0.025309451634310032	7.4932160483291e-06	6656	0.43565449534468087	False
GLUD1	1.9515234967216408	0.025497401947692296	0.0001438737563881	1033	0.4379396253762089	False
FASN	1.950636634186558	0.025550143037305934	0.0002742828256233	557	0.4379396253762089	False
NEDD4	1.9501145239915527	0.025581235260070615	0.0012585150038417	65	0.4379396253762089	False
GAB2	1.9492347770303395	0.025633696796295877	0.000139814607078	1056	0.4380441857594865	False
AIPL1	1.947532898940245	0.025735439762458862	0.0001181124560977	1257	0.43898899955818815	False
CEACAM1	1.9425183603209455	0.026037189722883766	2.59103409764738e-05	3942	0.44333593311937225	False
PAXIP1	1.9404360348747294	0.026163360411771162	0.0004527898922637	279	0.44468301419287315	False
MANSC1	1.9386299938750202	0.026273204295718625	0.0002946693321837	507	0.445644447680751	False
BUB1B	1.937956850145398	0.026314243577339583	0.0003865305018373	351	0.445644447680751	False
MMP9	1.9367121601645798	0.02639026923762174	4.29165107984844e-05	2807	0.44579234413242425	False
PDZRN3	1.9362699417415727	0.026417324096736253	5.56309899916391e-05	2301	0.44579234413242425	False
CTU2	1.9346404932499326	0.026517213660061368	2.92445658803715e-05	3660	0.44668033705450966	False
PIAS1	1.9309071199894374	0.026747269767616735	0.0005096070485503	239	0.44919123866246496	False
NFE2L2	1.9306796509119646	0.026761340462112992	0.0004513618421258	282	0.44919123866246496	False
PRKAA1	1.9281503309348484	0.026918215076342577	0.0003890414204239	348	0.45069556125139876	False
MSL2	1.9276980343710088	0.026946348371115373	4.2256180356243e-05	2838	0.45069556125139876	False
TSC22D1	1.9256549810373838	0.02707373432128706	3.17297816051952e-05	3480	0.4520261295691921	False
MRFAP1L1	1.9214200165994464	0.027339388515073244	6.9290167143519e-05	1949	0.45565647525122077	False
HERC2	1.9201743753897222	0.027417938597245055	0.000929785499671	103	0.4561611263097989	False
PLEKHS1	1.9095823249368205	0.028093506332313202	1.95872320004564e-05	4624	0.4663954566674586	False
SLAMF1	1.908988471314479	0.028131789449783215	1.85459096420169e-05	4748	0.4663954566674586	False
USHBP1	1.900926581624652	0.028655814902994424	9.30553646814931e-05	1529	0.47425122737880443	False
MMADHC	1.8941464752488084	0.029102785172025202	3.52226951726562e-05	3249	0.47996739943392597	False
KIF12	1.8941464752488062	0.02910278517202535	2.41133364284734e-06	8235	0.47996739943392597	False
BCL2	1.8920708307045955	0.029240772071980493	0.0004582535089378	274	0.48140295484358125	False
CENPF	1.8897463849429834	0.029395943620965422	6.59801789698522e-05	2021	0.48311594298804045	False
MAPK8IP1	1.8872615968135984	0.029562574513236614	0.0001952814226535	794	0.4850109881077882	False
MAGI2	1.8854783854946864	0.029682639969578293	0.0001251054443719	1174	0.48613682445843126	False
GPS1	1.8841355465636411	0.02977332155109322	0.0004076721938964	331	0.4867783540792923	False
HBM	1.879706172954837	0.030074066914745845	5.98048723601762e-05	2184	0.49084616985206947	False
CENPC	1.8721204300663083	0.030594972068138326	9.62142668342634e-05	1478	0.49848704490328827	False
TRO	1.8696691467321558	0.03076488827494533	4.04393477762327e-05	2925	0.5003927610985084	False
FYN	1.8673897182564974	0.03092359228701715	0.0004701198772695	263	0.5011066951788663	False
CDH2	1.8672923042044198	0.03093038975857802	0.0001497264216677	1001	0.5011066951788663	False
FGFR4	1.8667555888353107	0.03096786349041883	0.0002701917102233	565	0.5011066951788663	False
LMO4	1.8626182146069516	0.03125799991270938	9.46845508679594e-05	1505	0.5049369216668439	False
DDX1	1.8602038314996552	0.03142834659335858	0.0002526629421102	607	0.5068223128109873	False
CCDC106	1.8579209178585314	0.03159012270663636	4.51449728611383e-05	2691	0.5085633042209772	False
KHDRBS3	1.8560961377011498	0.03171992808866636	9.9313660070118e-05	1443	0.5096829090142272	False
GLTP	1.8554283938075884	0.0317675379269185	1.23060497855923e-05	5648	0.5096829090142272	False
JUP	1.8544368431454281	0.0318383439522318	0.000572384246535	200	0.5099531361840517	False
INIP	1.8530824408614222	0.03193527159652533	4.03041211317939e-05	2934	0.5106401295891106	False
PCLAF	1.8505144280372974	0.03211972024044172	1.095460515616e-05	5897	0.5126435817064424	False
PAM	1.8498295130757607	0.032169062852055064	1.75438969739681e-05	4875	0.5126435817064424	False
IGDCC4	1.8490194526759698	0.03222750193453609	7.51557733364828e-06	6650	0.5127102580494378	False
PELI1	1.8472870113023803	0.032352777204489216	0.0002464801934345	626	0.5136689045346929	False
PTK2	1.8465796244299517	0.03240404474923052	0.0006443585188892	177	0.5136689045346929	False
MEX3A	1.8458885144423218	0.03245419735025389	3.03800271037892e-05	3580	0.5136689045346929	False
AZGP1	1.8439764917129364	0.03259328312729148	2.94200779124201e-05	3649	0.5136689045346929	False
EFNB1	1.8439666962622059	0.03259399693898485	9.58010282113513e-05	1484	0.5136689045346929	False
ERCC1	1.8436936608119	0.03261389870061542	0.0001191264127384	1241	0.5136689045346929	False
MEX3C	1.8422188279633218	0.03272157373647561	0.0001020767287127	1419	0.5137680881002	False
ICE2	1.841705468781919	0.032759121918937956	6.08930860308182e-05	2160	0.5137680881002	False
SMC5	1.8413752027795294	0.03278329705020324	0.0001324789107794	1117	0.5137680881002	False
ZBTB49	1.8393271413830041	0.03293354164982491	3.52576588158524e-05	3247	0.5140037034880542	False
TBC1D7	1.8390709118484851	0.0329523783782865	8.1055344998629e-05	1733	0.5140037034880542	False
TTI1	1.8389467772198202	0.03296150733478951	0.0002433326396114	635	0.5140037034880542	False
MCEE	1.837647687165367	0.03305716851898746	6.08786446951402e-06	7021	0.5146461985245988	False
MRM2	1.828565189632454	0.03373238575120545	2.88762451402582e-05	3691	0.5227501834097485	False
UCHL1	1.82803908877818	0.03377184269592126	0.0001840493465179	833	0.5227501834097485	False
TRIM69	1.8271176728545961	0.0338410392949795	3.9769768634544e-05	2968	0.5227501834097485	False
ANXA9	1.827117672854554	0.03384103929498266	1.59993322437339e-06	8602	0.5227501834097485	False
AFG2A	1.8269413034877664	0.03385429759225038	1.50925650437119e-05	5215	0.5227501834097485	False
MNAT1	1.8232630196732222	0.03413178218177815	0.0001213138077466	1212	0.5255268913208581	False
SPTAN1	1.8228992450691084	0.03415932614878985	0.0005393641512726	216	0.5255268913208581	False
NOS3	1.8223498893237915	0.03420095641929394	9.15166720290707e-05	1564	0.5255268913208581	False
PIN1	1.820309544385581	0.034355939361393806	0.0004542214227075	278	0.5266997152609716	False
CRYBA4	1.8198785128768658	0.03438875389587508	0.0001055527781331	1380	0.5266997152609716	False
SMYD3	1.8163926503343313	0.03465508091039165	4.69057227623548e-05	2603	0.5299199265423966	False
RASA1	1.8144469354974782	0.03480447265744733	0.0001907664206304	802	0.5313445341080407	False
UBE4A	1.8085775809698887	0.03525832701871471	6.24483070741813e-05	2118	0.5374051456884743	False
SHC1	1.8059302434534383	0.03546461816038707	0.0008116710199584	126	0.5396789720058902	False
HOXA10	1.8050817772660641	0.03553094308688786	1.03476723448086e-05	6018	0.5398189906287625	False
RIPK1	1.8038781190618163	0.03562520793592451	0.0005578801880731	209	0.5403823675673942	False
PUSL1	1.799850132580533	0.035942152765431876	3.49529351730428e-05	3260	0.5432327888399793	False
ANKRD40	1.7984017698969619	0.036056681251853816	4.5347736674288e-05	2673	0.5432327888399793	False
PRSS33	1.798401769896946	0.03605668125185508	1.96542176913525e-06	8422	0.5432327888399793	False
GPC3	1.7980396451098775	0.03608536272819336	2.24769052245138e-05	4275	0.5432327888399793	False
SPRR3	1.7978479982023483	0.036100549353598625	6.78067049492974e-06	6837	0.5432327888399793	False
DEFA6	1.7900688903293955	0.03672141862794626	1.77236207253646e-05	4851	0.5516969889254248	False
EEF2	1.7885824104411006	0.03684104635434354	0.000345541826971	408	0.5526156953151532	False
ZBTB25	1.783297742710451	0.037268924334657255	2.40527651928438e-05	4130	0.5581479159469271	False
PHF11	1.7805450003995695	0.037493405804506504	8.75460026404217e-06	6359	0.5597356790720461	False
SULT1A2	1.7805450003995453	0.03749340580450848	1.7509200542642e-06	8517	0.5597356790720461	False
SLC25A3	1.7787246338171823	0.0376424592451327	0.000122233735658	1203	0.561074510830448	False
BLTP3B	1.774998759481023	0.03794904600889214	2.09411828729153e-05	4458	0.5639859996767108	False
GRB7	1.7749005711133605	0.037957152994115145	0.0001610689933934	939	0.5639859996767108	False
MRPS22	1.7731906303505185	0.03809856205609157	0.0002843259754253	531	0.565198448084875	False
PLCD3	1.769356970845327	0.03841716079770117	4.19128114474591e-05	2850	0.5690316136963575	False
PI4K2B	1.7671653871399353	0.038600267271641196	4.67331750797962e-05	2612	0.5707346571572368	False
GIT1	1.7665366509164009	0.0386529291619716	0.000325813581625	442	0.5707346571572368	False
KRT9	1.764666320295664	0.038809931071704426	2.73070091694976e-05	3814	0.5708781938508408	False
PIP4K2A	1.763545184899813	0.038904291729092745	0.0004368362034038	295	0.5708781938508408	False
CUSTOS	1.7635451848997945	0.038904291729094306	4.1737376153532e-06	7575	0.5708781938508408	False
DIP2C	1.7635451848997943	0.03890429172909434	4.1737376153532e-06	7576	0.5708781938508408	False
ITK	1.7622382437665316	0.03901452653518583	0.000182760109236	839	0.5714301274663469	False
SETD3	1.7616663575365175	0.03906284257600636	6.43056830941565e-06	6924	0.5714301274663469	False
CYB561	1.756427323061934	0.03950773542680107	2.98672591383826e-06	8012	0.5715513615334771	False
PTPRA	1.7564273230619338	0.03950773542680109	0.0001519929541575	988	0.5715513615334771	False
ASNSD1	1.756427323061932	0.03950773542680125	3.56518119821414e-06	7797	0.5715513615334771	False
RFPL1	1.756427323061925	0.03950773542680184	5.78455284375879e-07	9284	0.5715513615334771	False
RFPL3	1.7564273230619165	0.03950773542680257	1.65273547988484e-06	8557	0.5715513615334771	False
GCM2	1.756222701955911	0.03952519490564409	2.0216545222913e-05	4548	0.5715513615334771	False
CCDC150	1.754175743431908	0.03970019910990735	6.54731320503789e-06	6889	0.5715513615334771	False
KCTD4	1.754175743431908	0.03970019910990735	9.24326570122997e-06	6259	0.5715513615334771	False
SUMO1P1	1.753752904808851	0.03973642799232666	7.25142658802277e-06	6719	0.5715513615334771	False
PDE4A	1.753752904808851	0.03973642799232666	5.33785568285009e-06	7232	0.5715513615334771	False
FKBP6	1.7537529048088418	0.039736427992327454	0.000259698908264	593	0.5715513615334771	False
ARID3A	1.7500780249076018	0.04005242554356412	5.43182625248619e-05	2342	0.5743481356399387	False
ARID3C	1.7500780249075543	0.040052425543568214	2.209657396227e-06	8311	0.5743481356399387	False
SPATA22	1.7483783417355978	0.04019926784613778	9.10944105182079e-06	6286	0.5746451138580976	False
GIMAP8	1.748069245437644	0.040226018826747006	6.26943422640667e-06	6967	0.5746451138580976	False
ARL10	1.747728075021871	0.04025556247344556	6.37399737907764e-05	2077	0.5746451138580976	False
CBL	1.7456308563823266	0.040437558445120717	0.0010413246380456	82	0.5755810396671494	False
PRIM2	1.7455689258815241	0.04044294289301451	8.29910644247374e-05	1701	0.5755810396671494	False
C10ORF55	1.743597816816155	0.04061462213584044	4.17453872691228e-06	7574	0.5771551566672062	False
CD244	1.742809549546727	0.04068344384159508	8.58581118363868e-06	6398	0.5772099568942115	False
UBE2K	1.7414573706203962	0.0408017197042663	0.000242022704624	641	0.5772099568942115	False
CYHR1	1.741457370620376	0.040801719704268075	5.81186598945068e-06	7106	0.5772099568942115	False
SMC1A	1.74029509831457	0.04090360715720728	0.0004300280820899	304	0.5777863791264706	False
C5AR2	1.737734031716485	0.04112884463036995	0.00017568302261	870	0.5798293667067816	False
EZR	1.7371794590330083	0.04117774971636493	0.0005753495116127	199	0.5798293667067816	False
CHST3	1.7365613816297822	0.04123231052137114	4.85207245222682e-06	7367	0.5798293667067816	False
ZNF282	1.730487658149802	0.0417715922045287	4.64361977913471e-06	7435	0.5844655541528456	False
SERPINB6	1.7303769260488204	0.04178147679759009	3.60076590613317e-06	7781	0.5844655541528456	False
SERPINB8	1.7303769260488036	0.0417814767975916	4.65867287376373e-05	2615	0.5844655541528456	False
CLMP	1.7300643678018752	0.041809387789134775	1.53211507443898e-05	5175	0.5844655541528456	False
TGM3	1.7285684129614958	0.04194318349246483	2.88872331495644e-05	3689	0.584942850595102	False
FLRT3	1.7279062881735547	0.04200251339115679	2.19693914453006e-05	4342	0.584942850595102	False
KBTBD2	1.7276084095843012	0.042029227042759174	1.47943042444355e-05	5255	0.584942850595102	False
RELA	1.7255075471481482	0.04221802243125246	0.0011256752872916	73	0.5867063411401996	False
ARNT	1.7231939686904016	0.04242672703218705	0.000246602310894	624	0.588740925777045	False
LARGE2	1.7189609281086848	0.04281074331985466	1.82314278854876e-05	4783	0.5931987160888952	False
SLC25A20	1.7157869636502554	0.04310052052029324	1.2361357391751e-05	5638	0.5963395591753604	False
BRAT1	1.7141673933629489	0.043248993718105276	5.80739944136806e-05	2234	0.5975189921580334	False
C1QL4	1.7086249420256747	0.043760222741142725	3.10667165520159e-05	3529	0.6036994232172245	False
PPIF	1.7057866334323826	0.04402390634037034	3.92247108757357e-05	2999	0.6064517710153057	False
GRB2	1.6992058756063757	0.04464019985385028	0.0015221062057437	46	0.6137185154871125	False
ZNF549	1.6978280685236358	0.04477010832149929	2.40184272229614e-06	8239	0.6137185154871125	False
SORL1	1.6978280685236278	0.04477010832150005	0.0001391353175146	1064	0.6137185154871125	False
PCBP1	1.6973929931577998	0.044811193194297105	0.0004086719271646	328	0.6137185154871125	False
ITGB1BP2	1.693773888637289	0.04515412883452561	4.40893907030045e-05	2739	0.6175202857977815	False
CD37	1.6928636045698442	0.045240716212605635	1.39543289004687e-05	5390	0.6178103586837042	False
COPS4	1.690710577414615	0.04544604656472552	0.0004524140476186	280	0.6196975289814927	False
PC	1.6895827881308247	0.04555390054415826	3.96547929273065e-05	2974	0.6196975289814927	False
BBS7	1.6893557436790707	0.04557563837482935	0.0001112964307503	1326	0.6196975289814927	False
P4HA1	1.6855712653988606	0.04593920382903139	0.0001439064559432	1032	0.6237435002648659	False
ACTA1	1.6836816677643802	0.04612160304292975	0.0002220522137966	697	0.6248078839867852	False
TNKS	1.6832803582860865	0.046160415459668	0.0002329981462876	668	0.6248078839867852	False
IQGAP1	1.6827066359062035	0.04621594824410189	0.0004724777304025	260	0.6248078839867852	False
COQ5	1.6817879099377842	0.046304986977420866	2.79582444978094e-05	3769	0.6251173241951817	False
CAMK2G	1.6793306965839496	0.046543805834335754	0.0001058442881916	1376	0.6274450287225005	False
CDKN1C	1.6743041919517352	0.04703541554012414	0.0001325929188206	1116	0.6331690553478249	False
LDHA	1.672935920100359	0.04716995578349761	0.0001856555817032	822	0.6340769305178554	False
OXLD1	1.6709256673439334	0.04736818048081868	6.18803014288141e-05	2137	0.6358370817382621	False
WFDC10A	1.664689909490927	0.047987318576541135	6.44507930901958e-06	6918	0.6418459024745309	False
MEAF6	1.66461122096668	0.047995172616496884	0.0001342910103697	1101	0.6418459024745309	False
FAM118B	1.6643667292121056	0.04801958233327972	3.70744373813303e-05	3130	0.6418459024745309	False
ACTN1	1.6623637024221776	0.048219936082855436	0.0002969134331412	502	0.6436135536482823	False
TNFAIP3	1.6604512290335671	0.04841185577273024	0.0004824031886321	257	0.6452638040229912	False
NOL11	1.652867487143713	0.049178917703897713	7.29795861690076e-05	1873	0.6540559716347315	False
CREBZF	1.6525629142438718	0.04920992548489885	3.25794980974685e-05	3418	0.6540559716347315	False
TDP2	1.6504453936960077	0.0494259366149901	3.92095290626731e-05	3000	0.654495207100577	False
ITIH2	1.6502719109327895	0.04944366731986458	2.24586961505092e-05	4278	0.654495207100577	False
MYLK4	1.6502026356234434	0.049450748980932484	1.77812768254005e-05	4843	0.654495207100577	False
DYNC1H1	1.6495180580039177	0.04952077339493265	0.0004391646027266	294	0.6545053266882707	False
MTMR9	1.6452296650209841	0.04996122906549157	3.57097259055203e-05	3221	0.6594044897610271	False
FASTKD3	1.6435878000831856	0.050130687835135454	3.22946942372793e-05	3439	0.6606231160471532	False
MAML1	1.6429815494313755	0.05019337537797418	3.1232540275068e-05	3522	0.6606231160471532	False
NACAD	1.6383549159028827	0.05067383905614062	3.14489784757235e-06	7946	0.6650941376118489	False
DOP1A	1.6383549159028803	0.05067383905614087	3.14489784757235e-06	7945	0.6650941376118489	False
RFC4	1.6361196757712628	0.05090727151455192	0.0002048672943232	756	0.6658109388718523	False
C16ORF54	1.6356406013062172	0.05095741384716784	2.81458972578629e-06	8075	0.6658109388718523	False
LEF1	1.6349683492308946	0.05102784139683951	0.0001211695346624	1215	0.6658109388718523	False
IPO4	1.6345051329843245	0.05107641466664809	0.0001176539980806	1262	0.6658109388718523	False
VRK3	1.6341643577985472	0.05111217214477009	4.42610800679973e-05	2729	0.6658109388718523	False
NME1	1.6337927309287485	0.05115118958952008	0.0001134635398805	1300	0.6658109388718523	False
PSEN1	1.6274843035697362	0.05181713981100132	0.000286877361811	527	0.6727733647915638	False
AFG3L2	1.626853205177024	0.05188413924679181	0.000127318468963	1157	0.6727733647915638	False
TNF	1.6251514342693771	0.052065147855400215	0.0004140763736545	319	0.6727733647915638	False
NDST2	1.6250013999882809	0.05208113026306236	3.16018106588877e-06	7941	0.6727733647915638	False
PLAUR	1.6250013999882527	0.052081130263065344	0.0001529834284641	981	0.6727733647915638	False
TOPBP1	1.6244807187640293	0.052136626084647184	0.0022824152607827	30	0.6727733647915638	False
PCDH10	1.6238584119756285	0.05220301507964556	1.85159183648218e-05	4751	0.6727733647915638	False
IDE	1.623365718007421	0.05225562431291088	0.0001190366302403	1242	0.6727733647915638	False
SAT1	1.6196355608190562	0.05265529299254367	1.32796149072551e-05	5498	0.6764373679111492	False
BABAM2	1.6193743050863805	0.0526833759558313	7.58026546671653e-06	6636	0.6764373679111492	False
FIBP	1.6178606446690256	0.052846316678536814	3.41190288837181e-05	3315	0.6776088095144815	False
LGALS12	1.617172075228867	0.052920571156239486	8.29901483130996e-06	6452	0.6776414599274568	False
LDHB	1.6149990003560144	0.05315545567570539	0.0001415157221866	1044	0.6797280867867604	False
BTN3A1	1.613124080369863	0.053358776599742856	3.94446963359019e-06	7647	0.6814059984696892	False
GRAP2	1.6096749829571768	0.05373441459053441	0.0001856202689159	823	0.6852769472072202	False
COPS3	1.6081796705352365	0.0538979171239812	0.0004443953755025	291	0.6864357369563643	False
ANXA7	1.6070484776744274	0.0540218670956111	3.50701182977444e-05	3255	0.6870883500047441	False
PKDCC	1.6048616695274451	0.05426212530675547	8.60299575891616e-06	6394	0.6892165109527408	False
CHUK	1.6033771333067757	0.054425708187439976	0.0005146258090452	235	0.6903663655990708	False
CRKL	1.6003809696058984	0.054757047110337874	0.0002613513416253	592	0.6936381973092398	False
ITGA8	1.5977840865281703	0.05504551870636687	1.62380049067728e-05	5043	0.6963589715865688	False
E2F1	1.596273832138494	0.05521383488920359	0.0005758662396186	198	0.6968555660662689	False
IKBKB	1.5961087657161168	0.05523225597710428	0.0006562288615562	170	0.6968555660662689	False
LZTR1	1.5918719199593843	0.055706743042761804	0.0001309633061231	1128	0.701423201073558	False
FCRL3	1.5915517207412795	0.05574273269907324	1.0568910762646e-05	5976	0.701423201073558	False
DTX3	1.5891055923682653	0.05601827771923505	0.000123216733551	1193	0.7039530910196425	False
ACTG1	1.585540751494137	0.05642176281176109	0.0005081060504297	240	0.7080818838926192	False
TPH1	1.5841518655785647	0.05657958198155621	1.68967327087437e-05	4956	0.7091207556043849	False
ZFTRAF1	1.5803146780860857	0.05701741004290859	1.16189568449255e-05	5771	0.7136616223913724	False
BCAS3	1.57829656215052	0.0572487476739101	3.26297767671528e-05	3415	0.7156093459238762	False
TTI2	1.5743693182066616	0.05770104638379964	5.57927001178636e-05	2298	0.7203102884107088	False
CTSB	1.57333289991828	0.057820877570009296	0.00045139492374	281	0.7208539485970816	False
CTNNA1	1.5725041405954825	0.057916839827589904	0.00040845387857	329	0.7210989939008229	False
PLEKHH2	1.5700704352706134	0.05819936288282888	8.41001659903783e-06	6435	0.7232856112797011	False
UBE2T	1.5694275745770863	0.058274171536773056	0.0001907605501484	803	0.7232856112797011	False
STAG1	1.5679603540026712	0.05844519253495345	0.0001144848186265	1288	0.7232856112797011	False
TONSL	1.5674454613564526	0.05850530238392502	0.0001187687382513	1249	0.7232856112797011	False
MTERF4	1.5669511320021192	0.05856305728629241	4.01046556731551e-05	2950	0.7232856112797011	False
LSS	1.5663714073594512	0.05863084635524031	1.61275807949119e-05	5057	0.7232856112797011	False
C17ORF75	1.5659899037197857	0.05867549040095606	1.62182394587822e-05	5045	0.7232856112797011	False
GRK6	1.564031656856626	0.05890506711084551	3.71945092517013e-05	3122	0.7232856112797011	False
NDUFA4L2	1.5637973815770625	0.058932579708346214	9.05302704887725e-06	6297	0.7232856112797011	False
ABL2	1.563779092585585	0.058934727937733015	0.0001852553277197	826	0.7232856112797011	False
CCL22	1.5632775799850933	0.05899365967540363	3.77721833638355e-05	3085	0.7232856112797011	False
SERPINA7	1.5621566996305944	0.05912553919811627	2.21421851427269e-06	8305	0.7232856112797011	False
DHFR2	1.5621566996305527	0.059125539198121184	4.42843701138201e-05	2728	0.7232856112797011	False
TRAF1	1.5618302002569284	0.059163997621080315	0.0004681898629348	268	0.7232856112797011	False
MRFAP1	1.560939753963324	0.059268983177360166	8.18376295797517e-05	1718	0.723632934142188	False
COX5A	1.5583815424956327	0.059571414686716555	0.0001142546924883	1292	0.7263869274702858	False
NEU3	1.554544791770732	0.060027260519348875	1.13177473632143e-05	5827	0.7304158659387333	False
PPHLN1	1.5543001771844134	0.060056415643851405	7.27949367139406e-05	1880	0.7304158659387333	False
TAOK2	1.5523370086670716	0.06029080353689565	6.59641098553744e-05	2023	0.732324027536843	False
USP38	1.5495992372849037	0.060618868074740276	1.10648580986941e-05	5876	0.7353636756178378	False
POLK	1.5485568449697111	0.06074414338468661	6.18655251667948e-05	2138	0.7354507273106887	False
CELSR1	1.5481858035117508	0.060788784191819066	1.80688828080752e-05	4810	0.7354507273106887	False
KAT2B	1.5475982998630067	0.060859520503381864	0.0006269392874844	187	0.7354507273106887	False
SPACA4	1.5451697268707287	0.061152607408099184	6.35131339886552e-06	6946	0.7380487100977489	False
MUL1	1.5444358788202979	0.06124138689673509	0.0001238198237596	1186	0.7381774313445748	False
FDPS	1.5437489699032612	0.061324579004873585	7.84377495233241e-05	1770	0.7382385625427457	False
RDX	1.5412386583996835	0.06162935600895592	0.0001405766615624	1050	0.740963631405386	False
MAEA	1.5394336207911774	0.06184923572420334	6.22282055196702e-05	2122	0.7422476044773444	False
BRPF1	1.539072987344386	0.061893239399803957	1.87503081523712e-05	4722	0.7422476044773444	False
COPS2	1.5382523712779461	0.06199346016889426	0.0004254255575766	309	0.7425072225551974	False
SPINK7	1.534781164073995	0.062418795542110106	3.46588708387001e-05	3281	0.7460431310070952	False
NFKB1	1.5338379329686525	0.06253476419824405	0.0004203283732182	313	0.7460431310070952	False
CD7	1.5334069161202324	0.0625878128678977	1.57142524957697e-05	5117	0.7460431310070952	False
PNMA5	1.5332716699794737	0.06260446591414037	2.19449384742738e-05	4345	0.7460431310070952	False
AP2B1	1.5300499371587792	0.06300218433800543	0.0003697147653572	372	0.7498370805971679	False
HGS	1.527687691094527	0.06329504883074359	0.0006558051235852	171	0.7500705632911195	False
AKTIP	1.5267964372796021	0.06340581889966429	0.0001257759164641	1169	0.7500705632911195	False
PM20D1	1.5267385961105802	0.0634130129384087	2.42201180523238e-06	8228	0.7500705632911195	False
NPPA	1.5267385961105762	0.0634130129384092	6.67848539526742e-05	2003	0.7500705632911195	False
CDKL1	1.5257800333725806	0.0635323274289145	2.60267887476521e-05	3923	0.7500705632911195	False
PICK1	1.5252064621845445	0.0636038046432608	0.0002456036513673	628	0.7500705632911195	False
FCGR1A	1.5248583882695799	0.06364721136817471	1.03196600725324e-05	6026	0.7500705632911195	False
PPM1D	1.5247816656653568	0.06365678219677015	4.34387991214968e-05	2781	0.7500705632911195	False
CDC27	1.5221633054967993	0.06398408349497989	0.000436641467401	296	0.7523537106990386	False
RBFOX1	1.521958210523871	0.06400977602137851	8.7291634656135e-05	1619	0.7523537106990386	False
FEN1	1.518841754436859	0.0644011664928305	0.0002655072070977	582	0.7551913238657882	False
HMMR	1.5187634286383822	0.06441102719955824	8.47732814806626e-05	1667	0.7551913238657882	False
CYTH1	1.5179757219608079	0.0645102595625505	4.50899057823101e-05	2693	0.7554175376283795	False
CDH10	1.516672661193868	0.06467467500657617	9.60865012905118e-06	6180	0.756276031614711	False
HBB	1.5148619101693972	0.06490368906238282	9.30040856476652e-05	1532	0.756276031614711	False
BMP5	1.5148619101693863	0.06490368906238415	3.02141119048585e-06	7994	0.756276031614711	False
TMEM92	1.514861910169386	0.0649036890623842	3.02141119048585e-06	7995	0.756276031614711	False
CSK	1.5079353863550717	0.06578553242730686	0.0001836362759683	836	0.7656074894557265	False
TRAF4	1.506769726177388	0.06593484599204494	0.0001875542883749	817	0.7664013464019984	False
HAX1	1.503848413869682	0.06631020106288318	0.000178875012603	854	0.7698174447718011	False
PAPSS1	1.5014447174723422	0.06662028760170983	3.61237247306446e-05	3191	0.7724683654431386	False
KNL1	1.4969958007927218	0.06719717535109435	9.17741297668479e-06	6275	0.7782025821909823	False
NCR2	1.496269203032056	0.06729175857366115	1.22013024572588e-05	5667	0.7782689212259248	False
MSL3B	1.4950555455876358	0.06744997317290918	2.34133131652336e-06	8263	0.7782689212259248	False
MSL1	1.495055545587603	0.06744997317291349	6.01425536011107e-05	2175	0.7782689212259248	False
MYO6	1.4942917939459397	0.0675496845184454	0.000312430402257	473	0.7784689252430597	False
ACD	1.4927910161439337	0.06774594983610126	4.92679759641928e-05	2520	0.7797642454466222	False
XPC	1.4921713756138184	0.06782711214361094	0.000272228393166	564	0.7797642454466222	False
COG7	1.4879694340839202	0.06837947734560296	8.4657160743154e-05	1670	0.7851592477715041	False
MAPK14	1.4866687855196261	0.06855115537486767	0.0003886207258801	349	0.7861752649180818	False
NDFIP1	1.4836918128134335	0.06894534963912351	0.0001197191851041	1233	0.788452619430337	False
TTR	1.4828916284826748	0.06905160300106628	5.69372659698436e-05	2269	0.788452619430337	False
PDGFRB	1.4828230545618664	0.06906071453265354	0.000344499749368	412	0.788452619430337	False
TRIB3	1.48265184402893	0.06908346760722953	0.0001312636100226	1126	0.788452619430337	False
EPHA6	1.4816481490388242	0.06921697016944729	3.6037739923983e-05	3199	0.7890233632102255	False
GMEB2	1.4801996834879054	0.06940998244341194	1.04132400631864e-05	6006	0.7902702820364372	False
NME2P1	1.4764757043642847	0.06990811639285593	9.55897123485274e-05	1489	0.7935723304982815	False
CTNND1	1.4764084759794958	0.06991713433708194	0.0003775023635633	362	0.7935723304982815	False
CDKL4	1.4761491282431056	0.06995193135503369	1.65195265822015e-05	4999	0.7935723304982815	False
SPG7	1.4748403227969897	0.07012773880032669	2.98476989603785e-05	3619	0.7944152330921416	False
UBE2S	1.4743450042281083	0.07019436186581357	0.0001974227528104	788	0.7944152330921416	False
CD44	1.470415820332249	0.07072458461622745	0.0001778862443154	859	0.7994585222767338	False
CASP14	1.4691405085380225	0.07089734120307513	3.64625507547813e-05	3170	0.8004538522927838	False
RADX	1.4650372911534972	0.07145537193056344	5.20569714468528e-06	7269	0.8044591795032976	False
KIF20A	1.464591671119146	0.07151617786512916	0.0001187361673903	1251	0.8044591795032976	False
CRADD	1.4641320889367286	0.0715789305520571	2.89087559136792e-05	3688	0.8044591795032976	False
KLK5	1.464031941505122	0.07159261057801834	8.49515497798391e-05	1660	0.8044591795032976	False
ERBB4	1.4621456341580208	0.07185065290968395	0.0002622651572009	589	0.8063998456015599	False
THBS3	1.4608545056024214	0.07202768699435003	8.90383886933859e-05	1598	0.8074278079437814	False
PTK2B	1.4592667944535462	0.0722458454727637	0.0002017145383111	769	0.8089137911346173	False
BIRC3	1.457626465702257	0.07247176531716974	0.0004804214101024	258	0.8091566642415691	False
KDM4C	1.4573637907342427	0.07250799333709262	3.07748672071462e-05	3552	0.8091566642415691	False
RBM4	1.457244777713362	0.07252441212831841	0.0003316603113752	432	0.8091566642415691	False
KLHL22	1.4557033258013283	0.07273732505716161	0.0001082121456197	1352	0.8101245216125039	False
CSTF3	1.4553526774730077	0.07278582508628133	6.56871881302749e-05	2033	0.8101245216125039	False
NEDD4L	1.4547564940136646	0.0728683432138231	0.0006566490714436	169	0.8101245216125039	False
BAP1	1.45307367344216	0.07310164985365053	0.0006272039931365	186	0.8117633268119829	False
SIGLECL1	1.4522692975428004	0.07321337043791447	0.0003023249857304	491	0.8120497073219386	False
TICAM2	1.4505668926702457	0.07345024992496178	2.45568155143076e-05	4078	0.8137219950655203	False
WNT11	1.4493810511333554	0.07361559873305797	9.98243861971498e-06	6100	0.8137580811800822	False
ZNF451	1.4485857170515817	0.0737266561488666	4.93000434504216e-05	2519	0.8137580811800822	False
DDB2	1.4478712538146232	0.07382653022565258	0.000396897367801	335	0.8137580811800822	False
STAT5A	1.4475004571696901	0.07387840424584124	0.0001502388759049	999	0.8137580811800822	False
WAC	1.4471408788032036	0.0739287354404261	6.65066314883764e-05	2011	0.8137580811800822	False
CPLX3	1.4468449361410285	0.07397017901943816	2.17271845985185e-05	4378	0.8137580811800822	False
TOP2A	1.444722994677288	0.07426785416234138	0.0005367960029461	218	0.8159582212204614	False
AP5B1	1.4441893483254848	0.07434286015564204	6.74599777237608e-06	6850	0.8159582212204614	False
ZNF420	1.443521705316521	0.07443678131581122	3.83774434572048e-05	3054	0.8160412800863296	False
ALDOA	1.4413406429189126	0.07474423523212632	0.0001832088333136	837	0.8184623672579302	False
PBK	1.4401242751059706	0.07491612115512986	0.0001575599136367	960	0.8189567516509103	False
BORA	1.4391593729881809	0.07505268659073526	8.41987005286672e-05	1683	0.8189567516509103	False
MFAP3	1.4383455909862453	0.07516801106415208	5.95661039237674e-05	2194	0.8189567516509103	False
GLCE	1.4381328385618322	0.07519818337403059	6.64460125768426e-06	6875	0.8189567516509103	False
MCAM	1.4379600543875262	0.07522269422571325	0.000150083446382	1000	0.8189567516509103	False
NEK4	1.4356941706354458	0.07554469236220224	0.0001355931815697	1089	0.8215159296004731	False
ATXN7L2	1.4323775806995287	0.07601789556996852	3.93420436345994e-05	2993	0.825289320196512	False
SIK1	1.4320388682514986	0.07606634898319174	0.0001082011864083	1353	0.825289320196512	False
CCNB1	1.4283677910267112	0.07659301241306953	0.0005074456331239	241	0.8300504212196181	False
SMG5	1.424623488173175	0.07713303333932321	3.89843765195503e-05	3016	0.8349452062504059	False
MEFV	1.4219636148941959	0.07751840694319428	2.71838025593535e-05	3824	0.836856887506833	False
PHF12	1.4219392429801654	0.07752194479581466	8.62409465595941e-05	1636	0.836856887506833	False
FKBP5	1.4215717513680883	0.07757530512761752	0.0006398313128727	180	0.836856887506833	False
NELFB	1.4174645020344856	0.07817358289842162	7.64229168739564e-05	1807	0.8423493254162877	False
DNAJA2	1.4158833631979992	0.07840482834945187	0.0003565550588554	391	0.8438788472691573	False
HLA-DRB5	1.4150864460345258	0.07852157584836414	7.09884110827777e-06	6751	0.8441739383015258	False
ZBED1	1.4114124143912639	0.07906152227796465	9.51995386611252e-05	1495	0.848179186704247	False
MCCC2	1.4113302032698711	0.07907363634777159	3.88471710410235e-05	3020	0.848179186704247	False
DYNLL1	1.409806515022384	0.07929841118279923	0.0007886313806351	133	0.8496258341014203	False
ANGPT2	1.409064688827391	0.07940802047004891	2.43033938026095e-05	4101	0.8498366856647365	False
PRMT9	1.4050803385491957	0.07999869498029905	1.74117427304035e-05	4894	0.8551896691898484	False
CDCA5	1.4001144393558074	0.08073952589164113	0.000119227282108	1238	0.8613097235263928	False
ZNF786	1.4000212132586491	0.08075348307347979	6.90354903861581e-06	6806	0.8613097235263928	False
KDM5A	1.398692734598995	0.08095257193564487	9.00079812599329e-05	1586	0.8624597573752469	False
SIRT1	1.3969732596359479	0.08121080623492583	0.0010021961389209	88	0.8637792680076247	False
KIFC1	1.3966512532210384	0.08125923484219877	7.37934221401788e-05	1850	0.8637792680076247	False
LGALS8	1.394813265241123	0.0815360788208811	0.0003121184468064	475	0.8638071130687616	False
SPPL2A	1.3948132652411167	0.08153607882088204	3.13215969369814e-06	7950	0.8638071130687616	False
SLC36A1	1.3948132652411165	0.08153607882088204	3.13215969369814e-06	7949	0.8638071130687616	False
SMURF2	1.3913497621033406	0.08205969540590485	0.0003771667110165	363	0.8683808752360592	False
ZNF501	1.3899779373810144	0.08226778851413341	9.45743510746456e-06	6213	0.8688616185223889	False
TSPAN7	1.3898381817751873	0.08228901043148551	1.00110986292805e-05	6091	0.8688616185223889	False
BECN1	1.3832132051588748	0.08329975094779413	0.0003325475986124	430	0.8785520607775162	False
DOK2	1.3808395980518569	0.08366414259978822	5.06660456490451e-05	2466	0.8788032264676064	False
POLB	1.3805979255270768	0.0837013107763277	0.0001123005086878	1311	0.8788032264676064	False
ID4	1.3776713554227216	0.0841523895613504	3.05062132916155e-05	3572	0.8788032264676064	False
PTPN20	1.3776187097625634	0.08416052062996654	3.63401635986503e-06	7762	0.8788032264676064	False
SLC5A2	1.3776187097625634	0.08416052062996654	5.08762290381104e-06	7306	0.8788032264676064	False
MEIOB	1.3776187097625634	0.08416052062996654	5.36017413080091e-06	7226	0.8788032264676064	False
C12ORF50	1.3776187097625634	0.08416052062996654	5.36017413080091e-06	7225	0.8788032264676064	False
HYAL4	1.3776187097625634	0.08416052062996654	5.08762290381104e-06	7305	0.8788032264676064	False
CTH	1.3776187097625634	0.08416052062996654	3.63401635986503e-06	7761	0.8788032264676064	False
MAPKAPK2	1.3766362067524927	0.08431237544378528	0.0001131909313477	1304	0.8794171610858399	False
MAN1A1	1.3751536713792245	0.08454190391928368	1.28851370580877e-05	5556	0.8799373447224771	False
SYCP1	1.375111259110666	0.08454847714370467	4.92369587295779e-06	7342	0.8799373447224771	False
BRAP	1.3718079636721865	0.08506161374272825	9.71203416236323e-05	1464	0.8843039052461847	False
XRCC6	1.3709947742244324	0.08518829254148896	0.0013001897681123	60	0.8845741008701601	False
SYK	1.3693473481858784	0.0854453620655013	0.000282835825586	537	0.8845741008701601	False
POLR1B	1.3692771476961718	0.08545632926262281	0.0001542544945016	974	0.8845741008701601	False
SMPX	1.3690027848667639	0.08549920219891666	3.5228605744309e-06	7812	0.8845741008701601	False
RSPO1	1.368641818766068	0.08555563261326204	1.69296383813359e-05	4950	0.8845741008701601	False
MYH7	1.3669406049091546	0.08582196163838074	9.25618575223541e-06	6257	0.886357964461965	False
DGKQ	1.3659714834263843	0.08597395706215721	6.94131408064231e-06	6796	0.8869583998224734	False
HSPA12A	1.3620781121960024	0.08658661752441227	4.84162315589498e-05	2551	0.8915344448413232	False
POLE	1.3619172147252372	0.08661200637145172	0.0001184669082888	1254	0.8915344448413232	False
HHIPL2	1.3613563889486207	0.08670054548245248	4.87487331862747e-06	7361	0.8915344448413232	False
NSMCE3	1.3596434344552297	0.08697139313592211	1.53728933267646e-05	5168	0.892609366687557	False
POLD2	1.3583764036535033	0.08717213885624975	8.12787115967031e-05	1729	0.892609366687557	False
STARD3	1.3582338658661754	0.08719474388034648	4.59893725874162e-05	2647	0.892609366687557	False
SMAD3	1.3577181411051662	0.08727656908139181	0.0007944469564577	129	0.892609366687557	False
SLC67A1	1.3573579822392536	0.08733374609200373	1.66488261632015e-05	4984	0.892609366687557	False
CGNL1	1.3571182749253716	0.08737181631597779	3.10246049909623e-05	3533	0.892609366687557	False
GAL	1.3551507978366166	0.0876847585122767	1.0335637713697e-05	6023	0.8948390582516358	False
IGFBP1	1.353010899613424	0.08802607415957037	2.58449742216578e-05	3947	0.894974402449319	False
KRT6A	1.3526383213366424	0.08808560183948333	0.0001006128999975	1434	0.894974402449319	False
ARF4	1.352187023782488	0.08815774686544792	0.0001310181772507	1127	0.894974402449319	False
MYL6B	1.3521456840978823	0.08816435768390635	4.65196137275137e-05	2618	0.894974402449319	False
LGALS3	1.3506058231639162	0.08841086723101199	0.0003577066724845	386	0.894974402449319	False
GPR55	1.3506058231639073	0.08841086723101343	2.74305861217584e-06	8104	0.894974402449319	False
TMEM182	1.3506058231639073	0.08841086723101343	2.89832608078957e-06	8047	0.894974402449319	False
SIN3B	1.3503262924160357	0.0884556710992237	0.0001510030728755	994	0.894974402449319	False
PLXNA4	1.3483319918119527	0.08877581344562319	6.82902704029578e-06	6826	0.896305000681495	False
WRNIP1	1.34832538003653	0.08877687625797664	0.0001180005952773	1258	0.896305000681495	False
WDR48	1.3472001917954222	0.08895788310734892	0.000121768405082	1208	0.8963101161956785	False
ATF2	1.3471430780854674	0.08896707820016364	0.0005678172658091	204	0.8963101161956785	False
ITM2B	1.3442633770777088	0.08943161691848606	6.79778856918014e-05	1972	0.8993780561949429	False
SLC17A5	1.3432129571528535	0.08960151362855895	1.10853175582528e-05	5873	0.8993780561949429	False
ARL3	1.3429061007742338	0.08965119036961777	2.25901954759764e-05	4259	0.8993780561949429	False
TNK2	1.342899317275564	0.0896522887762578	0.0002307361815881	676	0.8993780561949429	False
KRT6C	1.3385855107749918	0.09035282280819762	4.03226158734231e-05	2933	0.9053607491459016	False
MCCC1	1.3380487702490211	0.09044026954431017	3.7505888708296e-05	3100	0.9053607491459016	False
CEP170P1	1.3330456918962978	0.09125840486647474	9.46632749687885e-05	1508	0.9125840486647474	False
CD28	1.3304827816875415	0.09167962786426925	2.93271308562208e-05	3656	0.9151645291809605	False
PDPK1	1.3302974802500895	0.09171013853273752	0.0002407312616057	645	0.9151645291809605	False
PPIA	1.3285568750833612	0.09199710385554927	0.0004710399775477	261	0.915924560091569	False
CPS1	1.3285492218765975	0.09199836706998304	2.1133980888836e-05	4436	0.915924560091569	False
TP53RK	1.3280725389773806	0.09207707217851752	3.0706987478751e-05	3557	0.915924560091569	False
SLC30A2	1.325715622123033	0.09246695542200112	2.62379192643925e-05	3903	0.9170309552982905	False
TRAM2	1.3256404047246455	0.09247941803166887	4.20956189287007e-06	7563	0.9170309552982905	False
TP53I11	1.3256404047246453	0.09247941803166887	4.20956189287007e-06	7562	0.9170309552982905	False
KLHL11	1.3241582499241742	0.09272524666392162	3.08185919623372e-05	3546	0.918504801859601	False
NDRG1	1.3205711287206319	0.09332220238943567	0.0002798685017258	546	0.9234500655289708	False
SLX1A	1.3192968440590707	0.09353494624865205	3.27159010703614e-05	3412	0.9245870732738095	False
DCAF13	1.3157305216933328	0.09413225305724204	0.0001070579138372	1364	0.9295191132611674	False
POLD4	1.3150325362277233	0.09424948395532184	2.27775546935825e-05	4241	0.9296435576259238	False
CREBBP	1.3144844996107539	0.09434160547759374	0.0010964517877666	78	0.9296435576259238	False
AASDHPPT	1.3137593709464943	0.0944635970982689	2.66976573173502e-05	3859	0.9298760339360845	False
CCNG1	1.3127380405770448	0.0946356172716285	4.57428290183953e-05	2657	0.9305790981270636	False
GATAD1	1.3119525745421303	0.09476806838198593	9.98259678311531e-05	1439	0.9305790981270636	False
BIRC2	1.3109905697465611	0.09493047482293188	0.0005680600460299	203	0.9305790981270636	False
RPS6KC1	1.3101089375275652	0.09507949268008564	9.08685648700792e-06	6289	0.9305790981270636	False
PPP2R3A	1.3098348029538243	0.09512586336409812	6.69943905354202e-05	1999	0.9305790981270636	False
ZNF580	1.3098348029538145	0.09512586336409984	3.60739026820777e-06	7777	0.9305790981270636	False
CD8A	1.3072896717004014	0.09555717530766494	2.71936143753683e-05	3821	0.9338317545578425	False
PLK1	1.3052864572330338	0.09589766189517096	0.0012518691578144	66	0.9353533573157771	False
CXXC1	1.3046633533303251	0.09600375266102618	0.0001332766568194	1106	0.9353533573157771	False
DGKD	1.304627759624046	0.09600981551283638	1.41508144182438e-05	5353	0.9353533573157771	False
CCL23	1.3024833471082922	0.09637560352682117	3.21741677775395e-06	7924	0.9362205110632823	False
HYLS1	1.3024833471082904	0.09637560352682151	2.8902218512027e-06	8050	0.9362205110632823	False
SEMA4C	1.302363728801045	0.09639603780577499	3.74756074069452e-05	3103	0.9362205110632823	False
BCL2L2	1.3015461557381947	0.09653578826842713	6.30410706033186e-05	2099	0.9366151941854582	False
CD33	1.2998397831452435	0.09682794358182173	2.60088777645631e-05	3926	0.938486222408426	False
KIR3DL2	1.2989322255611462	0.09698359461176975	4.04273405512272e-05	2927	0.9390317306160084	False
NPY2R	1.2956821165387795	0.09754251253777385	0.0001531663959043	980	0.9420194015596999	False
TNIP2	1.2941838677545585	0.09780095886244888	0.0004487525243711	285	0.9420194015596999	False
SEMA4F	1.2939756088812946	0.09783692299674518	1.61336545369963e-06	8581	0.9420194015596999	False
SETD9	1.2939756088812915	0.09783692299674568	1.61336545369963e-06	8582	0.9420194015596999	False
USO1	1.2939756088812864	0.09783692299674662	7.9515868581054e-05	1755	0.9420194015596999	False
MYADM	1.2927525328264717	0.09804833112444072	3.33190819480155e-05	3367	0.9420194015596999	False
FGFR1	1.2916324301978122	0.09824223380565877	0.0014680144161637	52	0.9420194015596999	False
KPNA2	1.2914995167871104	0.09826526127918422	0.0005327268996937	219	0.9420194015596999	False
HYOU1	1.2908169081503638	0.09838358667300062	0.0001652340681231	913	0.9420194015596999	False
DDX53	1.2907874634430716	0.09838869305178843	1.70988537504302e-06	8532	0.9420194015596999	False
DDX43	1.2907874634430572	0.09838869305179088	1.07230099823612e-05	5946	0.9420194015596999	False
ARF5	1.2895819790468677	0.0985979179943246	9.02110015923335e-05	1581	0.9430671306137323	False
MAP1LC3B2	1.2878413818692922	0.09890059195577933	8.11121818307643e-06	6507	0.9438546956568332	False
CDH4	1.2875268985233397	0.09895535016884305	1.21840234732436e-05	5669	0.9438546956568332	False
CCDC43	1.2866883227574328	0.09910147239272876	1.059878260933e-05	5969	0.9438546956568332	False
PECAM1	1.2837338127905051	0.09961755458685634	4.68930288015806e-05	2604	0.9438546956568332	False
THAP11	1.283613401822316	0.09963862907315729	3.25729702918849e-05	3419	0.9438546956568332	False
KHSRP	1.2835742652511521	0.09964547950885544	0.0001142169882552	1293	0.9438546956568332	False
PDCD1	1.282536157476717	0.09982731475668111	9.30157424499656e-05	1530	0.9438546956568332	False
PPP6R3	1.280888137440201	0.10011648002678836	9.5767418226367e-05	1485	0.9438546956568332	False
UGCG	1.2808043971700112	0.10013118959048517	2.8955536148048e-05	3681	0.9438546956568332	False
APPL1	1.2806532380615758	0.1001577457387936	0.0001715155978427	892	0.9438546956568332	False
ZNF286A	1.2803888816578601	0.10020420113277839	5.95371416136666e-06	7058	0.9438546956568332	False
CD320	1.280372392279762	0.10020709933494165	3.72245786923745e-05	3115	0.9438546956568332	False
ARL4D	1.280280668727584	0.10022322194503447	1.91424123113832e-05	4673	0.9438546956568332	False
NMI	1.2802177629708438	0.10023428023225056	0.0001040068998978	1393	0.9438546956568332	False
HEXA	1.2799027531524878	0.10028966962700625	1.248503576968e-05	5624	0.9438546956568332	False
GCDH	1.27984220779656	0.10030031811013379	1.01468895877238e-05	6064	0.9438546956568332	False
HSPA6	1.2793995405216814	0.10037819779207591	0.0001628048507341	932	0.9438546956568332	False
CDA	1.2784985060466485	0.10053685559596703	3.14402542988932e-05	3501	0.9444068443159925	False
ELL3	1.2769351049342832	0.10081257958924134	3.97020384123569e-05	2970	0.9448423817200343	False
TBX20	1.276846167423879	0.10082828131475202	1.4588283910311e-05	5279	0.9448423817200343	False
TYSND1	1.2765353429892872	0.10088317070428726	2.81539450109771e-05	3756	0.9448423817200343	False
NHERF2	1.2741161806168373	0.10131112241010637	3.00472427664367e-05	3601	0.9462365527300982	False
UBE2I	1.2733464479185301	0.10144756569884933	0.0010276709123922	84	0.9462365527300982	False
RAD1	1.2705943245865758	0.10193650352841477	0.000111843279681	1318	0.9462365527300982	False
PGPEP1	1.2647580482589558	0.10297903707152284	1.13536707675244e-05	5823	0.9462365527300982	False
RSAD2	1.264618243518925	0.10300410502180724	3.14031257751014e-05	3504	0.9462365527300982	False
ETFA	1.2634476005666913	0.10321418331702514	8.32994097711498e-05	1696	0.9462365527300982	False
COX11	1.2613637526339414	0.10358891076613008	3.37441380993464e-06	7867	0.9462365527300982	False
GUCY1A2	1.259314795403637	0.10395832562876595	5.6119326974762e-06	7162	0.9462365527300982	False
DEUP1	1.2572085923310103	0.10433905638290647	1.67731494313783e-05	4971	0.9462365527300982	False
MAP3K21	1.2563155615088515	0.1045007910479952	9.46185430191234e-06	6211	0.9462365527300982	False
COPS6	1.2561011562909628	0.10453964848602182	0.0005180466127871	231	0.9462365527300982	False
PPP1R7	1.2538927746789759	0.10494049079917322	0.0001357526153407	1087	0.9462365527300982	False
MYH4	1.2519966434041891	0.1052855435300184	1.10196697977677e-05	5887	0.9462365527300982	False
HMGA1	1.2472361971164605	0.10615545208672483	0.0002736717419898	561	0.9462365527300982	False
POLR2H	1.2464552045927269	0.10629866249811615	0.000355926465312	392	0.9462365527300982	False
BCAP31	1.243732513843856	0.10679901266838865	0.000382211325921	356	0.9462365527300982	False
RAB27B	1.241367178663268	0.10723506904959113	3.01085056972778e-05	3596	0.9462365527300982	False
RSPO3	1.2412560490507216	0.1072555876416828	1.1561595690114e-05	5784	0.9462365527300982	False
TAMM41	1.2396531896024041	0.10755184903836579	3.02565520900571e-05	3588	0.9462365527300982	False
RAP1GDS1	1.2346039694055921	0.10848896549674897	0.0001101252438524	1336	0.9462365527300982	False
PHLPP1	1.2335847251060525	0.10867884388575133	0.0001282164655728	1150	0.9462365527300982	False
CD19	1.2314112779917583	0.10908454050016686	3.26218822612937e-05	3416	0.9462365527300982	False
PDCD2L	1.2312046615458272	0.10912316419584456	4.26850528650215e-05	2816	0.9462365527300982	False
ORC2	1.230875350486235	0.10918474403280543	0.000191439460537	800	0.9462365527300982	False
RIF1	1.22813602977386	0.10969795384859915	0.000166460516783	911	0.9462365527300982	False
MDH1	1.227583264730065	0.1098017236348961	3.48615676018657e-05	3269	0.9462365527300982	False
PRKX	1.2264522204368893	0.11001427248857959	2.04413547684629e-05	4513	0.9462365527300982	False
SQSTM1	1.2257135695385852	0.11015324098423152	0.0017822910281389	38	0.9462365527300982	False
NSMCE2	1.222320197091331	0.11079328219658374	2.63300187847598e-05	3894	0.9462365527300982	False
C2	1.222021904052755	0.11084967191162537	7.12683238781758e-06	6742	0.9462365527300982	False
PML	1.220665781257837	0.11110629441192044	0.0008047381176399	127	0.9462365527300982	False
NF2	1.2201869490964572	0.11119700656655018	0.0002037674890112	759	0.9462365527300982	False
COL9A3	1.2196343954757667	0.11130175073944165	7.57930942165953e-06	6637	0.9462365527300982	False
EWSR1	1.2182605659010624	0.11156248518877393	0.0004938245330245	247	0.9462365527300982	False
ANKRD28	1.217946407991005	0.1116221694989119	9.1971705549233e-05	1559	0.9462365527300982	False
PRR36	1.2168750240109398	0.11182588483237504	1.32037267725998e-05	5509	0.9462365527300982	False
UNC119B	1.2163767211322662	0.11192072379254747	2.08938668255659e-05	4459	0.9462365527300982	False
SIMC1	1.2163175416637264	0.11193199088113098	4.99339884481701e-05	2496	0.9462365527300982	False
PDHB	1.2155812453966472	0.11207224102753999	0.0001204994010306	1223	0.9462365527300982	False
MDK	1.2145026974582038	0.11227791019770023	8.04197480516975e-05	1744	0.9462365527300982	False
PFKP	1.2117611102013266	0.11280191949597496	0.000188009185389	816	0.9462365527300982	False
EIF5B	1.2113450256691254	0.11288159956614974	7.73939764579009e-05	1793	0.9462365527300982	False
LMBRD2	1.2098525285052004	0.11316774287222225	3.77636108811554e-05	3086	0.9462365527300982	False
ANAPC7	1.207508980508099	0.11361809432639791	0.0001636973681754	926	0.9462365527300982	False
THBS4	1.2034272378418063	0.11440551639126129	3.66628659569319e-06	7749	0.9462365527300982	False
PPFIA1	1.2030375074772284	0.114480903216296	0.0001287578034691	1144	0.9462365527300982	False
RBL1	1.2022719090431921	0.11462909838296731	0.0001405681715007	1051	0.9462365527300982	False
MAST2	1.2010417293113318	0.11486750733868334	0.0001541898235915	975	0.9462365527300982	False
NFYB	1.200341150013122	0.11500343720594897	3.99750325132176e-05	2958	0.9462365527300982	False
MYH3	1.196284315358603	0.11579281368741617	1.14216187017786e-05	5808	0.9462365527300982	False
GAREM2	1.195155763593356	0.116013089124331	4.19161604383067e-06	7570	0.9462365527300982	False
ATP1A1	1.1930694129460586	0.11642109469351997	0.0002430173620494	636	0.9462365527300982	False
VAV1	1.1925795190295243	0.11651704546266184	0.0002437467019715	633	0.9462365527300982	False
LDOC1	1.19211264908143	0.1166085389335837	3.71751446990339e-05	3123	0.9462365527300982	False
HACL1	1.1919999974328535	0.11663062313819211	6.5412937373251e-06	6892	0.9462365527300982	False
ITPK1	1.1917564621121095	0.11667837588532842	7.87972895731563e-06	6559	0.9462365527300982	False
TEKT3	1.189523675991255	0.1171168299859423	1.14856137634515e-05	5796	0.9462365527300982	False
SUPT6H	1.1809736327864493	0.11880659901365276	0.0001718978332681	890	0.9462365527300982	False
HOOK3	1.179761227059947	0.11904759727629727	6.79309142884154e-05	1976	0.9462365527300982	False
EIF3E	1.1786708430880957	0.11926463505600005	0.0002104720953425	736	0.9462365527300982	False
SNCG	1.1766155048733282	0.1196745031996248	1.226388115906e-05	5656	0.9462365527300982	False
DTD1	1.1762722267022463	0.11974305519383449	7.88466514381186e-06	6556	0.9462365527300982	False
DECR2	1.1744231802245775	0.12011278251970275	6.23111503387171e-06	6973	0.9462365527300982	False
KRT75	1.1697712084168477	0.1210465265477556	7.28427971873837e-05	1878	0.9462365527300982	False
SHISA5	1.1690401405363553	0.1211937296048583	2.30065456658717e-06	8278	0.9462365527300982	False
ENTREP3	1.169040140536355	0.12119372960485836	3.18552170758224e-06	7933	0.9462365527300982	False
WWOX	1.1690401405363353	0.12119372960486219	0.0003497753393591	397	0.9462365527300982	False
PPARG	1.1687334034668495	0.1212555296598844	0.0005421302260738	215	0.9462365527300982	False
LONRF2	1.1661096692316169	0.12178505388331684	2.68364579271685e-05	3846	0.9462365527300982	False
NAALAD2	1.1659967518366299	0.12180787937472576	8.01679166880798e-06	6524	0.9462365527300982	False
USP7	1.164605986158953	0.1220892597990787	0.0010666331500955	80	0.9462365527300982	False
TCAF2	1.1631385359746675	0.1223866496132136	6.80378757083057e-05	1969	0.9462365527300982	False
XRN2	1.1622108444630854	0.12257491536093773	0.0001432269473983	1035	0.9462365527300982	False
TTC21B	1.1609407906022773	0.12283298949603122	4.34396837822551e-05	2780	0.9462365527300982	False
PODXL2	1.159022510120514	0.12322350484971667	1.76990461526127e-05	4854	0.9462365527300982	False
DEF6	1.1566455217036449	0.12370860789705945	2.72120477659709e-05	3820	0.9462365527300982	False
ALOX5AP	1.156506507790696	0.12373701960891403	7.80414108519478e-06	6580	0.9462365527300982	False
ATP1A4	1.1563009951935297	0.12377903071362817	1.05862597255647e-05	5971	0.9462365527300982	False
UBE2D1	1.155483202850827	0.12394630361999376	0.0006378793174107	181	0.9462365527300982	False
LRP5	1.1542911221257566	0.12419041750914811	0.0001148736310533	1284	0.9462365527300982	False
GLUL	1.154057291605435	0.12423834067411288	5.17767166849031e-05	2432	0.9462365527300982	False
BLZF1	1.15279657161012	0.12449694596012068	5.00200068526008e-05	2492	0.9462365527300982	False
ACOT12	1.1517439352882692	0.12471315618388673	1.52451250686274e-05	5188	0.9462365527300982	False
PCDHB5	1.1515209565958886	0.12475898939854829	3.75281156090003e-06	7721	0.9462365527300982	False
PBX2	1.150245449582938	0.12502139579958887	3.17129793370757e-05	3481	0.9462365527300982	False
DLG4	1.1499431391435173	0.12508364573262154	0.0002171741805482	707	0.9462365527300982	False
S100A13	1.1497970325838613	0.12511373886772365	4.08147057719128e-05	2897	0.9462365527300982	False
TFG	1.1482312580399634	0.12543655426785288	8.70295940784895e-05	1623	0.9462365527300982	False
CPA5	1.1477406898586104	0.12553781410364695	1.84482301710868e-05	4760	0.9462365527300982	False
FLNB	1.1468901852492752	0.12571350478404436	0.0001382357673198	1072	0.9462365527300982	False
TWIST2	1.1467325143828222	0.1257460940532163	1.87202982276164e-05	4727	0.9462365527300982	False
FAM9B	1.1455309124767192	0.12599464886722156	2.51017716124721e-05	4026	0.9462365527300982	False
ZNF41	1.1455309124766966	0.12599464886722628	2.15524580091194e-06	8345	0.9462365527300982	False
CNTN2	1.1447038448361702	0.12616592910836338	1.59309546056575e-05	5084	0.9462365527300982	False
HIF1A	1.1411484711880469	0.12690407166228956	0.0007032855651001	160	0.9462365527300982	False
C1QL1	1.140588080608956	0.12702068985198217	1.93948115885473e-05	4645	0.9462365527300982	False
SNX5	1.1382673670986645	0.12750442799317213	0.0001221279323976	1204	0.9462365527300982	False
ISLR	1.1372626143960645	0.12771425923876467	0.0001207183018864	1222	0.9462365527300982	False
CD274	1.1362321528592032	0.12792970867503378	0.0003164118722812	461	0.9462365527300982	False
PLOD3	1.135980026134029	0.12798246189344625	6.03416212135642e-05	2172	0.9462365527300982	False
HDAC6	1.1356485366772016	0.12805184340527637	0.0008667542984097	114	0.9462365527300982	False
MAP1S	1.135593975229502	0.128063265746518	7.52484185698541e-05	1829	0.9462365527300982	False
ICMT	1.1355429349385588	0.1280739515806139	1.24225635237039e-05	5633	0.9462365527300982	False
NSMCE4A	1.1353649845151141	0.12811121226047345	4.49805019680156e-05	2699	0.9462365527300982	False
TCHH	1.1348228026023532	0.12822478505289375	7.02450559383705e-06	6769	0.9462365527300982	False
PTPN13	1.1336669146213443	0.12846714643466972	0.0001290830501644	1142	0.9462365527300982	False
RNASE13	1.1310910582629388	0.12900838371827555	3.8843816099968e-06	7667	0.9462365527300982	False
RIMBP3	1.1303676597258197	0.129160667738063	1.10790342670023e-05	5874	0.9462365527300982	False
DNA2	1.1303060235266837	0.12917364865206954	8.61811575040957e-05	1638	0.9462365527300982	False
ZNF419	1.1283222669123423	0.1295919214719427	1.33916965247588e-06	8730	0.9462365527300982	False
TRIM39	1.128322266912335	0.1295919214719442	6.75324122293674e-05	1986	0.9462365527300982	False
RANBP9	1.1271250161925759	0.1298448139265051	0.0003953212657804	338	0.9462365527300982	False
CEACAM7	1.1264177883627065	0.1299943604350891	2.04301820176627e-06	8388	0.9462365527300982	False
CEACAM8	1.1264177883627042	0.12999436043508955	4.82088169154128e-06	7379	0.9462365527300982	False
CEACAM5	1.1264177883627038	0.12999436043508966	2.78116164267344e-06	8090	0.9462365527300982	False
PDZD7	1.1260626469526833	0.1300695016345118	8.46227234235523e-06	6426	0.9462365527300982	False
GRID2IP	1.1260626469526829	0.13006950163451192	7.98828124279384e-06	6530	0.9462365527300982	False
ZBTB17	1.1259438251003526	0.13009464879923116	5.97137770355012e-05	2187	0.9462365527300982	False
PPTC7	1.1257748995298387	0.13013040558353994	4.07529990008906e-05	2903	0.9462365527300982	False
CLK2	1.124612282710629	0.1303766832919258	0.0001847019362134	828	0.9462365527300982	False
RFX1	1.124037398357866	0.13049858038529927	2.49090090149514e-05	4045	0.9462365527300982	False
BPNT1	1.1230869176033784	0.1307002908707921	7.26477737245826e-05	1887	0.9462365527300982	False
SIM2	1.1226796396266818	0.1307867891034164	2.05459010968791e-05	4502	0.9462365527300982	False
FAM83H	1.122450357926943	0.13083550165631275	7.96445352596206e-05	1754	0.9462365527300982	False
GLUD2	1.1213445519256933	0.13107061419586974	8.02259513871136e-06	6523	0.9462365527300982	False
FOSL2	1.1181923442572645	0.13174242665083397	0.0001010509667032	1427	0.9462365527300982	False
DCLRE1B	1.1181508417093937	0.1317512876756971	3.83749735484923e-05	3055	0.9462365527300982	False
DYNLT3	1.117795722769808	0.1318271243581267	3.90519472619156e-05	3013	0.9462365527300982	False
MPRIP	1.1176248161796463	0.13186363268962403	0.0001382823717924	1071	0.9462365527300982	False
ORC1	1.1176055359112742	0.13186775169547	0.0001033492382948	1398	0.9462365527300982	False
POLL	1.1173283987424736	0.1319269686463836	4.70436480998196e-05	2600	0.9462365527300982	False
MARCKSL1	1.1160158724318952	0.13220767024985192	7.41395433124588e-05	1843	0.9462365527300982	False
STAT1	1.1146792596642607	0.1324939459393371	0.0003408012428025	420	0.9462365527300982	False
PIK3CG	1.1130775819254282	0.13283755545027387	3.04166681437772e-05	3578	0.9462365527300982	False
TSPAN5	1.1128511694250416	0.1328861774051378	7.91627565362546e-05	1760	0.9462365527300982	False
SIRPB1	1.1106754601930424	0.13335403438625776	3.77816764725048e-06	7712	0.9462365527300982	False
FOCAD	1.1080494308073587	0.13392023432269695	1.31160053074115e-05	5521	0.9462365527300982	False
IFI35	1.1068443175462304	0.13418062185367552	1.25255812321132e-05	5616	0.9462365527300982	False
HSPA14	1.103495721408702	0.1349059742914639	9.48704930908644e-06	6205	0.9462365527300982	False
FCER1G	1.103443134246635	0.1349173868126297	6.45464783905864e-06	6916	0.9462365527300982	False
EEF1G	1.1034190358513138	0.1349226168929793	0.0002064122269577	745	0.9462365527300982	False
NUDT16L1	1.1034170220657542	0.1349230539516248	2.37784245355683e-05	4155	0.9462365527300982	False
SLC25A36	1.103407656732889	0.13492508655404045	1.58467256875681e-06	8608	0.9462365527300982	False
CLRN3	1.103407656732889	0.13492508655404045	2.21854159625953e-06	8302	0.9462365527300982	False
LRAT	1.103407656732889	0.13492508655404045	2.33739203891629e-06	8267	0.9462365527300982	False
RDH5	1.103407656732889	0.13492508655404045	2.09969115360277e-06	8371	0.9462365527300982	False
VASH2	1.103407656732889	0.13492508655404045	1.58467256875681e-06	8610	0.9462365527300982	False
TMEM53	1.103407656732889	0.13492508655404045	1.58467256875681e-06	8609	0.9462365527300982	False
MOGAT2	1.103407656732889	0.13492508655404045	1.58467256875681e-06	8607	0.9462365527300982	False
UCP1	1.103407656732889	0.13492508655404045	2.33739203891629e-06	8268	0.9462365527300982	False
OR2K2	1.1034076567328888	0.13492508655404056	2.09969115360277e-06	8370	0.9462365527300982	False
HSD17B6	1.1034076567328757	0.13492508655404334	2.78104803260451e-06	8091	0.9462365527300982	False
TATDN1	1.1034076567328728	0.13492508655404406	9.7336668765555e-07	8943	0.9462365527300982	False
GRN	1.1026642530866204	0.1350864979686106	0.0001302675799502	1131	0.9462365527300982	False
CTSO	1.102664253086598	0.13508649796861544	1.78931034182599e-06	8499	0.9462365527300982	False
KRTAP26-1	1.1026642530865978	0.1350864979686155	2.63332465400806e-06	8145	0.9462365527300982	False
FBXL5	1.1008848241954834	0.135473393871531	0.000126154123128	1165	0.9462365527300982	False
LRFN1	1.10044102668768	0.13557000562696792	3.93535866195625e-05	2992	0.9462365527300982	False
FGFR3	1.0995484015538521	0.13576446708768575	0.0001332540188297	1108	0.9462365527300982	False
XPA	1.0975095332785147	0.1362093578270005	9.53882759755895e-05	1491	0.9462365527300982	False
LRRC25	1.0955127983492818	0.13664602082333516	4.34121259017126e-06	7530	0.9462365527300982	False
PSMA1	1.0954609310544574	0.13665737634556258	0.0004336334533746	300	0.9462365527300982	False
DKK4	1.093823072754292	0.13701629137929	3.43258958326173e-06	7846	0.9462365527300982	False
PPP1R12B	1.0924789294468271	0.13731132345122277	2.42463815867641e-05	4106	0.9462365527300982	False
UBB	1.0878737954986464	0.13832541292481848	0.0004444727909534	290	0.9462365527300982	False
SKI	1.0861699602256532	0.13870190245524672	0.0001394124175393	1063	0.9462365527300982	False
USH1C	1.0861171238224248	0.13871358864729577	9.69413121640275e-06	6169	0.9462365527300982	False
CD70	1.0839113565233363	0.1392020519082764	0.0001582384374695	954	0.9462365527300982	False
SOS2	1.0831845099197517	0.13936326690618933	3.52490248095587e-05	3248	0.9462365527300982	False
HPCAL4	1.0827728740723717	0.1394546242925429	1.26808162466992e-05	5595	0.9462365527300982	False
JUND	1.080440944318396	0.1399729356701015	9.85635197492852e-05	1453	0.9462365527300982	False
E2F4	1.0793010407636177	0.14022677454939697	0.0001197488174145	1232	0.9462365527300982	False
CDK2	1.0791873513795724	0.14025210855220216	0.0007966506365103	128	0.9462365527300982	False
KAT5	1.0776596402056051	0.14059283801360978	0.0005263034245011	225	0.9462365527300982	False
PDLIM5	1.0751761987899497	0.14114792469470483	9.02508499030302e-05	1580	0.9462365527300982	False
CDKN2B	1.0748862893801634	0.1412128205574542	2.03153690305678e-05	4534	0.9462365527300982	False
NFYA	1.074402630576046	0.14132113200153162	6.21305517811589e-05	2127	0.9462365527300982	False
TSPAN2	1.0742373568658719	0.14135815660653	3.71157427741512e-05	3127	0.9462365527300982	False
LYN	1.0731868022200273	0.1415936554957527	0.0003063121785294	487	0.9462365527300982	False
PAF1	1.0716771706597295	0.14193252910321463	0.000198710020501	781	0.9462365527300982	False
LILRB3	1.071534360319239	0.14196461477177946	7.54952902676016e-06	6645	0.9462365527300982	False
SPOP	1.0714461701061941	0.14198443120920423	0.0004191926664608	316	0.9462365527300982	False
METTL25	1.0702969469866912	0.14224283410338445	7.10397911123717e-06	6748	0.9462365527300982	False
PABIR1	1.0702832267225313	0.14224592102671058	1.47404785857898e-05	5263	0.9462365527300982	False
C2ORF48	1.069989858920805	0.14231193671894937	6.4042668641533e-06	6931	0.9462365527300982	False
TTLL4	1.0694203250446568	0.1424401564244816	6.99815762692487e-06	6784	0.9462365527300982	False
RBL2	1.0684647440250759	0.142655462786633	0.0001582417975475	953	0.9462365527300982	False
AIMP1	1.0683976815030656	0.14267058121145992	8.41662389450853e-05	1684	0.9462365527300982	False
ETS1	1.0678901990886287	0.14278502202633175	6.2209745797656e-05	2125	0.9462365527300982	False
FBXL17	1.064639243488384	0.14351960691482618	7.65647109539324e-05	1804	0.9462365527300982	False
B4GALT7	1.0641470195579195	0.1436310516539816	2.14649005765165e-05	4399	0.9462365527300982	False
SERPINA6	1.0626599273505837	0.14396809985797476	6.09937650013174e-06	7017	0.9462365527300982	False
IMPDH2	1.0624546085044781	0.1440146770793952	0.0001408095184256	1048	0.9462365527300982	False
SETDB1	1.0616919624704746	0.14418777468820676	0.0001246418641225	1178	0.9462365527300982	False
MPLKIP	1.06042656082813	0.1444752919649418	2.19893361452812e-06	8316	0.9462365527300982	False
DBR1	1.0604265608281254	0.1444752919649428	1.49954232384947e-05	5225	0.9462365527300982	False
PRKCB	1.0585911673967967	0.1448930055978196	0.0001216573277462	1209	0.9462365527300982	False
SP4	1.058225598966721	0.1449763016203689	1.30875230000147e-05	5525	0.9462365527300982	False
PDPR	1.0571531031407913	0.14522085946143287	2.07641257703975e-05	4476	0.9462365527300982	False
YPEL5	1.0570357753636546	0.14524763017926517	7.11452935922023e-05	1914	0.9462365527300982	False
BRF2	1.0568648709152912	0.14528663144471254	6.06400566401438e-06	7031	0.9462365527300982	False
DHRSX	1.0552522878857975	0.14565497797601207	4.09556347418883e-06	7599	0.9462365527300982	False
RMDN1	1.0549558059746567	0.1457227687020104	2.23946081100577e-05	4287	0.9462365527300982	False
RFC3	1.0535513918198975	0.14604417680793846	9.41515816389885e-05	1515	0.9462365527300982	False
WEE1	1.053091811356367	0.14614945773856702	0.000156527172105	963	0.9462365527300982	False
DSP	1.0496034400459682	0.1469502374066728	0.0001722460761395	888	0.9462365527300982	False
RAPGEF1	1.0491246477658136	0.14706037670021943	3.94059116498344e-05	2986	0.9462365527300982	False
TPX2	1.0485348110331816	0.1471961362550544	0.0001121229139328	1313	0.9462365527300982	False
EVI5L	1.047538005062836	0.1474257566416045	4.35385670897492e-05	2775	0.9462365527300982	False
CEP19	1.0472845266060307	0.14748418521984435	2.40237443633896e-05	4136	0.9462365527300982	False
KMT2E	1.0459483610744058	0.1477924372508881	2.28904032201231e-05	4232	0.9462365527300982	False
FAM222A	1.0458296545044006	0.14781984358636058	8.98136450713838e-06	6315	0.9462365527300982	False
POLD3	1.0454484979479852	0.14790786596883593	5.06887057726402e-05	2465	0.9462365527300982	False
CBX5	1.0446771631323235	0.14808610149387574	0.0004013788428121	332	0.9462365527300982	False
H3-4	1.044677163132321	0.1480861014938763	2.29794810472571e-06	8282	0.9462365527300982	False
RPS6KB1	1.0428605069552952	0.1485064514585117	0.0001286677190636	1146	0.9462365527300982	False
CRYBB1	1.0411052681857496	0.1489133474023357	3.13281815262171e-06	7948	0.9462365527300982	False
PIAS2	1.0408783216309079	0.14896601203150633	0.0001598777439751	943	0.9462365527300982	False
TRIM65	1.0402038887000133	0.1491225926181382	3.35698621679897e-05	3350	0.9462365527300982	False
SHARPIN	1.0395185253222214	0.14928182345915053	0.0001396510506257	1059	0.9462365527300982	False
FAM171A1	1.0376477090368372	0.1497170489051376	4.17767121598244e-05	2857	0.9462365527300982	False
UBE2Q1	1.0367192108503265	0.14993336811330482	3.05101949652067e-05	3571	0.9462365527300982	False
NMB	1.0366756557951198	0.14994352057753646	4.15291940488086e-06	7580	0.9462365527300982	False
WASHC5	1.034072452723818	0.150551146654203	7.96160022304984e-06	6537	0.9462365527300982	False
GYPA	1.0332810533711538	0.15073619560050233	3.72928866887667e-05	3110	0.9462365527300982	False
ABCC2	1.0325407775309263	0.15090942762231768	6.47456107081505e-06	6914	0.9462365527300982	False
TRIM35	1.0325161014599176	0.1509152043534034	2.03047988447456e-05	4540	0.9462365527300982	False
AURKB	1.0315044738267056	0.15115215566492995	0.0004691862653547	267	0.9462365527300982	False
AMER1	1.0314140525868452	0.15117334687666634	6.56071453930223e-05	2035	0.9462365527300982	False
IFT140	1.0314015308635605	0.15117628163599406	4.08247987136754e-05	2896	0.9462365527300982	False
WDR45B	1.030983693213824	0.15127423341680224	2.7767783672162e-05	3778	0.9462365527300982	False
GARRE1	1.0307898760259409	0.15131968342812885	4.36336569930679e-06	7524	0.9462365527300982	False
WNT16	1.0295479374946896	0.15161113278330657	3.8168479644646e-06	7697	0.9462365527300982	False
UHRF1	1.026798168326539	0.1522577560318546	0.0002873047028404	526	0.9462365527300982	False
DDN	1.0265370213064164	0.1523192612387409	1.42764867812473e-05	5328	0.9462365527300982	False
THEMIS	1.0254261261624134	0.15258108294981326	1.51326232380265e-05	5208	0.9462365527300982	False
BRD7	1.024162876438947	0.15287917502337017	0.0001694644328445	901	0.9462365527300982	False
CEP350	1.0233602331121117	0.15306877719567186	8.43966129258688e-05	1677	0.9462365527300982	False
CRK	1.0227371719966962	0.15321606547588046	0.0003749217706929	367	0.9462365527300982	False
INTS2	1.0214934786793812	0.15351034860082224	5.3341976518922e-05	2374	0.9462365527300982	False
UBD	1.0200067482129531	0.1538626301613319	4.64919910099365e-05	2621	0.9462365527300982	False
SLCO1C1	1.0199145136009193	0.15388450281322158	1.81511881155643e-05	4794	0.9462365527300982	False
FRMPD4	1.0199145136009193	0.15388450281322158	1.86740521786946e-05	4733	0.9462365527300982	False
CCNH	1.0191534309174572	0.1540650656260017	0.0001218255206887	1207	0.9462365527300982	False
PALS1	1.0186917893676668	0.15417465589105817	8.21703416249034e-06	6473	0.9462365527300982	False
RSF1	1.0171060699076715	0.15455148653130546	8.53135176760874e-05	1654	0.9462365527300982	False
CYB5D2	1.016945641144929	0.15458964473107545	2.71451437367688e-05	3826	0.9462365527300982	False
PLEKHO1	1.0166025028661787	0.15467128153764542	0.0001038336700105	1394	0.9462365527300982	False
ORC6	1.0164438088420475	0.15470904642539168	4.08097507998284e-05	2898	0.9462365527300982	False
PTGR2	1.015507247009525	0.15493204689473183	2.56966991051741e-06	8166	0.9462365527300982	False
MPP7	1.0119588235831785	0.155778870848662	6.52918731490032e-05	2042	0.9462365527300982	False
CERK	1.0103811925887591	0.15615634749649016	2.86948220892008e-05	3706	0.9462365527300982	False
SETD2	1.009457153169559	0.15637772022424923	7.58562052816844e-05	1818	0.9462365527300982	False
CFAP52	1.008564999709185	0.15659165002979963	6.94216300087682e-06	6795	0.9462365527300982	False
ARC	1.0083306705072073	0.1566478718488848	1.13560057888631e-05	5820	0.9462365527300982	False
MAP3K7	1.0082287372811762	0.15667233249238827	0.0003468687999746	405	0.9462365527300982	False
TXN	1.0081723661141158	0.15668586081008945	0.0001471331839404	1015	0.9462365527300982	False
ANAPC5	1.0081638242296707	0.1566879108139108	0.0001580610710376	955	0.9462365527300982	False
KRT33B	1.0075769496372913	0.15682879966142532	3.40726587961012e-05	3317	0.9462365527300982	False
GTF2H1	1.0069329932020352	0.15698348782693222	0.0001522541876333	985	0.9462365527300982	False
MYL12A	1.0065480895103727	0.1570759954783884	2.52958607407195e-05	4007	0.9462365527300982	False
PPP6C	1.0057243392252058	0.15727409585567131	0.0001096103507443	1341	0.9462365527300982	False
FRA10AC1	1.0051169703381444	0.15742026470395637	1.25494449102378e-05	5611	0.9462365527300982	False
ORC3	1.0048210055404097	0.15749152367026442	4.62669301273311e-05	2628	0.9462365527300982	False
BTBD2	1.0046569392671847	0.15753103477309377	5.51873208868156e-05	2317	0.9462365527300982	False
SMARCA4	1.0036262116688393	0.15777940774946575	0.0008200961434984	124	0.9462365527300982	False
EGFR	1.0031220921083952	0.15790097833993283	0.002311095949674	29	0.9462365527300982	False
PARS2	1.0007465114624678	0.1584746874346613	1.38734065135165e-05	5403	0.9462365527300982	False
E2F7	1.0002909876464843	0.15858485368410263	1.13459010489255e-05	5824	0.9462365527300982	False
PECR	0.9994190598890993	0.15879586526251244	1.41752352099105e-05	5348	0.9462365527300982	False
AIFM1	0.9993313241759944	0.15881710800092147	0.0005548583098334	210	0.9462365527300982	False
IRGQ	0.9985130024402961	0.15901533132644263	2.56458416303278e-05	3964	0.9462365527300982	False
CCDC102B	0.997757988642846	0.15919836319024577	1.55279711468799e-05	5143	0.9462365527300982	False
UBR7	0.996626170934506	0.15947299893503686	1.02660796605271e-05	6042	0.9462365527300982	False
NR4A1	0.9964509601170758	0.1595155415734768	0.0001766178429611	863	0.9462365527300982	False
S100A8	0.995779141615724	0.15967873351871226	6.48599690057441e-05	2056	0.9462365527300982	False
RFXANK	0.994595151655771	0.15996660325505746	3.14039363964574e-05	3503	0.9462365527300982	False
PGK1	0.9935281593127452	0.16022631731435416	0.0002057788846207	748	0.9462365527300982	False
BATF2	0.9912897557506939	0.16077205688733315	3.93845027219695e-06	7649	0.9462365527300982	False
JUNB	0.9912897557506829	0.1607720568873358	0.000123779865243	1187	0.9462365527300982	False
ANAPC4	0.9907527674659824	0.1609031589565561	0.0001649599729963	914	0.9462365527300982	False
THSD4	0.9900468865530263	0.16107560115562547	9.08494241270282e-06	6291	0.9462365527300982	False
VSNL1	0.9897193732357532	0.1611556515110094	8.13640534758576e-06	6497	0.9462365527300982	False
NCK2	0.9880835734612713	0.1615558599563695	0.0002271477005432	686	0.9462365527300982	False
TRABD	0.9870741111830311	0.16180315411437113	1.26924919672125e-05	5593	0.9462365527300982	False
CYSLTR2	0.986901739534375	0.16184540569557787	2.14123992168611e-05	4406	0.9462365527300982	False
GUF1	0.9854110369727958	0.16221110523249083	2.84445805333934e-05	3734	0.9462365527300982	False
CPPED1	0.9850725851969593	0.16229420919392468	5.67806639345672e-06	7139	0.9462365527300982	False
MTCL2	0.9849822749321167	0.16231638879678933	2.55875460285179e-06	8172	0.9462365527300982	False
TSNAX	0.9849822749321097	0.16231638879679094	8.07628472677992e-05	1739	0.9462365527300982	False
TMUB1	0.9837647418562194	0.16261559945999293	3.79238727484154e-05	3075	0.9462365527300982	False
RAD54L2	0.9817024901026551	0.16312321915218753	4.99854200093762e-05	2493	0.9462365527300982	False
GTF3C4	0.9804326837204335	0.16343629152038613	6.55002322529916e-05	2037	0.9462365527300982	False
MCM3	0.9799475447449566	0.16355600611523063	0.0002381712616701	652	0.9462365527300982	False
GPR3	0.979759665280108	0.1636023832028467	4.03702358067202e-06	7620	0.9462365527300982	False
KHDC4	0.9796255521393717	0.16363549357000495	8.92029391703384e-06	6330	0.9462365527300982	False
DOCK7	0.9795671640831617	0.16364990999680384	0.0001475528201576	1013	0.9462365527300982	False
GBP2	0.978438179527347	0.16392882643531498	2.24818702370406e-05	4274	0.9462365527300982	False
GBP7	0.9784381795273324	0.16392882643531864	2.21609142284703e-06	8304	0.9462365527300982	False
GBP6	0.9784381795273301	0.1639288264353192	7.9697957266798e-07	9087	0.9462365527300982	False
SOCS4	0.9771458638313537	0.16424847234348078	2.2626911566075e-05	4257	0.9462365527300982	False
CAD	0.9768715190047309	0.1643163817311017	0.0001965479127812	789	0.9462365527300982	False
APEX2	0.9768156386020905	0.16433021620406235	2.42417024069312e-05	4108	0.9462365527300982	False
DECR1	0.9764063777331546	0.1644315611201717	9.07149484033243e-06	6293	0.9462365527300982	False
PARK7	0.9756757521115306	0.1646125860161362	0.0002382042842133	651	0.9462365527300982	False
PRXL2C	0.9751006388902282	0.16475517087570202	2.62666344391029e-06	8150	0.9462365527300982	False
ICA1	0.9751006388902268	0.16475517087570235	2.62666344391029e-06	8148	0.9462365527300982	False
AMIGO1	0.9751006388902267	0.16475517087570235	2.62666344391029e-06	8147	0.9462365527300982	False
ICA1L	0.9751006388902267	0.16475517087570235	2.62666344391029e-06	8149	0.9462365527300982	False
SNX1	0.9745156872383272	0.16490027697384635	0.0001406768853427	1049	0.9462365527300982	False
B4GALT6	0.9730283082732375	0.165269616474241	5.49252513161214e-06	7192	0.9462365527300982	False
CISD3	0.9717193010729711	0.16559510601275107	7.72136948110531e-06	6600	0.9462365527300982	False
TIGD3	0.9708240315939712	0.16581795668295346	6.83432919129265e-06	6824	0.9462365527300982	False
NAT16	0.9708240315939597	0.1658179566829563	1.19600761489719e-06	8794	0.9462365527300982	False
USP13	0.9673056605233067	0.1666956274080333	0.0001785521011081	855	0.9462365527300982	False
ATAD3C	0.9672989743410434	0.16669729814968087	7.0639177059092e-06	6757	0.9462365527300982	False
LAMA3	0.9669236423132606	0.16679110335672953	1.21678175108015e-05	5672	0.9462365527300982	False
AGO2	0.9666247523537522	0.16686582806241218	0.0005200633896801	228	0.9462365527300982	False
IGHG3	0.9665824123091222	0.1668764151334569	9.11414895759792e-06	6285	0.9462365527300982	False
CHAC2	0.9650138914708029	0.16726892698738471	3.44912936206152e-06	7842	0.9462365527300982	False
LPAR2	0.9645513580760953	0.16738478639685905	9.86808350871839e-06	6133	0.9462365527300982	False
CTU1	0.9622130029228938	0.16797130939084948	3.21876349472211e-05	3444	0.9462365527300982	False
APBB1	0.9621524058031289	0.1679865263577962	0.0001208260989971	1221	0.9462365527300982	False
ZBTB2	0.9606756784909862	0.16835763194450087	6.52930318635713e-05	2041	0.9462365527300982	False
VCAN	0.9603894247183824	0.16842962925825639	6.46483889579923e-06	6915	0.9462365527300982	False
GMPS	0.9578728972912353	0.16906342731343693	4.60869614913231e-05	2643	0.9462365527300982	False
SNX25	0.9564978169305003	0.1694103933885156	6.8369551330068e-06	6821	0.9462365527300982	False
NR2F2	0.956234950819145	0.16947677286746166	7.03307796911192e-05	1928	0.9462365527300982	False
SGSH	0.9559367336320039	0.16955209947563488	5.26093021026366e-06	7254	0.9462365527300982	False
ARHGEF35	0.9554010813864505	0.16968745368159466	7.68181492167504e-06	6611	0.9462365527300982	False
EPC2	0.9552066588290808	0.16973659954329418	0.0001191484615031	1240	0.9462365527300982	False
PSKH2	0.9541253469601959	0.17001009859383015	4.0498528032972e-05	2921	0.9462365527300982	False
MIF	0.9535872694057294	0.1701463011607774	6.3525025989393e-05	2084	0.9462365527300982	False
AKR1D1	0.9532769034681049	0.17022489530062107	1.5181366741701e-05	5201	0.9462365527300982	False
PKN3	0.953236206732594	0.17023520268241454	5.23029427279624e-05	2410	0.9462365527300982	False
MIB2	0.9531118543018454	0.17026670026558705	6.11887055296656e-05	2154	0.9462365527300982	False
CHD3	0.9513756821369923	0.17070685019680393	0.0005287201781206	224	0.9462365527300982	False
MAT1A	0.9503361744487842	0.17097073178359135	8.88102641438115e-06	6336	0.9462365527300982	False
DNAJC19	0.9494290617381174	0.17120121768131202	4.55051197704132e-05	2666	0.9462365527300982	False
FAM171A2	0.9492787087440162	0.17123943966695465	5.20071644788116e-05	2419	0.9462365527300982	False
SEPTIN4	0.9491788806419924	0.17126482048113817	3.82001914193234e-06	7692	0.9462365527300982	False
SH2D1A	0.9490093057425317	0.17130793959525348	3.9108635908591e-05	3010	0.9462365527300982	False
SLAMF6	0.9490093057425298	0.17130793959525398	2.91519699181344e-06	8041	0.9462365527300982	False
PSTPIP2	0.9482318578184947	0.17150571609881538	1.48985954202946e-05	5239	0.9462365527300982	False
EPHB1	0.9472425872607018	0.171757589453999	3.64954042752157e-05	3164	0.9462365527300982	False
MINDY3	0.9456718141602563	0.17215800146219934	3.05782906856036e-05	3565	0.9462365527300982	False
HOXC8	0.9444910195056502	0.17245939442732988	9.63769841442699e-06	6177	0.9462365527300982	False
SYNM	0.9440423874176004	0.17257399408431134	2.53485087827231e-05	3999	0.9462365527300982	False
PCGF2	0.9431638642777788	0.17279854675234313	0.0001223051920287	1202	0.9462365527300982	False
CDKN2A	0.943064299361654	0.17282400753251953	0.0003913825433554	342	0.9462365527300982	False
TDRD7	0.9430642993616223	0.17282400753252758	3.80510806981192e-06	7703	0.9462365527300982	False
CRELD2	0.9430642993616221	0.1728240075325277	3.80510806981192e-06	7702	0.9462365527300982	False
JADE2	0.943056305024407	0.17282605195132605	2.39845736459329e-05	4140	0.9462365527300982	False
RAB34	0.9416564583520012	0.17318427709171164	9.43392486173942e-06	6218	0.9462365527300982	False
LRRN2	0.9399952314803633	0.17361000332976922	8.98019339227011e-06	6316	0.9462365527300982	False
BRD8	0.9394431841524725	0.17375162499209357	0.0001618258827413	935	0.9462365527300982	False
STK35	0.9375826365968908	0.17422946899058717	4.61769084610001e-05	2636	0.9462365527300982	False
TM2D3	0.9364438672087451	0.17452235046919956	1.02371309366937e-05	6046	0.9462365527300982	False
NCK1	0.9357610640076773	0.1746981113132564	0.0002820271746588	541	0.9462365527300982	False
CDK9	0.9355802027678672	0.17474468574920932	0.000569156016552	202	0.9462365527300982	False
PEX6	0.9343617635215173	0.17505865721289499	2.88859565570083e-05	3690	0.9462365527300982	False
LPCAT4	0.931246015920684	0.17586315986950518	1.07819023500073e-05	5931	0.9462365527300982	False
PCK2	0.9296800094958123	0.17626839388786408	6.89459094140757e-05	1957	0.9462365527300982	False
GPR141	0.9282878295006648	0.1766291427464995	8.9552354044736e-06	6323	0.9462365527300982	False
CCL18	0.9273866831806797	0.17686290114962078	1.4450682780201e-06	8689	0.9462365527300982	False
PITPNM3	0.927386683180669	0.1768629011496235	1.17964756964759e-05	5738	0.9462365527300982	False
PGR	0.9271230537550784	0.17693132388082627	0.000134507501813	1097	0.9462365527300982	False
USP1	0.9269397055465685	0.17697892017957162	0.0001688132260117	903	0.9462365527300982	False
CEP70	0.9258585550144631	0.17725974606323258	8.45455801702881e-05	1671	0.9462365527300982	False
LAMP3	0.924788956870689	0.17753784799948086	0.0001367048997554	1080	0.9462365527300982	False
GAREM1	0.9241160204375496	0.17771295656121638	6.36834553779978e-06	6943	0.9462365527300982	False
MIB1	0.924106741580585	0.17771537182597463	0.0001840875798213	832	0.9462365527300982	False
PTH2	0.922854356783091	0.17804155468634741	1.75766791679418e-06	8515	0.9462365527300982	False
AMD1	0.9228543567830543	0.17804155468635696	3.40893945940683e-05	3316	0.9462365527300982	False
PRKD1	0.9226609999365254	0.17809194797616745	9.7637635962137e-05	1459	0.9462365527300982	False
PIAS4	0.9213943680351674	0.1784222840501129	0.0001866395517558	820	0.9462365527300982	False
TRIM47	0.9196830413181638	0.1788692086505797	0.0001579305211353	957	0.9462365527300982	False
PPFIA2	0.9182590923702656	0.17924161916638864	1.553019594726e-05	5142	0.9462365527300982	False
PRKAB2	0.915766359644297	0.17989472561045666	0.0002416138626021	642	0.9462365527300982	False
PDF	0.9150343120243237	0.18008680872031374	8.89891714473655e-06	6333	0.9462365527300982	False
ZBTB5	0.9121975800913336	0.18083235879682658	3.75446850794478e-05	3096	0.9462365527300982	False
PIGM	0.9111810467695498	0.1810999943478651	1.79894304666241e-05	4816	0.9462365527300982	False
RAD21	0.9110819593411846	0.18112609561164955	0.0002956116402136	505	0.9462365527300982	False
LILRB2	0.910138072254346	0.1813748491766538	1.16223499471282e-05	5770	0.9462365527300982	False
SEPHS2	0.9093714516833986	0.18157704296498656	1.44037776673013e-05	5305	0.9462365527300982	False
SAMD7	0.9090753790544558	0.18165516894474693	6.16595997876161e-06	6995	0.9462365527300982	False
IL22RA1	0.9054978245370762	0.18260085593186026	7.04201178212817e-06	6762	0.9462365527300982	False
ATF6	0.9053344394438094	0.18264411825973575	6.12447351078894e-05	2151	0.9462365527300982	False
DAAM2	0.9048915511286005	0.1827614217284258	5.9420204498902e-06	7063	0.9462365527300982	False
DNAJB11	0.9035404259275792	0.18311957147393287	0.0002546823841259	604	0.9462365527300982	False
PDIK1L	0.9029285298062737	0.18328191388198245	2.96594324992497e-05	3633	0.9462365527300982	False
KRT38	0.9026051993959788	0.18336773303434067	0.0001006774404549	1433	0.9462365527300982	False
TRAF2	0.8987730098614264	0.18438678957547017	0.0007878835483253	135	0.9462365527300982	False
EPC1	0.8985934182986302	0.18443463286574457	0.0001306706716024	1129	0.9462365527300982	False
SMG7	0.8982281007476055	0.18453197748882894	5.2554713565875e-05	2398	0.9462365527300982	False
CFAP46	0.8972557048377638	0.18479124340369169	9.98974446571756e-06	6097	0.9462365527300982	False
QRICH1	0.8966831144095233	0.18494401669699945	4.83723756864266e-05	2554	0.9462365527300982	False
HPD	0.8966490149249069	0.18495311728221908	9.48952184893631e-06	6203	0.9462365527300982	False
KCNT2	0.8960834413731509	0.18510410003477223	9.63798655922607e-06	6176	0.9462365527300982	False
MARCHF7	0.8957229635421717	0.1852003713736547	2.79585568296896e-06	8085	0.9462365527300982	False
ING3	0.8951330964286937	0.18535797182883484	0.0001467239303639	1018	0.9462365527300982	False
TNKS2	0.8950710383795472	0.18537455731250024	0.0001824902803464	841	0.9462365527300982	False
TP53INP1	0.8946643456403358	0.18548327182905144	3.43872056529835e-05	3300	0.9462365527300982	False
SLIT2	0.8945378951719317	0.18551708182719184	9.4540447531543e-06	6214	0.9462365527300982	False
GOLT1B	0.8944553568465876	0.18553915277345445	1.37563486681759e-05	5420	0.9462365527300982	False
MLF2	0.8939733267464091	0.18566808132422485	0.0001226622625888	1197	0.9462365527300982	False
LCP2	0.8933817336203871	0.18582639063957757	9.46703891165272e-05	1507	0.9462365527300982	False
WASHC2A	0.8925386405550639	0.18605214553170468	1.11954938222842e-05	5852	0.9462365527300982	False
SLF2	0.890613771719217	0.18656820420999665	1.40548030104306e-06	8709	0.9462365527300982	False
NSMCE1	0.890613771719183	0.18656820421000586	3.50801818261688e-05	3253	0.9462365527300982	False
EHF	0.8905727284325763	0.1865792175864996	1.31711214526719e-05	5515	0.9462365527300982	False
RBM38	0.8898896235658228	0.1867625780709553	7.42578425965342e-06	6678	0.9462365527300982	False
SHOX2	0.889485609148849	0.18687107696729355	1.62564945985729e-06	8570	0.9462365527300982	False
OGFRL1	0.8894856091488489	0.18687107696729355	1.95816866755537e-06	8425	0.9462365527300982	False
CDK4	0.8894856091488244	0.1868710769673001	0.0002621623650318	590	0.9462365527300982	False
EPHA7	0.8889405790495507	0.1870175077028846	6.28318328265019e-05	2108	0.9462365527300982	False
TRAF6	0.8885865762489056	0.18711265402521865	0.0008319700398656	121	0.9462365527300982	False
RNF111	0.8878909194709038	0.1872997148498899	0.0001728987887246	883	0.9462365527300982	False
POLR2A	0.887198357508555	0.18748605829129528	0.0009821758318014	94	0.9462365527300982	False
C11ORF42	0.8871794306344956	0.1874911524382255	4.69839369170295e-06	7416	0.9462365527300982	False
PDCD5	0.8866716270467622	0.1876278591378397	5.30774791374919e-05	2384	0.9462365527300982	False
RDH13	0.8866683809217756	0.1876287332309215	9.90639154593582e-06	6124	0.9462365527300982	False
INTS9	0.88541972295181	0.18796514941997888	2.66357437281387e-05	3864	0.9462365527300982	False
HRAS	0.8852067158788957	0.18802257541578898	0.0006843087026253	163	0.9462365527300982	False
BAD	0.8828467158861008	0.1886595480497656	0.0001111419592896	1329	0.9462365527300982	False
FAM27E3	0.8814522477421654	0.18903654457006158	1.07538730699722e-05	5939	0.9462365527300982	False
PLEKHG6	0.8810130844105036	0.1891553690394378	1.79765961845796e-05	4817	0.9462365527300982	False
SLC15A5	0.8805691761882247	0.1892755240653755	1.74439653151212e-05	4891	0.9462365527300982	False
POLE4	0.8790801726147569	0.1896789037039336	1.91252350912971e-05	4675	0.9462365527300982	False
NUDT12	0.8776711287794894	0.1900611083463704	2.463773729548e-05	4069	0.9462365527300982	False
SEC24C	0.8764848301713114	0.1903832598321492	3.92462228431018e-05	2998	0.9462365527300982	False
TTC31	0.8757271488479296	0.1905891913113767	1.64160195593758e-05	5017	0.9462365527300982	False
SPATA8	0.8751806042698974	0.19073782244053428	4.58908556441795e-06	7457	0.9462365527300982	False
DAZAP2	0.8729544712673196	0.19134394709624547	6.1342690293089e-05	2149	0.9462365527300982	False
CILP2	0.8712150388269065	0.19181837500803872	6.58033057205924e-06	6886	0.9462365527300982	False
FBXO38	0.8700936803694017	0.19212460550761268	5.79290673678209e-05	2235	0.9462365527300982	False
PER2	0.8679277638145719	0.19271693941178303	5.64072746075144e-05	2283	0.9462365527300982	False
GOLIM4	0.866660547310001	0.1930640140732371	5.73483755798099e-05	2256	0.9462365527300982	False
BAK1	0.8664380391526901	0.19312499562513236	4.72890236341332e-05	2591	0.9462365527300982	False
CANT1	0.8662905787383101	0.19316541574475	1.95248805845621e-05	4632	0.9462365527300982	False
STYXL2	0.8654962346886995	0.19338324084395858	1.56493344701747e-06	8620	0.9462365527300982	False
NOVA2	0.8654962346886884	0.1933832408439617	7.13603948865356e-07	9159	0.9462365527300982	False
NOVA1	0.8654962346886843	0.1933832408439628	3.56801972513087e-06	7794	0.9462365527300982	False
EPM2AIP1	0.8639462350008851	0.1938087132277933	1.27795934973708e-05	5575	0.9462365527300982	False
IGF1R	0.8629780102141742	0.19407477867383305	0.0003451589892511	411	0.9462365527300982	False
NUMB	0.8612635673913626	0.1945464482690185	0.0002136524826687	721	0.9462365527300982	False
HNRNPCL1	0.8599763837231968	0.19490103039472467	2.38470922667649e-05	4149	0.9462365527300982	False
TYROBP	0.8599681308159602	0.1949033051008212	8.91237135430987e-06	6331	0.9462365527300982	False
ACADS	0.8582836035587746	0.19536794051934764	6.81458042287729e-06	6831	0.9462365527300982	False
SCG3	0.8578263465170315	0.19549417965140803	7.87605568564345e-06	6560	0.9462365527300982	False
SNX3	0.8576916483415956	0.1955313764521378	8.16752270156409e-05	1723	0.9462365527300982	False
LAT	0.8572232743363328	0.19566075103615377	0.0001007184248849	1432	0.9462365527300982	False
TEFM	0.8568446995023672	0.1957653592006569	9.75853769643336e-06	6152	0.9462365527300982	False
DCD	0.8567798342685152	0.19578328623063734	5.31309435303896e-05	2382	0.9462365527300982	False
GOLGA7	0.8559644007672464	0.19600873540277247	1.96461578270942e-05	4618	0.9462365527300982	False
RPS27	0.8550377951297058	0.19626511225729182	0.0002312722735193	674	0.9462365527300982	False
PPP2R1A	0.8541520458930663	0.19651037476594302	0.0004855931710341	252	0.9462365527300982	False
RFX5	0.8540145784033752	0.19654845592950104	1.12936458578271e-05	5828	0.9462365527300982	False
PPP1R9B	0.8536080229023789	0.19666110585999308	0.0001157459294091	1279	0.9462365527300982	False
CPSF3	0.8519367589681619	0.19712459665527843	7.09744240424498e-05	1916	0.9462365527300982	False
CDK16	0.8516917900411266	0.1971925892678797	9.05404292675003e-05	1576	0.9462365527300982	False
DOHH	0.8516630644155939	0.197200563168986	5.17806546054865e-06	7277	0.9462365527300982	False
STAG2	0.8515295476261912	0.19723762844465853	0.0001465186602528	1019	0.9462365527300982	False
ACACA	0.851486980867064	0.19724944618653628	0.0001246009904831	1181	0.9462365527300982	False
TCF4	0.8508024434281285	0.19743955205880637	0.0001364402996563	1083	0.9462365527300982	False
S100B	0.8503508325848022	0.19756503150863514	4.86985951541084e-05	2539	0.9462365527300982	False
PDIA4	0.848244462517339	0.1981509200482241	0.0001819829567263	844	0.9462365527300982	False
LILRB1	0.8459487395653069	0.19879067048879107	8.62501411645805e-06	6387	0.9462365527300982	False
HCK	0.8436531435647245	0.19943162909152512	9.90757450066444e-05	1445	0.9462365527300982	False
TIPIN	0.8433891096715691	0.19950543029203177	2.60460367661728e-05	3922	0.9462365527300982	False
CAPN8	0.8431902056151993	0.19956103763846617	2.40292365702166e-06	8238	0.9462365527300982	False
CAPN1	0.8431902056151919	0.19956103763846822	0.0001337476373224	1103	0.9462365527300982	False
FHL5	0.8422586507212725	0.19982159534122718	3.38045072175842e-05	3333	0.9462365527300982	False
TOP2B	0.842225695217434	0.1998308168052334	0.0001817254468425	845	0.9462365527300982	False
STUB1	0.8418184553727326	0.19994478998870724	0.000715431873457	154	0.9462365527300982	False
TCEAL2	0.8408032357201936	0.20022908707199716	1.58933666736697e-05	5088	0.9462365527300982	False
LMNA	0.8396470490571601	0.20055315554013392	0.001149765051569	71	0.9462365527300982	False
WDR19	0.8386359505242285	0.20083681513255036	5.04592445867672e-05	2474	0.9462365527300982	False
HGFAC	0.8384257107725022	0.20089582726418315	9.3698221754098e-06	6228	0.9462365527300982	False
FGGY	0.8382076046510042	0.2009570583988849	8.35648158926351e-06	6440	0.9462365527300982	False
BEGAIN	0.8378801960149419	0.2010489961489516	1.246003633136e-05	5629	0.9462365527300982	False
LRP10	0.837685470943693	0.20110368774721538	3.82118713276122e-05	3067	0.9462365527300982	False
COASY	0.8369464039784069	0.2013113475139055	2.68191389304023e-05	3850	0.9462365527300982	False
FLT3	0.8362337179337334	0.20151171657845673	2.84950918982813e-05	3730	0.9462365527300982	False
PDK1	0.8352914382364848	0.2017768184203541	0.0001165978249507	1273	0.9462365527300982	False
POTEF	0.8345746633428575	0.20197861631925523	8.77515363559657e-05	1612	0.9462365527300982	False
MELK	0.8345519799521277	0.2019850044804794	5.30738473230996e-05	2385	0.9462365527300982	False
UBE2N	0.8344401045346842	0.20201651292381467	0.0002658353140421	579	0.9462365527300982	False
RFXAP	0.8336943129396024	0.20222663183273254	5.90332581171551e-06	7076	0.9462365527300982	False
USP8	0.8319238020088563	0.20272597791601066	0.0001725457401686	885	0.9462365527300982	False
MID2	0.831899344082738	0.20273288106286935	7.62650702587869e-05	1808	0.9462365527300982	False
BMPR1A	0.8313337522724995	0.20289255615170237	0.0001057248884838	1379	0.9462365527300982	False
CDC37	0.8313196101924819	0.20289654963634046	0.0010255653279228	85	0.9462365527300982	False
TLR4	0.8305217833005852	0.20312191851104455	4.54976740347878e-05	2667	0.9462365527300982	False
ITLN1	0.8302248924654194	0.20320582190276398	1.11208054712594e-05	5866	0.9462365527300982	False
ITLN2	0.8302248924654057	0.2032058219027678	1.5569127718194e-06	8622	0.9462365527300982	False
NPR2	0.827818996596442	0.20388650735944602	6.02325348530933e-06	7045	0.9462365527300982	False
CST3	0.8252789486712045	0.2046066202611101	7.42214582489217e-06	6679	0.9462365527300982	False
TRMT13	0.8244767118827669	0.20483437140358945	4.85284330830134e-06	7366	0.9462365527300982	False
TUBB	0.8243356143713685	0.20487444388810805	0.0004267277083317	307	0.9462365527300982	False
CLIC2	0.8214259048209128	0.20570185652339557	8.52201839748979e-06	6411	0.9462365527300982	False
CHAF1A	0.8207578763574909	0.20589209839992095	0.0002218424711425	698	0.9462365527300982	False
HAGH	0.8201856931893128	0.20605512830516587	1.03517861185192e-05	6016	0.9462365527300982	False
XAGE1A	0.8201517671613205	0.20606479711864756	4.1954032295689e-05	2849	0.9462365527300982	False
ZNF44	0.8181130414781768	0.20664632137728678	7.42848719079257e-06	6677	0.9462365527300982	False
DNAJA1	0.8176956761596225	0.20676549001293648	0.0002903368122838	518	0.9462365527300982	False
ZNG1B	0.8174576181112375	0.206833479984939	3.85662911991474e-06	7677	0.9462365527300982	False
ZNG1F	0.8174576181112331	0.20683347998494028	8.99880134892933e-07	8990	0.9462365527300982	False
TRIL	0.8171952781509185	0.20690842025713657	1.75930877974791e-06	8514	0.9462365527300982	False
TLR3	0.8171952781509119	0.20690842025713846	4.07591410997407e-05	2901	0.9462365527300982	False
MCM7	0.8170670523193961	0.20694505521121392	0.0003630815869306	379	0.9462365527300982	False
MRGBP	0.8162044210780712	0.20719161432923422	0.0001535225382929	979	0.9462365527300982	False
SPATA19	0.8153103234648214	0.20744735050936514	6.39461771526277e-06	6937	0.9462365527300982	False
DLG1	0.8144257804274256	0.2077005373342592	0.0001609943141643	940	0.9462365527300982	False
ANO9	0.8144257804274141	0.20770053733426247	1.85816406161296e-06	8470	0.9462365527300982	False
KANK4	0.8144042999863154	0.20770668804930836	1.45210371232783e-05	5287	0.9462365527300982	False
WWP1	0.8137459763947259	0.20789524477362326	0.0002314073031496	672	0.9462365527300982	False
TIMM8B	0.8128450835519223	0.2081534418008616	1.45075847409778e-05	5289	0.9462365527300982	False
USP12	0.8120840676511596	0.2083716972948892	7.74459191408153e-05	1790	0.9462365527300982	False
C8ORF33	0.8099987722778542	0.2089704406809359	2.2819201247683e-05	4239	0.9462365527300982	False
GON7	0.8092274250397763	0.20919217134476253	3.01796078202797e-06	7999	0.9462365527300982	False
SNX27	0.8080024349164491	0.20954459021944383	0.0002116889741573	726	0.9462365527300982	False
SUSD5	0.8068586769193297	0.2098739543785061	1.430992756693e-05	5321	0.9462365527300982	False
MET	0.8050359858682631	0.2103994569876112	0.000252193768408	610	0.9462365527300982	False
OSBPL10	0.8048394717835002	0.2104561603323733	7.36202282948856e-06	6698	0.9462365527300982	False
PHF13	0.8047772128231195	0.21047412677464516	2.34575253222064e-06	8261	0.9462365527300982	False
SLC25A21	0.8047772128231195	0.21047412677464516	2.34575253222064e-06	8262	0.9462365527300982	False
CELSR2	0.8042962847815499	0.21061294140249648	3.75732080451617e-05	3094	0.9462365527300982	False
DTWD2	0.8007949687455514	0.21162517609298748	4.27703065682261e-06	7551	0.9462365527300982	False
CALM1	0.8007262061451602	0.2116450839147061	0.0003980209551122	334	0.9462365527300982	False
FAM20B	0.8006753942328468	0.2116597954426821	4.0716518944453e-05	2906	0.9462365527300982	False
MBTD1	0.7984297293124082	0.2123105783924853	0.000138409863942	1070	0.9462365527300982	False
CBARP	0.7975521858253247	0.2125652037256509	3.41701369477795e-06	7853	0.9462365527300982	False
RAD9A	0.797158311511935	0.21267954705975944	0.0001717792013856	891	0.9462365527300982	False
KCNJ6	0.7962981324559604	0.2129293854070497	3.39366222462159e-06	7862	0.9462365527300982	False
PER1	0.794387649149934	0.21348489605814053	6.95366304383691e-05	1946	0.9462365527300982	False
TADA2B	0.7943185326921952	0.2135050088480253	8.78569845292585e-05	1611	0.9462365527300982	False
PAK1	0.7922516080581085	0.2141069910601392	0.0001513244565161	990	0.9462365527300982	False
SLC27A4	0.7918691884842152	0.2142184771684611	2.25638075632153e-05	4264	0.9462365527300982	False
ASAP2	0.7899018671639014	0.2147925404334013	1.5037795275486e-05	5218	0.9462365527300982	False
RNF126	0.7883463641515941	0.21524706740108324	0.0001323994034934	1118	0.9462365527300982	False
CRYM	0.788346364151584	0.21524706740108618	1.98465368930877e-06	8411	0.9462365527300982	False
BSG	0.7880153642045469	0.2153438594782166	0.0003435218230092	415	0.9462365527300982	False
PPP1R13L	0.7878208214437337	0.21540076008439824	8.43582484054352e-05	1681	0.9462365527300982	False
EEF1A2	0.7877038394822268	0.21543497961220737	0.0001645002075208	919	0.9462365527300982	False
SMC6	0.7874764112309912	0.21550151587955585	4.80145302442428e-05	2566	0.9462365527300982	False
GPT2	0.7860223917887654	0.21592718449792003	1.15864772541829e-05	5779	0.9462365527300982	False
AHSA1	0.7857271460073594	0.21601367806619554	0.0001487352448506	1008	0.9462365527300982	False
NONO	0.7848969267776693	0.2162570020340847	0.0003914349060766	341	0.9462365527300982	False
RFFL	0.7843911418289744	0.21640531725929074	5.06638099330236e-05	2467	0.9462365527300982	False
CBX3	0.7834478918152348	0.21668207095390024	0.0005155473185699	233	0.9462365527300982	False
U2AF1	0.7825364615322316	0.21694968295762634	0.0001116516755026	1320	0.9462365527300982	False
RIOK3	0.7824538798181654	0.21697393984026575	3.26105990988712e-05	3417	0.9462365527300982	False
SBDS	0.78212430902491	0.21707076090028743	4.619355186192e-05	2635	0.9462365527300982	False
MLST8	0.7811662051786775	0.21735237366965654	5.23645215561954e-05	2408	0.9462365527300982	False
RECQL4	0.7802800245509274	0.21761303395260134	0.0005037223763287	242	0.9462365527300982	False
TREM1	0.7769571540825491	0.21859202462920657	6.14646267597779e-07	9262	0.9462365527300982	False
TREM2	0.7769571540825488	0.21859202462920668	1.02953249822628e-06	8904	0.9462365527300982	False
ZWINT	0.7768540153978216	0.21862245207000358	6.67789626493723e-05	2004	0.9462365527300982	False
GGT5	0.7760588753184969	0.21885711202122027	5.64228185709487e-06	7153	0.9462365527300982	False
BMP7	0.7754624303822256	0.2190332285887916	3.13473530215002e-05	3511	0.9462365527300982	False
AHR	0.7738479154287827	0.2195103666841257	0.0001168818233792	1270	0.9462365527300982	False
CFAP47	0.773546065850365	0.21959963858309722	2.70003617455878e-06	8119	0.9462365527300982	False
CIB4	0.773546065850365	0.21959963858309722	2.84468096962443e-06	8064	0.9462365527300982	False
CYP7B1	0.773546065850365	0.21959963858309722	2.70003617455878e-06	8120	0.9462365527300982	False
FBXL21P	0.773546065850365	0.21959963858309722	2.84468096962443e-06	8065	0.9462365527300982	False
RIDA	0.773546065850365	0.21959963858309722	2.55539137949313e-06	8173	0.9462365527300982	False
XYLT2	0.7731194650972399	0.21972584114523697	1.18204902589337e-05	5736	0.9462365527300982	False
HSPB6	0.7713638612338459	0.22024564471004282	2.22142604000593e-05	4311	0.9462365527300982	False
ICAM3	0.7708413630596923	0.22040048331751644	8.09473651248031e-06	6511	0.9462365527300982	False
C2CD5	0.7690068331163029	0.22094462704523032	2.83372954885547e-05	3745	0.9462365527300982	False
FBXO11	0.767326043542836	0.22144384387314464	5.78656291350056e-05	2241	0.9462365527300982	False
FKBP14	0.7666305497701982	0.22165060324499408	2.08804160503302e-05	4463	0.9462365527300982	False
SERPINA4	0.7666305497701937	0.22165060324499541	1.21071320286752e-06	8791	0.9462365527300982	False
SNAPC5	0.766549098245121	0.2216748247178179	4.8498695062445e-06	7370	0.9462365527300982	False
GTF2I	0.7664279606366294	0.2217108505518583	0.0001824878715879	842	0.9462365527300982	False
COL6A2	0.7659000849111027	0.2218678776978466	2.36468079304779e-05	4162	0.9462365527300982	False
ULK4	0.7657574986124587	0.22191030372484538	3.47984819896977e-06	7833	0.9462365527300982	False
GYPB	0.7643556283934703	0.2223276716532051	8.21427204467218e-05	1715	0.9462365527300982	False
MYH11	0.7633360678458753	0.22263149857001358	3.09455999764476e-05	3539	0.9462365527300982	False
LRRC45	0.7627935197623356	0.2227932732069418	1.87670481260809e-06	8461	0.9462365527300982	False
GPX1	0.7624098703621907	0.22290770854228698	1.48536992424173e-05	5246	0.9462365527300982	False
TRMT61B	0.7618624127594834	0.22307106272329874	0.000140306638642	1052	0.9462365527300982	False
EMILIN2	0.7615406875766898	0.22316709309859606	8.1435371500841e-06	6495	0.9462365527300982	False
GYG2	0.7597110854987098	0.22371365048915082	1.18559559825656e-05	5731	0.9462365527300982	False
SATB2	0.7594766296928016	0.22378374448651467	5.47846311878708e-05	2324	0.9462365527300982	False
STAT3	0.7577818417994692	0.22429079728268936	0.000564985685135	205	0.9462365527300982	False
IL20RB	0.7572168470369453	0.22445997932251982	2.22164422476553e-05	4309	0.9462365527300982	False
NPHP1	0.7557457472459846	0.22490082505836978	2.85011067781531e-05	3729	0.9462365527300982	False
BIN3	0.7546535961765334	0.22522842810837607	8.72674361223278e-06	6360	0.9462365527300982	False
FAM200C	0.7537192302190321	0.225508916140303	3.22739412581633e-06	7918	0.9462365527300982	False
CPSF4L	0.7535220917582592	0.22556812053324155	7.28939607525874e-06	6714	0.9462365527300982	False
PTGFRN	0.7515966722506273	0.22614682257520557	1.12838122200567e-05	5831	0.9462365527300982	False
FST	0.749560747009413	0.22675964968106432	5.64385726580596e-06	7151	0.9462365527300982	False
ERCC6L	0.7492738975199391	0.22684606854245487	2.77459939123794e-05	3779	0.9462365527300982	False
PHLDB3	0.7490942102868098	0.2269002121999793	2.38599418355563e-05	4147	0.9462365527300982	False
TRAC	0.7489038952783675	0.22695756618425028	1.50102608082245e-05	5224	0.9462365527300982	False
ANKRD54	0.7481605618744874	0.22718165800428985	2.97328335496957e-05	3627	0.9462365527300982	False
TDG	0.7479280922138408	0.22725176594278074	9.29073975534644e-05	1534	0.9462365527300982	False
SIX1	0.7457392209770356	0.22791248082000692	2.09518138659772e-05	4457	0.9462365527300982	False
DHRS2	0.7457106910474209	0.22792109976175357	1.56081960239498e-05	5134	0.9462365527300982	False
IGLL5	0.7440605484439822	0.22841992265656014	1.69900917051945e-05	4941	0.9462365527300982	False
IGLC7	0.7440605484439734	0.22841992265656275	1.33828534767084e-06	8732	0.9462365527300982	False
IGLL1	0.7440605484439734	0.22841992265656275	1.33828534767084e-06	8733	0.9462365527300982	False
SOS1	0.7440124774195498	0.2284344632733789	0.0001145494619647	1287	0.9462365527300982	False
ZDHHC23	0.7430352209810968	0.22873017843074817	7.9889760324455e-06	6529	0.9462365527300982	False
SUPT7L	0.7429539790358625	0.22875477169659914	6.18362150448998e-05	2139	0.9462365527300982	False
ACAD10	0.741807803687227	0.22910189589735142	3.1291835637135e-05	3515	0.9462365527300982	False
PLAC1	0.7413991554710984	0.2292257282036631	2.14970320823153e-05	4392	0.9462365527300982	False
CHAD	0.7411829419811302	0.22929126236511055	1.17546829975614e-06	8804	0.9462365527300982	False
CNPY4	0.7411829419811227	0.22929126236511288	5.18765338464912e-06	7275	0.9462365527300982	False
CHTF18	0.7410659070884154	0.2293267399426701	5.89316461472612e-05	2210	0.9462365527300982	False
SMARCAL1	0.7407673427888106	0.22941725969288013	1.87071271362738e-05	4729	0.9462365527300982	False
MOCS3	0.738417522457342	0.23013038491272347	8.12109297230993e-06	6503	0.9462365527300982	False
LRP6	0.7380829038252057	0.23023203600117775	9.41848192744028e-05	1514	0.9462365527300982	False
SMG1	0.7360607017428609	0.23084687860367042	7.43141801012085e-05	1841	0.9462365527300982	False
SRI	0.7347428276118659	0.23124806605041154	3.3493279930987e-05	3356	0.9462365527300982	False
SNX2	0.7343671387618281	0.2313625045121822	0.0001125418592303	1309	0.9462365527300982	False
NCOA2	0.7341889964755652	0.2314167794146028	0.0001448248112874	1026	0.9462365527300982	False
CHRDL1	0.733755818172072	0.23154878617619173	8.81224185815482e-06	6346	0.9462365527300982	False
ETV1	0.7319764432497216	0.23209147301928407	3.59752641518666e-05	3202	0.9462365527300982	False
RTN4RL2	0.7306784083753565	0.23248780345500197	3.40822420023168e-06	7857	0.9462365527300982	False
HBD	0.7305563412690119	0.23252509369155683	1.81941619459135e-06	8485	0.9462365527300982	False
TNFSF8	0.7305563412689977	0.23252509369156116	7.50325279359477e-05	1832	0.9462365527300982	False
HSP90AA1	0.7305360078377614	0.23253130566730534	0.0017973061143421	37	0.9462365527300982	False
FABP1	0.7303651736459094	0.2325835001023715	8.64963261585583e-06	6383	0.9462365527300982	False
SULF1	0.7303504043902799	0.23258801281261804	8.69442525093247e-06	6371	0.9462365527300982	False
STAT2	0.7301987049501666	0.23263436702636453	8.0686261461959e-05	1741	0.9462365527300982	False
VSIG1	0.7270282976100492	0.23360431051462344	0.0001031190218654	1400	0.9462365527300982	False
APAF1	0.7267140660038948	0.2337005674398146	5.0063137346356e-05	2486	0.9462365527300982	False
GTF2H2	0.7243657724140509	0.2344206036352543	3.69400741692839e-05	3141	0.9462365527300982	False
ZFYVE1	0.7237763352854324	0.2346015299914529	1.46123636532319e-05	5276	0.9462365527300982	False
CD36	0.7233307795768006	0.23473834351739487	1.35394472974262e-05	5464	0.9462365527300982	False
SMAD2	0.7227807693934182	0.2349072919317065	0.0003130810718665	471	0.9462365527300982	False
ERCC3	0.7224564576158548	0.23500694331857336	0.0001394508518047	1062	0.9462365527300982	False
MAN2A1	0.7217321403038833	0.23522958884532263	5.2587834241779e-06	7256	0.9462365527300982	False
CSNK1G2	0.721250417120493	0.23537772862277195	1.91483514622382e-05	4671	0.9462365527300982	False
KLF13	0.7209817275202718	0.23546037856136515	1.16066457073293e-05	5774	0.9462365527300982	False
LGALS9C	0.7208407930844865	0.23550373692995225	1.34969066529989e-05	5469	0.9462365527300982	False
ACOT8	0.7205502492634709	0.2355931364094303	8.08094380477043e-06	6513	0.9462365527300982	False
ELF1	0.7202258526114487	0.23569297442161202	5.93181907342869e-06	7067	0.9462365527300982	False
WAPL	0.71919601490112	0.2360100772298266	3.63582216919926e-06	7758	0.9462365527300982	False
PDS5A	0.7191960149011069	0.23601007722983064	0.0001779436774293	857	0.9462365527300982	False
C2CD2L	0.7191046539721283	0.23603822000815589	2.6220447307055e-05	3905	0.9462365527300982	False
MEPE	0.7180736906010569	0.23635592561899382	1.28132010430869e-05	5571	0.9462365527300982	False
ATG2B	0.7177414369985898	0.23645836429837952	2.43161333299102e-05	4100	0.9462365527300982	False
PRR4	0.7168572460505471	0.23673109239674578	3.60675788692366e-06	7778	0.9462365527300982	False
DNAJB5	0.7152765454837031	0.2372190892418824	5.77733402512621e-05	2245	0.9462365527300982	False
P3H3	0.713522153533659	0.23776135477629895	2.23739321804677e-05	4288	0.9462365527300982	False
CSNK1D	0.7122719410572671	0.2381481978558912	0.0001904128133965	804	0.9462365527300982	False
COPS5	0.7122473446437217	0.2381558119819106	0.0007903479624933	132	0.9462365527300982	False
EID3	0.7119166173164094	0.23825820569775913	2.23004120305347e-05	4294	0.9462365527300982	False
TOMM22	0.711249189710801	0.23846491578600582	0.0002147567806966	715	0.9462365527300982	False
MAB21L1	0.7103802793838755	0.2387341744750054	8.64090166791539e-06	6385	0.9462365527300982	False
PCDH12	0.7089072935627682	0.23919100435174945	1.89226687768035e-05	4708	0.9462365527300982	False
NDUFA10	0.708669154320033	0.23926490537309664	7.80746381153244e-05	1779	0.9462365527300982	False
SPATA20	0.7086691543200165	0.2392649053731018	2.86903470594496e-06	8057	0.9462365527300982	False
CCL25	0.7086691543200095	0.2392649053731039	5.73806883171282e-07	9287	0.9462365527300982	False
TNFRSF12A	0.7080518160376578	0.2394565401417218	7.02823454878559e-06	6767	0.9462365527300982	False
SNX6	0.7079473133067684	0.23948898827705578	8.75410262549672e-05	1614	0.9462365527300982	False
RPGR	0.7068238296369507	0.23983798196069328	2.25597584885225e-05	4266	0.9462365527300982	False
DIP2B	0.7050418687877236	0.2403920904209832	2.04904517708549e-05	4508	0.9462365527300982	False
MTMR7	0.7032768669065257	0.24094161210196036	2.18241436329791e-05	4367	0.9462365527300982	False
SPC24	0.7010616894892169	0.24163225872452032	3.34996901177691e-05	3355	0.9462365527300982	False
TUBA1B	0.7000154873690875	0.24195881625737192	0.0001832039526864	838	0.9462365527300982	False
KRT1	0.6996693955272224	0.24206689671432674	6.78252297806574e-05	1979	0.9462365527300982	False
CTNNBIP1	0.6993443012050323	0.24216844373117802	2.25752010216638e-05	4262	0.9462365527300982	False
BTNL3	0.6988250782093637	0.24233067699737548	2.78999496297392e-06	8088	0.9462365527300982	False
MTPN	0.6983406761193512	0.24248208342125693	2.28566127267718e-05	4234	0.9462365527300982	False
NSUN4	0.6982334832359068	0.24251559492932906	5.09054579299415e-05	2459	0.9462365527300982	False
NEDD9	0.6981820425777502	0.24253167761551464	7.35835839597548e-05	1859	0.9462365527300982	False
PISD	0.697011719291482	0.2428977298484027	3.22341410107696e-06	7921	0.9462365527300982	False
KIF11	0.6964119525718748	0.24308543991000903	5.68382367658863e-05	2271	0.9462365527300982	False
GPR35	0.6956572668176059	0.24332174667407896	1.8795602303761e-05	4718	0.9462365527300982	False
KTI12	0.6956572668175878	0.24332174667408457	1.04859675518985e-06	8893	0.9462365527300982	False
DOCK5	0.6956475663824246	0.2433247848766255	2.57321991458361e-05	3956	0.9462365527300982	False
HOXB2	0.6951772999886966	0.243472098169836	3.28400915179497e-06	7898	0.9462365527300982	False
MYO18B	0.6951772999886966	0.243472098169836	2.09415076346346e-06	8373	0.9462365527300982	False
FAT4	0.6951772999886966	0.243472098169836	2.09415076346346e-06	8372	0.9462365527300982	False
CACNA1S	0.6951772999886965	0.24347209816983606	2.80806579646237e-06	8078	0.9462365527300982	False
KIF7	0.6947123681571107	0.2436177877357345	7.84251221218893e-05	1771	0.9462365527300982	False
CIAO3	0.6946713297304412	0.24363064966782544	4.79197402036857e-06	7388	0.9462365527300982	False
LAPTM4A	0.6932942260042115	0.24406246291709782	9.2469122037128e-06	6258	0.9462365527300982	False
LRWD1	0.6919635218490284	0.2444801186848039	5.40741426813918e-05	2353	0.9462365527300982	False
RNF220	0.6918191357162081	0.24452545896612082	1.78750877527907e-05	4827	0.9462365527300982	False
WDR53	0.6911568710782332	0.244733482009521	5.69366695265592e-06	7137	0.9462365527300982	False
ZNF621	0.690892641200274	0.24481650547899608	3.04974883790027e-06	7979	0.9462365527300982	False
PIR	0.690699255819718	0.24487727855932362	1.64973507827903e-05	5006	0.9462365527300982	False
EDF1	0.6906651916214286	0.244887984378361	2.8925697123762e-05	3684	0.9462365527300982	False
CAVIN3	0.6897442723686565	0.24517750963087626	1.13225374531758e-06	8830	0.9462365527300982	False
TIMM8A	0.6897442723686437	0.2451775096308803	1.70415743745333e-05	4933	0.9462365527300982	False
PRIMPOL	0.6893798071732089	0.2452921436512006	2.60658748972687e-05	3919	0.9462365527300982	False
DUS3L	0.6890164189557848	0.24540646761166118	4.64539482982592e-06	7434	0.9462365527300982	False
WTAP	0.6886718925019474	0.24551488399390953	5.83518127833261e-05	2229	0.9462365527300982	False
GABPA	0.6874915400943312	0.24588651503440834	2.97128803388863e-05	3630	0.9462365527300982	False
STK25	0.6872414350023713	0.24596529874985112	8.78925784037825e-05	1610	0.9462365527300982	False
BBOX1	0.6868512425388205	0.24608823737414015	2.19440416009129e-05	4346	0.9462365527300982	False
HTRA1	0.685742190341183	0.24643784830208998	3.11431159662943e-05	3525	0.9462365527300982	False
CIB1	0.6850677815816478	0.24665057491941433	3.97814433528437e-05	2967	0.9462365527300982	False
PRXL2B	0.6842411951064985	0.24691143654782288	5.04343038104471e-06	7312	0.9462365527300982	False
BCAR1	0.6826970937871703	0.2473991332632695	0.0001733865485738	878	0.9462365527300982	False
ARHGAP6	0.6822470780002257	0.24754136533798532	5.69982273714172e-06	7136	0.9462365527300982	False
SPZ1	0.6811607576089896	0.24788488790309593	1.76859425290176e-05	4859	0.9462365527300982	False
DYNLRB1	0.6811152882378083	0.24789927203865592	4.49426933435038e-05	2703	0.9462365527300982	False
ATG9B	0.6806914279981404	0.24803338072304043	1.39399050373552e-05	5394	0.9462365527300982	False
LAMTOR5	0.6800474146273755	0.2482372195608188	7.07006404845576e-05	1919	0.9462365527300982	False
GSE1	0.6794811982090995	0.24841650838941853	0.0001196151987606	1234	0.9462365527300982	False
PMPCA	0.6779577167562476	0.24889925156659598	0.0001096199644787	1339	0.9462365527300982	False
MAD2L2	0.6777735159326318	0.24895765280903476	0.0006440063334529	178	0.9462365527300982	False
FBLIM1	0.6772189313831495	0.24913352897893043	1.44743829105594e-05	5295	0.9462365527300982	False
RNPEPL1	0.6766456741529944	0.2493153962829459	2.11042980608642e-06	8366	0.9462365527300982	False
SNX17	0.6756341958418903	0.24963646239287957	2.72977359351663e-05	3817	0.9462365527300982	False
TMEM267	0.6750449613611222	0.24982359993950398	2.16615320289496e-06	8340	0.9462365527300982	False
ECPAS	0.6750449613611084	0.24982359993950837	3.74843761713217e-05	3102	0.9462365527300982	False
GPR18	0.6749170644520694	0.24986422911122597	1.0139459862425e-05	6068	0.9462365527300982	False
HUS1	0.6747491775443664	0.2499175672796201	0.0001175371378772	1267	0.9462365527300982	False
SLC39A11	0.6742640639621826	0.2500717232561296	5.53289930789211e-05	2312	0.9462365527300982	False
TUBGCP6	0.6726257630005119	0.25059270362678215	2.54899564775772e-05	3986	0.9462365527300982	False
YJU2B	0.6722643941771287	0.2507076964109651	9.0643837284476e-06	6296	0.9462365527300982	False
CDK7	0.6709264281351789	0.2511336997091097	0.0002447762030359	630	0.9462365527300982	False
SLC31A1	0.6691641804169423	0.25169537641416106	9.01295412104461e-05	1584	0.9462365527300982	False
CTCF	0.6672562976601614	0.25230421812838344	0.0004341223664573	299	0.9462365527300982	False
ULBP3	0.6668757598060725	0.25242574781625765	2.42396618915929e-05	4109	0.9462365527300982	False
PDE5A	0.6664490033949064	0.2525620746895184	1.20637742696525e-05	5695	0.9462365527300982	False
ERC1	0.6663013337877285	0.2526092566170495	8.08928714929824e-05	1736	0.9462365527300982	False
TCF7L2	0.6662442521846282	0.25262749600861156	0.000179292214976	852	0.9462365527300982	False
TADA1	0.6661838945087709	0.2526467829643595	6.23207576289412e-05	2121	0.9462365527300982	False
MAP3K5	0.665816580460621	0.25276417282111785	0.0002482853612191	620	0.9462365527300982	False
MAPK9	0.665798628472643	0.2527699108310205	0.0001268873901412	1160	0.9462365527300982	False
TMEM255A	0.6657880904341135	0.25277327914560543	1.53004830056814e-05	5180	0.9462365527300982	False
FZR1	0.6622273388706963	0.25391276788178496	0.000455200038543	276	0.9462365527300982	False
TCHP	0.6611499363921243	0.2542580817698162	7.36309632443286e-05	1857	0.9462365527300982	False
MIR124-1	0.6606194713381367	0.2544281893814589	1.82281467453499e-06	8484	0.9462365527300982	False
SPIN2B	0.6605692247906902	0.2544443053539023	2.67360925432189e-05	3856	0.9462365527300982	False
DBF4	0.6567841684463307	0.25565985262772356	4.74223723834302e-05	2586	0.9462365527300982	False
ADAM8	0.656664835992688	0.2556982247516496	1.50549694782294e-06	8641	0.9462365527300982	False
SMC3	0.6535715226644396	0.2566939480386636	0.0003285071393735	436	0.9462365527300982	False
GSTT1	0.6532563068982155	0.25679552776475495	1.35914230962217e-05	5451	0.9462365527300982	False
PEX10	0.65071411565461	0.257615524727727	8.1084260371957e-06	6508	0.9462365527300982	False
PRKCSH	0.6495109721843482	0.2580040783722267	6.31067540519304e-05	2096	0.9462365527300982	False
ARFGEF3	0.6494382255462308	0.2580275815475679	1.32621429262203e-05	5500	0.9462365527300982	False
OSBPL1A	0.6491364786183113	0.2581250825940269	3.26628278538964e-05	3414	0.9462365527300982	False
EDC3	0.6489784315898715	0.2581761586754273	8.48791643896684e-05	1663	0.9462365527300982	False
SDCBP	0.648878535118578	0.25820844493504674	0.0001148263772893	1285	0.9462365527300982	False
TBR1	0.6486449568161177	0.25828394495551066	1.58327532251801e-05	5098	0.9462365527300982	False
TMEM38A	0.6477710207517913	0.25856653065624635	4.67802233756455e-06	7427	0.9462365527300982	False
ANTXR1	0.647675917927125	0.2585972916450962	6.06397974670985e-05	2165	0.9462365527300982	False
RMND5A	0.6472883444251799	0.2587226718075215	9.13237122140022e-05	1567	0.9462365527300982	False
WARS2	0.6472883444251696	0.25872267180752484	1.33442683055078e-06	8739	0.9462365527300982	False
SMAD4	0.6467253695597911	0.25890485040408084	0.000270102957097	566	0.9462365527300982	False
TRIM52	0.6456990997697469	0.25923712185548187	1.1741258374541e-05	5749	0.9462365527300982	False
BIRC7	0.6455420514153656	0.2592879882383041	5.23400686513229e-05	2409	0.9462365527300982	False
PRKAA2	0.6454083575021617	0.25933129441630653	0.0001301000743405	1133	0.9462365527300982	False
ARHGAP22	0.6438253213919671	0.2598443559782604	1.38487890527173e-05	5410	0.9462365527300982	False
ICAM2	0.6431148052326593	0.26007480421877316	1.43518581593236e-05	5313	0.9462365527300982	False
NISCH	0.6418612703980826	0.2604816314882512	5.90687825939447e-05	2205	0.9462365527300982	False
SYT16	0.6404707073608371	0.26093331354297983	1.96119975530786e-05	4621	0.9462365527300982	False
TUBGCP4	0.6401012409871335	0.261053391134576	3.51676853419449e-05	3251	0.9462365527300982	False
EPHA4	0.6377114256917722	0.26183077326688076	0.000114600236887	1286	0.9462365527300982	False
NCR3LG1	0.6368442830231967	0.26211313907829736	3.52777593421348e-05	3246	0.9462365527300982	False
CETN3	0.6359157828993421	0.2624156575038188	3.76595293607395e-05	3093	0.9462365527300982	False
NLK	0.6359053058695572	0.26241907208750376	6.86413155697093e-05	1961	0.9462365527300982	False
TUBB8	0.6353322110349578	0.26260588489088305	9.32427930382051e-05	1527	0.9462365527300982	False
SNAI1	0.6349533332486413	0.26272942575467684	0.0002634689054064	585	0.9462365527300982	False
MIR155	0.6346782232187477	0.2628191496437159	1.44244715504328e-06	8691	0.9462365527300982	False
TP63	0.6346782232187191	0.2628191496437252	0.0001595964740011	946	0.9462365527300982	False
MIGA2	0.634341527729752	0.26292898022422584	1.27848796677629e-05	5573	0.9462365527300982	False
TKTL1	0.6333203942828423	0.26326221894389334	1.13650952114368e-05	5817	0.9462365527300982	False
SCN5A	0.632473247530566	0.2635388421177411	2.12538711052389e-05	4423	0.9462365527300982	False
RNF31	0.6307168902670917	0.26411282663957625	0.0002212618328642	699	0.9462365527300982	False
MADCAM1	0.6299398233771722	0.2643669782465989	3.57627985578811e-06	7789	0.9462365527300982	False
EEF2KMT	0.6298322893087197	0.2644021587116254	5.95098893730877e-06	7059	0.9462365527300982	False
TEX13A	0.6276796098843636	0.2651069226566967	1.21256506867802e-05	5682	0.9462365527300982	False
SYT3	0.6256507198097917	0.2657720316383615	4.05254813283192e-06	7614	0.9462365527300982	False
SYT10	0.625650719809756	0.26577203163837315	7.09195929237459e-07	9184	0.9462365527300982	False
ALKBH3	0.6254468756294334	0.26583890239137026	2.94310997176868e-05	3647	0.9462365527300982	False
CD86	0.6251104110223005	0.2659492977108777	3.42232565001017e-06	7850	0.9462365527300982	False
PPP1CA	0.6249760467969065	0.265993389613866	0.0006298752084763	183	0.9462365527300982	False
GAST	0.6241129897498675	0.2662766918534883	1.2080472880097e-05	5691	0.9462365527300982	False
ACVR2A	0.6240342878822871	0.26630253368095536	3.50998189708429e-05	3252	0.9462365527300982	False
CDC26	0.6220469359311506	0.26695550285260733	6.85149962349809e-05	1962	0.9462365527300982	False
IRF9	0.6185695552608591	0.26809998164071536	1.98016896073892e-05	4599	0.9462365527300982	False
NCOA1	0.6179893627088494	0.26829117528293955	0.0002183199368131	705	0.9462365527300982	False
SELENOH	0.6168010571141748	0.2686829773217478	5.93456718574178e-06	7064	0.9462365527300982	False
ARSB	0.6157891690904679	0.26901683834299595	9.29892641193966e-06	6244	0.9462365527300982	False
SH3BP2	0.6154171789523029	0.26913962460946583	4.42928543104924e-05	2726	0.9462365527300982	False
SLC26A2	0.6153199916937114	0.26917170874978774	1.57756938691764e-05	5106	0.9462365527300982	False
SERPINA5	0.6149049948199922	0.26930873201899724	1.34857947145476e-05	5470	0.9462365527300982	False
MAP1LC3B	0.6145034969150536	0.26944133149459293	0.0004783674596756	259	0.9462365527300982	False
BAIAP2L1	0.6142805913408905	0.269514962847168	5.86254403368772e-05	2219	0.9462365527300982	False
EIF2S2	0.6138376172626254	0.2696613183223754	7.36110923668289e-05	1858	0.9462365527300982	False
FAM217B	0.6133689782523163	0.26981619663501244	1.05086085730408e-05	5988	0.9462365527300982	False
PCSK5	0.6125957628005343	0.2700718303168219	1.60014110350522e-05	5073	0.9462365527300982	False
LCE2C	0.612595762800511	0.2700718303168296	1.46898200773429e-06	8658	0.9462365527300982	False
MYH2	0.612000994814824	0.2702685496866983	2.26531468471874e-06	8293	0.9462365527300982	False
ZGPAT	0.6106291406648928	0.27072256315323706	6.67758497453684e-05	2005	0.9462365527300982	False
SMARCC1	0.6104581772413388	0.2707791699647413	0.0003120301931184	476	0.9462365527300982	False
ETNK1	0.6091072175002081	0.27122668694791674	1.92892495227217e-06	8435	0.9462365527300982	False
MICU2	0.6089090992838591	0.27129234629066323	4.40223555015378e-05	2743	0.9462365527300982	False
IL13RA2	0.6087679734145536	0.27133912234754315	0.0001586715151333	952	0.9462365527300982	False
PARP1	0.6058351433925111	0.27231211522584875	0.0012632830840669	64	0.9462365527300982	False
MPDZ	0.6057341011993785	0.2723456677516615	6.27654603592316e-05	2111	0.9462365527300982	False
RBP4	0.6055961806464166	0.2723914695864422	1.30305117905111e-05	5534	0.9462365527300982	False
SPRYD3	0.6054882409559847	0.27242731778911644	1.66481404766859e-05	4986	0.9462365527300982	False
KCNJ5	0.6052581141667106	0.2725037537699091	1.14142770574205e-05	5809	0.9462365527300982	False
BUB3	0.6036953474620073	0.2730231039628738	0.0001425990666219	1039	0.9462365527300982	False
EPHA2	0.6036057777622771	0.27305288528896476	0.0004130527779052	321	0.9462365527300982	False
HSD17B8	0.6033527942315065	0.2731370093167934	4.81685522512885e-06	7381	0.9462365527300982	False
TAF5L	0.6027185053147616	0.27334798439504737	6.57083155548699e-05	2030	0.9462365527300982	False
HARS2	0.601452197965029	0.2737694205877156	4.72808617337916e-05	2592	0.9462365527300982	False
DENND1A	0.6010540627782852	0.273901989209548	2.00468009610724e-05	4567	0.9462365527300982	False
DPP9	0.6007442869692121	0.27400515841320805	6.4983493033729e-05	2050	0.9462365527300982	False
C4A	0.599219503019173	0.27451325942734295	4.14519589156162e-05	2865	0.9462365527300982	False
BAG2	0.599102545280923	0.27455225223296986	0.0002061857113952	747	0.9462365527300982	False
APH1A	0.5989094942155866	0.2746166199424061	1.29844734467963e-05	5542	0.9462365527300982	False
ZBTB33	0.5983438046422698	0.27480527683765843	6.66589275997781e-05	2008	0.9462365527300982	False
AKR1A1	0.597805238842224	0.2749849473295593	4.19666252690352e-06	7567	0.9462365527300982	False
GTF3C3	0.5977148355730858	0.2750151123613357	0.0001112911141662	1327	0.9462365527300982	False
COMMD3	0.5971731389665066	0.2751958954447192	6.79493280690459e-05	1975	0.9462365527300982	False
INTS6	0.5970626030119653	0.27523279234111653	7.00216678945558e-05	1933	0.9462365527300982	False
CDK15	0.5970429449731628	0.27523935444859515	1.12530739976608e-05	5837	0.9462365527300982	False
PRKAG2	0.5969510149620079	0.27527004289695134	2.03705819097508e-05	4525	0.9462365527300982	False
EPHB3	0.596387678284266	0.27545813500132316	8.59058051386002e-06	6397	0.9462365527300982	False
CYBRD1	0.5961174743148585	0.275548375653378	7.08687935459769e-06	6753	0.9462365527300982	False
FOXR1	0.5957464933593146	0.2756722967105233	6.4255659914984e-05	2071	0.9462365527300982	False
ZNF414	0.5955505827774102	0.2757377489832037	4.30659635436508e-05	2800	0.9462365527300982	False
GID8	0.592405118823445	0.2767896697100609	8.62518825383815e-05	1634	0.9462365527300982	False
KLHL2	0.5923595359698927	0.2768049281789066	3.48032674802288e-05	3275	0.9462365527300982	False
GNB1	0.5921101305902547	0.2768884217820258	0.0001340431780225	1102	0.9462365527300982	False
TRIM2	0.5911441017207084	0.2772119362507963	5.78994856481195e-05	2239	0.9462365527300982	False
AXL	0.5909518974895503	0.2772763257849987	8.56173388808905e-05	1648	0.9462365527300982	False
CLPB	0.5904615332676377	0.27744063377813266	4.78781939789576e-05	2573	0.9462365527300982	False
TIMELESS	0.5904046926051931	0.27745968264835674	5.33101407763006e-05	2376	0.9462365527300982	False
NUF2	0.5896537518931882	0.27771140354310064	3.91268612953666e-05	3008	0.9462365527300982	False
MYH8	0.5880738762768545	0.2782413534581488	3.87276861397297e-06	7671	0.9462365527300982	False
GPM6B	0.5874802758012102	0.2784405968206636	3.77736322864119e-06	7713	0.9462365527300982	False
MAL2	0.5868197816250753	0.27866237488759665	4.60308921874275e-06	7451	0.9462365527300982	False
ZNF581	0.5863776336598968	0.27881088559040856	1.92382087148645e-05	4662	0.9462365527300982	False
SDCCAG8	0.585378742810229	0.2791465394089423	9.57517449005507e-06	6185	0.9462365527300982	False
GJA1	0.5840020464973017	0.2796094675864551	0.0001273532959882	1155	0.9462365527300982	False
FLII	0.5838452736588776	0.2796622076778732	0.0001096150258985	1340	0.9462365527300982	False
FAM136A	0.5830176433715114	0.27994071152037414	5.7653960687655e-05	2246	0.9462365527300982	False
SLC25A53	0.5830176433714932	0.27994071152038025	1.43844111703071e-06	8694	0.9462365527300982	False
COX10	0.583017643371493	0.2799407115203803	1.43844111703071e-06	8693	0.9462365527300982	False
BBC3	0.5803389698545395	0.28084302629873326	2.32172638921731e-05	4202	0.9462365527300982	False
FSBP	0.5794016345861278	0.28115910071725414	2.01388488216162e-06	8396	0.9462365527300982	False
CFAP206	0.5794016345861277	0.28115910071725414	2.01388488216162e-06	8395	0.9462365527300982	False
ATPAF2	0.5794016345861247	0.2811591007172552	0.0001064995759954	1370	0.9462365527300982	False
UBE2A	0.5792833006937557	0.2811990157432377	0.0001114902318469	1323	0.9462365527300982	False
TRMT44	0.579026510810452	0.28128564256072164	1.07933231785522e-05	5928	0.9462365527300982	False
DFFB	0.5786102493080154	0.28142609371582805	8.96836153834974e-06	6320	0.9462365527300982	False
CCNJ	0.5783790610686512	0.28150411375451795	4.55228936257877e-06	7466	0.9462365527300982	False
CD3E	0.5782466784948703	0.28154879413971934	2.69091464483787e-05	3841	0.9462365527300982	False
DDHD2	0.5781447185323271	0.28158320893425925	1.04932657250127e-05	5992	0.9462365527300982	False
PIK3AP1	0.5771479988722003	0.2819197409636068	1.30837784512513e-05	5526	0.9462365527300982	False
NCR3	0.5761722389362306	0.28224938374346203	7.7376647997006e-06	6596	0.9462365527300982	False
MYO5C	0.5738944250631471	0.28301962292348737	2.853487561923e-05	3721	0.9462365527300982	False
PATJ	0.5726022175347348	0.2834570289552989	9.37678981499349e-06	6227	0.9462365527300982	False
CNDP1	0.572421268463041	0.28351830519970533	1.16349642042343e-05	5767	0.9462365527300982	False
SPHK1	0.5723436510607635	0.2835445913523393	1.19669624595197e-05	5715	0.9462365527300982	False
RIPPLY1	0.572144731998342	0.2836119632362892	2.98386917268519e-06	8014	0.9462365527300982	False
PNISR	0.5716911839613531	0.28376560406151774	8.15462446066454e-06	6489	0.9462365527300982	False
EIF5A2	0.5712929776407949	0.28390053055365616	1.04673985353801e-05	5997	0.9462365527300982	False
AURKA	0.5699170851060033	0.2843669681672435	0.0005123946933988	238	0.9462365527300982	False
TUBB3	0.5692413733600308	0.28459617339162735	0.0001667595464474	909	0.9462365527300982	False
TMCO3	0.5686913965013347	0.28478279373185805	2.19269065988438e-06	8326	0.9462365527300982	False
FAH	0.5686913965013345	0.28478279373185816	2.19269065988438e-06	8323	0.9462365527300982	False
SELENOP	0.5686913965013345	0.28478279373185816	2.19269065988438e-06	8324	0.9462365527300982	False
SH3D21	0.5686913965013345	0.28478279373185816	2.19269065988438e-06	8325	0.9462365527300982	False
UBE3D	0.568408386955119	0.2848788484110397	4.71523910661916e-05	2597	0.9462365527300982	False
FOXP1	0.5681754395862227	0.2849579233628208	8.70613952728557e-05	1621	0.9462365527300982	False
ARIH2	0.5680819462244943	0.2849896630162796	8.72756290186575e-05	1620	0.9462365527300982	False
FBXO42	0.5673631284481984	0.2852337476189927	6.79515997748142e-05	1974	0.9462365527300982	False
CALB1	0.5671595795711017	0.2853028835721804	7.91882874688048e-06	6544	0.9462365527300982	False
HEG1	0.5669885131213745	0.28536099294975453	7.82263747333893e-06	6576	0.9462365527300982	False
ARMC8	0.5665820844639995	0.2854990748630454	0.0001054449835228	1381	0.9462365527300982	False
HSP90B1	0.5663491903928008	0.28557821368309666	0.0002654899028257	583	0.9462365527300982	False
IFT122	0.5661718998481504	0.2856384650853141	4.42056509276796e-05	2731	0.9462365527300982	False
CCS	0.5658171837646195	0.285759031921625	1.1523972696048e-05	5790	0.9462365527300982	False
SMYD2	0.5652244298892676	0.2859605610297609	5.02091076390679e-05	2481	0.9462365527300982	False
MISP	0.5648671337337904	0.2860820700013683	4.40873460105367e-05	2741	0.9462365527300982	False
L3HYPDH	0.5647732604250449	0.2861139984249018	6.79057373583316e-06	6836	0.9462365527300982	False
CHIT1	0.5645630954451203	0.286185486398271	3.04671205093006e-06	7980	0.9462365527300982	False
GANAB	0.5642577861948795	0.28628935296772934	5.71555066526796e-05	2259	0.9462365527300982	False
GRB14	0.5636314230904287	0.28650249844812004	1.17334312581137e-05	5750	0.9462365527300982	False
TRRAP	0.5629903212517168	0.28672073731985337	0.0003131430050582	470	0.9462365527300982	False
SPRY1	0.5589118280998085	0.2881109483173667	1.03490134810415e-05	6017	0.9462365527300982	False
TTK	0.558528996607458	0.2882416048690603	8.94596324285878e-05	1592	0.9462365527300982	False
DGCR8	0.5578492530125532	0.2884736633852364	5.4606532344838e-05	2326	0.9462365527300982	False
NUBPL	0.5564294276949103	0.2889586631538592	1.99550506260372e-06	8405	0.9462365527300982	False
ARHGEF5	0.5562590151500236	0.28901690034953265	2.87517206078634e-05	3703	0.9462365527300982	False
UBE2E2	0.5555172585077488	0.2892704543587934	0.0001291003621313	1141	0.9462365527300982	False
ATAD5	0.5552373538591506	0.28936616107663504	4.39040151182359e-05	2751	0.9462365527300982	False
LINC03122	0.554694717546046	0.2895517449876329	3.68244269570454e-06	7744	0.9462365527300982	False
ILVBL	0.5545991444159069	0.2895844371894385	4.3590710038055e-05	2771	0.9462365527300982	False
GINS4	0.5539921517310562	0.2897921084524371	4.54636282390044e-05	2670	0.9462365527300982	False
FSTL3	0.5525226156861329	0.29029517202670124	1.94250306836995e-06	8430	0.9462365527300982	False
TK1	0.5523532104430333	0.29035319049476815	6.58403420779461e-05	2025	0.9462365527300982	False
SSBP2	0.5522168070559388	0.2903999103237482	3.16747666558617e-05	3484	0.9462365527300982	False
HCN1	0.5518614092770124	0.2905216549399481	6.72417917690537e-06	6855	0.9462365527300982	False
PCDHA2	0.5518614092770027	0.2905216549399514	1.15934124280958e-06	8814	0.9462365527300982	False
NFE2L1	0.5518491391508813	0.29052585860545016	4.23391120295123e-05	2833	0.9462365527300982	False
SNX24	0.5514574004559532	0.2906600806960128	1.36361308612095e-05	5440	0.9462365527300982	False
ZNF618	0.5514574004559532	0.2906600806960128	1.36361308612095e-05	5441	0.9462365527300982	False
TRIM34	0.5508677826213203	0.2908621571164134	7.38955660816079e-06	6690	0.9462365527300982	False
NPTX2	0.5507719824929662	0.29089499635897487	3.36194546121619e-06	7873	0.9462365527300982	False
ZBTB10	0.55067357821085	0.29092873008120457	5.60137608099295e-05	2291	0.9462365527300982	False
TOMM40L	0.5504088404782042	0.29101949322528053	3.51777102513386e-06	7813	0.9462365527300982	False
IGHG1	0.5492725829848706	0.2914091998709082	1.63949407504198e-05	5020	0.9462365527300982	False
FUT8	0.5491333637917866	0.2914569651565087	2.10622610429122e-05	4446	0.9462365527300982	False
HOXB7	0.5490436069051918	0.2914877621520997	2.87579946164951e-05	3702	0.9462365527300982	False
ITGA7	0.5490274054037507	0.2914933213030664	4.54937285965229e-05	2668	0.9462365527300982	False
RCOR3	0.5488427951931153	0.2915566692961463	7.8916118938925e-05	1764	0.9462365527300982	False
ENO1	0.548001415423333	0.2918454654735293	0.0003259733636283	441	0.9462365527300982	False
ACVR1	0.5478984595348305	0.2918808133220765	2.4324248682601e-05	4099	0.9462365527300982	False
ADAM12	0.5478515743181436	0.29189691108584814	2.06681405867329e-05	4487	0.9462365527300982	False
ZNF518A	0.5475765088664557	0.2919913615213059	1.22093608915915e-05	5665	0.9462365527300982	False
KCNJ3	0.5472881546522254	0.29209039025232836	2.18903944891072e-06	8329	0.9462365527300982	False
UBQLN1	0.5472748569437337	0.29209495742649794	0.0001955133813889	793	0.9462365527300982	False
CHRD	0.5465306890524284	0.2923505991121978	7.03853764359198e-06	6764	0.9462365527300982	False
FCN1	0.5459552989728758	0.29254833237459976	8.53418796402727e-06	6410	0.9462365527300982	False
VSTM2A	0.5459048898983837	0.29256565845391086	4.93987054862925e-07	9355	0.9462365527300982	False
ACAD8	0.5459048898983756	0.2925656584539137	3.51083637274473e-06	7817	0.9462365527300982	False
SPSB2	0.54471104663801	0.29297613305240855	2.21743488955649e-05	4315	0.9462365527300982	False
LONRF1	0.5444171167053006	0.2930772348452843	1.03269253958892e-05	6024	0.9462365527300982	False
RCVRN	0.5443071639339349	0.2931150589775598	1.56735550286773e-06	8619	0.9462365527300982	False
CDIN1	0.5443071639339347	0.29311505897755985	2.1883831549474e-06	8330	0.9462365527300982	False
ASF1B	0.5443071639339166	0.29311505897756607	8.48737787835698e-05	1664	0.9462365527300982	False
USP10	0.5435060333639807	0.29339071897043034	0.0002895859840738	522	0.9462365527300982	False
CDC73	0.5433095951382328	0.2934583294807096	0.0001723623746018	887	0.9462365527300982	False
CRBN	0.5424125626557403	0.2937671636430669	0.0001890238109374	811	0.9462365527300982	False
RANBP10	0.5421620341253851	0.2938534435303942	8.69518350867602e-05	1624	0.9462365527300982	False
LARGE1	0.5421620341253727	0.2938534435303985	1.3888950826665e-06	8716	0.9462365527300982	False
NT5C1A	0.541848357539839	0.29396148759186647	3.82158388093287e-06	7691	0.9462365527300982	False
SKAP2	0.5415289403818462	0.2940715278323392	3.16119588166356e-05	3486	0.9462365527300982	False
INSYN2A	0.5413607225134756	0.2941294870829524	1.91308031274067e-05	4674	0.9462365527300982	False
SYNPO2	0.5412084914317196	0.2941819426565596	1.16402182699343e-05	5765	0.9462365527300982	False
GAB1	0.540943155220149	0.2942733821688826	0.0001297264882175	1137	0.9462365527300982	False
CCNA2	0.5403605387688867	0.2944742080618904	0.0002657390231026	580	0.9462365527300982	False
POLD1	0.5403389452291545	0.29448165249655556	0.0001550271849132	971	0.9462365527300982	False
RBPMS	0.5388154985199461	0.29500708420563293	0.0001275387378663	1154	0.9462365527300982	False
WDHD1	0.5385254294718931	0.295107176982174	5.1948437776569e-05	2423	0.9462365527300982	False
XRCC1	0.5382616303309529	0.2951982185008827	0.0001152376265931	1282	0.9462365527300982	False
ANAPC16	0.5369219173821942	0.2956607754157794	7.27358648432918e-05	1883	0.9462365527300982	False
ATP1A2	0.5366984947315512	0.2957379479900748	2.0336971086034e-05	4532	0.9462365527300982	False
TRIP6	0.536483718045418	0.295812142879853	0.0001431218897983	1037	0.9462365527300982	False
ALDOB	0.5353073580050589	0.29621866959641474	1.19730477188158e-05	5713	0.9462365527300982	False
RPA3	0.5329845873013538	0.297022124747767	0.0014681816180909	51	0.9462365527300982	False
AKT2	0.5325159250707125	0.2971843575510509	8.96873885790343e-05	1589	0.9462365527300982	False
BIK	0.5322354097039657	0.2972814805344673	1.81917352576512e-05	4786	0.9462365527300982	False
CTNNB1	0.5318226779532268	0.2974244072296828	0.0013251828412246	57	0.9462365527300982	False
UBASH3B	0.5310902902464375	0.297678106218623	6.84125876324116e-05	1964	0.9462365527300982	False
GTF2A2	0.5307335257419772	0.29780172514368664	8.00846902529379e-06	6525	0.9462365527300982	False
CD2	0.5304399438779746	0.2979034688376245	2.0798743511007e-05	4470	0.9462365527300982	False
DCAF16	0.5302243262245606	0.297978203357193	4.5232748735664e-05	2682	0.9462365527300982	False
ASXL1	0.5295324728478032	0.2982180620435717	0.0001512282553513	991	0.9462365527300982	False
AHCY	0.5292785419300595	0.2983061194213201	5.98196791474456e-05	2183	0.9462365527300982	False
C1ORF50	0.5292785419300527	0.29830611942132246	2.53780457229817e-06	8179	0.9462365527300982	False
DZANK1	0.5276894673566275	0.29885744240564527	3.7031285943946e-06	7737	0.9462365527300982	False
ELL	0.5276088009806361	0.29888544162126707	6.12228469520637e-05	2153	0.9462365527300982	False
NEK2	0.5273227522282286	0.2989847384516413	0.0001024445486499	1409	0.9462365527300982	False
HEATR6	0.5269835234835493	0.29910251520252895	9.54332395106777e-06	6193	0.9462365527300982	False
SULT2A1	0.5268374355239251	0.2991532419351832	3.81857661885579e-06	7694	0.9462365527300982	False
GLE1	0.525343658978206	0.2996721561366025	3.29220870602274e-05	3399	0.9462365527300982	False
MAP3K12	0.5239096014387937	0.300170708187802	1.77297476917759e-05	4850	0.9462365527300982	False
RPS6KA5	0.523789528583999	0.30021246868981244	3.24962127476255e-05	3425	0.9462365527300982	False
URI1	0.5235749072008155	0.30028711905380895	0.0001727233539024	884	0.9462365527300982	False
ASPM	0.5219012188005981	0.30086955483564626	6.28337201899911e-05	2107	0.9462365527300982	False
CD80	0.52132121803218	0.3010715112196678	1.20853803151168e-05	5690	0.9462365527300982	False
TAF6L	0.5206633860676486	0.30130064235657916	6.80091872177354e-05	1971	0.9462365527300982	False
CACNG3	0.5205870612642529	0.30132723232765823	3.93570903955311e-06	7650	0.9462365527300982	False
NEU2	0.5205490849651389	0.3013404628725717	2.22420196629343e-05	4306	0.9462365527300982	False
HGH1	0.5204723400350745	0.3013672008008507	1.09702513455341e-05	5892	0.9462365527300982	False
SERPINB13	0.5200861158844958	0.30150177747796125	1.02412773439666e-06	8908	0.9462365527300982	False
ONECUT1	0.5200861158844896	0.30150177747796336	8.77823766116214e-06	6352	0.9462365527300982	False
MRPL21	0.5199265173583463	0.3015573961866397	6.58389043895957e-05	2026	0.9462365527300982	False
PNPLA5	0.5199022759627038	0.3015658445075467	1.64919611706068e-05	5008	0.9462365527300982	False
HSPA13	0.5183285004165818	0.30211454558963025	3.86953282427719e-05	3028	0.9462365527300982	False
FRAS1	0.5182986950539153	0.30212494163318715	3.69525170453802e-05	3140	0.9462365527300982	False
TENT4A	0.5172377552742325	0.30249509959705495	3.36992293198004e-06	7868	0.9462365527300982	False
ATF3	0.5170476685047513	0.30256144163965104	0.0001068114182833	1365	0.9462365527300982	False
CDK1	0.5165421820399851	0.30273789281721997	0.0006005050742711	190	0.9462365527300982	False
LACTB	0.5161110586195162	0.3028884223474647	4.08823855027308e-05	2893	0.9462365527300982	False
INTS7	0.5158013594783987	0.30299657648107337	2.11885793433972e-05	4430	0.9462365527300982	False
KRT2	0.5153636756719316	0.30314945529494686	8.28568911040386e-05	1703	0.9462365527300982	False
BNC2	0.5153193934794579	0.30316492456747174	1.1057832719816e-06	8855	0.9462365527300982	False
CHCHD10	0.5153193934794399	0.303164924567478	2.31588574415144e-05	4207	0.9462365527300982	False
IRF7	0.5150923079207207	0.3032442588054578	8.00461832680069e-05	1748	0.9462365527300982	False
CCDC186	0.5147037246709155	0.3033800351369721	3.70618423718008e-06	7736	0.9462365527300982	False
SPG21	0.514580257239493	0.30342318204182506	2.5879519897415e-05	3944	0.9462365527300982	False
CBLB	0.5142074266329695	0.3035534879894495	0.0001061465544624	1373	0.9462365527300982	False
TPR	0.5129848554566481	0.30398095724309393	0.0001204033195506	1226	0.9462365527300982	False
MKRN2	0.5119528497149092	0.3043420044732976	8.64263733318951e-05	1632	0.9462365527300982	False
HSP90AB1	0.5117342447041185	0.30441850793987824	0.0015963741139189	41	0.9462365527300982	False
NUCB1	0.5114019006828889	0.30453483214423116	3.66339063553753e-05	3157	0.9462365527300982	False
TAF9B	0.5111474538788251	0.3046239047969825	7.0533620892281e-05	1924	0.9462365527300982	False
ZBTB42	0.511048579540175	0.3046585202642307	1.81202692296755e-05	4799	0.9462365527300982	False
PPP1R14A	0.5110065457088733	0.3046732366519412	2.16768014890266e-05	4380	0.9462365527300982	False
RICTOR	0.5109277151442322	0.3047008367288765	0.0003474960618704	404	0.9462365527300982	False
LCN1	0.5102989526090742	0.30492101821079354	4.65709529772832e-06	7431	0.9462365527300982	False
FYB1	0.5102449568121907	0.30493992987604734	8.33546808746226e-06	6445	0.9462365527300982	False
BCL2L1	0.5073956509429646	0.3059386183121407	0.0001951364472911	795	0.9462365527300982	False
EHD2	0.5064816078224652	0.3062592989730326	1.5413260678718e-05	5163	0.9462365527300982	False
RGL1	0.5060020018073207	0.30642762219011704	6.10321111665625e-06	7014	0.9462365527300982	False
PDSS2	0.5055641594631434	0.30658132364239804	6.35137568903816e-06	6945	0.9462365527300982	False
WBP1	0.5054550509743799	0.30661963070123094	3.01085816596358e-05	3595	0.9462365527300982	False
CHN1	0.5052663704640802	0.30668587980287676	6.93631181560142e-06	6800	0.9462365527300982	False
STK3	0.5048096526777586	0.30684626773051427	0.0001896344794231	809	0.9462365527300982	False
LRRC14	0.5045003759397799	0.3069548990316818	1.80925727985517e-05	4804	0.9462365527300982	False
IFT43	0.5037259867100197	0.30722697219866385	1.93507003314616e-05	4652	0.9462365527300982	False
VPS72	0.503185621402949	0.3074168865123441	0.0001243899104153	1183	0.9462365527300982	False
IRF6	0.5029988136688377	0.30748255311755135	2.50305346530669e-06	8192	0.9462365527300982	False
IRF8	0.5029988136688128	0.3074825531175601	1.43031625609354e-05	5324	0.9462365527300982	False
ABI2	0.5021089747196612	0.30779543374136387	0.0002388963349814	649	0.9462365527300982	False
ASB14	0.5020402443923625	0.30781960616724413	1.05271766347903e-06	8890	0.9462365527300982	False
ADA	0.5020402443923624	0.30781960616724413	1.47380472887064e-06	8655	0.9462365527300982	False
NFATC2	0.5011230017273605	0.30814227981847137	7.49958377657037e-05	1834	0.9462365527300982	False
RIT2	0.5010132689078192	0.30818089229020684	3.17223113975251e-06	7935	0.9462365527300982	False
RIT1	0.501013268907819	0.30818089229020695	6.86133836147131e-06	6817	0.9462365527300982	False
ZNF334	0.5006179912926773	0.3083199990445791	1.71427552084955e-06	8529	0.9462365527300982	False
ZNF610	0.5006179912926771	0.3083199990445791	1.71427552084955e-06	8531	0.9462365527300982	False
ZNF569	0.5006179912926771	0.3083199990445791	1.71427552084955e-06	8530	0.9462365527300982	False
ZNF843	0.500617991292677	0.30831999904457913	2.52855639325308e-06	8183	0.9462365527300982	False
STX1B	0.500205402239379	0.3084652274332592	9.56140079727392e-06	6188	0.9462365527300982	False
BANF1	0.4996820881509952	0.30864947335920445	7.07699624661109e-05	1918	0.9462365527300982	False
SERTAD1	0.4992537420511923	0.3088003192726653	4.38522666263423e-05	2755	0.9462365527300982	False
TMEM59	0.49895420481572467	0.3089058231612756	1.3902392305415e-05	5397	0.9462365527300982	False
RASSF3	0.4976635857249338	0.30936058908564834	3.38770187078268e-05	3327	0.9462365527300982	False
WDR33	0.4973107519309311	0.30948496540818127	6.8898074658186e-05	1959	0.9462365527300982	False
MAN1A2	0.4963171896849556	0.3098353201146238	1.67363493464489e-05	4976	0.9462365527300982	False
PRKCZ	0.4957889353244783	0.3100216660937424	0.0003218488291315	450	0.9462365527300982	False
GBF1	0.495625143996333	0.3100794547188959	9.49169687847788e-05	1501	0.9462365527300982	False
HARS1	0.49547875496249366	0.3101311074614025	1.61076210173304e-06	8596	0.9462365527300982	False
NET1	0.49544604644725526	0.31014264903278754	5.5445008938458e-05	2306	0.9462365527300982	False
PIGB	0.49500005598241453	0.3103000404959327	6.60234761117339e-06	6880	0.9462365527300982	False
NGFR	0.494440837512081	0.31049743958592835	8.23179456821605e-05	1713	0.9462365527300982	False
PSTPIP1	0.4936232057056246	0.3107861545007856	2.78499553513988e-05	3776	0.9462365527300982	False
ASS1	0.4926901807062352	0.3111157584146112	1.69042164755575e-05	4954	0.9462365527300982	False
WDR26	0.49172663872016503	0.31145630193878127	7.74015194996152e-05	1792	0.9462365527300982	False
HGF	0.49135501637897605	0.3115876871295936	8.27914123725339e-06	6456	0.9462365527300982	False
GNL3L	0.48976288388183026	0.31215084890637357	2.35290631425696e-05	4174	0.9462365527300982	False
PCSK1N	0.4891180769428362	0.31237905209591577	4.70825945014682e-06	7412	0.9462365527300982	False
H3C1	0.4882829967885775	0.3126747017199713	4.25312235748156e-05	2826	0.9462365527300982	False
IYD	0.48582792681024595	0.3135445861015075	2.97253810342912e-06	8016	0.9462365527300982	False
TLR6	0.4856031206242399	0.31362429173887685	2.52354005886403e-06	8184	0.9462365527300982	False
TRIM71	0.48555962802141195	0.31363971316277534	3.62656356717692e-05	3184	0.9462365527300982	False
CDK10	0.48543129582738165	0.3136852185496769	9.3996791408917e-06	6223	0.9462365527300982	False
DZIP3	0.4846392522904453	0.313966132444834	6.73328094830632e-05	1990	0.9462365527300982	False
TRHDE	0.48458010185264855	0.31398711564633297	1.67506117210605e-05	4973	0.9462365527300982	False
GFAP	0.48429147977129683	0.3140895109246956	8.89659378257432e-05	1600	0.9462365527300982	False
TWIST1	0.4842366697620712	0.31410895764525393	9.22518979029073e-05	1554	0.9462365527300982	False
CAMK4	0.4841754382833341	0.31413068332873056	1.24732107965923e-05	5628	0.9462365527300982	False
PPP4R3A	0.4837446850481058	0.31428353808671344	1.65860448054842e-05	4991	0.9462365527300982	False
IKBKG	0.48239505803615185	0.31476266556874566	0.0006746413882851	164	0.9462365527300982	False
UBA1	0.4819751801473044	0.31491178896780303	0.0002299339115727	681	0.9462365527300982	False
PRDM1	0.4804849787658801	0.3154412908639942	6.60319457726585e-05	2018	0.9462365527300982	False
ZCCHC12	0.48039683655750365	0.3154726216517384	1.27144276507904e-05	5587	0.9462365527300982	False
WDR35	0.48026014061851446	0.31552121383955845	1.45310447764029e-05	5286	0.9462365527300982	False
ARRB2	0.4800902770306446	0.31558160079070174	0.0002152613919272	713	0.9462365527300982	False
SETD7	0.47998270465048065	0.3156198456010924	7.20043773271171e-05	1896	0.9462365527300982	False
TRIM59	0.47959201783112393	0.31575876164797767	4.62405422935544e-05	2632	0.9462365527300982	False
FCN2	0.4792063911549182	0.31589590399349043	9.95655277618408e-07	8927	0.9462365527300982	False
SPATA2L	0.4791780026245108	0.31590600095048404	8.46872390667051e-06	6424	0.9462365527300982	False
ASRGL1	0.47773596574497607	0.3164190711874244	3.7618613317971e-06	7718	0.9462365527300982	False
ZDBF2	0.47769549706488645	0.31643347486628726	1.52628510758443e-05	5183	0.9462365527300982	False
PDXDC2P	0.4770945695532433	0.3166473907263902	5.37770579351177e-06	7222	0.9462365527300982	False
SORBS1	0.47700187697782903	0.3166803925341182	4.49998766078136e-05	2696	0.9462365527300982	False
CDC6	0.4767740160309607	0.31676152522465273	0.0001291525341272	1140	0.9462365527300982	False
KPTN	0.4761458779413959	0.31698522714293076	5.35258129555917e-05	2370	0.9462365527300982	False
SRM	0.47541917947360274	0.3172441133400139	9.3283088877924e-06	6238	0.9462365527300982	False
ZNF277	0.47514088723586007	0.3173432785935041	1.55055779496266e-05	5148	0.9462365527300982	False
IFNA17	0.4751171293938226	0.31735174495081436	1.98821288687383e-06	8409	0.9462365527300982	False
GRK4	0.47432092443398605	0.3176355362224761	8.27229742818424e-06	6460	0.9462365527300982	False
OTUD7B	0.47417186307779546	0.31768867806712764	6.13878911689565e-05	2148	0.9462365527300982	False
ASF1A	0.47330895320046584	0.3179963877380966	9.44278118360085e-05	1510	0.9462365527300982	False
ABHD6	0.47296933649875905	0.3181175279646374	4.54380198133115e-06	7468	0.9462365527300982	False
FN3KRP	0.47269180323248555	0.3182165376715419	8.29169237155125e-06	6453	0.9462365527300982	False
PROC	0.4725949912084525	0.3182510783176218	5.68747847605676e-06	7138	0.9462365527300982	False
FMC1	0.47211044123248747	0.3184239800635442	7.69579731166147e-06	6609	0.9462365527300982	False
EFNA1	0.47135849716787487	0.3186923742333382	4.85461065923267e-06	7364	0.9462365527300982	False
RNF181	0.47120531987680436	0.318747060037996	6.03588516537167e-05	2170	0.9462365527300982	False
SOCS3	0.4711390925366104	0.3187707050743657	9.35161912553717e-05	1524	0.9462365527300982	False
PGAM2	0.4711302664746269	0.3187738562842122	1.06077606071387e-05	5967	0.9462365527300982	False
AGER	0.4706811494110014	0.3189342239262095	3.92584309798721e-06	7657	0.9462365527300982	False
BAX	0.47057075911882806	0.31897364652671545	9.57580091703983e-05	1486	0.9462365527300982	False
TMEM11	0.46964875983957366	0.3193029910177156	1.78492024608222e-05	4832	0.9462365527300982	False
EFNA4	0.46952508193822506	0.3193471804708818	1.26755135423007e-05	5598	0.9462365527300982	False
ANKRD11	0.46901443255076525	0.31952965993298765	7.84895356105212e-05	1769	0.9462365527300982	False
COPS7B	0.46826044828396624	0.31979917449558637	0.00014694203499	1017	0.9462365527300982	False
EVI5	0.4677776617542674	0.3199717983766364	2.55828169641959e-05	3974	0.9462365527300982	False
DGAT1	0.4674291402616907	0.32009643903852264	6.41733271811805e-06	6927	0.9462365527300982	False
PUS10	0.4670312779924622	0.32023875011139624	1.16712909424245e-06	8807	0.9462365527300982	False
ABITRAM	0.4670312779924394	0.32023875011140446	6.4439945297456e-06	6920	0.9462365527300982	False
FURIN	0.4669379149307062	0.3202721489104361	6.63090978470221e-05	2015	0.9462365527300982	False
AIG1	0.4667920134419538	0.3203243452139311	2.83957344430508e-06	8067	0.9462365527300982	False
ANGPTL8	0.4667920134419538	0.3203243452139311	1.44818245659559e-06	8685	0.9462365527300982	False
RCHY1	0.4667920134419517	0.3203243452139318	0.0001059566543764	1374	0.9462365527300982	False
BMPR2	0.4657720342613797	0.3206893423345574	3.01779483437743e-05	3593	0.9462365527300982	False
EIF2AK1	0.46564575445724726	0.3207345433337111	1.65008116383405e-05	5005	0.9462365527300982	False
EPHB6	0.4656457544572381	0.3207345433337144	1.72828666684222e-05	4910	0.9462365527300982	False
DELE1	0.4656457544572029	0.3207345433337269	1.16672406076532e-06	8808	0.9462365527300982	False
TNFRSF1A	0.4654760647204856	0.3207952868092114	0.0002051311112891	754	0.9462365527300982	False
ASIC3	0.4644403794691683	0.32116613282431017	2.13216306593105e-05	4417	0.9462365527300982	False
ANAPC13	0.4644196507486317	0.3211735569435108	4.02383062555356e-05	2941	0.9462365527300982	False
SCGB2A1	0.4639129113277349	0.3213550710185119	6.50644875621027e-06	6904	0.9462365527300982	False
GTF2H5	0.46377276204995393	0.32140528002898017	2.18697762847298e-05	4360	0.9462365527300982	False
MAGED2	0.46296567386843507	0.32169448592068056	8.12716378138759e-05	1730	0.9462365527300982	False
UTF1	0.46274382494243205	0.3217740005357709	6.68899253026843e-06	6859	0.9462365527300982	False
LPIN1	0.4624114080830884	0.3218931599508664	1.00487445541339e-05	6085	0.9462365527300982	False
BMI1	0.46177709614093476	0.322120588645812	0.0003452754519106	410	0.9462365527300982	False
SHISA2	0.4616372599085032	0.3221707350432746	6.31839777395635e-06	6953	0.9462365527300982	False
TRIM23	0.46151492076256867	0.3222146094998265	8.25290995221761e-05	1707	0.9462365527300982	False
HS6ST1	0.4611673107895458	0.3223392862930296	9.92594059686161e-06	6117	0.9462365527300982	False
DNMT1	0.4604332343869464	0.32260264213196	0.0002473185467108	622	0.9462365527300982	False
GSTM3	0.46004881742712295	0.3227405903464413	2.23218144384869e-05	4291	0.9462365527300982	False
WDR1	0.45982294719272754	0.32282165537120455	6.50938115292696e-05	2047	0.9462365527300982	False
DTL	0.4566092149962348	0.32397597727826966	0.0001296187039171	1138	0.9462365527300982	False
CAMK1D	0.4565382419633018	0.32400148883791596	1.23396609050484e-05	5642	0.9462365527300982	False
GNRHR	0.4565382419632771	0.3240014888379249	1.0162073729477e-06	8912	0.9462365527300982	False
ZNF518B	0.45641184622379477	0.3240469243729114	6.09477831941671e-06	7020	0.9462365527300982	False
SMYD4	0.4553266602165604	0.32443712448928475	1.77696497265807e-06	8505	0.9462365527300982	False
ARL15	0.4551924385581089	0.3244853999532146	2.3642821085108e-05	4163	0.9462365527300982	False
ODF1	0.45483871981406787	0.32461263599561796	1.83336154288265e-05	4771	0.9462365527300982	False
CD58	0.45457588676976857	0.32470719283387467	2.42652009098441e-06	8225	0.9462365527300982	False
TGM4	0.45414672235113307	0.32486161334438945	1.22421434233322e-06	8783	0.9462365527300982	False
KDM2A	0.45315396873214286	0.3252189379512626	5.4380872307672e-05	2339	0.9462365527300982	False
SUB1	0.4531065275232671	0.3252360176268148	7.27489851096011e-05	1882	0.9462365527300982	False
RBM24	0.4528142835999337	0.3253412387117014	2.37903687908345e-05	4154	0.9462365527300982	False
CTBP1	0.45274010722543667	0.3253679477913338	0.000378632626811	359	0.9462365527300982	False
CENPE	0.4517513655800493	0.3257240548459001	6.4306054068532e-05	2070	0.9462365527300982	False
GSK3A	0.45165881198005414	0.3257573972725295	0.0001526116873839	982	0.9462365527300982	False
HAUS5	0.45157899111132455	0.3257861538531913	3.42718923125682e-05	3309	0.9462365527300982	False
POLE3	0.45147674239230134	0.3258229918939003	2.64848898708779e-05	3878	0.9462365527300982	False
SNX7	0.45057366463476606	0.32614842542412015	6.86839557217568e-06	6814	0.9462365527300982	False
IKZF5	0.450165250048068	0.3262956454054112	7.87326212881459e-05	1767	0.9462365527300982	False
GCHFR	0.4496323778998995	0.32648776892747233	6.85103380024229e-06	6818	0.9462365527300982	False
RFC5	0.4495017420650742	0.32653487584036645	0.000125891959988	1168	0.9462365527300982	False
TMEM89	0.4493610704853786	0.32658560470765885	1.98373801609362e-06	8412	0.9462365527300982	False
SHB	0.4493181121897203	0.3266010969314821	5.90661559217854e-05	2206	0.9462365527300982	False
LCN15	0.44899741301695484	0.326716761418023	4.59696002769376e-06	7454	0.9462365527300982	False
DFFA	0.4486965105311161	0.32682530110787555	2.03245210588468e-05	4533	0.9462365527300982	False
TDP1	0.4483435410185066	0.3269526407727117	2.54154184807337e-05	3993	0.9462365527300982	False
CLCN3	0.44806586671381027	0.3270528305937428	1.17763948573385e-05	5740	0.9462365527300982	False
SLC14A2	0.44802749090750477	0.3270666782468904	7.56628373529296e-06	6638	0.9462365527300982	False
ATP5MC1	0.44671336472293427	0.3275410154580508	1.02007279388898e-05	6051	0.9462365527300982	False
YES1	0.44657486833255977	0.32759102232053794	0.0001520385430707	986	0.9462365527300982	False
TMEM43	0.44654587462863476	0.3276014914626568	0.0001078131021713	1359	0.9462365527300982	False
ZNF576	0.4463793720046964	0.3276616154026095	2.08686706350062e-05	4464	0.9462365527300982	False
ANXA1	0.4455307324887419	0.3279681277335997	0.0001016892709581	1423	0.9462365527300982	False
LARP7	0.44542059289073943	0.3280079165475919	0.0004404690043412	293	0.9462365527300982	False
MTHFD2L	0.44507380635396615	0.3281332087152514	7.01464836967743e-06	6775	0.9462365527300982	False
NEFM	0.4446133755973873	0.3282995898298834	6.2569135899073e-05	2116	0.9462365527300982	False
ARSI	0.4444076394928804	0.32837394557723265	3.86921562115966e-06	7674	0.9462365527300982	False
LTF	0.4443890972201576	0.32838064733368655	1.02995945435962e-05	6031	0.9462365527300982	False
MYH6	0.4434017744501049	0.3287375763265691	6.49544500449261e-06	6908	0.9462365527300982	False
JAK2	0.44336225941766716	0.32875186473812223	0.000122997373241	1195	0.9462365527300982	False
PROSER1	0.4427510118643656	0.32897292026020164	1.53609424928122e-06	8629	0.9462365527300982	False
ARMCX5	0.44252424515959354	0.3290549448589247	5.73758838269971e-06	7129	0.9462365527300982	False
CYB5R1	0.44245139110649917	0.3290812989072357	1.17713268796081e-05	5741	0.9462365527300982	False
DIS3	0.44236866747911346	0.32911122418132854	4.73089481092733e-05	2590	0.9462365527300982	False
NELFA	0.44213570301043614	0.329195504967273	4.51696508931225e-05	2689	0.9462365527300982	False
IQSEC1	0.44137463524909154	0.3294709009582356	2.07468498751724e-05	4478	0.9462365527300982	False
TMEM219	0.44059093675751165	0.32975458267858826	4.37193534745194e-06	7519	0.9462365527300982	False
NCOA3	0.4401783872439785	0.3299039559524969	0.000235674059689	662	0.9462365527300982	False
FKBP15	0.4389411449084516	0.33035209129043597	2.68222244214311e-05	3849	0.9462365527300982	False
UBE2L3	0.4388095883940952	0.33039975604366556	0.0002109362258347	734	0.9462365527300982	False
HTR1B	0.4375745668033875	0.3308473556058395	2.66528624024917e-06	8134	0.9462365527300982	False
MDFI	0.4375745668033788	0.33084735560584266	0.0001155591957293	1280	0.9462365527300982	False
CYP20A1	0.43730489706929876	0.33094512217676164	4.16512287558535e-06	7577	0.9462365527300982	False
TTC8	0.4372576563203089	0.33096225011345937	9.73165334218878e-06	6160	0.9462365527300982	False
SDC1	0.4359967233141044	0.3314195534691887	5.92936234219396e-05	2200	0.9462365527300982	False
FZD7	0.43596963498875996	0.3314293803703011	2.43288368812638e-05	4097	0.9462365527300982	False
MACROD1	0.4354107059935891	0.3316321703656385	4.81128456047368e-05	2562	0.9462365527300982	False
KLK6	0.4353204007221435	0.331664939456514	1.66733092669192e-06	8551	0.9462365527300982	False
IL6ST	0.43449885770331653	0.3319631120684505	5.27519974348764e-05	2393	0.9462365527300982	False
NLRP3	0.4340434000569564	0.3321284627370111	8.39351316079592e-05	1688	0.9462365527300982	False
LAMA1	0.43334785902955236	0.3323810370464705	7.10665745314092e-06	6747	0.9462365527300982	False
PI4KA	0.4331497102177219	0.3324530054752791	5.77994006131338e-05	2243	0.9462365527300982	False
RNF25	0.43298391599096964	0.3325132273380358	3.84474663136211e-05	3048	0.9462365527300982	False
PENK	0.4321468546486376	0.33281734126559503	1.28920328479483e-05	5555	0.9462365527300982	False
COA7	0.43116327421766276	0.33317482783792307	1.47985845766636e-05	5254	0.9462365527300982	False
NOTCH1	0.4297843030905853	0.33367627613266837	0.000242263249633	640	0.9462365527300982	False
GTF2H3	0.42957954712364826	0.3337507588451959	3.18237599065987e-05	3474	0.9462365527300982	False
VWA8	0.429502810859448	0.3337786743721798	4.02874978483247e-05	2935	0.9462365527300982	False
RCBTB2	0.4280127538836063	0.3343209174643058	1.34371480890295e-05	5477	0.9462365527300982	False
CCL5	0.4279487855315741	0.33434420378651597	1.135463061893e-05	5822	0.9462365527300982	False
ZNF662	0.42748489189155126	0.33451309349920766	9.10590268639573e-07	8978	0.9462365527300982	False
H1-3	0.42748489189154293	0.3345130934992107	8.15783045257867e-06	6488	0.9462365527300982	False
PIGK	0.4274519126978556	0.3345251015066947	1.11562226359591e-05	5860	0.9462365527300982	False
TTYH2	0.42666040605924327	0.33481334662704937	1.75594722409421e-05	4868	0.9462365527300982	False
THAP12	0.42657275208387263	0.334845273803682	1.23344672442926e-05	5643	0.9462365527300982	False
HDAC2	0.4263364708222176	0.33493134308590433	0.0009346581438363	102	0.9462365527300982	False
ARMC5	0.42573717043146764	0.3351496868516258	2.37614770327594e-05	4156	0.9462365527300982	False
H2BC5	0.42475460068524085	0.33550778808886217	4.13331215396181e-06	7584	0.9462365527300982	False
SAT2	0.4244959504870317	0.3356020789917376	8.22556243349512e-06	6471	0.9462365527300982	False
SRCIN1	0.42430988073483134	0.3356699171039112	1.92035906616408e-05	4665	0.9462365527300982	False
LINC00312	0.42400024361295874	0.33578281781193153	6.8452321117613e-06	6820	0.9462365527300982	False
SUPT3H	0.42399638618353835	0.3357842244115725	6.83529794653394e-05	1966	0.9462365527300982	False
MESP2	0.4239527187834825	0.33580014775361566	1.41513423191128e-06	8702	0.9462365527300982	False
TCF24	0.423952718783481	0.33580014775361616	2.67006458851185e-06	8130	0.9462365527300982	False
TMBIM6	0.4220157450394555	0.3365067625087339	1.75083396589835e-05	4882	0.9462365527300982	False
GPR183	0.4218553337704377	0.3365653070360196	3.08226622096197e-05	3545	0.9462365527300982	False
MIS18BP1	0.4214699808022373	0.33670596363874983	4.26029465671415e-05	2819	0.9462365527300982	False
ELMO2	0.4198550303044884	0.3372956804785805	2.10814044131426e-05	4443	0.9462365527300982	False
CGN	0.4198170581100212	0.3373095512587587	4.85774351997271e-05	2545	0.9462365527300982	False
POMGNT2	0.41937766003885485	0.337470074102097	1.01149612894337e-05	6072	0.9462365527300982	False
TEX15	0.4190630398429142	0.3375850307171384	1.06156870457623e-06	8878	0.9462365527300982	False
SERPINC1	0.4190630398429011	0.3375850307171432	1.18746903741874e-05	5726	0.9462365527300982	False
IL36A	0.41855927155778605	0.3377691302363417	1.25341041258691e-05	5614	0.9462365527300982	False
RASSF6	0.41837290610896144	0.3378372463672862	3.30460392443533e-05	3388	0.9462365527300982	False
HERC5	0.416710246560182	0.3384451793346391	6.29169789842805e-05	2103	0.9462365527300982	False
PARVA	0.4165862550457048	0.3384905323522779	2.00041233474581e-05	4572	0.9462365527300982	False
GMDS	0.41512896162705987	0.33902374952239445	1.27461240377715e-05	5582	0.9462365527300982	False
CDKN1B	0.4148408378542032	0.3391292109620387	0.0002663582188558	576	0.9462365527300982	False
RDH14	0.41482895825064153	0.33913355950315643	1.43897188837268e-05	5308	0.9462365527300982	False
TUBB4B	0.4146986791514422	0.33918124970761765	0.000199443629515	775	0.9462365527300982	False
ZBTB14	0.41363431225460584	0.3395709702494716	2.27713521886426e-05	4244	0.9462365527300982	False
RBM15	0.4124392237428838	0.3400087593380988	9.01188862787998e-05	1585	0.9462365527300982	False
SECISBP2L	0.4123841324181714	0.34002894579699827	8.54510756069329e-06	6408	0.9462365527300982	False
IGHA1	0.41173598409785933	0.3402664735012112	2.03091126852278e-05	4538	0.9462365527300982	False
TRIM17	0.4114848518339469	0.3403585232929065	3.5681739420348e-05	3223	0.9462365527300982	False
SEPSECS	0.4112737432400426	0.34043591020455655	3.23935399707888e-06	7912	0.9462365527300982	False
ULBP1	0.4104860927956532	0.34072470162089086	1.01090847320933e-05	6074	0.9462365527300982	False
IFNAR2	0.41003058318069985	0.34089175649279213	1.9659728759965e-05	4615	0.9462365527300982	False
GCC1	0.4096422523541817	0.3410341986693612	2.35267189527451e-05	4175	0.9462365527300982	False
CAP2	0.4088314075134222	0.3413316946664975	3.31443970925955e-05	3379	0.9462365527300982	False
NXT1	0.4083297024256764	0.34151581782908214	1.36317121117924e-05	5444	0.9462365527300982	False
MZT1	0.4080427044090734	0.3416211615757233	2.63090652935856e-05	3898	0.9462365527300982	False
XAGE3	0.4077567570069879	0.3417261319597952	1.5289235318488e-05	5181	0.9462365527300982	False
RAB3GAP1	0.40765586800448866	0.3417631709140001	3.32826842292202e-05	3368	0.9462365527300982	False
MAFK	0.4069137190042948	0.3420356797469404	1.20218035938174e-05	5705	0.9462365527300982	False
BBS12	0.4063454977956507	0.3422443798757109	5.6352781049328e-06	7157	0.9462365527300982	False
PCYOX1	0.4060516822509593	0.34235231334238303	1.17522107645093e-05	5745	0.9462365527300982	False
ASAP1	0.4056334144693871	0.34250598668947385	4.46856399043777e-05	2712	0.9462365527300982	False
LRPAP1	0.4036288445947053	0.3432428356564179	2.75093364333767e-05	3801	0.9462365527300982	False
FOSB	0.40337088762334455	0.3433377000263764	2.2408530407211e-05	4285	0.9462365527300982	False
DEAF1	0.4032294591505347	0.3433897149176348	2.95556755309403e-05	3638	0.9462365527300982	False
AMH	0.403213524727613	0.3433955755025513	7.49929245964443e-07	9127	0.9462365527300982	False
PPP1R3E	0.40321352472760685	0.34339557550255356	3.2246957282373e-06	7919	0.9462365527300982	False
PHACTR3	0.4032135247275877	0.3433955755025606	3.74964620610147e-06	7723	0.9462365527300982	False
ACP2	0.4014525473125866	0.34404348414717445	1.42674949841671e-05	5329	0.9462365527300982	False
TRHR	0.40145254731256913	0.3440434841471809	1.06328099738728e-06	8876	0.9462365527300982	False
FXYD1	0.4009136509863892	0.3442418495353382	5.12469850239472e-06	7293	0.9462365527300982	False
PDCD6	0.40085883604632977	0.3442620290782112	6.69576288763289e-05	2000	0.9462365527300982	False
DDX39B	0.40048272395107753	0.3444005027413226	0.0005311292995793	222	0.9462365527300982	False
CHST9	0.4004771580249127	0.34440255211202764	6.09524120137062e-06	7019	0.9462365527300982	False
ZNF214	0.4001049675857289	0.3445396027737461	9.31602715651167e-06	6241	0.9462365527300982	False
RXRB	0.39974328961619315	0.34467280201168216	4.84126210781421e-05	2552	0.9462365527300982	False
EPM2A	0.39916992986255284	0.34488399915499496	3.62031841176792e-05	3188	0.9462365527300982	False
STK40	0.39885906517978004	0.34499852641721707	3.59047983924672e-05	3206	0.9462365527300982	False
AZIN2	0.39884662458989995	0.3450031100147396	1.35492479110176e-05	5460	0.9462365527300982	False
ODAPH	0.3986716598900312	0.34506757622905504	3.74621190493595e-05	3104	0.9462365527300982	False
CIC	0.39854630331596996	0.3451137669611985	9.81028069354851e-05	1456	0.9462365527300982	False
RNF187	0.39849559655971356	0.34513245177605373	4.85839768981996e-05	2544	0.9462365527300982	False
LIMS2	0.398475389810164	0.3451398978194782	2.79200992779971e-06	8087	0.9462365527300982	False
ILK	0.3984753898101356	0.3451398978194887	0.0002340900889957	667	0.9462365527300982	False
ATP13A3	0.39644216273755906	0.3458894336206113	2.52310419771015e-05	4013	0.9462365527300982	False
SH3GLB2	0.3961045172093337	0.34601396301591847	1.44689027641054e-05	5297	0.9462365527300982	False
CREM	0.39610299813723693	0.3460145233131078	1.46762287132001e-05	5270	0.9462365527300982	False
VPS26C	0.39580192657022484	0.3461255777260665	1.20312396249274e-05	5704	0.9462365527300982	False
ZNF639	0.3957222721506558	0.34615496157505066	4.25465496260981e-06	7553	0.9462365527300982	False
TPP2	0.395703351720035	0.3461619412997558	3.42191094460341e-05	3313	0.9462365527300982	False
LETMD1	0.39566501298949025	0.34617608457279225	1.31478555248585e-05	5518	0.9462365527300982	False
IREB2	0.39546901435081816	0.34624839241189526	3.83829367412635e-05	3053	0.9462365527300982	False
CRYAB	0.395347666820553	0.3462931627653973	0.0001283973041395	1147	0.9462365527300982	False
CRX	0.3949090210255879	0.34645501608623575	5.75291844213307e-05	2251	0.9462365527300982	False
MID1	0.39415819304071614	0.34673212472883574	0.0001080417544466	1355	0.9462365527300982	False
PLEKHH1	0.39363602709579	0.3469248892661289	1.62659134791836e-06	8569	0.9462365527300982	False
LPXN	0.3936360270957803	0.34692488926613246	5.53694596230654e-05	2310	0.9462365527300982	False
PPIL2	0.3933528824723073	0.34702943246006956	2.84767178440418e-05	3731	0.9462365527300982	False
CHIC2	0.39275735683820806	0.3472493515542464	1.86048240353117e-06	8469	0.9462365527300982	False
HSPA1L	0.3926839575393956	0.3472764604272642	0.0001136406907715	1299	0.9462365527300982	False
LINGO2	0.3926113716538488	0.3473032696473479	1.03461281716555e-05	6019	0.9462365527300982	False
NOCT	0.3925479774023286	0.34732668461013905	3.27206580181315e-05	3409	0.9462365527300982	False
SLC35A5	0.39219026395775736	0.3474588186592127	1.62747399385089e-05	5040	0.9462365527300982	False
ITGB3	0.391904634325342	0.34756433932761643	4.09141432053449e-05	2892	0.9462365527300982	False
CASTOR3P	0.3905776901275951	0.34805470950168005	2.95229520222511e-06	8022	0.9462365527300982	False
LZTFL1	0.39051203714018806	0.3480789780675213	1.28413551749893e-05	5563	0.9462365527300982	False
ELMOD1	0.3903013110822365	0.3481568769623741	1.23652452145068e-06	8777	0.9462365527300982	False
LDHC	0.39030131108223093	0.3481568769623762	1.35317777740401e-05	5465	0.9462365527300982	False
SNX21	0.3900785416071064	0.34823923490229125	2.29761356156493e-05	4223	0.9462365527300982	False
SMARCA2	0.38956964510297626	0.3484274009320055	0.000206344677319	746	0.9462365527300982	False
BMX	0.38951572452069594	0.34844734041787984	3.91574331871313e-05	3005	0.9462365527300982	False
CARTPT	0.38929528568895044	0.34852886164083674	3.49256964448435e-06	7831	0.9462365527300982	False
MEX3B	0.38839164503627777	0.34886311310315554	3.35400775464207e-05	3352	0.9462365527300982	False
DSC1	0.3882931776909896	0.3488995426993129	3.18409841116422e-05	3472	0.9462365527300982	False
KAT2A	0.3865150962579388	0.3495576122247831	0.0001760022766739	868	0.9462365527300982	False
ZMYM6	0.38533605306268887	0.34999422673579816	4.37253523630299e-05	2761	0.9462365527300982	False
ASH2L	0.3841209013395727	0.3504444203017167	0.0001620022414332	934	0.9462365527300982	False
ROR1	0.3836189051771138	0.3506304629392861	2.76490158145091e-05	3790	0.9462365527300982	False
FAM209A	0.3835008304438151	0.3506742273145913	1.70309818133556e-06	8535	0.9462365527300982	False
CCNB1IP1	0.3826324396342113	0.3509961570379727	1.59372357088457e-05	5083	0.9462365527300982	False
MTMR8	0.38233366356747917	0.3511069440085508	1.18798810629426e-05	5725	0.9462365527300982	False
PPOX	0.3816508698571047	0.35136017325316315	3.18601000373253e-06	7932	0.9462365527300982	False
RNASEL	0.3810424121599918	0.35158588894652815	9.51913945843526e-06	6198	0.9462365527300982	False
BMF	0.3796705339202683	0.35209499784226894	2.54527717172484e-05	3989	0.9462365527300982	False
NR0B2	0.37966285995770693	0.3520978464238501	9.58899155222554e-05	1481	0.9462365527300982	False
TAB1	0.3794252304395552	0.35218605881462095	0.0001669137762224	908	0.9462365527300982	False
SLX4IP	0.3788568775192029	0.35239707398961295	3.30169882539163e-05	3391	0.9462365527300982	False
GORAB	0.378431706144178	0.35255495916542723	9.6889140729138e-06	6170	0.9462365527300982	False
CLIC4	0.37772755503781896	0.3528164978794166	9.86607851237991e-06	6134	0.9462365527300982	False
SUMO2	0.3767139956968192	0.35319308039500746	0.0004306175550191	303	0.9462365527300982	False
S100A10	0.37666063553686185	0.3532129100629885	4.49708004286965e-05	2701	0.9462365527300982	False
DUX4L9	0.3764348373177332	0.353296825461506	2.31952069722622e-05	4205	0.9462365527300982	False
DSE	0.3761076449640241	0.3534184355189198	4.77644737783447e-06	7393	0.9462365527300982	False
RMND5B	0.37601915127326146	0.353451329210216	3.18831073723007e-05	3469	0.9462365527300982	False
TMOD4	0.37548471485988466	0.35365000602489227	2.25559745513365e-05	4267	0.9462365527300982	False
NUDT19	0.3754709563060443	0.3536551212959589	2.11430559812988e-05	4435	0.9462365527300982	False
SKA3	0.37464947622566797	0.3539605859426191	5.06062682452934e-05	2470	0.9462365527300982	False
COPS9	0.3739907147714928	0.35420561214951507	1.92400980743056e-06	8437	0.9462365527300982	False
ETV6	0.37387790841218704	0.3542475765120049	5.02530606147939e-05	2480	0.9462365527300982	False
PPP1R16B	0.37328284968732595	0.35446896973327047	2.93819056290228e-05	3652	0.9462365527300982	False
TPT1	0.3714018968687214	0.35516910647702726	6.98299364672328e-05	1938	0.9462365527300982	False
COA8	0.3711701819527739	0.35525539034136233	1.35806941661433e-06	8724	0.9462365527300982	False
CLUH	0.3711701819527489	0.3552553903413716	4.56087720973317e-05	2660	0.9462365527300982	False
H3-7	0.370975852283785	0.35532775875402145	2.14315299453685e-05	4405	0.9462365527300982	False
TMIGD1	0.3706805880528809	0.3554377252054925	7.48712213627781e-06	6658	0.9462365527300982	False
BACH1	0.37041702098596374	0.3555358967217722	9.63580464706087e-05	1473	0.9462365527300982	False
NSL1	0.3693872616771471	0.355919545695935	4.02520530968872e-05	2939	0.9462365527300982	False
DNAAF8	0.36800311348518794	0.3564354563155653	2.21396911722527e-05	4320	0.9462365527300982	False
MAP4K3	0.36759234752795616	0.35658861085612104	1.18227678822983e-05	5735	0.9462365527300982	False
PNPO	0.36732248792126804	0.3566892408975645	9.52610091414368e-06	6195	0.9462365527300982	False
MTERF1	0.3673224879212572	0.3566892408975686	9.86035010159702e-07	8933	0.9462365527300982	False
SUPT20H	0.3653115775620915	0.35743941855135974	8.00278490513243e-05	1750	0.9462365527300982	False
AARSD1	0.3648635236336681	0.3576066419443111	2.5633095087137e-05	3966	0.9462365527300982	False
CSH2	0.3647804575228982	0.3576376470140224	5.38855751336193e-06	7220	0.9462365527300982	False
ZNF212	0.3642697248364646	0.35782830258772264	7.7048754203588e-06	6605	0.9462365527300982	False
CDK20	0.36380771676838497	0.35800079991085254	4.05525563429754e-05	2915	0.9462365527300982	False
PDLIM4	0.36323356072024826	0.35821520969168613	8.72490639311987e-06	6362	0.9462365527300982	False
MDM4	0.36322746909815246	0.3582174847545023	0.0001265719931153	1163	0.9462365527300982	False
IL1R1	0.3630148026144086	0.3582969133239332	3.01758034517572e-05	3594	0.9462365527300982	False
PPP2R3C	0.3623520351983513	0.35854448891232416	1.04292289752363e-05	6002	0.9462365527300982	False
DMAP1	0.36220943712836756	0.3585977639440542	0.0001742045872053	873	0.9462365527300982	False
HLA-DPA1	0.36176470108164926	0.3587639362260094	7.90123561252418e-05	1762	0.9462365527300982	False
LRR1	0.36172624140482645	0.35877830765174	4.70910792943086e-05	2598	0.9462365527300982	False
FKBP8	0.3601344932457768	0.359373279548616	0.000222201210443	694	0.9462365527300982	False
GCNT3	0.35965844041857115	0.3595512873815826	5.77209333602504e-06	7119	0.9462365527300982	False
LIG4	0.35938484553574646	0.35965360501631655	0.0001166048298047	1272	0.9462365527300982	False
RUBCNL	0.35930218254514285	0.35968452088414365	4.7166485940898e-06	7408	0.9462365527300982	False
A2ML1	0.3591543418802072	0.3597398154202671	4.9585003623626e-06	7333	0.9462365527300982	False
TFAP2A	0.3589526539680736	0.3598152543364318	8.23444872173196e-05	1710	0.9462365527300982	False
PPFIA3	0.3575588962277514	0.36033672164482744	1.68240832727583e-05	4965	0.9462365527300982	False
RNF13	0.3573418044545044	0.3604179688376655	5.26547914694101e-05	2395	0.9462365527300982	False
CDC7	0.35722191166658623	0.360462841745006	6.77409208316914e-05	1983	0.9462365527300982	False
HMGCS1	0.3568426897058939	0.36060478780292515	1.22736643623338e-05	5654	0.9462365527300982	False
TMC7	0.35626109396203687	0.36082252143335203	2.38961988055157e-06	8245	0.9462365527300982	False
FLYWCH2	0.3562197180111217	0.36083801318405573	1.88865426211881e-05	4712	0.9462365527300982	False
NXPH2	0.35607443927086696	0.36089240944064926	2.0866355274441e-05	4465	0.9462365527300982	False
LRRK2	0.3558128131945104	0.36099037635633746	0.0002800811153024	545	0.9462365527300982	False
SH3PXD2B	0.35580722828166306	0.36099246774841276	6.82229862517336e-06	6828	0.9462365527300982	False
UCKL1	0.35553709657293253	0.3610936294022856	6.60166682748808e-06	6882	0.9462365527300982	False
ANAPC2	0.3552782177876722	0.3611905860651945	9.18943604497971e-05	1560	0.9462365527300982	False
GAL3ST1	0.35492034289231417	0.36132463396317577	7.85338690381905e-06	6566	0.9462365527300982	False
MPZL1	0.35489422231653367	0.3613344185191829	2.64183785390511e-05	3884	0.9462365527300982	False
TMEM65	0.3548942223165052	0.36133441851919357	1.08781559287731e-06	8862	0.9462365527300982	False
NOXRED1	0.3548942223165052	0.36133441851919357	1.08781559287731e-06	8861	0.9462365527300982	False
ALG11	0.35489289105028543	0.36133491720316024	3.22857215823154e-06	7917	0.9462365527300982	False
LIG3	0.3543721067800518	0.36153001778689975	9.01567622910706e-05	1582	0.9462365527300982	False
AGO1	0.3534550322343824	0.36187366747526895	7.34367465963964e-05	1865	0.9462365527300982	False
GRPEL2	0.3511235421699143	0.3627478334431937	4.65088064958191e-06	7433	0.9462365527300982	False
OSGIN1	0.3510807974490907	0.3627638667911128	6.99945652230749e-06	6783	0.9462365527300982	False
KDM3A	0.35092918046899396	0.36282073956224786	7.01140907474328e-06	6777	0.9462365527300982	False
TNFAIP8L2	0.35087460170193596	0.3628412132456199	5.32863624147196e-06	7234	0.9462365527300982	False
MYO10	0.3506560255330104	0.362923209852379	1.70240685310375e-05	4936	0.9462365527300982	False
PAFAH1B2	0.34982526484235094	0.36323491851023426	9.04653665966036e-06	6298	0.9462365527300982	False
AKR1B15	0.3491859713131015	0.36347484871544256	4.73953473649045e-06	7402	0.9462365527300982	False
COLGALT1	0.34916457321445715	0.36348288046073685	2.648575780224e-05	3877	0.9462365527300982	False
DDX47	0.34798613515406285	0.36392529804205115	4.19906931501813e-05	2847	0.9462365527300982	False
NT5C3A	0.3478016777679682	0.3639945647819744	1.40207171417684e-06	8710	0.9462365527300982	False
ATG14	0.34740306695995493	0.3641442647800671	8.06647292292552e-05	1742	0.9462365527300982	False
TCF3	0.3472817025426767	0.3641898478253155	0.0001057804370521	1378	0.9462365527300982	False
UTP4	0.346701543728223	0.36440777517420697	1.60939825345724e-05	5060	0.9462365527300982	False
KCTD13	0.34648331930758763	0.36448975902562786	3.64833109281432e-05	3167	0.9462365527300982	False
ARHGEF12	0.34609594841115804	0.364635304100098	5.95303663643485e-05	2196	0.9462365527300982	False
SPMIP6	0.3452819640252366	0.36494120224879945	4.84755373975657e-06	7371	0.9462365527300982	False
ROS1	0.3451876652804745	0.3649766456044368	3.2959509941067e-05	3395	0.9462365527300982	False
MKS1	0.3439897646383386	0.3654269917780204	1.89617718741439e-05	4700	0.9462365527300982	False
R3HCC1L	0.34398976463832076	0.3654269917780271	1.92925005854421e-06	8433	0.9462365527300982	False
LRRIQ3	0.3439897646382865	0.36542699177804	3.85850011710928e-07	9415	0.9462365527300982	False
HP	0.34386699806386617	0.365473155898543	1.22980368779436e-05	5650	0.9462365527300982	False
NAT10	0.3430110284633669	0.3657950817113621	0.0001488988799093	1007	0.9462365527300982	False
NTRK1	0.343009627126703	0.3657956088245189	0.0005005009705333	245	0.9462365527300982	False
RPS6KA2	0.34298925811273423	0.3658032706631183	3.86529352144678e-05	3032	0.9462365527300982	False
LRRK1	0.3427924558760499	0.36587730090955206	4.35562869287591e-05	2774	0.9462365527300982	False
MAP1A	0.342285569454013	0.3660679971749169	2.07317046897571e-05	4479	0.9462365527300982	False
GNPNAT1	0.341643802059621	0.36630948461226953	2.2040289363269e-06	8314	0.9462365527300982	False
EID2	0.341044686134223	0.3665349707352214	9.43703179126282e-06	6217	0.9462365527300982	False
ZHX3	0.340683485205327	0.3666709363053376	1.49543939533711e-05	5232	0.9462365527300982	False
RAD54L	0.3405820313442828	0.36670912922894416	4.52797854388647e-06	7474	0.9462365527300982	False
COPS7A	0.3404765209311652	0.3667488506661921	0.0001710573618825	894	0.9462365527300982	False
ANK3	0.34045090696777736	0.36675849375375685	5.62416682218727e-05	2286	0.9462365527300982	False
PQBP1	0.3401344139805378	0.3668776532618644	4.30981606309517e-05	2799	0.9462365527300982	False
OSTM1	0.340009594998532	0.3669246510963501	1.14814865826991e-05	5797	0.9462365527300982	False
DYNLL2	0.33956821037285917	0.36709086073463204	0.0003193300323884	456	0.9462365527300982	False
C3ORF62	0.33698219996161544	0.3680651592573184	1.69590405974671e-05	4945	0.9462365527300982	False
SPATA2	0.33673653291809996	0.3681577604003835	4.65888313383251e-05	2614	0.9462365527300982	False
GAK	0.33636844467664345	0.3682965210313019	5.42681566747231e-05	2346	0.9462365527300982	False
MIS12	0.33619863557426444	0.368360540871279	5.85877612886321e-05	2220	0.9462365527300982	False
CDC16	0.33596697480068266	0.3684478853440383	9.27313293507906e-05	1538	0.9462365527300982	False
FBXO24	0.33494704947585985	0.36883251479949497	9.82170361483087e-06	6142	0.9462365527300982	False
BICD1	0.33441122663704115	0.36903463447506585	2.7045067687509e-05	3833	0.9462365527300982	False
NAT8L	0.3344078063144353	0.3690359247837506	3.08224134227032e-06	7966	0.9462365527300982	False
EFNB2	0.33405190197969314	0.36917019692382014	6.22160439509176e-05	2124	0.9462365527300982	False
LGALS7	0.33384926665007214	0.36924665235152554	7.84310135810608e-06	6570	0.9462365527300982	False
FAM83D	0.33334186387960824	0.3694381209012535	3.13847679984384e-05	3506	0.9462365527300982	False
TADA3	0.3331322003165822	0.3695172469528403	0.0001246071092645	1180	0.9462365527300982	False
NECTIN1	0.3324262481420742	0.36978371062933857	5.09497223932346e-06	7302	0.9462365527300982	False
CDK3	0.3316907267041264	0.3700614018319298	7.92446730990609e-05	1758	0.9462365527300982	False
BRAF	0.3316722609021304	0.37006837434448214	0.0001825796557257	840	0.9462365527300982	False
KLHL4	0.3316604549444575	0.37007283218505327	1.86907893392382e-05	4731	0.9462365527300982	False
ASAP3	0.33070505785622983	0.37043364073211993	4.8266042372123e-06	7377	0.9462365527300982	False
PDP2	0.33007333910276826	0.3706722738320145	9.60471530287409e-06	6182	0.9462365527300982	False
PLEK	0.329402046823358	0.37092591045052725	9.94419043915991e-06	6112	0.9462365527300982	False
CAVIN2	0.32940204682335794	0.3709259104505273	9.96962317660596e-07	8926	0.9462365527300982	False
PF4	0.32940204682335605	0.37092591045052803	8.18933332364061e-07	9069	0.9462365527300982	False
BNIP3	0.32918660504413183	0.371007323436699	3.55900002610245e-05	3228	0.9462365527300982	False
DLGAP1	0.3287116398994702	0.37118682772851985	2.45720498383935e-05	4074	0.9462365527300982	False
KCTD6	0.3285278335053149	0.37125630147952415	2.27410302866867e-05	4246	0.9462365527300982	False
CETN2	0.3281207013810935	0.3714102011362953	5.98362155085808e-05	2182	0.9462365527300982	False
GPR88	0.32782457692989697	0.3715221517972127	1.1488458346692e-06	8816	0.9462365527300982	False
TTC9C	0.3271400003064523	0.3717809994573619	2.0537142795815e-05	4503	0.9462365527300982	False
FGFRL1	0.3269842074509797	0.37183991494071267	1.31509297671589e-05	5517	0.9462365527300982	False
ANAPC10	0.32685119676700447	0.37189021736788164	5.58556087220269e-05	2297	0.9462365527300982	False
PPP1R15B	0.325885639889145	0.3722554404205891	2.65859376063329e-05	3871	0.9462365527300982	False
FAM221A	0.3257652526833044	0.3723009850913356	7.66253275090791e-06	6615	0.9462365527300982	False
PKD1	0.3248555882923365	0.37264518538311464	1.83215753729459e-05	4775	0.9462365527300982	False
EPCIP	0.3248555882923064	0.3726451853831261	9.13242619391437e-07	8976	0.9462365527300982	False
PACS1	0.3242694215245447	0.37286703403030663	5.86507992866955e-06	7087	0.9462365527300982	False
STK32A	0.3225970302119974	0.3735002215649445	4.90298301501219e-06	7350	0.9462365527300982	False
DDHD1	0.3222987010364282	0.37361320855087465	8.9441250817694e-06	6325	0.9462365527300982	False
SLC20A2	0.32196021751335957	0.3737414164531893	1.39802272556281e-05	5383	0.9462365527300982	False
TMEM59L	0.3219495046969429	0.3737454743906143	5.48842517833161e-06	7193	0.9462365527300982	False
GAPDH	0.32160057696699534	0.3738776533420344	0.0003728596773179	369	0.9462365527300982	False
PAPSS2	0.3214026460628213	0.373952639071617	8.56089384159774e-06	6403	0.9462365527300982	False
LTA	0.3211367818109134	0.3740533687217822	1.05711443189238e-05	5975	0.9462365527300982	False
F12	0.32063881136964584	0.3742420610298723	1.02816770474778e-05	6038	0.9462365527300982	False
MCM4	0.3203545954860319	0.3743497703909298	0.0001801915250587	849	0.9462365527300982	False
TROAP	0.3202327455207768	0.3743959509053575	5.25947667127656e-05	2396	0.9462365527300982	False
YEATS4	0.3196427614810068	0.3746195773173719	0.0001778823319583	860	0.9462365527300982	False
GINS2	0.31791313631602686	0.37527541390968755	1.72321371019198e-05	4922	0.9462365527300982	False
PSG8	0.316945431516326	0.37564250419922873	3.27573486071413e-05	3408	0.9462365527300982	False
PSG4	0.31694543151630544	0.37564250419923656	1.27389689223989e-06	8764	0.9462365527300982	False
NCR1	0.31545378896364745	0.37620856611424375	4.2842240011969e-06	7545	0.9462365527300982	False
SPART	0.3150408270029702	0.3763653277662349	6.25126483330847e-06	6970	0.9462365527300982	False
DNMT3A	0.3148525115193485	0.3764368196853527	0.00012521028539	1173	0.9462365527300982	False
SATB1	0.31483670544672415	0.3764428204812654	0.0001165394457091	1274	0.9462365527300982	False
GALNT18	0.31434947810835245	0.3766278116114997	6.2924361197034e-06	6961	0.9462365527300982	False
NHERF1	0.3142516880113081	0.37666494410243784	7.05282357677413e-06	6759	0.9462365527300982	False
PDCD10	0.3142095274210289	0.3766809535166006	4.85276712315523e-05	2547	0.9462365527300982	False
TIFA	0.3136207201272206	0.3769045602951251	2.4936655067887e-05	4040	0.9462365527300982	False
DKK3	0.31316838152889714	0.3770763694674345	3.57874379127752e-05	3215	0.9462365527300982	False
SIGLEC8	0.31283501427039073	0.37720300601986656	3.87934795220627e-07	9412	0.9462365527300982	False
CD300LD	0.31283501427039073	0.37720300601986656	3.87934795220627e-07	9411	0.9462365527300982	False
TFF1	0.31283501427038896	0.3772030060198672	2.7709658153373e-06	8094	0.9462365527300982	False
SLC2A4	0.3126541144989631	0.3772717301250117	1.74853155291015e-05	4885	0.9462365527300982	False
DDIT4L	0.3121513169351739	0.3774627641130981	4.41332410188048e-06	7509	0.9462365527300982	False
INTS5	0.31192479947501656	0.3775488374440767	5.83795855791679e-05	2228	0.9462365527300982	False
DNAJB8	0.3110720227175885	0.3778729346885404	2.06387053481267e-05	4491	0.9462365527300982	False
ZNF280D	0.310875959815176	0.3779474604302602	1.00594171269784e-05	6082	0.9462365527300982	False
CELF5	0.3105911373656543	0.378055732778587	8.04780081816268e-06	6518	0.9462365527300982	False
ADCY3	0.310568846605496	0.3780642067878982	8.72294481542173e-06	6365	0.9462365527300982	False
GSTCD	0.3103329915061719	0.3781538725684599	1.80812435452017e-05	4806	0.9462365527300982	False
UNC119	0.3089045723608677	0.37869705928063246	6.9590623079557e-05	1944	0.9462365527300982	False
PLEKHF2	0.30852218840648676	0.3788425096181822	8.20600442538097e-06	6477	0.9462365527300982	False
NRBF2	0.3076885043851678	0.3791596839126488	3.10460987850172e-05	3530	0.9462365527300982	False
CHTF8	0.3072949194417394	0.37930945121852955	1.39867007556799e-05	5381	0.9462365527300982	False
NDST1	0.30656214066463294	0.3795883371183111	4.96746965420472e-06	7331	0.9462365527300982	False
TULP3	0.3055123292447673	0.3799879905926465	0.0001889818817578	812	0.9462365527300982	False
FAT1	0.3052495095260965	0.38008806370356196	3.45992742098618e-05	3284	0.9462365527300982	False
WNT10B	0.30468968308317174	0.38030125397070713	4.31372200492996e-06	7537	0.9462365527300982	False
ZMYM4	0.3045110296929596	0.3803692955064303	7.74256022645494e-05	1791	0.9462365527300982	False
COL6A1	0.3044459056942359	0.38039409940951563	1.66038850716761e-05	4989	0.9462365527300982	False
CRTAP	0.304045920322225	0.3805464533926046	1.72415700693125e-05	4919	0.9462365527300982	False
BATF3	0.3036898035770957	0.38068211345779845	4.96982540463841e-05	2505	0.9462365527300982	False
AKR1B10	0.30260384942353263	0.38109589026139346	7.85850167463811e-06	6565	0.9462365527300982	False
DCHS1	0.3024413478955125	0.38115781928256176	2.80122701924009e-06	8082	0.9462365527300982	False
PSME4	0.30157390211500723	0.3814884526613397	6.57843936015335e-05	2028	0.9462365527300982	False
CDKN1A	0.30129402339739114	0.38159514897454816	0.0003628297537799	380	0.9462365527300982	False
STIP1	0.299394293470031	0.38231960787702357	0.0003909170537213	345	0.9462365527300982	False
H2AC11	0.29879204028063194	0.38254936230385467	2.17463879280606e-05	4376	0.9462365527300982	False
EOGT	0.298194765928518	0.3827772581835206	1.75579158915076e-05	4870	0.9462365527300982	False
HDAC1	0.2976338432557928	0.38299132068730846	0.0014282679900536	56	0.9462365527300982	False
KLRK1	0.29758573831950114	0.38300968043183414	4.40595482815605e-06	7511	0.9462365527300982	False
WAS	0.29704838444217957	0.3832147849318086	0.0001237064030386	1188	0.9462365527300982	False
KLHL15	0.29704494912221685	0.38321609627660763	5.39262955332536e-05	2361	0.9462365527300982	False
ACP5	0.29704494912219775	0.3832160962766149	1.35088830194045e-06	8725	0.9462365527300982	False
COMMD5	0.2965136594572798	0.383418918502168	1.97705794075426e-05	4600	0.9462365527300982	False
COMMD7	0.2965136594572798	0.383418918502168	2.07042343012699e-05	4484	0.9462365527300982	False
RHPN1	0.29598067661137395	0.38362241921410123	4.78531013870299e-05	2574	0.9462365527300982	False
JUN	0.2949516981452132	0.3840153891465765	0.000464485947282	270	0.9462365527300982	False
THRB	0.29471034327126916	0.38410758057468364	8.57786913046344e-05	1643	0.9462365527300982	False
C1ORF198	0.29434538274517147	0.3842469986744969	1.8055096462241e-05	4812	0.9462365527300982	False
CCAR2	0.2929054772886753	0.3847972010557631	0.0001578325086802	958	0.9462365527300982	False
CD55	0.29159651735929276	0.3852975692583585	2.99073971459581e-06	8009	0.9462365527300982	False
CCDC50	0.29153615998970267	0.38532064631848495	2.57988911631627e-05	3950	0.9462365527300982	False
CDKN2AIP	0.2913999652980583	0.3853727205416055	3.48128113327015e-05	3274	0.9462365527300982	False
ARFGAP2	0.2913685104307599	0.38538474764614017	7.05165909085931e-06	6760	0.9462365527300982	False
MMP3	0.2913374463221447	0.3853966254481008	5.54676441746353e-06	7177	0.9462365527300982	False
HOPX	0.290735557954867	0.3856267871979323	8.67933138253933e-06	6374	0.9462365527300982	False
CNKSR3	0.29066247995570127	0.3856547349245614	9.34255973193529e-06	6234	0.9462365527300982	False
TEX11	0.29047768152437264	0.3857254113201727	2.80588396040381e-05	3763	0.9462365527300982	False
CARM1	0.2904430307606885	0.38573866397137085	0.0001635806465324	927	0.9462365527300982	False
COMMD9	0.29015115672808595	0.385850300417653	2.011596182451e-05	4557	0.9462365527300982	False
LTN1	0.2894876359994419	0.386104120049361	9.90245193985687e-05	1446	0.9462365527300982	False
SLC4A7	0.28947746046347117	0.38610801292373786	8.90491458202964e-05	1597	0.9462365527300982	False
C5ORF34	0.28901457854713664	0.3862851106684138	1.03895736065545e-05	6009	0.9462365527300982	False
HDAC9	0.2884858900179172	0.3864874148823372	6.00128337206408e-05	2176	0.9462365527300982	False
B3GAT3	0.2884272960946995	0.38650983791905896	1.53224751431302e-05	5174	0.9462365527300982	False
GTF2F1	0.2884096185954257	0.38651660291368284	0.0001344477704297	1098	0.9462365527300982	False
MFSD4A	0.288336080859653	0.386544745408433	6.51537908317839e-06	6903	0.9462365527300982	False
HELLS	0.28825934162104905	0.38657411373730444	8.43722928191179e-05	1679	0.9462365527300982	False
KPNA3	0.2876724508227636	0.386798740017395	0.0001491661010588	1004	0.9462365527300982	False
GRK2	0.2874202538572574	0.3868952774082558	4.12106548694197e-06	7590	0.9462365527300982	False
GRK3	0.2874202538572404	0.3868952774082623	8.73015092734465e-07	9023	0.9462365527300982	False
CTR9	0.28707936304177967	0.38702577665738186	0.0001116631001283	1319	0.9462365527300982	False
LTBP4	0.2857700145322029	0.38752713786851317	8.96585379922961e-06	6321	0.9462365527300982	False
NAA20	0.28569988045975764	0.38755399813110347	9.51207966871345e-06	6200	0.9462365527300982	False
TYW1	0.2853676150865972	0.3876812579313803	3.44814107591099e-05	3296	0.9462365527300982	False
RGS11	0.28477009872231446	0.3879101409409774	3.1676954113808e-06	7939	0.9462365527300982	False
ZBTB20	0.28477009872231446	0.3879101409409774	3.1676954113808e-06	7940	0.9462365527300982	False
HSPB9	0.2828774325170018	0.38863539728418706	7.4760468197264e-06	6663	0.9462365527300982	False
PIK3R4	0.2826831736630096	0.3887098579257076	3.62575347521458e-05	3185	0.9462365527300982	False
SLC25A51	0.2825074030945948	0.3887772354148522	1.5198009375263e-05	5197	0.9462365527300982	False
PRKCI	0.28202379183608967	0.3889626336109232	0.0001273298173942	1156	0.9462365527300982	False
HSPA8	0.2814984710807508	0.3891640502969811	0.0018805860773048	35	0.9462365527300982	False
TFE3	0.2813998578271092	0.38920186357537423	2.39952029711193e-05	4138	0.9462365527300982	False
MEIS2	0.2812220385153299	0.38927005108966445	4.53661805621012e-06	7470	0.9462365527300982	False
NRSN2	0.2810912756203269	0.3893201962825287	8.30888816484374e-06	6450	0.9462365527300982	False
FAM110B	0.28101714649673126	0.38934862427237726	1.09197969729508e-05	5906	0.9462365527300982	False
INSL3	0.28060929182455324	0.3895050442170858	1.61881010352728e-05	5051	0.9462365527300982	False
TBK1	0.27990952905654864	0.3897734581068981	0.0002902019213153	519	0.9462365527300982	False
SLU7	0.27988532211001355	0.3897827443105575	1.6184427808982e-05	5052	0.9462365527300982	False
SLC22A2	0.2797860814857041	0.38982081538931407	6.46307154271043e-07	9239	0.9462365527300982	False
EXT2	0.2797860814857041	0.38982081538931407	1.84659232087081e-06	8474	0.9462365527300982	False
EXT1	0.27978608148569345	0.3898208153893182	1.44596091090934e-05	5300	0.9462365527300982	False
PIGR	0.2789644878132358	0.39013603895617177	7.66704078353741e-06	6612	0.9462365527300982	False
TRIM16L	0.278498592619772	0.3903148226256937	1.15900354018826e-05	5778	0.9462365527300982	False
MFSD11	0.278460821227122	0.3903293181219919	3.03470826350551e-06	7988	0.9462365527300982	False
GGNBP2	0.278062674997829	0.390482123643035	1.02435753127088e-05	6045	0.9462365527300982	False
PITX1	0.2779319145704475	0.3905323122008365	2.95679547397319e-05	3636	0.9462365527300982	False
SMAD6	0.2774198762993751	0.39072886063312595	5.00975436618806e-05	2485	0.9462365527300982	False
SULT1C4	0.27741014687042753	0.39073259559319334	1.80609107959156e-07	9449	0.9462365527300982	False
SULT1A1	0.2774101468704257	0.39073259559319407	2.71986575099588e-06	8112	0.9462365527300982	False
SULT1C2	0.2774101468704257	0.39073259559319407	5.16028964063427e-07	9338	0.9462365527300982	False
FLACC1	0.2774101468704087	0.3907325955932006	2.081031337444e-07	9444	0.9462365527300982	False
SULT2B1	0.27741014687040494	0.39073259559320206	1.04465276560368e-06	8895	0.9462365527300982	False
SULT1B1	0.27741014687040494	0.39073259559320206	2.3411602546245e-07	9439	0.9462365527300982	False
PHLPP2	0.2766109527260984	0.39103942684260207	2.5404279883173e-05	3995	0.9462365527300982	False
CACNA1D	0.2761284825227105	0.3912246924501064	1.26537977357259e-06	8766	0.9462365527300982	False
DOCK1	0.2761107528203725	0.3912315010178167	3.68841272477454e-05	3143	0.9462365527300982	False
CLMN	0.2759705144701537	0.3912853565820629	1.30329352199957e-05	5533	0.9462365527300982	False
DHRS3	0.2757013286046517	0.39138873754425196	5.45743104914695e-06	7203	0.9462365527300982	False
NFKB2	0.2756592453422544	0.3914049003352797	9.26111813491549e-05	1543	0.9462365527300982	False
LIPF	0.27516158652242717	0.39159604886151916	5.8721503767933e-06	7082	0.9462365527300982	False
SCAPER	0.2749738613728966	0.3916681600535547	3.56150329145137e-06	7802	0.9462365527300982	False
SCML2	0.27497111746458347	0.39166921410349165	2.57580165216997e-05	3955	0.9462365527300982	False
LHX4	0.2744875289201746	0.3918549931020701	3.82697356510006e-05	3062	0.9462365527300982	False
UST	0.2743764250210871	0.39189767909374773	2.03909956847301e-05	4518	0.9462365527300982	False
CRYBA1	0.27363301531130274	0.39218332971820397	6.0233708986446e-06	7044	0.9462365527300982	False
VMA21	0.272683564884858	0.3925482347106506	1.12019838603816e-05	5850	0.9462365527300982	False
OR5F1	0.2724905127471692	0.39262244255876977	8.04736105253538e-06	6519	0.9462365527300982	False
COMMD10	0.27220038822255327	0.392733971672599	3.429869405277e-05	3307	0.9462365527300982	False
PGCKA1	0.2720600524348773	0.3927879224484143	4.50431757627642e-06	7483	0.9462365527300982	False
PCSK9	0.27204109357736034	0.3927952111611219	1.864258034957e-05	4738	0.9462365527300982	False
TAT	0.2714154667227768	0.3930357538169691	8.26676080586327e-06	6462	0.9462365527300982	False
PIN4	0.27089387435385665	0.3932363282488098	2.72630753327232e-06	8109	0.9462365527300982	False
CRYBG3	0.2705255800079465	0.3933779701507068	2.14029896359633e-05	4408	0.9462365527300982	False
IFIT5	0.27046100010184876	0.3934028083178524	2.5066908014665e-05	4030	0.9462365527300982	False
GID4	0.269832426842574	0.39364458739659736	4.17009355621586e-05	2860	0.9462365527300982	False
SNX18	0.2696190973744409	0.39372665335059837	1.78652676060333e-05	4829	0.9462365527300982	False
NHLH2	0.2692557531865233	0.3938664395012893	9.44781374815851e-06	6215	0.9462365527300982	False
TSC22D4	0.2691061473099091	0.39392400000430094	6.20671221984403e-05	2129	0.9462365527300982	False
RARA	0.2690785804877773	0.3939346065260319	0.0002348355206525	664	0.9462365527300982	False
FAM161B	0.26848765608774244	0.3941619876026239	2.00542114963383e-06	8398	0.9462365527300982	False
OTX2	0.26758684816942113	0.3945086777724753	4.09830343988433e-06	7596	0.9462365527300982	False
NR1H4	0.26751129909637433	0.3945377578300465	3.72919451027107e-05	3111	0.9462365527300982	False
B4GALT5	0.2667991190172137	0.39481191629923545	2.22126079236833e-05	4312	0.9462365527300982	False
TNFSF9	0.26604000425178975	0.3951041999463902	3.86239160411193e-05	3035	0.9462365527300982	False
PARP9	0.26601584724512967	0.39511350214244306	1.08170233840958e-05	5924	0.9462365527300982	False
CDKAL1	0.2659968968857505	0.3951207994442748	7.00879339311323e-05	1932	0.9462365527300982	False
SLC7A3	0.2655766138731852	0.3952826492020998	1.09101886268455e-05	5907	0.9462365527300982	False
EDA2R	0.2652026873923506	0.3954266623832038	1.295810622045e-05	5547	0.9462365527300982	False
ADIPOR2	0.2650940816933967	0.395468493208545	6.3114363697955e-06	6956	0.9462365527300982	False
TRIM10	0.26495822295085464	0.39552082257552157	1.06113328212949e-05	5965	0.9462365527300982	False
LRP11	0.26468231879934107	0.3956270997042254	1.16427971680122e-05	5764	0.9462365527300982	False
PON3	0.2645246632151407	0.39568783146293485	1.11523508903379e-06	8844	0.9462365527300982	False
PON1	0.26452466321512186	0.3956878314629421	9.37879640663491e-06	6226	0.9462365527300982	False
GTF2H2C	0.2644229988778693	0.39572699573241704	1.8176242545081e-05	4790	0.9462365527300982	False
DAXX	0.2637119385032945	0.3960009477504538	0.0003274629853636	439	0.9462365527300982	False
FAM162A	0.26370598433711245	0.39600324194410563	1.42087486303184e-05	5341	0.9462365527300982	False
ZMYND19	0.26337645610583027	0.39613021774252044	3.6044225387264e-05	3196	0.9462365527300982	False
PARVG	0.26336409762934476	0.39613497999943775	9.2660557901092e-06	6254	0.9462365527300982	False
SPN	0.26267815385099647	0.3963993281696608	1.17703600364715e-05	5742	0.9462365527300982	False
PELP1	0.2624544389519582	0.39648555344946734	0.0001003502634949	1436	0.9462365527300982	False
MOS	0.2620443016178044	0.3966436437131641	2.29838347715891e-05	4220	0.9462365527300982	False
RXRG	0.26198892188583134	0.39666499151534884	3.63722881634801e-05	3175	0.9462365527300982	False
RASSF8	0.261710154627124	0.3967724555369684	6.98930603772174e-05	1935	0.9462365527300982	False
OSBP2	0.26169960566701	0.3967765222864708	1.00201181400135e-05	6089	0.9462365527300982	False
RB1	0.2612442674216146	0.39695207128734394	0.0005996878225964	191	0.9462365527300982	False
ERMP1	0.26080531173547433	0.39712132400253874	2.03636692910225e-05	4526	0.9462365527300982	False
INTS10	0.260550779175573	0.39721947565013943	2.85234473381911e-05	3725	0.9462365527300982	False
CNTROB	0.2597875084680643	0.3975138435115276	2.5014692817321e-05	4035	0.9462365527300982	False
C11ORF24	0.25939916051470147	0.3976636386827969	3.77615004707345e-06	7714	0.9462365527300982	False
SNX33	0.2588772106470472	0.3978649911017477	1.53302488021905e-05	5172	0.9462365527300982	False
SELE	0.25838178995620764	0.39805613453968197	2.36667797606279e-06	8252	0.9462365527300982	False
CDSN	0.2577502723565559	0.3982998224191828	4.75350321045626e-06	7399	0.9462365527300982	False
PTPRE	0.25738946345177033	0.39843906795393175	2.49333546929594e-05	4041	0.9462365527300982	False
MSL3	0.2571764776845098	0.3985212707687217	1.31155314013075e-05	5522	0.9462365527300982	False
SIK2	0.2567674909044985	0.398679133677865	6.07651882897645e-05	2163	0.9462365527300982	False
CSTB	0.2561888359159045	0.3989025143475242	1.50319556581903e-05	5219	0.9462365527300982	False
NOD2	0.25472166873410945	0.3994690394683092	9.28800680716294e-05	1535	0.9462365527300982	False
RAC2	0.2545128807394114	0.3995496771330227	1.93231239324346e-05	4657	0.9462365527300982	False
CEP43	0.25407626332252803	0.39971832044931604	1.1111810461608e-05	5870	0.9462365527300982	False
MAD2L1	0.2539210839497726	0.39977826293281815	0.0001335055757141	1105	0.9462365527300982	False
TIMM13	0.253501134975249	0.39994049211025456	4.21170111627515e-05	2844	0.9462365527300982	False
UBE3C	0.25291306843546046	0.4001676952803273	7.37059830713076e-05	1852	0.9462365527300982	False
FIS1	0.2526967796229011	0.40025126831446656	1.94345445224938e-05	4641	0.9462365527300982	False
PCDH20	0.25265414011460724	0.40026774456975367	3.65384275478701e-05	3161	0.9462365527300982	False
SPI1	0.2513253900435589	0.40078127329102586	6.94272737688684e-05	1947	0.9462365527300982	False
PLXNA2	0.2512903765533484	0.40079480745376844	3.08880215631374e-05	3541	0.9462365527300982	False
FAM83G	0.2506006054072482	0.4010614568035988	2.14653592061582e-05	4398	0.9462365527300982	False
MAD2L1BP	0.24951858733229418	0.4014798324416479	1.89616915529594e-05	4701	0.9462365527300982	False
FLAD1	0.24889486815188813	0.40172105251655543	3.15464946743258e-06	7943	0.9462365527300982	False
TAF10	0.2486633600038957	0.4018105965958674	8.791508327467e-05	1609	0.9462365527300982	False
DPY19L3	0.2485585371822107	0.4018511422773713	2.90562060964302e-06	8045	0.9462365527300982	False
TRIM54	0.24848797147275017	0.4018784378328905	1.61591729976867e-05	5053	0.9462365527300982	False
HSPA4	0.24816148387349013	0.4020047328839539	0.0004696807250141	264	0.9462365527300982	False
PAG1	0.24815383447710637	0.40200769201924874	2.902750404988e-05	3674	0.9462365527300982	False
IDI1	0.2477315854714652	0.40217104589540087	9.09717678046276e-07	8979	0.9462365527300982	False
SLC27A3	0.24772116260764185	0.4021750783655413	2.12884584046799e-05	4420	0.9462365527300982	False
PRKY	0.24753921036357732	0.40224547499382124	1.13180932821818e-06	8831	0.9462365527300982	False
MAPKAPK3	0.2475392103635336	0.40224547499383817	1.99210643029899e-05	4581	0.9462365527300982	False
COPB1	0.24748893786195503	0.4022649257918396	9.26832984554763e-05	1540	0.9462365527300982	False
SAMD1	0.24670801426838143	0.40256710188217243	2.17691473909665e-05	4374	0.9462365527300982	False
SREBF2	0.24655164641810018	0.40262761496431054	5.17541097854191e-05	2433	0.9462365527300982	False
WDR41	0.24647146538535755	0.4026586452746717	2.0111588309434e-05	4558	0.9462365527300982	False
CLCN5	0.24484282065569912	0.4032890683491186	6.93783109627634e-06	6798	0.9462365527300982	False
RAET1L	0.244712243581486	0.4033396236146791	5.32292846937028e-07	9325	0.9462365527300982	False
RAET1E	0.24471224358148597	0.4033396236146791	5.55776354890132e-07	9301	0.9462365527300982	False
RAET1G	0.24471224358148597	0.4033396236146791	5.47948518905764e-07	9312	0.9462365527300982	False
HS3ST3B1	0.24420367579282615	0.4035365401828623	1.28174832189467e-06	8762	0.9462365527300982	False
FUT4	0.2442036757928261	0.40353654018286234	1.28174832189467e-06	8761	0.9462365527300982	False
MYOZ2	0.24347089046153766	0.4038203163919172	7.49448525849744e-06	6655	0.9462365527300982	False
RBFOX3	0.24337097628651025	0.40385901277590863	8.72383292969872e-06	6364	0.9462365527300982	False
CTLA4	0.24313927606440872	0.4039487530205356	1.35832827141521e-05	5453	0.9462365527300982	False
SH2D4A	0.24245051233248535	0.40421554921907715	2.35690832356666e-05	4168	0.9462365527300982	False
TCP11	0.24135550706808806	0.40463979685707246	1.61164622855155e-06	8593	0.9462365527300982	False
AVPI1	0.241355507068088	0.40463979685707246	1.61164622855155e-06	8584	0.9462365527300982	False
H1-0	0.241355507068088	0.40463979685707246	1.61164622855155e-06	8587	0.9462365527300982	False
SHTN1	0.241355507068088	0.40463979685707246	1.61164622855155e-06	8592	0.9462365527300982	False
FRMD8	0.241355507068088	0.40463979685707246	1.61164622855155e-06	8586	0.9462365527300982	False
MYL5	0.241355507068088	0.40463979685707246	1.61164622855155e-06	8589	0.9462365527300982	False
NRARP	0.241355507068088	0.40463979685707246	1.61164622855155e-06	8590	0.9462365527300982	False
LMCD1	0.241355507068088	0.40463979685707246	1.61164622855155e-06	8588	0.9462365527300982	False
ODAM	0.241355507068088	0.40463979685707246	1.61164622855155e-06	8591	0.9462365527300982	False
C19ORF12	0.241355507068088	0.40463979685707246	1.61164622855155e-06	8585	0.9462365527300982	False
FOXR2	0.24065144729313623	0.40491263626411084	4.79272690262642e-05	2570	0.9462365527300982	False
JAM2	0.24005843542003014	0.40514247792133207	8.34847812495329e-06	6442	0.9462365527300982	False
HNF4A	0.23977877864070268	0.4052508796523724	0.0001268154792092	1161	0.9462365527300982	False
STAT6	0.23952566504467848	0.4053489988708766	6.04435746942651e-05	2168	0.9462365527300982	False
RBPMS2	0.23924324032149363	0.4054584875387373	7.49584315484071e-06	6654	0.9462365527300982	False
PPARA	0.23903764443098147	0.4055381963340657	6.90801305159026e-05	1953	0.9462365527300982	False
BLTP2	0.23893392757049173	0.40557840847866805	1.39970953538715e-06	8712	0.9462365527300982	False
DNAJC7	0.2389339275704917	0.40557840847866805	0.0002424025266161	639	0.9462365527300982	False
TLK1	0.2386155336450175	0.4057018594584374	4.012876331905e-05	2948	0.9462365527300982	False
PSEN2	0.23825719740079285	0.40584080850394266	5.45449863158391e-05	2331	0.9462365527300982	False
GIPC2	0.23791401155255212	0.40597389392912864	3.49664283683957e-06	7828	0.9462365527300982	False
SELENOO	0.23776935335580981	0.40602999477155177	1.52851904510375e-05	5182	0.9462365527300982	False
EHMT1	0.23751351099804924	0.4061292193950149	7.42964166314312e-05	1842	0.9462365527300982	False
ENO3	0.2370747216774557	0.40629941129106883	2.60118657634105e-05	3925	0.9462365527300982	False
LRRC4B	0.23616428219362498	0.40665259716451924	6.15867700651498e-06	6997	0.9462365527300982	False
FOXF2	0.23524292277554687	0.4070100965156264	9.54925089860362e-06	6191	0.9462365527300982	False
MAL	0.23493640469902	0.4071290466800435	3.33820189801256e-06	7882	0.9462365527300982	False
TRPV5	0.23482909102445723	0.40717069381582827	1.12475467409099e-05	5840	0.9462365527300982	False
ADAP2	0.23471479564731298	0.4072150516198923	1.28675433373932e-05	5559	0.9462365527300982	False
DNM3	0.23377605743499555	0.4075794189904237	1.17614213057467e-05	5744	0.9462365527300982	False
KRT36	0.23365130801534362	0.4076278459902565	1.58927745167556e-06	8606	0.9462365527300982	False
KRT8	0.23365130801533954	0.4076278459902581	0.0001446161388063	1027	0.9462365527300982	False
DUSP16	0.23321241380809188	0.40779823338559423	4.00230350173606e-05	2956	0.9462365527300982	False
MAPK11	0.23269941116180373	0.4079974132447649	2.93265383005142e-05	3657	0.9462365527300982	False
ANGPTL2	0.232333591659045	0.4081394618869726	3.02104833311881e-06	7996	0.9462365527300982	False
HOXC9	0.23179425852834357	0.40834890832813575	6.66322034022246e-06	6868	0.9462365527300982	False
POMC	0.23174318796686824	0.40836874259974876	6.41428167438349e-06	6930	0.9462365527300982	False
TEC	0.23110299308002497	0.4086173949576459	7.59763087969441e-06	6632	0.9462365527300982	False
FBXW8	0.23074544051820048	0.40875628476171133	6.90511140967315e-05	1955	0.9462365527300982	False
QSOX2	0.23034084927940235	0.4089134603630253	5.97651061943456e-06	7053	0.9462365527300982	False
GALNS	0.2296491796860536	0.4091821940747067	9.90995029455952e-06	6121	0.9462365527300982	False
TCEAL1	0.22938198422528702	0.40928601870370424	4.75887059584559e-05	2581	0.9462365527300982	False
ZUP1	0.22938198422527237	0.40928601870370995	1.4507321248952e-06	8683	0.9462365527300982	False
LACC1	0.2286248253754121	0.4095802638459869	3.78311379193041e-05	3080	0.9462365527300982	False
BHLHE40	0.22814792536757914	0.4097656216682403	2.65910971488579e-05	3869	0.9462365527300982	False
TFRC	0.22718336067448563	0.410140582852457	0.0003501095478415	395	0.9462365527300982	False
ID3	0.2268687448428195	0.4102629031948881	1.52315101918331e-05	5192	0.9462365527300982	False
MTHFR	0.22639656576191128	0.4104464993617096	1.38699444577615e-05	5407	0.9462365527300982	False
NDC80	0.22613322974004954	0.410548900151812	0.0001231321009252	1194	0.9462365527300982	False
OTX1	0.225685463401433	0.4107230324723721	9.23085317546027e-06	6261	0.9462365527300982	False
PRDX3	0.22502782024171242	0.4109788159037976	9.78082588931916e-05	1458	0.9462365527300982	False
STK32B	0.22459785266008525	0.41114606777182955	1.45341989053126e-06	8677	0.9462365527300982	False
DNAAF9	0.22459785266008525	0.41114606777182955	1.45341989053126e-06	8670	0.9462365527300982	False
KLHL32	0.22459785266008525	0.41114606777182955	1.45341989053126e-06	8674	0.9462365527300982	False
PRAG1	0.22459785266008525	0.41114606777182955	1.45341989053126e-06	8676	0.9462365527300982	False
DLX6	0.22459785266008525	0.41114606777182955	1.45341989053126e-06	8668	0.9462365527300982	False
TRIM73	0.22459785266008525	0.41114606777182955	1.45341989053126e-06	8678	0.9462365527300982	False
ZNF215	0.22459785266008525	0.41114606777182955	1.45341989053126e-06	8680	0.9462365527300982	False
ZBED4	0.22459785266008522	0.41114606777182955	1.45341989053126e-06	8679	0.9462365527300982	False
FBH1	0.22459785266008522	0.41114606777182955	1.45341989053126e-06	8671	0.9462365527300982	False
AMPD3	0.22459785266008522	0.41114606777182955	1.81677486316407e-06	8486	0.9462365527300982	False
ISX	0.22459785266008522	0.41114606777182955	1.45341989053126e-06	8673	0.9462365527300982	False
GTF2IRD2	0.22459785266008522	0.41114606777182955	1.45341989053126e-06	8672	0.9462365527300982	False
KLHL38	0.22459785266008522	0.41114606777182955	2.32547182485001e-06	8270	0.9462365527300982	False
MARCHF9	0.22459785266008522	0.41114606777182955	1.45341989053126e-06	8675	0.9462365527300982	False
ASB17	0.22459785266008248	0.4111460677718306	1.45341989053126e-06	8667	0.9462365527300982	False
ACVR1C	0.22459785266008245	0.4111460677718306	1.45341989053126e-06	8666	0.9462365527300982	False
DMRTA1	0.22459785266008245	0.4111460677718306	1.45341989053126e-06	8669	0.9462365527300982	False
XPO6	0.22455070140397748	0.4111644099882851	2.21272218087825e-05	4323	0.9462365527300982	False
RAB13	0.22446442154959512	0.4111979740458037	2.61775561341016e-05	3909	0.9462365527300982	False
ADAM17	0.2234901983390388	0.41157700541041337	2.6425176848197e-05	3883	0.9462365527300982	False
CKS1B	0.2221823603085866	0.41208596269348713	8.96630145871475e-05	1590	0.9462365527300982	False
BAHD1	0.22201063222773024	0.4121528032706966	2.24894561509732e-05	4271	0.9462365527300982	False
ZNF526	0.22201063222768047	0.41215280327071596	1.34388214312934e-06	8729	0.9462365527300982	False
CEP164	0.2217732254429785	0.4122452117287375	2.99324811690717e-05	3607	0.9462365527300982	False
HLF	0.22170626470712154	0.41227127647347755	9.14365436913691e-06	6281	0.9462365527300982	False
TCEAL9	0.22165494642596542	0.41229125258963406	2.41200304722531e-06	8234	0.9462365527300982	False
NDFIP2	0.2213868586992737	0.4123956119127461	2.56698958301409e-05	3962	0.9462365527300982	False
ADNP	0.2212115580447365	0.4124638550804053	7.80019306591298e-05	1781	0.9462365527300982	False
HUS1B	0.22106908669488562	0.4125193200071654	1.39017941879985e-05	5398	0.9462365527300982	False
KRT85	0.2210295792560367	0.41253470079276994	1.21338651782696e-05	5679	0.9462365527300982	False
NAPSA	0.21999634272816548	0.41293700150775775	4.16104757323131e-06	7578	0.9462365527300982	False
FBXO4	0.2197411639218338	0.4130363719622134	3.71474089894147e-05	3125	0.9462365527300982	False
RASIP1	0.21922128269693653	0.41323883874231526	5.27554529621661e-06	7251	0.9462365527300982	False
KIF24	0.2188696950384396	0.41337577698803224	8.06338702548487e-06	6517	0.9462365527300982	False
DPF1	0.21828701875859483	0.41360274406470376	5.14841229262747e-05	2445	0.9462365527300982	False
ACTL6A	0.21824481699656392	0.4136191838353033	0.0002165938644648	708	0.9462365527300982	False
ENPP4	0.2173802758740421	0.4139560006333005	7.72646548333165e-06	6598	0.9462365527300982	False
SPAG9	0.21687442100502471	0.4141531061340007	4.41728777978714e-05	2733	0.9462365527300982	False
MYF6	0.21591973887856009	0.4145251553012997	9.52556714851512e-06	6196	0.9462365527300982	False
TEX264	0.21546330602385264	0.41470305886813547	3.05554205115865e-05	3567	0.9462365527300982	False
GSDME	0.2148878666280934	0.4149273724748428	1.14650224984149e-05	5801	0.9462365527300982	False
CKMT2	0.21459772625997306	0.41504048340986727	3.66973637220368e-06	7747	0.9462365527300982	False
SKIC8	0.2145691230723521	0.41505163471575013	9.73899905313693e-06	6157	0.9462365527300982	False
PGAM5	0.21435396961240302	0.4151355171417805	8.48827559727243e-05	1662	0.9462365527300982	False
RNF14	0.21404149678182846	0.41525734860634783	3.83508932206096e-05	3057	0.9462365527300982	False
KRT13	0.21311138748313246	0.4156200413678381	3.09105525534585e-05	3540	0.9462365527300982	False
SH3RF2	0.21276299740529925	0.4157559133457259	2.84759367866105e-05	3732	0.9462365527300982	False
CACHD1	0.21103443096897348	0.4164302021484333	1.1026257669286e-05	5885	0.9462365527300982	False
PYCR2	0.20890926196423693	0.4172595368446962	3.58357250469781e-05	3211	0.9462365527300982	False
PYCR3	0.2089092619642269	0.4172595368447001	1.01334251762185e-06	8914	0.9462365527300982	False
GRK7	0.2086495823638105	0.417360900602139	5.79709132585519e-06	7110	0.9462365527300982	False
AMHR2	0.20864958236381048	0.417360900602139	6.08777530396144e-06	7022	0.9462365527300982	False
RPS6KL1	0.20864958236381048	0.417360900602139	5.21572336964268e-06	7267	0.9462365527300982	False
NEK11	0.20864958236381048	0.417360900602139	5.79709132585519e-06	7112	0.9462365527300982	False
HIPK4	0.20864958236381048	0.417360900602139	5.79709132585519e-06	7111	0.9462365527300982	False
GPAT4	0.20828081168887244	0.4175048565832191	2.0758075458839e-06	8380	0.9462365527300982	False
VPS35L	0.2081207258418465	0.4175673522923809	1.44878534255764e-05	5294	0.9462365527300982	False
PPP2R5D	0.20804759241880275	0.41759590344889863	2.26606787451796e-05	4253	0.9462365527300982	False
TRIM21	0.20802882413314047	0.4176032306238406	0.0003910530063922	344	0.9462365527300982	False
RTKN	0.20802281540601483	0.4176055764485519	1.3181622867639e-05	5514	0.9462365527300982	False
DOCK4	0.20769790886845058	0.41773242527845655	1.34760727940931e-05	5472	0.9462365527300982	False
ATP2B4	0.20766093550422096	0.41774686082772083	4.57981097789249e-05	2653	0.9462365527300982	False
ALB	0.20761012278094376	0.4177666998732373	5.03787534945674e-05	2475	0.9462365527300982	False
MTMR2	0.20656253787655326	0.41817575983527555	1.06895729021289e-05	5950	0.9462365527300982	False
MAPK8	0.20614479243875825	0.41833890539206825	0.0001983439047158	785	0.9462365527300982	False
PPFIBP2	0.2050046921359876	0.41878422954475697	5.00784455800492e-06	7322	0.9462365527300982	False
SKA2	0.20478590439381167	0.4188697001457925	1.58502124399799e-05	5096	0.9462365527300982	False
BTG2	0.2044119279861146	0.41901580489391554	1.75890226246519e-05	4865	0.9462365527300982	False
CEBPG	0.20397169459569442	0.4191878091687534	2.38261548096253e-05	4152	0.9462365527300982	False
HIPK2	0.20347752874817512	0.41938090387662624	0.0001197731380217	1231	0.9462365527300982	False
MTOR	0.20322055055942595	0.41948132547032435	0.0003418928374867	419	0.9462365527300982	False
EGLN3	0.2031492768996313	0.41950917862526627	0.0001051397387521	1383	0.9462365527300982	False
C1ORF174	0.2024927115012618	0.4197657778875519	6.98680249367325e-06	6788	0.9462365527300982	False
TRIM41	0.20159503705437182	0.42011666271485987	6.49585521022576e-05	2051	0.9462365527300982	False
RTL8C	0.2000191602282075	0.4207327981079977	7.79394064410428e-06	6583	0.9462365527300982	False
NUAK2	0.19989997250912098	0.420779405971597	1.80807962121504e-05	4807	0.9462365527300982	False
CASP8AP2	0.1998872444853143	0.4207843832781947	2.50780406589351e-05	4028	0.9462365527300982	False
BUB1	0.19964897589675118	0.42087756078752214	5.5966597123875e-05	2293	0.9462365527300982	False
ORC5	0.19941983618449302	0.42096717253214905	5.9862969951427e-05	2180	0.9462365527300982	False
SUPT16H	0.19847225725611903	0.42133779424529794	0.0002515942930169	614	0.9462365527300982	False
RPAP2	0.19839971660260075	0.42136616957766243	0.0001110642827865	1331	0.9462365527300982	False
DHX9	0.19829108126602676	0.4214086646343136	0.0005158475826303	232	0.9462365527300982	False
CTBP2	0.1981624231268431	0.4214589932263781	0.0001901809858562	805	0.9462365527300982	False
CABCOCO1	0.19783059250209925	0.4215888049117424	3.82231095936424e-06	7690	0.9462365527300982	False
PPP1R13B	0.197766814142114	0.42161375589550404	5.9210064296924e-05	2203	0.9462365527300982	False
CATSPER4	0.19755619395368604	0.42169615568535124	4.63545450231925e-06	7439	0.9462365527300982	False
FTH1	0.19664512847725713	0.42205262632029716	3.3855752929998e-05	3329	0.9462365527300982	False
ZNF417	0.19562264247265349	0.42245276827655265	1.2542969563734e-05	5612	0.9462365527300982	False
PRICKLE3	0.19548769020312326	0.42250558678728956	4.73449343406979e-05	2589	0.9462365527300982	False
MYH1	0.1948971946162296	0.422736715226554	6.96067615892681e-06	6791	0.9462365527300982	False
HEATR5B	0.19475669376606283	0.422791713194421	2.1358938909306e-05	4414	0.9462365527300982	False
DPYSL4	0.19425167162582946	0.4229894126128303	1.15572023041474e-05	5787	0.9462365527300982	False
ZNF703	0.19407888766056192	0.4230570562602216	2.56258625461714e-05	3969	0.9462365527300982	False
CILK1	0.19383037708714185	0.42315435029290055	5.43496994762737e-06	7208	0.9462365527300982	False
KATNIP	0.1938303770871337	0.4231543502929037	1.36811314090983e-06	8721	0.9462365527300982	False
NUFIP1	0.1931557152389805	0.4234185098408101	9.42540391672888e-05	1512	0.9462365527300982	False
TOM1L1	0.19284428417763902	0.4235404603091146	3.03791871556744e-05	3581	0.9462365527300982	False
STAT5B	0.19253277254181136	0.4236624496559785	3.09631991032107e-05	3537	0.9462365527300982	False
ZDHHC13	0.19201533277664193	0.42386509754232404	1.480043241696e-05	5253	0.9462365527300982	False
TNFRSF9	0.19171805796431485	0.42398153008283296	2.21066440816522e-05	4330	0.9462365527300982	False
OSBPL11	0.191327922679469	0.4241343430131993	2.05080511149633e-05	4505	0.9462365527300982	False
NCSTN	0.19122266563621015	0.4241755733261445	1.71787826101315e-05	4925	0.9462365527300982	False
EEF2K	0.19115043133164486	0.4242038687583079	2.0886131775602e-05	4462	0.9462365527300982	False
UBE2D2	0.19094014135212622	0.42428624522085157	0.0004592089467281	273	0.9462365527300982	False
SNF8	0.19079248123785114	0.4243440897916191	2.68821222840704e-05	3844	0.9462365527300982	False
ACO1	0.19043747732528832	0.4244831661658717	7.9514070386019e-06	6539	0.9462365527300982	False
CCDC183	0.19038416313730222	0.42450405335087776	8.54562492785123e-07	9041	0.9462365527300982	False
ANKRD44	0.1903432694344391	0.4245200746395755	2.55270354731251e-05	3982	0.9462365527300982	False
EPHB4	0.19010693880596438	0.42461266642821605	4.98615663629856e-05	2498	0.9462365527300982	False
NR3C2	0.18985639194641085	0.42471083252555475	1.5989779231593e-05	5075	0.9462365527300982	False
ATXN7	0.18957941057935065	0.42481936129127396	7.06498960068003e-05	1921	0.9462365527300982	False
PLXNB1	0.18947089806557488	0.42486188097328753	1.56906775107607e-05	5124	0.9462365527300982	False
KLHL18	0.1891991185816055	0.42496837922912717	2.46826127356894e-05	4064	0.9462365527300982	False
RNF4	0.18825151033045728	0.42533974741610564	0.0003172956588028	460	0.9462365527300982	False
MAP4K5	0.18812129638079866	0.425390783518337	3.63990008599349e-05	3174	0.9462365527300982	False
RCBTB1	0.1880580931731415	0.4254155558569937	5.74078759916875e-06	7128	0.9462365527300982	False
OLFM4	0.18786730326900436	0.42549033726676766	1.05392274979045e-05	5985	0.9462365527300982	False
BBS9	0.1875080777909589	0.42563114542596686	1.19960603823137e-05	5710	0.9462365527300982	False
PPIB	0.18727919019164727	0.4257208690703204	8.48383073475917e-05	1665	0.9462365527300982	False
FBXO31	0.18695509801224258	0.42584791936503374	2.87042084807095e-05	3705	0.9462365527300982	False
VHL	0.1861816255371926	0.42615116636364536	0.0004572493789118	275	0.9462365527300982	False
RRM2	0.18593040455264512	0.42624966926589486	4.03644225936558e-05	2930	0.9462365527300982	False
FBXO7	0.18530940746260555	0.4264931798656808	0.0001984925090014	784	0.9462365527300982	False
NPDC1	0.18524084328064666	0.42652006754866345	1.2104687169975e-05	5685	0.9462365527300982	False
REV3L	0.18501740660300317	0.42660769138986426	1.13639632341029e-05	5818	0.9462365527300982	False
DUSP8	0.1850117831703096	0.42660989674497446	5.94870854161543e-06	7060	0.9462365527300982	False
PIPOX	0.18498419818785514	0.42662071484705044	4.48927213222296e-06	7489	0.9462365527300982	False
MSX2	0.18486897750967723	0.4266659019527967	1.21022075710928e-05	5686	0.9462365527300982	False
DNASE1L2	0.1848060465770307	0.4266905825360532	8.58493816926265e-06	6399	0.9462365527300982	False
PIEZO1	0.18478201659810173	0.4267000068149671	3.81650251869221e-06	7698	0.9462365527300982	False
TSPAN6	0.1846176776292497	0.42676445977313304	1.2035904546461e-05	5702	0.9462365527300982	False
ITPKC	0.18446880565317994	0.4268228483388111	2.74451262432913e-06	8102	0.9462365527300982	False
UPK3BL1	0.18434071915079583	0.4268730859887053	1.4228857815977e-05	5334	0.9462365527300982	False
KRT19	0.1838563914281776	0.427063058067709	0.0001099027166989	1338	0.9462365527300982	False
TYRO3	0.1835805462413403	0.4271712627907975	4.25969800578041e-05	2821	0.9462365527300982	False
ADRB1	0.18203194747442572	0.4277788271361979	8.19365548554024e-06	6480	0.9462365527300982	False
SSBP4	0.18170185321401747	0.42790835576505465	1.3819382759109e-05	5413	0.9462365527300982	False
NPAS2	0.18158894877867082	0.4279526611265378	1.43155686927978e-05	5317	0.9462365527300982	False
GPX8	0.18138599410116799	0.42803230581152857	8.80382013738559e-06	6348	0.9462365527300982	False
POMGNT1	0.18066796270023883	0.42831410349093624	1.98956126073282e-05	4588	0.9462365527300982	False
ISL2	0.18040154166087344	0.4284186720556283	1.52422864076162e-05	5189	0.9462365527300982	False
APBA2	0.17946594782954478	0.42878592645590113	2.66596054692508e-05	3862	0.9462365527300982	False
CDK5	0.17945168932395722	0.4287915239126634	0.0001645783132552	917	0.9462365527300982	False
MBD2	0.1794392714201192	0.42879639881668186	0.0001218362242484	1206	0.9462365527300982	False
SYNE1	0.179379426382131	0.4288198923717359	2.15320645924538e-05	4385	0.9462365527300982	False
NDUFS7	0.17930898724532204	0.4288475452086511	0.0001554440046501	967	0.9462365527300982	False
PNPLA2	0.17901509366893467	0.4289629250509085	2.10004354330119e-05	4449	0.9462365527300982	False
JAK1	0.17894915857795388	0.4289888113789374	8.16936135738305e-05	1722	0.9462365527300982	False
CUEDC2	0.17841976423028005	0.42919666435834325	4.09601738972876e-05	2888	0.9462365527300982	False
PI4K2A	0.1783502706214226	0.429223950683013	1.54285264493145e-05	5161	0.9462365527300982	False
KDR	0.17825508664097534	0.4292613247548964	7.81763843217761e-05	1777	0.9462365527300982	False
PMF1	0.1780289536599019	0.4293501186068741	5.39282302163329e-05	2360	0.9462365527300982	False
IRGC	0.17800926753424998	0.42935784877158906	8.57763461198603e-07	9039	0.9462365527300982	False
LILRA1	0.17799595528025364	0.42936307611902036	7.64113695575743e-07	9115	0.9462365527300982	False
LILRA3	0.1779959552802438	0.4293630761190242	3.33656114728365e-06	7883	0.9462365527300982	False
SYCE1	0.1779043900007076	0.429399031562474	2.55940287430048e-05	3972	0.9462365527300982	False
EIF4E2	0.17765258616846452	0.4294979117815925	3.15343367979134e-05	3494	0.9462365527300982	False
LMX1B	0.17689890337918915	0.42979390000703926	3.97995527518505e-06	7637	0.9462365527300982	False
YY1AP1	0.17668696636902484	0.4298771395659685	1.69165002993655e-05	4952	0.9462365527300982	False
C2ORF49	0.17622109143476272	0.4300601257517701	1.18294036096018e-05	5734	0.9462365527300982	False
MTHFD2	0.17620665972320798	0.4300657944742401	6.86178397951e-06	6816	0.9462365527300982	False
COX7C	0.17585364295585384	0.4302044626299829	1.16258942030818e-05	5769	0.9462365527300982	False
IRAK4	0.17577602660724345	0.4302349521836265	2.29136456091969e-05	4230	0.9462365527300982	False
DRG2	0.17574822727609288	0.43024587252537205	1.05907354124703e-05	5970	0.9462365527300982	False
PPEF1	0.1753748935281573	0.4303925334543074	4.22363898128823e-06	7560	0.9462365527300982	False
TNNC2	0.1751728921166639	0.4304718919638125	6.44501055067105e-06	6919	0.9462365527300982	False
P4HA2	0.17479865735231565	0.4306189216867371	1.75580829053794e-05	4869	0.9462365527300982	False
AXIN1	0.17457783749734596	0.430705682122291	0.0001507135780134	995	0.9462365527300982	False
NSRP1	0.17429578274658047	0.43081650669964194	3.77296710527419e-05	3090	0.9462365527300982	False
PCDHA7	0.17397159601061427	0.4309438924499675	4.68667530430376e-07	9380	0.9462365527300982	False
LONP2	0.17397159601060896	0.43094389244996956	1.66771306248229e-05	4983	0.9462365527300982	False
PCDHA9	0.17397159601059506	0.43094389244997505	1.33905024663959e-06	8731	0.9462365527300982	False
EAF2	0.17393604864898313	0.4309578608472129	2.52818977304422e-05	4008	0.9462365527300982	False
ARHGAP42	0.1735329984001367	0.4311162461768298	7.38933661779481e-06	6693	0.9462365527300982	False
VIM	0.1735200651469583	0.43112132869833925	0.0003837973668269	355	0.9462365527300982	False
SETD1A	0.17347497442308726	0.43113904858091046	0.0001007859868923	1431	0.9462365527300982	False
HENMT1	0.17278725568466624	0.4314093274299008	6.07546228067161e-06	7025	0.9462365527300982	False
USP19	0.17269537217283487	0.4314454408045171	8.09760527841455e-05	1735	0.9462365527300982	False
NCOR2	0.1721073715273542	0.43167655879974604	0.0002465173374459	625	0.9462365527300982	False
TESMIN	0.17200729175351695	0.43171589822527134	1.44584641470378e-06	8688	0.9462365527300982	False
ACACB	0.1719630302336609	0.43173329678958694	1.25960847489127e-05	5607	0.9462365527300982	False
RGS1	0.17196303023363455	0.43173329678959727	8.01569032458905e-07	9084	0.9462365527300982	False
PIAS3	0.17147651611358397	0.431924547185335	6.09792508444264e-05	2157	0.9462365527300982	False
CSTA	0.1713481204610811	0.431975022626598	2.22574731693587e-05	4301	0.9462365527300982	False
SLC25A5	0.1691211069462956	0.4328506915604654	0.0001288131795401	1143	0.9462365527300982	False
MAB21L2	0.16892836633677663	0.43292649336336353	9.35834980400361e-06	6230	0.9462365527300982	False
SNTB1	0.16855203672903452	0.4330745048982245	2.20783382670082e-05	4332	0.9462365527300982	False
ZMYM3	0.1683951281310281	0.4331362202830884	7.13376699989242e-05	1910	0.9462365527300982	False
PGAM4	0.168193987254964	0.43321533551920055	4.17581396213626e-06	7573	0.9462365527300982	False
COL10A1	0.1679828155082783	0.4332983991024172	6.42890196938658e-06	6925	0.9462365527300982	False
USP47	0.1665219439996085	0.43387310772064874	0.0001397800966183	1058	0.9462365527300982	False
H6PD	0.1655661960093118	0.43424917587292416	3.81548732422278e-06	7699	0.9462365527300982	False
CHST12	0.16544218833999663	0.43429797483581356	6.41650903891369e-06	6928	0.9462365527300982	False
RBBP7	0.1649616321317988	0.4344870906918187	0.0003750320275966	365	0.9462365527300982	False
ENDOG	0.16408098133388796	0.43483369679380524	2.77736376723115e-05	3777	0.9462365527300982	False
USPL1	0.16376470312659633	0.43495818965104843	1.93446049686461e-05	4653	0.9462365527300982	False
RARS2	0.16287820194902133	0.4353071669731185	5.65793495809809e-06	7146	0.9462365527300982	False
H2BC11	0.16275427332795936	0.4353559563530987	4.94848072513571e-06	7338	0.9462365527300982	False
UBAC1	0.16181840798657005	0.4357244283081993	4.61520730044957e-05	2639	0.9462365527300982	False
RNF167	0.16120016654980995	0.4359678749727752	4.69081735603253e-05	2602	0.9462365527300982	False
TAF7	0.16048201281106314	0.43625069484037654	2.84099174753315e-05	3738	0.9462365527300982	False
CCDC71L	0.160243243929432	0.43634473288588077	4.74912447130636e-06	7400	0.9462365527300982	False
SPINDOC	0.1601308408972541	0.4363890035583041	2.00333852059457e-06	8400	0.9462365527300982	False
ATPAF1	0.16002314773796764	0.43643141996382395	2.12473906947742e-05	4426	0.9462365527300982	False
SMG6	0.15985223102367838	0.4364987393209856	2.05507006322691e-05	4501	0.9462365527300982	False
APH1B	0.1572798992679073	0.43751213057637706	9.91727026801698e-07	8932	0.9462365527300982	False
KDSR	0.1562427894094949	0.4379208249013187	1.3478244245256e-05	5471	0.9462365527300982	False
CDK5RAP3	0.15602618789829154	0.43800618952625686	5.09923920047742e-05	2456	0.9462365527300982	False
DCXR	0.15585384092863913	0.438074115095234	8.79814452336319e-06	6349	0.9462365527300982	False
KDM1B	0.15582764923934633	0.43808443795112856	2.11674514709952e-05	4431	0.9462365527300982	False
SPATA17	0.15582764923933337	0.4380844379511336	1.14276567933464e-06	8825	0.9462365527300982	False
ZNF512B	0.15579104900259821	0.43809886316875474	4.7554490013242e-05	2582	0.9462365527300982	False
PIM3	0.15509712748561608	0.438372373359352	4.33385334040465e-06	7535	0.9462365527300982	False
PSME3	0.15478719534440172	0.43849454308850017	0.0002450418201049	629	0.9462365527300982	False
PDLIM7	0.15461044355865544	0.43856421811900004	9.7080690255178e-05	1465	0.9462365527300982	False
SLFN12	0.1546104435586436	0.4385642181190047	1.38847093960601e-06	8717	0.9462365527300982	False
CCDC146	0.15447521391541766	0.4386175265296689	7.71037635576582e-06	6602	0.9462365527300982	False
NLN	0.15411545474050842	0.43875935137114164	2.96906555316397e-06	8017	0.9462365527300982	False
ST6GAL1	0.15366847596252683	0.4389355710174093	1.11786707350342e-05	5856	0.9462365527300982	False
GSTP1	0.15352737945267245	0.4389912002832923	3.54527801532388e-05	3240	0.9462365527300982	False
TXNIP	0.15240559570092702	0.43943352195229074	0.0001254215583398	1171	0.9462365527300982	False
MAFG	0.15227807998059298	0.4394838064635327	2.85807195316804e-05	3716	0.9462365527300982	False
PJA1	0.15212197947834918	0.4395453644183756	4.51970279242188e-05	2687	0.9462365527300982	False
DPF3	0.15189717095078772	0.4396340198286757	6.33004430541155e-05	2092	0.9462365527300982	False
WIPF3	0.15185176653178295	0.4396519258666829	1.42206929369551e-05	5337	0.9462365527300982	False
GPR37	0.1513370614032565	0.4398549175873978	2.21272129987075e-05	4324	0.9462365527300982	False
SLC25A28	0.15112982223201604	0.4399366539707162	3.68359977846235e-06	7742	0.9462365527300982	False
PPM1K	0.15075958582702692	0.4400826838193321	6.27202890951286e-06	6966	0.9462365527300982	False
RPL34	0.15072582047782762	0.44009600206420985	0.0001028462312861	1404	0.9462365527300982	False
MORC3	0.1504768872811024	0.4401941921896399	2.52404125430465e-05	4012	0.9462365527300982	False
CRMP1	0.14950347811742015	0.4405781825358533	2.15184144354718e-05	4388	0.9462365527300982	False
TUBGCP5	0.14872989004739812	0.44088338734978366	3.29785077011345e-05	3393	0.9462365527300982	False
EMILIN3	0.14850920675812584	0.44097046029108816	8.11931793858723e-06	6504	0.9462365527300982	False
BTAF1	0.14837991800310243	0.44102147387181057	2.32473173430796e-05	4200	0.9462365527300982	False
TMEM120B	0.14835481100536138	0.4410313804760645	7.59459696330857e-06	6633	0.9462365527300982	False
LEFTY2	0.14815134084943343	0.4411116661596185	8.33466208039721e-07	9054	0.9462365527300982	False
LEFTY1	0.14815134084943343	0.4411116661596185	2.38133201575612e-06	8249	0.9462365527300982	False
TRIM27	0.14802629793700064	0.44116100705681005	0.0002370605312233	657	0.9462365527300982	False
P2RX6	0.14712887979739012	0.4415151475714745	2.78993044638655e-06	8089	0.9462365527300982	False
RPGRIP1L	0.14688321218364936	0.4416121014643375	9.46492764495542e-05	1509	0.9462365527300982	False
CDR2	0.14684063564477945	0.44162890485389084	6.2414784424836e-05	2119	0.9462365527300982	False
GOLGA6L2	0.14684063564474906	0.4416289048539028	1.17645607325013e-06	8803	0.9462365527300982	False
C7ORF25	0.14668316680994822	0.44169105290766925	8.04294180173337e-07	9083	0.9462365527300982	False
MUC5B	0.1466831668099417	0.4416910529076718	1.16335409723143e-05	5768	0.9462365527300982	False
SGSM1	0.14639972719682065	0.44180292132790305	7.18577373085772e-06	6733	0.9462365527300982	False
NR2F6	0.14624494690643472	0.4418640122317948	1.34735320463819e-05	5474	0.9462365527300982	False
MPPED2	0.14624494690642265	0.44186401223179955	1.10590274749197e-06	8854	0.9462365527300982	False
RET	0.14608188234390765	0.44192837438681004	0.0001694731241677	900	0.9462365527300982	False
PIM2	0.14594930463397499	0.4419807044042092	1.63401096196494e-05	5031	0.9462365527300982	False
CDRT15P3	0.14487169031639854	0.4424060892269854	1.34665897413566e-06	8728	0.9462365527300982	False
NFKBIE	0.14487169031637773	0.44240608922699365	2.09756097676404e-05	4454	0.9462365527300982	False
COX6B1	0.144772450975803	0.4424452669879932	1.65497093054112e-05	4997	0.9462365527300982	False
MKLN1	0.14451515911733936	0.4425468434287072	5.74582097212788e-05	2253	0.9462365527300982	False
HPF1	0.14451515911731158	0.4425468434287182	1.1146190981088e-06	8845	0.9462365527300982	False
ALPK1	0.14395874926495053	0.4427665217876915	1.90014994086268e-06	8445	0.9462365527300982	False
FARP1	0.14374642798646214	0.4428503538276994	1.83879633655675e-05	4765	0.9462365527300982	False
RLIM	0.14372976521043831	0.44285693299638323	9.25631778292303e-05	1545	0.9462365527300982	False
RPS6KA6	0.1435012941297456	0.44294714463006685	2.52004245270116e-05	4015	0.9462365527300982	False
PLPPR2	0.14346679167509185	0.44296076815540125	1.70409319257424e-05	4934	0.9462365527300982	False
SGO1	0.14340323778590042	0.44298586301076615	3.81707595098245e-06	7695	0.9462365527300982	False
RARG	0.14335340444932707	0.4430055403359	2.03118895700646e-05	4536	0.9462365527300982	False
SMARCB1	0.1431900464823539	0.44307004528694965	0.0003960822699792	337	0.9462365527300982	False
RSPH14	0.1431430340386231	0.4430886093100265	6.15224924652477e-06	6999	0.9462365527300982	False
PITHD1	0.14302655676424772	0.4431346037730938	8.72456640779152e-06	6363	0.9462365527300982	False
ZNRF2	0.1429435280748093	0.44316739055059967	3.48173426314905e-05	3272	0.9462365527300982	False
STN1	0.14176986328661753	0.44363089460212746	2.75850942721096e-05	3792	0.9462365527300982	False
ACTR3C	0.14176986328659708	0.44363089460213556	8.99303170547715e-07	8993	0.9462365527300982	False
INTS13	0.14154605297648976	0.4437192906127132	2.56612036746778e-06	8171	0.9462365527300982	False
OAS1	0.14154373104409507	0.4437202076966803	7.83986136527884e-06	6572	0.9462365527300982	False
REEP6	0.1412273353168516	0.44384517601599865	2.10260599499088e-05	4448	0.9462365527300982	False
PHETA1	0.1410990435844436	0.4438958496012114	4.90224046342139e-06	7351	0.9462365527300982	False
PTGDS	0.14105263270232063	0.4439141815290615	8.90956227416711e-06	6332	0.9462365527300982	False
ANAPC1	0.1409968964788437	0.443936197050881	0.0001105244447986	1332	0.9462365527300982	False
PSIP1	0.14063008576852004	0.4440810897092222	0.0001009774486857	1429	0.9462365527300982	False
UGT1A9	0.14028202520260855	0.4442185828478115	8.70110607320073e-07	9027	0.9462365527300982	False
UGT1A7	0.14028202520260855	0.4442185828478115	8.70110607320073e-07	9026	0.9462365527300982	False
UGT1A10	0.14028202520259656	0.44421858284781623	8.07959882144914e-06	6514	0.9462365527300982	False
FUT3	0.14005082880037262	0.4443099152594753	9.76266996478878e-06	6151	0.9462365527300982	False
CHDH	0.13908424872342087	0.44469178747083893	3.86201316927388e-06	7676	0.9462365527300982	False
KIF9	0.1390724607219173	0.44469644494029215	3.2401146450319e-06	7911	0.9462365527300982	False
BIRC5	0.13902813310927886	0.44471395896141536	0.0001317183830193	1123	0.9462365527300982	False
DTX3L	0.13878806338575786	0.44480881336578265	1.68787621230649e-05	4959	0.9462365527300982	False
RBCK1	0.13832687514758635	0.4449910431893598	0.0001670217768453	906	0.9462365527300982	False
NMU	0.13818199710258028	0.4450482914145542	1.19546280819965e-05	5717	0.9462365527300982	False
SHPK	0.13755750910360107	0.4452950695087656	3.59642541205712e-06	7783	0.9462365527300982	False
MAPKAPK5	0.13752071159818285	0.44530961139249403	2.55919036300931e-05	3973	0.9462365527300982	False
CDT1	0.13735865414195705	0.44537365521482225	0.00013303678027	1109	0.9462365527300982	False
SPRY2	0.13685788557066747	0.4455715639871142	5.17920254566237e-05	2431	0.9462365527300982	False
CD93	0.13606918224637882	0.4458832949535019	1.02989350791184e-05	6032	0.9462365527300982	False
PDLIM3	0.13494232139862572	0.44632873895704483	6.14478434093476e-06	7002	0.9462365527300982	False
LYSMD1	0.13335147267326047	0.446957710875267	3.42447107360395e-06	7849	0.9462365527300982	False
BBS10	0.13305927348771407	0.44707325186304997	6.53143734349535e-06	6895	0.9462365527300982	False
MCM5	0.13266038921232032	0.4472309853679448	0.0001848242818848	827	0.9462365527300982	False
TIMM9	0.13194596163881667	0.4475135171384798	5.67545715656781e-06	7141	0.9462365527300982	False
CROT	0.131514751412108	0.4476840589937303	1.49447555495711e-06	8650	0.9462365527300982	False
USP25	0.13151475141209737	0.44768405899373453	9.71610518332009e-05	1462	0.9462365527300982	False
RBM18	0.13150303128827387	0.4476886943892224	1.01477754652422e-06	8913	0.9462365527300982	False
TMOD2	0.13150303128827193	0.44768869438922315	1.54541593314157e-05	5158	0.9462365527300982	False
ROGDI	0.13107172025500785	0.447859286050728	4.62106062915819e-06	7443	0.9462365527300982	False
CD4	0.13076240014152762	0.4479816339391411	2.24319133690805e-05	4281	0.9462365527300982	False
SARM1	0.13048062069420058	0.44809309275267467	2.44606205224847e-05	4088	0.9462365527300982	False
FCF1	0.13008314787805267	0.4482503214349139	3.3671969033292e-05	3344	0.9462365527300982	False
ASPRV1	0.13008314787804096	0.4482503214349185	9.49262959312331e-07	8957	0.9462365527300982	False
PHKA1	0.1299556364699984	0.44830076296172516	4.89573087729909e-06	7354	0.9462365527300982	False
DUSP1	0.12992615378395228	0.4483124259720853	2.81322215290012e-05	3757	0.9462365527300982	False
ARRB1	0.12986228767793606	0.4483376908197877	0.0001640387580632	923	0.9462365527300982	False
BMERB1	0.12960506029747007	0.44843944974053096	1.2067274320953e-05	5694	0.9462365527300982	False
MMP26	0.1294611253157516	0.4484963917707514	6.50091852811169e-06	6905	0.9462365527300982	False
NCL	0.12897783823977926	0.44868759243166495	0.0007253201121536	151	0.9462365527300982	False
SEC31A	0.12895282114767032	0.44869749015450233	6.3509770400383e-05	2085	0.9462365527300982	False
RRN3	0.12859519972203087	0.44883898241865317	1.12843793036656e-05	5830	0.9462365527300982	False
KCTD3	0.12855158848158382	0.44885623757182436	1.95505606957902e-05	4627	0.9462365527300982	False
GLT8D2	0.12844219692555944	0.4488995196843138	6.05845843166538e-06	7032	0.9462365527300982	False
ALYREF	0.12831208951116485	0.44895099907231206	0.0001758911885736	869	0.9462365527300982	False
KANSL1	0.1280612723573406	0.44905024191018567	5.42399624352145e-05	2349	0.9462365527300982	False
RETN	0.12763338022873733	0.4492195567802162	4.44287214345177e-06	7501	0.9462365527300982	False
WDFY3	0.12715393929234695	0.4494092802508585	3.60720475248248e-05	3195	0.9462365527300982	False
SOCS7	0.1265478829083398	0.4496491242958462	1.30712464429606e-05	5527	0.9462365527300982	False
PRKCE	0.12613599740844408	0.4498121366050866	5.17959948597893e-05	2430	0.9462365527300982	False
EBF1	0.1260059391706862	0.44986361163605193	1.12465127871206e-05	5841	0.9462365527300982	False
TNFRSF17	0.1253769798630097	0.45011255585224297	7.79389249438597e-06	6584	0.9462365527300982	False
APBB3	0.1250506146667461	0.4502417400406649	2.8047990780612e-05	3765	0.9462365527300982	False
TCEANC2	0.12481776043651989	0.45033391327841354	1.86714974146932e-05	4734	0.9462365527300982	False
BCKDHB	0.12480467428399433	0.45033909339290595	6.27343588013863e-06	6964	0.9462365527300982	False
MTR	0.12408400776629516	0.45062438012479233	5.77010510409914e-06	7121	0.9462365527300982	False
CRYGC	0.12216022635113712	0.4513860626248448	5.31038524697855e-06	7239	0.9462365527300982	False
CRYGB	0.12216022635113512	0.45138606262484565	8.46791170273092e-07	9045	0.9462365527300982	False
MST1R	0.12206761372497783	0.4514227352675121	3.358215384392e-05	3349	0.9462365527300982	False
GNPTAB	0.12155219942191384	0.4516268360040335	4.98003528284155e-06	7325	0.9462365527300982	False
TNS2	0.12072432582902923	0.45195469534452914	1.09258508257025e-05	5905	0.9462365527300982	False
RELB	0.12053532017305266	0.45202955107210396	6.69426505372205e-05	2001	0.9462365527300982	False
MBLAC2	0.12044260075381669	0.45206627324016346	2.15369294948445e-05	4384	0.9462365527300982	False
ETV7	0.12038148585880268	0.4520904784418052	4.69459336312061e-06	7417	0.9462365527300982	False
BCR	0.12008488458933758	0.4522079530445679	0.0001580430847982	956	0.9462365527300982	False
ZBTB21	0.1198643781668131	0.45229529154077924	2.4894329755612e-05	4048	0.9462365527300982	False
CD40	0.11967992683779345	0.4523683510577886	5.979958346713e-05	2185	0.9462365527300982	False
SHKBP1	0.11934876805115731	0.45249952412839944	3.7044145522811e-05	3134	0.9462365527300982	False
INTS8	0.11897747018943486	0.45264660258149253	1.0455872800477e-05	6000	0.9462365527300982	False
CAVIN1	0.11879492477130202	0.4527189148287636	3.00978965129959e-05	3597	0.9462365527300982	False
ENG	0.11875545805602288	0.4527345490996938	1.39870976369018e-05	5380	0.9462365527300982	False
BICRA	0.11788997709359883	0.45307741749336095	1.12366745839233e-06	8837	0.9462365527300982	False
NFYC	0.11788997709358386	0.4530774174933669	5.40842136050488e-05	2352	0.9462365527300982	False
RNF214	0.11695723649101443	0.45344697058546973	9.69461853310719e-06	6168	0.9462365527300982	False
COG8	0.11685824146281505	0.453486194922052	2.22864775392467e-05	4296	0.9462365527300982	False
COQ6	0.11648122198298791	0.4536355837371686	1.13198984813862e-05	5826	0.9462365527300982	False
NPHP3	0.11611192878578581	0.4537819174789127	3.60613565146799e-06	7779	0.9462365527300982	False
PRKAG3	0.11593510948514138	0.45385198497783796	2.33090975249975e-05	4196	0.9462365527300982	False
ITPR3	0.11515414629146757	0.4541614713881867	3.08743467908467e-05	3543	0.9462365527300982	False
SENP3	0.11457850277964397	0.45438960988413923	0.0001080408540044	1356	0.9462365527300982	False
PRKCD	0.1141498272855948	0.45455951193280686	0.0001065620065461	1369	0.9462365527300982	False
FBXL13	0.11404601166619681	0.45460065966167434	4.14355161813504e-06	7582	0.9462365527300982	False
FDFT1	0.11396864140509495	0.4546313259856794	1.61537041987464e-05	5054	0.9462365527300982	False
LURAP1	0.11388370158088354	0.45466499287816164	1.14944191007178e-05	5794	0.9462365527300982	False
DDR2	0.11367927776547515	0.4547460199822166	9.84628727883235e-05	1454	0.9462365527300982	False
FAM3B	0.11367657731219202	0.4547470903686893	5.35667747280286e-06	7227	0.9462365527300982	False
CD68	0.1133034042253697	0.45489500922035164	1.2991190720383e-05	5541	0.9462365527300982	False
GINS1	0.11327991343001458	0.45490432074296755	2.95826645606113e-05	3634	0.9462365527300982	False
CRIP1	0.11283984808802955	0.4550787629353318	5.74731242231733e-06	7127	0.9462365527300982	False
MCL1	0.11122166735716098	0.4557202850810721	0.0001682761599737	905	0.9462365527300982	False
MICA	0.11066245554412042	0.4559420095985445	1.12352304408711e-05	5844	0.9462365527300982	False
ZBTB16	0.11061644232498274	0.45596025420775455	0.0001235546599158	1189	0.9462365527300982	False
RPL27	0.11052077479929384	0.4559981874436438	0.0001885798129671	815	0.9462365527300982	False
MSN	0.1104897882918686	0.456010474023812	6.75812848083328e-05	1985	0.9462365527300982	False
GGH	0.11033520713486922	0.45607176822568785	1.37308398225571e-05	5426	0.9462365527300982	False
FNTB	0.11014252747184698	0.45614817063217483	6.16144006531856e-05	2145	0.9462365527300982	False
MAGEE2	0.10958723974871139	0.4563683654537849	7.91494738436574e-06	6545	0.9462365527300982	False
SNX29	0.10947500116399325	0.4564128743800548	6.39331644708429e-06	6938	0.9462365527300982	False
IFNGR1	0.10925556412637757	0.4564998951155325	3.42268192636821e-05	3312	0.9462365527300982	False
IFNG	0.10925556412637139	0.45649989511553496	2.23287731469349e-06	8298	0.9462365527300982	False
SACS	0.10923235376747666	0.4565090996204473	1.7563249842173e-06	8516	0.9462365527300982	False
NR1I2	0.10921453297675694	0.4565161668064422	6.89363204234317e-05	1958	0.9462365527300982	False
LATS2	0.1072275519502745	0.45730422906958906	0.000288730185018	523	0.9462365527300982	False
TUBE1	0.10713851732159	0.4573395453036068	4.97937090303081e-06	7326	0.9462365527300982	False
DYRK3	0.10701268094934253	0.45738945979175255	4.45719373098441e-06	7494	0.9462365527300982	False
ERP44	0.1066254107084645	0.457543079335801	3.8822709147267e-05	3021	0.9462365527300982	False
IKBKE	0.10626850819836861	0.4576846584465591	8.1776502692652e-05	1720	0.9462365527300982	False
CFAP298	0.10625697806696655	0.4576892324063842	1.90576031841755e-05	4685	0.9462365527300982	False
GLRX	0.10625697806691638	0.45768923240640413	8.79399354426995e-07	9018	0.9462365527300982	False
NDUFA7	0.1058928901711117	0.4578336675864609	2.50625603795088e-05	4031	0.9462365527300982	False
SHANK2	0.10567137934127074	0.4579215445782673	1.64844482059885e-05	5009	0.9462365527300982	False
FHL2	0.10465765422750692	0.4583237321970339	0.000211539203892	727	0.9462365527300982	False
CEBPE	0.10447970679422562	0.45839433588277145	4.29417267420795e-05	2806	0.9462365527300982	False
PRUNE1	0.10404707247609865	0.45856599641421153	7.66645969136431e-06	6613	0.9462365527300982	False
DPEP1	0.10382869447461605	0.4586526473170956	5.76062825298247e-05	2248	0.9462365527300982	False
ZIM2	0.10349332009825274	0.4587857254084782	2.93488052756562e-06	8028	0.9462365527300982	False
CCDC93	0.10337325388142929	0.4588333693578425	2.64584763351888e-05	3881	0.9462365527300982	False
LRRC8B	0.1028338226087645	0.4590474304969081	1.88653981384006e-05	4714	0.9462365527300982	False
ACMSD	0.10282777998667199	0.45904982844262365	3.24623890405126e-06	7909	0.9462365527300982	False
SLC5A11	0.10231167686497755	0.45925464357417795	1.79446269862541e-06	8495	0.9462365527300982	False
LINGO1	0.10231167686496914	0.4592546435741813	6.93224929757635e-07	9197	0.9462365527300982	False
CCDC185	0.10231167686493847	0.4592546435741935	2.42628526431926e-07	9437	0.9462365527300982	False
SPRTN	0.10191648825695131	0.45941148118703123	0.000139809117578	1057	0.9462365527300982	False
RANBP3L	0.10191648825691778	0.45941148118704456	1.07545475196442e-06	8868	0.9462365527300982	False
ZNF816	0.10190693603007758	0.4594152722360853	1.10577224283478e-05	5878	0.9462365527300982	False
KIR3DS1	0.10138511335040114	0.4596223767024654	1.78108833070939e-05	4835	0.9462365527300982	False
TYK2	0.10101072300742342	0.4597709739935643	4.02842698027991e-05	2936	0.9462365527300982	False
MYO1F	0.1009860779130478	0.4597807559450042	7.41031258404438e-06	6682	0.9462365527300982	False
INA	0.09991968861627251	0.4602040426593147	3.94419852455253e-05	2984	0.9462365527300982	False
COBL	0.09979779315075041	0.46025243005787847	1.26828944168059e-05	5594	0.9462365527300982	False
ACVR1B	0.09946514866604032	0.4603844789902165	2.10002287077979e-05	4450	0.9462365527300982	False
DUSP9	0.0993115712674758	0.4604454456471998	4.37038258313381e-05	2764	0.9462365527300982	False
SNX16	0.09916266865956039	0.46050455740883023	1.67668560600022e-06	8548	0.9462365527300982	False
DAO	0.09841019193574135	0.46080329098553763	5.02478605056373e-06	7317	0.9462365527300982	False
ALKBH7	0.09833122217211676	0.46083464330056134	9.64054207147621e-07	8948	0.9462365527300982	False
HEMK1	0.09833122217211543	0.46083464330056184	9.64054207147621e-07	8949	0.9462365527300982	False
C19ORF25	0.09828284254851129	0.46085385093939024	2.44913306979572e-05	4087	0.9462365527300982	False
C3	0.0979147292177257	0.4610000019827003	1.5248890353421e-05	5185	0.9462365527300982	False
NSMF	0.09775529606598186	0.461063302933144	7.62528052603992e-07	9116	0.9462365527300982	False
PNMA1	0.09775529606597456	0.4610633029331469	1.27217689877264e-05	5586	0.9462365527300982	False
H2BC17	0.0976466602561374	0.46110643599586965	4.69329495561643e-06	7419	0.9462365527300982	False
RASSF4	0.09750747788352301	0.46116169801901175	9.31062190039577e-06	6243	0.9462365527300982	False
CCDC117	0.09710878604426534	0.46132000179338384	1.03029172475537e-05	6029	0.9462365527300982	False
ZNF830	0.09710237631082096	0.4613225468792932	3.96658178956068e-05	2972	0.9462365527300982	False
RRAD	0.09698762036338512	0.46136811280880846	1.75128249648509e-05	4879	0.9462365527300982	False
USH1G	0.09686651967319013	0.4614161985834399	4.73421426020241e-06	7403	0.9462365527300982	False
GNPDA2	0.09592088899454691	0.4617917020287658	4.00204532273443e-06	7626	0.9462365527300982	False
HOXB9	0.09544314701100275	0.4619814230599829	2.32030049077562e-05	4203	0.9462365527300982	False
ABCE1	0.09437419545237519	0.46240595667375944	7.7786291588816e-05	1783	0.9462365527300982	False
CUEDC1	0.0939498172011971	0.46257451020244805	3.96559475465159e-05	2973	0.9462365527300982	False
IL36RN	0.09373641463331045	0.462659271460153	6.15440112996605e-06	6998	0.9462365527300982	False
DNAJC4	0.09348148476856714	0.4627605291460789	3.93280586339123e-06	7654	0.9462365527300982	False
COL1A2	0.09344648559691413	0.46277443094294374	2.12496357623183e-05	4425	0.9462365527300982	False
MEGF6	0.09334335635922443	0.46281539451139314	4.21449330816216e-06	7561	0.9462365527300982	False
HOGA1	0.09306205938626509	0.4629271294051771	2.18497848453435e-06	8332	0.9462365527300982	False
SLFN11	0.09226170487742061	0.46324505681753597	6.48413493292972e-05	2057	0.9462365527300982	False
MAGEA11	0.09175435573721286	0.4634466049297929	5.45731594681297e-05	2328	0.9462365527300982	False
PNKD	0.09175435573720354	0.4634466049297966	2.16070201906199e-06	8344	0.9462365527300982	False
IFIH1	0.09170341867577084	0.46346684056468046	2.14316264931384e-05	4404	0.9462365527300982	False
ZNF74	0.09126936661947985	0.46363927913367425	8.5478411502091e-06	6405	0.9462365527300982	False
DHRS4	0.09120801400782563	0.46366365362035317	2.80944869508082e-05	3761	0.9462365527300982	False
LGALS2	0.09054437710074034	0.4639273154622991	6.52575624378463e-06	6896	0.9462365527300982	False
MCM3AP	0.09041757906141706	0.46397769391921573	1.68653245059695e-05	4961	0.9462365527300982	False
POTEB3	0.09029640746707779	0.46402583745844195	1.94055152586464e-05	4644	0.9462365527300982	False
MDN1	0.09025972718391104	0.4640404112638811	3.48163944516035e-05	3273	0.9462365527300982	False
CHAF1B	0.09018863824129515	0.4640686564508689	6.33069983444175e-05	2091	0.9462365527300982	False
DET1	0.08912699755881999	0.46449049091086647	6.37972020586347e-05	2076	0.9462365527300982	False
ALDH3B1	0.08868109871900023	0.4646676771899624	2.46437114156742e-05	4067	0.9462365527300982	False
ALDH3B2	0.08868109871899794	0.4646676771899633	1.05692942295832e-06	8889	0.9462365527300982	False
WDR73	0.08868109871899794	0.4646676771899633	1.00030820387126e-06	8923	0.9462365527300982	False
SLC39A3	0.08834251476764321	0.4648022245644381	2.91550858701505e-06	8040	0.9462365527300982	False
SNTG2	0.08818686947099216	0.46486407664993035	1.63292843697018e-05	5035	0.9462365527300982	False
DARS1	0.08815638160004022	0.46487619236383415	8.322100953481e-06	6448	0.9462365527300982	False
ZNF431	0.08800415541119076	0.46493668670935895	2.95546512412196e-06	8020	0.9462365527300982	False
TYRP1	0.08800415541118903	0.4649366867093596	6.89608523601052e-07	9202	0.9462365527300982	False
SYTL5	0.0879985603395804	0.46493891019369893	7.08260681835525e-06	6754	0.9462365527300982	False
ZNF512	0.08786727061159195	0.4649910851133189	8.53568547068643e-05	1652	0.9462365527300982	False
AFF3	0.087667911155335	0.4650703122914598	4.97345451739061e-06	7328	0.9462365527300982	False
HSPA4L	0.08764008963376511	0.465081368915768	7.15349844593679e-05	1904	0.9462365527300982	False
TIAL1	0.08761607113824765	0.4650909141911402	1.96701898464572e-05	4614	0.9462365527300982	False
DPYSL3	0.08706604013168061	0.4653095094477373	1.90506602179318e-05	4686	0.9462365527300982	False
UBE2R2	0.08661639906789863	0.46548821516015315	1.89479151215507e-05	4706	0.9462365527300982	False
GCNT1	0.08659110607290493	0.4654982678358892	7.04808982501336e-06	6761	0.9462365527300982	False
EXD2	0.08633956291116497	0.46559824461290894	3.35594634038346e-05	3351	0.9462365527300982	False
CRP	0.08603643289271086	0.46571872766479416	2.7381052794346e-05	3810	0.9462365527300982	False
ZNF76	0.08602506673903813	0.46572324535472076	2.02256785737601e-05	4547	0.9462365527300982	False
CALB2	0.08480176522309572	0.46620949507630666	1.32305140385175e-06	8742	0.9462365527300982	False
ICE1	0.08465847654541304	0.46626645416054396	1.52359805072443e-05	5190	0.9462365527300982	False
PLXNB3	0.08422180958350237	0.4664400391259522	4.62794191464039e-06	7440	0.9462365527300982	False
DYRK4	0.0838578770274921	0.46658471540358387	1.27601323305601e-05	5579	0.9462365527300982	False
WDR44	0.08326099481080727	0.4668220070984404	2.45017354228468e-05	4085	0.9462365527300982	False
BCL2L11	0.08298137527154706	0.4669331744556759	6.91655188499158e-05	1952	0.9462365527300982	False
MTA2	0.08275332580655895	0.4670238411899118	0.0002727822785085	562	0.9462365527300982	False
KIAA0930	0.08274417860285962	0.4670274779238704	2.36617551913244e-05	4161	0.9462365527300982	False
HSPA9	0.08258017605822722	0.46709268231998025	0.000293792860362	512	0.9462365527300982	False
USP30	0.0817028806244406	0.4674414938067957	3.4897691355675e-05	3265	0.9462365527300982	False
FAM43A	0.08083194185021253	0.46778780262670294	6.89132262872977e-06	6809	0.9462365527300982	False
ADNP2	0.08046679072300476	0.46793300386290865	1.26414986489703e-05	5602	0.9462365527300982	False
NCOA4	0.08042432633067284	0.4679498899767849	3.13908242493778e-05	3505	0.9462365527300982	False
POP5	0.07957829497766264	0.46828632927848096	7.34109111210396e-06	6702	0.9462365527300982	False
NETO2	0.07943310788601807	0.4683440677721406	1.0822900564287e-05	5922	0.9462365527300982	False
TUFM	0.0793257990849379	0.4683867431271216	0.0001936696354206	796	0.9462365527300982	False
LEO1	0.07873863830115899	0.4686202559745441	5.07060644575797e-05	2464	0.9462365527300982	False
ARMC9	0.0783827626683683	0.46876179236967885	1.33706709761918e-06	8734	0.9462365527300982	False
NDUFAF2	0.07838276266835337	0.4687617923696848	1.14904458206039e-05	5795	0.9462365527300982	False
TOGARAM1	0.07838276266835088	0.4687617923696858	5.599677470441e-07	9298	0.9462365527300982	False
ECI2	0.07835024138776564	0.46877472670560816	3.77908189745744e-05	3083	0.9462365527300982	False
BCL2L14	0.07802114607165352	0.4689056160653727	1.9542711573207e-05	4629	0.9462365527300982	False
VSIG2	0.07781967941153983	0.46898574600633036	2.93365153470587e-05	3655	0.9462365527300982	False
BCS1L	0.07781013635825668	0.4689895416248173	1.3426154224099e-05	5478	0.9462365527300982	False
MAGEA6	0.07769047320776784	0.4690371362399581	5.77723157303061e-06	7116	0.9462365527300982	False
EPS8L1	0.07680832702874774	0.4693880131498102	1.29920981048636e-05	5540	0.9462365527300982	False
SLC20A1	0.07675775164109346	0.46940813042075463	2.53380471845266e-05	4001	0.9462365527300982	False
MAPK10	0.07656811817979242	0.4694835612389144	4.89845639400048e-05	2526	0.9462365527300982	False
USP9X	0.07655592996211895	0.46948840940407344	0.000316017074723	464	0.9462365527300982	False
FBXO17	0.0765071110103621	0.46950782839542793	3.3519686240613e-05	3353	0.9462365527300982	False
WIPF2	0.07618056047614032	0.4696377241166415	2.68256833281071e-05	3848	0.9462365527300982	False
INTS1	0.0758440482729901	0.4697715857848935	6.52906122282971e-05	2043	0.9462365527300982	False
RGN	0.07562124887278081	0.4698602153561867	6.22691530491704e-07	9258	0.9462365527300982	False
OAZ3	0.07562124887277352	0.4698602153561896	1.49210991122461e-05	5236	0.9462365527300982	False
CCT2	0.07501608125056887	0.47010095847840766	0.0005221450460623	227	0.9462365527300982	False
ETV5	0.0747007540987496	0.47022640383378217	2.59253464927151e-06	8159	0.9462365527300982	False
LMAN2	0.07465353189371925	0.4702451903117945	2.55737764551659e-05	3975	0.9462365527300982	False
EIF3B	0.07448013352883805	0.4703141742014326	0.000191331500839	801	0.9462365527300982	False
SHANK3	0.0744089413008011	0.4703424971995142	7.55012206992203e-05	1824	0.9462365527300982	False
LRRC40	0.07428497188864419	0.4703918173431296	2.83848419249783e-05	3741	0.9462365527300982	False
MAP3K6	0.07428294212053049	0.4703926248723571	5.01635046523947e-06	7319	0.9462365527300982	False
PRELID1	0.07410857766651437	0.4704619950204436	3.02326494894402e-06	7992	0.9462365527300982	False
ADAMTSL4	0.07403544258739825	0.470491091764079	5.43354529270205e-06	7209	0.9462365527300982	False
ATG10	0.07387859190667234	0.4705534952364116	1.8817963144353e-05	4715	0.9462365527300982	False
DIABLO	0.07327810309180054	0.47079240802409095	9.27063250792659e-05	1539	0.9462365527300982	False
AGPAT5	0.07285057238859112	0.470962513444799	4.00106868351613e-06	7627	0.9462365527300982	False
SLC10A7	0.07202513534023959	0.47129095234321944	1.27831054353594e-05	5574	0.9462365527300982	False
LIMCH1	0.07166295809628584	0.47143506774703703	1.0560915931002e-05	5979	0.9462365527300982	False
CALD1	0.07143932626106675	0.4715240558591149	3.46865656632964e-05	3280	0.9462365527300982	False
METTL3	0.07045498906039734	0.47191576250174583	4.53287131277275e-05	2677	0.9462365527300982	False
NUDT16	0.07044209409378356	0.47192089409926796	4.22367952827192e-06	7559	0.9462365527300982	False
LLGL1	0.07042453026947147	0.47192788369270455	5.96714541328287e-05	2190	0.9462365527300982	False
CGGBP1	0.07033792525191074	0.4719623486287695	2.80374286402124e-06	8080	0.9462365527300982	False
NDN	0.07015789225448238	0.4720339944072738	0.0001030774696942	1403	0.9462365527300982	False
UBE2V1	0.0700394321732666	0.47208113717418676	4.27675595373979e-05	2814	0.9462365527300982	False
SAV1	0.06992379462070507	0.4721271570555088	6.26493696612434e-05	2115	0.9462365527300982	False
PRKD2	0.0695488855512358	0.472276360891458	3.40175359674043e-05	3319	0.9462365527300982	False
FBXL2	0.06949983692974505	0.4722958812262047	4.94608614958752e-05	2513	0.9462365527300982	False
TRERF1	0.06823261238221477	0.4728002332650927	2.51264046861261e-05	4020	0.9462365527300982	False
ACTB	0.06781600742891858	0.47296605050622065	0.0006656849370203	167	0.9462365527300982	False
STXBP4	0.06768108819985302	0.47301975210799874	2.41255436314996e-05	4122	0.9462365527300982	False
RHOXF2	0.06767973472552331	0.473020290830873	2.51587817863882e-05	4018	0.9462365527300982	False
PSKH1	0.06674618906422705	0.47339188135833443	1.1032165635196e-05	5882	0.9462365527300982	False
KCNQ2	0.06674220502821308	0.47339346722246606	3.46093403097719e-06	7841	0.9462365527300982	False
GOT1	0.06661201777973258	0.47344528909628036	1.65132440176141e-05	5003	0.9462365527300982	False
MAP3K10	0.06645076087676487	0.4735094790694086	2.90096520236243e-05	3676	0.9462365527300982	False
SDF2L1	0.06639327675580718	0.47353236138292837	4.59798637271385e-05	2648	0.9462365527300982	False
AGRN	0.0661160113976397	0.4736427317456312	1.44255027152305e-05	5303	0.9462365527300982	False
RRAS	0.06495023016137769	0.474106813553048	2.49504274396681e-05	4038	0.9462365527300982	False
CEACAM6	0.06462680532425624	0.47423557087798474	1.44014437036777e-05	5306	0.9462365527300982	False
PGAM1	0.06440666834785012	0.47432321023979473	2.85293067972168e-05	3724	0.9462365527300982	False
YEATS2	0.06396894908909975	0.474497475594497	7.32549523461362e-05	1868	0.9462365527300982	False
TNFRSF14	0.06376522749220144	0.47457858316489837	1.04643599771847e-05	5998	0.9462365527300982	False
BTLA	0.06376522749219361	0.4745785831649015	1.05883454153425e-06	8886	0.9462365527300982	False
CD160	0.06376522749219166	0.47457858316490226	1.05883454153425e-06	8887	0.9462365527300982	False
BPIFB1	0.06372859599373536	0.4745931673556453	7.58126200896744e-06	6635	0.9462365527300982	False
TP73	0.0632979968516162	0.47476460542372634	0.0002112898239889	729	0.9462365527300982	False
DKK1	0.06303294584383286	0.47487013474226614	1.08512119633416e-05	5918	0.9462365527300982	False
CDC23	0.06279867826491417	0.4749634091926373	0.0001127415685658	1307	0.9462365527300982	False
EMB	0.06214660063226694	0.47522304337701526	1.5644319345508e-05	5129	0.9462365527300982	False
LAMC1	0.06209749482096201	0.4752425959966986	3.77746605510091e-05	3084	0.9462365527300982	False
CCT4	0.06202057500273141	0.47527322352928864	0.0002698300493672	567	0.9462365527300982	False
PLPP2	0.06182969316876213	0.47534922849454253	1.62032816017402e-06	8578	0.9462365527300982	False
KDM1A	0.06118957908276841	0.4756041144347915	0.0005527971353848	212	0.9462365527300982	False
ARHGAP29	0.06112021291076405	0.475631735834375	9.41488009214883e-06	6222	0.9462365527300982	False
TENM3	0.06106184194106999	0.47565497906844173	9.66183146059447e-06	6172	0.9462365527300982	False
PLD2	0.06103014070886462	0.47566760248708306	7.61207103545709e-05	1810	0.9462365527300982	False
PHF7	0.06094056369327559	0.47570327215268304	1.00622236148507e-05	6081	0.9462365527300982	False
MIF4GD	0.06047159563752118	0.4758900189171416	1.21437155103097e-05	5678	0.9462365527300982	False
NME3	0.059661564076041444	0.47621259230004676	1.9656399705082e-05	4617	0.9462365527300982	False
BBS2	0.05908832581848002	0.4764408785214448	2.25229315838521e-05	4269	0.9462365527300982	False
PNMA8A	0.05903306098858532	0.47646288757959415	2.68971648555622e-06	8122	0.9462365527300982	False
RNF130	0.058790789509659984	0.4765593723395568	2.99583119910918e-05	3605	0.9462365527300982	False
LRP4	0.05860260506887884	0.47663431785314825	2.43605650264899e-05	4094	0.9462365527300982	False
AUNIP	0.057228552897325057	0.4771815667517917	4.09572094354343e-06	7598	0.9462365527300982	False
DEFA1	0.057150163964305535	0.4772127883127377	6.03188647122452e-05	2173	0.9462365527300982	False
BBS5	0.05702183172931015	0.47726390211417824	1.20962889049093e-05	5687	0.9462365527300982	False
SLC30A9	0.056610615048501005	0.4774276892606777	1.48746302549838e-05	5242	0.9462365527300982	False
SPACA3	0.056591910223239984	0.4774351394626413	2.80747279111263e-06	8079	0.9462365527300982	False
AADAT	0.056591910223237236	0.47743513946264243	6.55076983947118e-07	9229	0.9462365527300982	False
VRK2	0.05601331354850188	0.4776656005676294	4.94622232437507e-05	2512	0.9462365527300982	False
SOST	0.05599917089345203	0.4776712338288313	2.85703741639629e-05	3717	0.9462365527300982	False
HSD17B4	0.055842485616175615	0.4777336445507582	2.21342780523315e-05	4321	0.9462365527300982	False
MIER3	0.0557393819834119	0.4777747129839668	6.67200796879106e-06	6866	0.9462365527300982	False
SPRED1	0.055191175229257976	0.47799307968405913	5.12054845864278e-06	7294	0.9462365527300982	False
TPTE	0.05499327838107421	0.4780719093828931	0.0001021404030557	1417	0.9462365527300982	False
GABRA1	0.054538481905401455	0.4782530750354209	3.55863252236347e-05	3229	0.9462365527300982	False
ITM2A	0.054009124400015	0.4784639473169682	7.030771944297e-06	6766	0.9462365527300982	False
RBFA	0.053855705326226036	0.4785250637225878	1.8180233101721e-05	4788	0.9462365527300982	False
PCOLCE2	0.05372998641982821	0.47857514579681376	1.89738642128485e-06	8447	0.9462365527300982	False
FOXJ1	0.05319776000357451	0.4787871701741339	2.09915477482476e-05	4451	0.9462365527300982	False
RFX2	0.053197760003571806	0.478787170174135	1.60240823557448e-06	8599	0.9462365527300982	False
ADISSP	0.052996266095177824	0.4788674413794946	6.83648777030149e-06	6822	0.9462365527300982	False
NAA11	0.05289227934882868	0.47890886798710974	2.3751134184276e-06	8250	0.9462365527300982	False
NAA15	0.05289227934879898	0.47890886798712157	3.95286732082043e-05	2979	0.9462365527300982	False
MTMR14	0.052471850637640316	0.47907636218162686	1.54937946927533e-05	5152	0.9462365527300982	False
RABAC1	0.052445812022426465	0.47908673580259975	4.65592556750154e-05	2616	0.9462365527300982	False
PASK	0.052205659107994684	0.4791824118842791	1.93658229884825e-05	4648	0.9462365527300982	False
KIF23	0.052026710102380795	0.4792537053228499	0.0001443452077182	1029	0.9462365527300982	False
PARVB	0.05201478853511527	0.4792584549091646	5.25420880750057e-06	7257	0.9462365527300982	False
MAP4K1	0.05132959459299218	0.4795314430529737	5.1555900108666e-05	2441	0.9462365527300982	False
ALAS1	0.050984337479141315	0.4796690005983329	1.92107258077185e-05	4664	0.9462365527300982	False
ANKRD13C	0.05088840595955389	0.4797072221221912	8.128021435776e-06	6500	0.9462365527300982	False
SGK1	0.05083810781951553	0.4797272622375032	5.79010925933894e-05	2238	0.9462365527300982	False
HTT	0.05064679303394268	0.4798034875986352	0.000207435397762	742	0.9462365527300982	False
RAB3GAP2	0.050527181835900804	0.47985114454559186	2.06430919118227e-05	4489	0.9462365527300982	False
TRIM5	0.05033819760776622	0.4799264425249407	3.45229683593373e-05	3290	0.9462365527300982	False
YRDC	0.05017828643026551	0.4799901573355219	2.43252784127028e-06	8223	0.9462365527300982	False
SIX2	0.04972397003783017	0.4801711773777301	1.78807954635504e-05	4826	0.9462365527300982	False
BCDIN3D	0.0497239700377957	0.48017117737774384	9.08736322783057e-07	8980	0.9462365527300982	False
DCBLD1	0.04970708686569518	0.48017790447032827	7.56225511863576e-06	6640	0.9462365527300982	False
PDCD2	0.04913138381771484	0.4804072964653189	8.651875958152e-06	6382	0.9462365527300982	False
KCTD18	0.04901602616799518	0.4804532621278885	8.58379413110908e-06	6400	0.9462365527300982	False
SERP1	0.04887065376397423	0.48051118790547276	8.18724449002032e-07	9071	0.9462365527300982	False
BSCL2	0.04887065376396699	0.48051118790547565	9.52393747764956e-06	6197	0.9462365527300982	False
TRAPPC14	0.048821036819374275	0.48053095860280454	2.84089793508225e-06	8066	0.9462365527300982	False
RDH12	0.04811738769538098	0.4808113444393956	1.74631507117772e-05	4888	0.9462365527300982	False
YWHAZ	0.04737734033075255	0.48110624426635595	0.0010031956366053	87	0.9462365527300982	False
KRT16	0.047062199845721735	0.4812318270451288	3.03571448736185e-05	3582	0.9462365527300982	False
TRIM32	0.046970274116828074	0.48126845959403397	0.0001389198109776	1066	0.9462365527300982	False
MKI67	0.046828979256705476	0.4813247661284065	0.0001318668630191	1121	0.9462365527300982	False
GTF2H4	0.04660112870637077	0.48141556621593234	4.41108750777484e-05	2736	0.9462365527300982	False
ARAP1	0.04620738917401906	0.48157247652903673	2.23651360180586e-05	4289	0.9462365527300982	False
ABCC4	0.046143764043732494	0.4815978322376691	6.34465167265815e-06	6950	0.9462365527300982	False
PEX13	0.04491553887792332	0.4820873155554001	1.64176501911199e-05	5016	0.9462365527300982	False
ZNF562	0.04490256817891078	0.4820924849001863	1.04574741962241e-05	5999	0.9462365527300982	False
VARS2	0.04460113608319283	0.48221261854960507	7.70517496136154e-06	6604	0.9462365527300982	False
CD1E	0.0445056135626549	0.4822506887183033	1.89021782845405e-05	4710	0.9462365527300982	False
COX7A2	0.04390763491191406	0.4824890146961393	1.29988771668424e-05	5539	0.9462365527300982	False
POTEC	0.043305917300425004	0.4827288371628626	6.01786978463318e-06	7047	0.9462365527300982	False
IL1A	0.04317479391400377	0.48278109894510524	1.43723973850233e-05	5311	0.9462365527300982	False
PDHA2	0.04315358885513082	0.4827895506625816	4.68119528052699e-06	7425	0.9462365527300982	False
TP53AIP1	0.04221384044537441	0.4831641146579666	6.66535780658038e-07	9220	0.9462365527300982	False
WNT1	0.04221384044537441	0.4831641146579666	6.66535780658038e-07	9221	0.9462365527300982	False
UBR3	0.04221384044536366	0.48316411465797093	6.18926076330546e-06	6986	0.9462365527300982	False
PPP6R2	0.04132312986560543	0.4835191469252234	3.6041386214525e-05	3197	0.9462365527300982	False
PRKAR1B	0.04065291668793112	0.4837862987894272	4.33386775434057e-05	2792	0.9462365527300982	False
ADAM21	0.04015481966110107	0.48398484862138547	2.21540822782888e-05	4317	0.9462365527300982	False
EID1	0.03962036135025403	0.48419789708655897	2.627170243311e-05	3902	0.9462365527300982	False
CYP2A6	0.03794707844142595	0.4848649384453939	1.30454360071252e-06	8749	0.9462365527300982	False
SNX15	0.03794707844142594	0.4848649384453939	2.66312604844879e-06	8137	0.9462365527300982	False
HOXC10	0.037947078441411645	0.4848649384453996	6.45764557402118e-07	9240	0.9462365527300982	False
NRIP1	0.03781739216955353	0.4849166386725221	9.25802210453178e-05	1544	0.9462365527300982	False
MCM6	0.03770936751577701	0.4849597035564372	0.0001489771865885	1006	0.9462365527300982	False
PCDHB7	0.03747323448059317	0.4850538404715345	2.72374351456188e-06	8110	0.9462365527300982	False
REL	0.037208148667933844	0.48515952070772506	0.0001023767569239	1412	0.9462365527300982	False
C1ORF74	0.037208148667922034	0.4851595207077298	1.46145990059362e-06	8662	0.9462365527300982	False
CCDC102A	0.03697636594987845	0.4852519250451614	1.33500912556303e-05	5491	0.9462365527300982	False
SORBS2	0.03688690052787405	0.48528759225226104	5.9457150678413e-05	2198	0.9462365527300982	False
MAD1L1	0.03675913213620429	0.48533852991998194	5.10567558670713e-05	2454	0.9462365527300982	False
LRRC8C	0.03621409363218661	0.48555582413389303	7.11819881295232e-06	6745	0.9462365527300982	False
HLA-DOA	0.03619905067161476	0.48556182147459437	8.20256710490369e-07	9068	0.9462365527300982	False
RNF149	0.0355614201408412	0.4858160355591142	9.19822263782943e-05	1558	0.9462365527300982	False
BPIFB2	0.03542952558206719	0.4858686207379042	1.14420431337209e-06	8819	0.9462365527300982	False
CP	0.03542952558206719	0.4858686207379042	1.14420431337209e-06	8820	0.9462365527300982	False
TCN1	0.03542952558206718	0.4858686207379042	1.14420431337209e-06	8824	0.9462365527300982	False
IGLC2	0.03542952558206718	0.4858686207379042	1.14420431337209e-06	8821	0.9462365527300982	False
OPRPN	0.035429525582064976	0.4858686207379051	1.14420431337209e-06	8823	0.9462365527300982	False
LPO	0.03542952558206497	0.4858686207379051	1.14420431337209e-06	8822	0.9462365527300982	False
DDX31	0.03542952558202752	0.48586862073792003	0.0001138344506465	1296	0.9462365527300982	False
GNG11	0.035132895481287785	0.48598688539761675	3.12134721175546e-06	7957	0.9462365527300982	False
TBL1XR1	0.035051985641340204	0.48601914388471623	0.0001024042567308	1411	0.9462365527300982	False
BOD1	0.033457691333099816	0.4866548021761731	1.42021292967127e-05	5342	0.9462365527300982	False
SELENOM	0.03332977347881859	0.4867058055707023	7.25692638934587e-07	9153	0.9462365527300982	False
NENF	0.03332977347881687	0.486705805570703	5.06615612953074e-06	7309	0.9462365527300982	False
TMEM239	0.03315606515628248	0.4867750668843067	8.80284707996324e-07	9017	0.9462365527300982	False
COQ8A	0.03315606515624751	0.4867750668843207	1.47537513446978e-05	5260	0.9462365527300982	False
SSBP3	0.03309418928429285	0.4867997382464397	1.93290130060362e-05	4656	0.9462365527300982	False
SMARCC2	0.032340925190958464	0.48710008633936674	0.0002662180566493	577	0.9462365527300982	False
WIPF1	0.03196718751423797	0.4872491090435621	2.64124211659172e-05	3886	0.9462365527300982	False
XPO1	0.03183422722586349	0.48730212554105035	0.0004695387443769	265	0.9462365527300982	False
COMMD4	0.03175136868356569	0.48733516461498516	3.20782176652296e-05	3455	0.9462365527300982	False
ETF1	0.0315374967317236	0.48742044446996413	3.58851189131252e-05	3209	0.9462365527300982	False
SLC7A11	0.0312254994539462	0.48754485210163145	3.91622721536582e-05	3004	0.9462365527300982	False
CHSY3	0.03106239117310698	0.4876098913411666	1.09321154179817e-05	5904	0.9462365527300982	False
RNF6	0.030803599480747932	0.48771308490657367	3.98656366869925e-05	2963	0.9462365527300982	False
SMARCA5	0.03052172096866752	0.48782548531082665	0.0002483453097532	619	0.9462365527300982	False
NME8	0.03013994405925298	0.48797772221875396	3.78058387534892e-06	7711	0.9462365527300982	False
IGFBP6	0.029378196254696252	0.48828148108310204	4.81671698592914e-06	7382	0.9462365527300982	False
NPHP4	0.028461466740255056	0.4886470503282051	2.35062753529298e-05	4177	0.9462365527300982	False
SP100	0.028384067089419842	0.4886779158514723	4.16308553348691e-05	2862	0.9462365527300982	False
NCF1	0.02835672558226668	0.48868881914588375	2.98626262212355e-05	3616	0.9462365527300982	False
NIPBL	0.028193600460656647	0.4887538706447757	7.82719797669796e-05	1774	0.9462365527300982	False
LDLRAP1	0.02806622257015153	0.48880466696951524	1.22042716634298e-05	5666	0.9462365527300982	False
SLC2A2	0.02784669586826889	0.4888922112350061	8.72154526993671e-06	6366	0.9462365527300982	False
RRAS2	0.02638791284141403	0.48947396747475835	1.0087356828364e-05	6077	0.9462365527300982	False
LRRC42	0.02611102498133545	0.48958439169911033	6.48724761126215e-06	6911	0.9462365527300982	False
TANK	0.025864591324624594	0.48968267131087095	7.36715148850098e-05	1855	0.9462365527300982	False
FASTKD5	0.025490526090998084	0.48983185255885603	1.62188964395559e-05	5044	0.9462365527300982	False
PSMD4	0.024300972577821447	0.4903062686781558	0.0002833739579652	535	0.9462365527300982	False
ZNRF1	0.024124039477255645	0.4903768340853258	3.3102947190877e-05	3382	0.9462365527300982	False
IP6K2	0.024105427667467143	0.49038425696457355	4.5204073765778e-06	7476	0.9462365527300982	False
MKKS	0.02401889767225382	0.49041876744615837	1.01624246880769e-05	6062	0.9462365527300982	False
AMOTL1	0.023723032907975065	0.4905367667853224	5.71966017864374e-05	2258	0.9462365527300982	False
HYAL2	0.02287643694801996	0.49087441803398696	2.01770940468886e-05	4550	0.9462365527300982	False
MICAL3	0.022183998819641917	0.4911505907714264	1.78651498733272e-05	4830	0.9462365527300982	False
POTED	0.0220475600656396	0.49120500864931205	1.81277754971927e-06	8488	0.9462365527300982	False
GK2	0.021140821176973645	0.49156666078623257	1.22067854189024e-06	8786	0.9462365527300982	False
DSCR4	0.02114082117697364	0.49156666078623257	1.61739906800457e-06	8579	0.9462365527300982	False
PIERCE1	0.02114082117697364	0.49156666078623257	1.22067854189024e-06	8787	0.9462365527300982	False
ILRUN	0.02114082117697364	0.49156666078623257	1.95308566702438e-06	8427	0.9462365527300982	False
BTK	0.0211320750843349	0.4915701491930655	5.83954371578011e-05	2226	0.9462365527300982	False
ACSF3	0.020971247624363202	0.4916342958510381	9.28599443004085e-06	6246	0.9462365527300982	False
FLVCR1	0.020352345210715245	0.4918811494895991	4.01561026123776e-05	2946	0.9462365527300982	False
SFRP4	0.020340304469367253	0.49188595205624097	1.03676455474638e-05	6012	0.9462365527300982	False
HSPB1	0.02013302097269634	0.4919686292761195	0.0003328580925265	429	0.9462365527300982	False
ELOA	0.019956805799067338	0.4920389148375006	3.08841810196535e-06	7965	0.9462365527300982	False
SLC12A9	0.019117225588259245	0.4923737949544174	1.67903034023762e-05	4969	0.9462365527300982	False
DCAF15	0.019040867536677483	0.4924042518658201	2.88373122291511e-05	3697	0.9462365527300982	False
E2F5	0.0189632450942005	0.4924352131497983	7.45054073695041e-06	6669	0.9462365527300982	False
GYG1	0.018944868190792493	0.49244254315675684	1.33207616593644e-05	5493	0.9462365527300982	False
PRSS37	0.018644918964555866	0.4925621844512361	8.26796990656285e-06	6461	0.9462365527300982	False
FMO5	0.018259679389310543	0.49271584664269263	2.6867927796592e-06	8123	0.9462365527300982	False
TBKBP1	0.01823115205173198	0.4927272255096569	2.02335230962727e-05	4545	0.9462365527300982	False
ZHX2	0.018007152028960114	0.4928165739214551	1.31560530887764e-05	5516	0.9462365527300982	False
BOD1L2	0.01780496970212135	0.49289722007014036	1.01914700276225e-06	8910	0.9462365527300982	False
KRT34	0.017569161379612102	0.4929912792663145	8.8463515046117e-06	6342	0.9462365527300982	False
DYRK1B	0.01661823578475769	0.4933705882572738	0.0001314487935452	1125	0.9462365527300982	False
SSBP1	0.016117776062550285	0.493570216054923	0.0001688395884591	902	0.9462365527300982	False
PRPSAP2	0.01591934208897273	0.49364936960089806	2.3965024936823e-05	4141	0.9462365527300982	False
TARBP1	0.015733744376376365	0.49372340310297547	1.48924415135319e-05	5240	0.9462365527300982	False
CD83	0.015672067532237034	0.49374800557037984	3.42636899592039e-05	3310	0.9462365527300982	False
CCT3	0.015294126862745427	0.49389876401056165	0.0003846962136416	354	0.9462365527300982	False
PPARGC1A	0.01526528248873712	0.49391026990768916	7.69101656382393e-05	1801	0.9462365527300982	False
PPIAL4G	0.015214746014553355	0.49393042870278436	1.1037006896503e-05	5881	0.9462365527300982	False
MYO9A	0.014791828767165153	0.49409912928441774	2.12518157121918e-05	4424	0.9462365527300982	False
TFDP1	0.014728162698261094	0.4941245256045865	0.0001013707741264	1425	0.9462365527300982	False
TES	0.01470608927942872	0.4941333306710185	6.16939509842255e-05	2143	0.9462365527300982	False
EPS8L2	0.014582421661826805	0.4941826616224661	6.89700562534841e-06	6808	0.9462365527300982	False
FES	0.014411646774279597	0.49425078378666726	1.86089451759532e-05	4743	0.9462365527300982	False
ZNF563	0.013964572625596807	0.4944291226146407	6.39705683618508e-06	6934	0.9462365527300982	False
GPS2	0.0137658648242899	0.49450838793837815	6.50343560257451e-05	2049	0.9462365527300982	False
NKX2-5	0.013581449077654977	0.49458195229933327	1.51320277431177e-05	5209	0.9462365527300982	False
NPAS1	0.01351369855210702	0.4946089783682363	1.24739764148274e-05	5627	0.9462365527300982	False
HOXC4	0.01341115755659382	0.4946498825999556	8.14206497291702e-06	6496	0.9462365527300982	False
METAP1	0.013376051808216768	0.49466388651113996	7.38947195724957e-06	6691	0.9462365527300982	False
WNK1	0.013249809663205452	0.49471424537746755	6.72229189122932e-05	1992	0.9462365527300982	False
REPS2	0.013026694681076978	0.4948032476952052	1.10552396693423e-05	5879	0.9462365527300982	False
H3C13	0.012409667786679186	0.49504938590012604	1.3211965377965e-06	8743	0.9462365527300982	False
BPTF	0.012409667786645135	0.49504938590013964	4.62069263093382e-05	2633	0.9462365527300982	False
MLLT11	0.01221123808827214	0.4951285418982138	7.59801336878308e-06	6631	0.9462365527300982	False
RAB39B	0.012174515265061518	0.49514319109608634	1.06689721334994e-05	5954	0.9462365527300982	False
KLHL13	0.012162107543998456	0.4951481406941702	2.63140899949802e-05	3897	0.9462365527300982	False
PPP2R2D	0.009962803304998562	0.4960254822805038	0.0001272590934323	1158	0.9462365527300982	False
RB1CC1	0.009437890158946473	0.49623488247343045	0.0001204021011557	1227	0.9462365527300982	False
ARMC7	0.009174808908628665	0.49633983216221333	4.68967737247926e-06	7421	0.9462365527300982	False
ICAM1	0.009154692460427875	0.4963478571269059	5.28535707155812e-05	2392	0.9462365527300982	False
NUDT13	0.009154692460412445	0.49634785712691204	9.05137606616732e-07	8987	0.9462365527300982	False
NAT1	0.009154692460412445	0.49634785712691204	1.33507796975968e-06	8738	0.9462365527300982	False
COG3	0.008680813296387747	0.4965369000423812	1.91063545902992e-05	4680	0.9462365527300982	False
ABCB1	0.008424517229745729	0.4966391436398555	1.1565906697811e-05	5783	0.9462365527300982	False
CD48	0.008329101660410116	0.49667720760914197	4.41707639583461e-07	9395	0.9462365527300982	False
LACRT	0.008329101660405762	0.4966772076091437	2.16247921766698e-05	4382	0.9462365527300982	False
PRAP1	0.008329101660401407	0.49667720760914547	1.26202159115653e-06	8770	0.9462365527300982	False
PTP4A1	0.00798849991495313	0.49681308352309117	2.88738215214049e-05	3692	0.9462365527300982	False
GNAQ	0.0075562965458369	0.49698550251141244	1.90855505155002e-05	4683	0.9462365527300982	False
STX6	0.0072864695600811345	0.49709314493974927	8.49487342451574e-05	1661	0.9462365527300982	False
SS18	0.007271501719569365	0.49709911608598706	6.51874768895056e-05	2044	0.9462365527300982	False
NHSL2	0.0064534926288440245	0.4974254468047537	1.62076072486681e-05	5047	0.9462365527300982	False
GFER	0.006287597775138835	0.4974916279329658	3.29264836027202e-05	3398	0.9462365527300982	False
GPI	0.006129763357933361	0.4975545935416244	3.95610368920814e-05	2978	0.9462365527300982	False
PROSER2	0.005646665524664174	0.4977473183499952	2.97689004137124e-05	3622	0.9462365527300982	False
DDR1	0.004939337682666619	0.49802949737361824	2.60557864518017e-05	3920	0.9462365527300982	False
PALD1	0.004805971044734033	0.4980827023326251	1.02902791966135e-05	6035	0.9462365527300982	False
USP20	0.003769856442508797	0.4984960484363546	5.53846864252814e-05	2309	0.9462365527300982	False
PPP5C	0.003469493220064534	0.49861587523982404	0.0001022779543342	1414	0.9462365527300982	False
NR0B1	0.0027265287828516565	0.49891227373747465	3.33866636408092e-05	3364	0.9462365527300982	False
ARL6IP4	0.0025109766608933	0.49899826629752436	3.25008489078751e-05	3423	0.9462365527300982	False
TMEM94	0.0022800557874768424	0.49909039013282613	1.93643837095065e-06	8431	0.9462365527300982	False
DCLK3	0.0022800557874768424	0.49909039013282613	2.65265530267213e-06	8139	0.9462365527300982	False
ARRDC1	0.002229222186249663	0.4991106697540738	5.66455245778351e-05	2276	0.9462365527300982	False
POLR2I	0.001726835703109784	0.4993110925691054	7.23794517786238e-05	1890	0.9462365527300982	False
PHF21A	0.0015575766408278452	0.4993786170742586	5.14414694324613e-05	2446	0.9462365527300982	False
TNFRSF13B	0.0015285771357726433	0.4993901861891619	1.3399018070111e-05	5483	0.9462365527300982	False
APRT	0.0008744699987461241	0.49965113698902003	9.94675664571777e-06	6111	0.9462365527300982	False
MAPK8IP3	1.873284024395658e-05	0.4999925266779951	4.40148795042211e-05	2746	0.9462365527300982	False
SMCO1	1.8732840232214558e-05	0.4999925266779998	1.06381240649365e-06	8873	0.9462365527300982	False
DEGS1	-0.00034770759664658625	0.500138715258724	5.24029116142584e-06	7263	0.9462365527300982	False
NUDCD2	-0.0004603543314763057	0.5001836548003049	3.01902080145498e-05	3592	0.9462365527300982	False
DCAF4L2	-0.0006667738418442591	0.500266004257267	1.73228901093738e-05	4905	0.9462365527300982	False
ZYX	-0.0007127482755975953	0.500284345398344	6.84157837220821e-05	1963	0.9462365527300982	False
KASH5	-0.0015950447354195988	0.5006363305142687	7.97696453742231e-06	6533	0.9462365527300982	False
VPS37B	-0.0016340149144192058	0.5006518773460824	2.61256522735543e-05	3916	0.9462365527300982	False
COL5A1	-0.002124573245813302	0.5008475814579274	7.43756756756895e-06	6675	0.9462365527300982	False
HMG20A	-0.0022862273300559306	0.5009120719500268	9.13365156644114e-05	1566	0.9462365527300982	False
ASB2	-0.0026259414236876996	0.5010475978558027	1.77883988104631e-05	4842	0.9462365527300982	False
CCND3	-0.0026655364491463824	0.5010633939302648	8.54176744772558e-05	1651	0.9462365527300982	False
NSD1	-0.00288289320050981	0.5011501063944619	1.80558886900242e-05	4811	0.9462365527300982	False
CACNA1C	-0.0031159084692114728	0.5012430656187654	1.57581013708514e-05	5110	0.9462365527300982	False
ITGA1	-0.0031508968838986394	0.5012570239081847	1.94628928425044e-05	4635	0.9462365527300982	False
CCDC71	-0.0031589282055410816	0.5012602279260098	4.81826192801026e-06	7380	0.9462365527300982	False
CTTN	-0.003345565122636121	0.501334684889444	0.0002279588980426	684	0.9462365527300982	False
UVRAG	-0.003513808721561295	0.5014018039796292	6.78465588010786e-05	1977	0.9462365527300982	False
GNMT	-0.005712043387019657	0.5022787632228612	2.60970752502143e-06	8153	0.9462365527300982	False
NCOR1	-0.005920608793409064	0.5023619673741527	0.0002826367413577	539	0.9462365527300982	False
PRR14	-0.005984814654379092	0.502387581352922	2.85547391892027e-05	3720	0.9462365527300982	False
HSPA5	-0.006612870129819257	0.5026381342619501	0.001000532411907	90	0.9462365527300982	False
MZT2B	-0.007793563319804978	0.5031091504484498	2.89115542004088e-05	3687	0.9462365527300982	False
RBM27	-0.007807103698164415	0.5031145521135348	2.74286240570918e-05	3805	0.9462365527300982	False
DPP8	-0.008961712934831388	0.5035751583395965	4.88259265470164e-06	7358	0.9462365527300982	False
STEAP2	-0.00954744811682918	0.5038088228588966	1.25569510788262e-06	8773	0.9462365527300982	False
SLC9A6	-0.010296613755499904	0.5041076819889885	4.36631074635477e-05	2766	0.9462365527300982	False
SLC9A7	-0.01029661375550386	0.50410768198899	1.62835242966336e-06	8567	0.9462365527300982	False
BCAP29	-0.010596776996482512	0.5042274232623222	6.4891113023008e-06	6910	0.9462365527300982	False
ALDH4A1	-0.010834740103782502	0.5043223513564424	5.93383393132843e-06	7065	0.9462365527300982	False
RNF166	-0.011027034306652791	0.5043990610611859	4.22608937410682e-05	2837	0.9462365527300982	False
MED17	-0.011032620742696519	0.5044012895911582	0.0001176395825436	1263	0.9462365527300982	False
DYNC2I1	-0.012097544096268138	0.5048261041115512	1.90996029959779e-05	4681	0.9462365527300982	False
HLA-DQB2	-0.012130267240591238	0.5048391577995407	3.08887063535331e-06	7964	0.9462365527300982	False
RMC1	-0.012213748167628886	0.5048724594038964	1.25967114426798e-06	8771	0.9462365527300982	False
NEFL	-0.012213748167650026	0.5048724594039048	4.45468608067264e-05	2716	0.9462365527300982	False
GML	-0.013262385024798932	0.5052907710251925	2.30008847400055e-05	4219	0.9462365527300982	False
FBXL4	-0.014959775715466512	0.5059678644411315	4.53104499253302e-05	2678	0.9462365527300982	False
TTLL1	-0.01501027050088872	0.5059880066843675	1.36713739537937e-05	5436	0.9462365527300982	False
PAK4	-0.015779414731453032	0.5062948144710469	7.03386108394625e-05	1927	0.9462365527300982	False
DTX4	-0.016075659146381812	0.5064129839031212	7.54004499286897e-06	6647	0.9462365527300982	False
TRAPPC2	-0.017006113627029983	0.506784130745522	3.3790267411086e-05	3334	0.9462365527300982	False
COX6C	-0.017849535254821774	0.5071205561881108	2.18205217520395e-05	4368	0.9462365527300982	False
PMFBP1	-0.018045341572398094	0.5071986590269499	3.563519649976e-06	7799	0.9462365527300982	False
POP4	-0.018103577368982167	0.5072218879538434	3.71975648701165e-05	3121	0.9462365527300982	False
PRL	-0.018255696556166705	0.5072825647015763	3.01337332453175e-06	8001	0.9462365527300982	False
KRT40	-0.018423770434128944	0.5073496052023033	4.11373228666469e-05	2876	0.9462365527300982	False
STAM2	-0.01842622509465448	0.5073505843039638	6.08020666929142e-05	2162	0.9462365527300982	False
DPYSL5	-0.019521778990512478	0.5077875683846294	1.88722268510047e-05	4713	0.9462365527300982	False
KLK4	-0.019711627660467308	0.5078632924745522	5.50754273275257e-07	9307	0.9462365527300982	False
TFPI	-0.019711627660467308	0.5078632924745522	5.50754273275257e-07	9308	0.9462365527300982	False
KCNIP4	-0.019711627660485936	0.5078632924745596	5.50754274461807e-06	7189	0.9462365527300982	False
IL27RA	-0.020170450747726214	0.5080463000120415	2.30892028091848e-05	4212	0.9462365527300982	False
MNS1	-0.0203425756944288	0.5081149538440259	6.44077426352708e-06	6921	0.9462365527300982	False
ABAT	-0.020799723123237364	0.5082972906961429	9.22515665255191e-06	6263	0.9462365527300982	False
LRRC29	-0.02095270058737579	0.5083583065771727	8.94879548778472e-07	8996	0.9462365527300982	False
HOOK1	-0.020952700587395418	0.5083583065771806	4.10685790478577e-05	2880	0.9462365527300982	False
MPP2	-0.020999274470985672	0.508376882781365	1.40875838011284e-05	5363	0.9462365527300982	False
PHKG2	-0.021003688803161964	0.5083786434567832	2.71477358599458e-05	3825	0.9462365527300982	False
GBP3	-0.02104146284574069	0.5083937097898277	4.91381888292162e-06	7345	0.9462365527300982	False
CAMKK2	-0.02181964840578321	0.5087040896218394	2.79211132522174e-05	3773	0.9462365527300982	False
RNF5	-0.022114450539016377	0.5088216702839419	7.5716229199652e-05	1821	0.9462365527300982	False
IRF5	-0.022441987749139886	0.508952306302286	6.0908473024963e-05	2159	0.9462365527300982	False
PSMD3	-0.02295111061899068	0.5091553646310022	0.0002405264022417	648	0.9462365527300982	False
ARHGDIA	-0.023517108286056923	0.5093811040899966	5.18207266456905e-05	2428	0.9462365527300982	False
TRIM7	-0.023722219041908566	0.5094629086204407	3.48905515272617e-05	3266	0.9462365527300982	False
APLP2	-0.02379816330573679	0.5094931974472934	1.87865500652105e-05	4720	0.9462365527300982	False
TLCD4	-0.023964191468921436	0.5095594142164929	1.04948049020987e-05	5990	0.9462365527300982	False
EPHA3	-0.024343701588788902	0.5097107726895392	2.4136709460178e-05	4121	0.9462365527300982	False
TRIB1	-0.025899170266713383	0.5103311190714717	1.04288264163603e-05	6003	0.9462365527300982	False
ITGB4	-0.02600248579644018	0.5103723221281413	1.62470858528058e-05	5042	0.9462365527300982	False
CCDC40	-0.026003094345801652	0.5103725648221493	2.36240115723004e-06	8255	0.9462365527300982	False
SDR9C7	-0.02603770654712626	0.5103863684189435	1.02758081272418e-05	6041	0.9462365527300982	False
PANX1	-0.026217380168077578	0.5104580233611727	1.77502473410926e-05	4849	0.9462365527300982	False
TSHZ3	-0.02635093922987479	0.5105112873157475	1.48814575361749e-05	5241	0.9462365527300982	False
SLC2A8	-0.027322545365873585	0.5108987625110353	9.42976080284496e-06	6219	0.9462365527300982	False
SH3GLB1	-0.027527963702945423	0.5109806817573664	1.63695648421733e-05	5026	0.9462365527300982	False
HRG	-0.02771947314766028	0.5110570538276724	3.63415585453892e-06	7760	0.9462365527300982	False
RUVBL2	-0.027886636878480562	0.5111237167370454	0.0005440787349211	214	0.9462365527300982	False
TRIM28	-0.02814441108814388	0.5112265134188816	0.0010006195788848	89	0.9462365527300982	False
ZNF587	-0.028176728082390273	0.5112394009232387	3.7585697616433e-06	7720	0.9462365527300982	False
SCAF8	-0.02847419936656843	0.5113580271968973	5.79790812526378e-06	7109	0.9462365527300982	False
HNRNPAB	-0.029144353757618962	0.5116252691878629	0.0001506124269514	996	0.9462365527300982	False
LPCAT3	-0.029164423478913147	0.5116332724462218	1.16167537521767e-05	5772	0.9462365527300982	False
SNX8	-0.02934179414291021	0.5117040028332596	9.58282844079522e-06	6184	0.9462365527300982	False
GDF2	-0.029467314064129838	0.5117540563933061	7.20669000244066e-06	6729	0.9462365527300982	False
MIDEAS	-0.02959464581510728	0.5118048322672655	1.37328387499695e-05	5425	0.9462365527300982	False
HSPA7	-0.029869375566925722	0.5119143851479426	2.73053451079631e-06	8107	0.9462365527300982	False
PLS3	-0.030335890431570724	0.5121004133446546	3.61873847399558e-05	3189	0.9462365527300982	False
C3ORF20	-0.030729207280939815	0.5122572509425416	9.83109707619934e-07	8936	0.9462365527300982	False
BIRC6	-0.03072920728095348	0.512257250942547	8.44772123759292e-05	1675	0.9462365527300982	False
HNF1A	-0.030850792029166924	0.5123057332525852	3.58886263037589e-05	3208	0.9462365527300982	False
SPC25	-0.03089557793348588	0.5123235917304184	2.62038403606387e-05	3908	0.9462365527300982	False
RASSF1	-0.03169354996513456	0.512641780656709	0.0001164031171049	1276	0.9462365527300982	False
PRDX5	-0.032603829017112895	0.513004741829384	3.19783644592318e-05	3462	0.9462365527300982	False
TSSK1B	-0.032852070150912356	0.5131037226888159	8.6194235039492e-06	6390	0.9462365527300982	False
HIGD2A	-0.032900004486635305	0.5131228353903983	4.89640287646838e-06	7353	0.9462365527300982	False
RELT	-0.03293339369552308	0.5131361485431172	1.03912145703738e-05	6008	0.9462365527300982	False
TREML2	-0.03314335886695929	0.5132198668241027	3.64714785562332e-06	7755	0.9462365527300982	False
HOMER3	-0.03334957092228602	0.5133020880782927	3.14387856292761e-05	3502	0.9462365527300982	False
THBS1	-0.034133721346027227	0.5136147408004893	2.92194263827634e-05	3662	0.9462365527300982	False
NOTCH3	-0.03444877836726146	0.5137403564896572	2.4290372706738e-05	4104	0.9462365527300982	False
GDF5	-0.035173073164206516	0.5140291332783711	1.78104020963738e-05	4836	0.9462365527300982	False
GGA2	-0.03517410973331096	0.5140295465538859	4.36184962261046e-05	2770	0.9462365527300982	False
LIN37	-0.03582204778309014	0.5142878736204982	3.73672799862542e-05	3107	0.9462365527300982	False
ATG4A	-0.03588625277121355	0.5143134712464489	5.20690225168176e-06	7268	0.9462365527300982	False
ALDH3A1	-0.03611447806333297	0.5144044609830802	1.0557912235884e-05	5981	0.9462365527300982	False
SMAP1	-0.03623564825412083	0.5144527692759707	8.12799862426559e-06	6501	0.9462365527300982	False
GALNT12	-0.0362408224345141	0.5144548321203777	1.05588614202889e-05	5980	0.9462365527300982	False
TOM1L2	-0.03655592007982853	0.5145804546504952	1.23135443483064e-05	5646	0.9462365527300982	False
FBXW2	-0.03673800064151773	0.5146530455237617	3.88909247454391e-05	3019	0.9462365527300982	False
AMDHD2	-0.03694537614702671	0.5147357202540184	1.48598698051487e-06	8651	0.9462365527300982	False
ZSWIM2	-0.03726170932795208	0.5148618320967976	8.59580053086749e-06	6396	0.9462365527300982	False
MGAT4C	-0.037320600393207434	0.5148853099025127	3.10012718519164e-05	3534	0.9462365527300982	False
METRN	-0.0373206003932214	0.5148853099025182	8.68035612029518e-07	9029	0.9462365527300982	False
MRPL38	-0.037453632505470534	0.5149383449576441	9.25107915407902e-05	1546	0.9462365527300982	False
LDLR	-0.037467065739290074	0.5149437002837537	2.86898101966203e-05	3707	0.9462365527300982	False
PCM1	-0.03758201689744458	0.5149895268855197	0.0004548321055317	277	0.9462365527300982	False
NCF2	-0.03785121250143627	0.5150968440345428	2.30733286367543e-05	4215	0.9462365527300982	False
MYBL1	-0.03786217317522079	0.5151012135785545	1.47854445147465e-05	5256	0.9462365527300982	False
HDAC3	-0.03797481681537575	0.5151461195943897	0.0003333341177948	428	0.9462365527300982	False
CREG1	-0.03821135589719375	0.515240416593652	5.78009893379394e-06	7115	0.9462365527300982	False
CDH8	-0.038363811502181044	0.5153011930167105	1.43180399620072e-05	5315	0.9462365527300982	False
CAPNS1	-0.03856290686932589	0.5153805618443336	2.48136807931337e-05	4053	0.9462365527300982	False
CIPC	-0.03864093815064657	0.5154116686367558	5.24780534577266e-06	7261	0.9462365527300982	False
EP300	-0.03895892035298979	0.5155384297299705	0.0015330210579376	45	0.9462365527300982	False
ETHE1	-0.03896488484031365	0.5155408074107647	9.82927275828506e-06	6139	0.9462365527300982	False
C16ORF87	-0.03916307690512979	0.5156198142998841	2.68545385988323e-05	3845	0.9462365527300982	False
AVL9	-0.039267603612854966	0.5156614823712128	8.30804611011702e-07	9056	0.9462365527300982	False
TM7SF3	-0.039267603612854966	0.5156614823712128	8.30804611011702e-07	9057	0.9462365527300982	False
TAFA4	-0.039267603612856604	0.5156614823712135	3.32321843320262e-05	3373	0.9462365527300982	False
HMCES	-0.039295448964309775	0.5156725824919601	7.73501031470419e-06	6597	0.9462365527300982	False
NDUFS3	-0.03943695041006464	0.515728989677383	0.0001477563378094	1010	0.9462365527300982	False
SOD2	-0.039711138695768644	0.5158382893560938	1.76824601912384e-05	4860	0.9462365527300982	False
EML6	-0.04034830887415751	0.5160922798997009	2.54117495674074e-06	8177	0.9462365527300982	False
TFDP2	-0.04060006082926714	0.5161926321683129	3.26644429535926e-05	3413	0.9462365527300982	False
MGAT5	-0.04067068258662701	0.5162207829219044	7.02012771317573e-06	6771	0.9462365527300982	False
TPRKB	-0.040721411387656496	0.5162410040337504	6.73400049109109e-06	6852	0.9462365527300982	False
ULBP2	-0.041153415367526265	0.5164132043320002	3.16971547105356e-06	7936	0.9462365527300982	False
NAXD	-0.0412170845437469	0.5164385831251493	1.34867062771408e-06	8727	0.9462365527300982	False
BCL6	-0.04121708454375383	0.5164385831251521	0.0001287354238444	1145	0.9462365527300982	False
PHEX	-0.04121708454376998	0.5164385831251586	4.72034731331198e-07	9371	0.9462365527300982	False
TUBA1C	-0.04139661040373795	0.5165101425056817	0.0001181646071666	1256	0.9462365527300982	False
ANXA6	-0.04177653423558376	0.5166615791774472	1.66862077495137e-05	4981	0.9462365527300982	False
CCDC8	-0.04190973799809521	0.5167146732899701	0.0001058782958581	1375	0.9462365527300982	False
GLO1	-0.04351629450903873	0.5173550121550661	5.33562333819186e-06	7233	0.9462365527300982	False
PDYN	-0.043520062553242034	0.5173565139644525	3.05824823554677e-06	7974	0.9462365527300982	False
PRKAB1	-0.0438233560297606	0.5174773952266912	4.13534752582771e-05	2869	0.9462365527300982	False
PSMA7	-0.04454491392744801	0.5177649743251643	0.0001774499344705	861	0.9462365527300982	False
TRIM56	-0.04511559174388455	0.5179924131688888	8.67836056176857e-06	6375	0.9462365527300982	False
SCRIB	-0.04516254482867251	0.5180111256662016	0.0001524418935122	984	0.9462365527300982	False
WDR81	-0.045166187512020214	0.5180125774052047	6.65954910072131e-06	6870	0.9462365527300982	False
TRIM45	-0.04519487811929069	0.5180240116253118	7.5216032805831e-06	6649	0.9462365527300982	False
RPS26	-0.045689108986841996	0.5182209777426007	0.0002082037016737	740	0.9462365527300982	False
COX4I1	-0.045698196401887214	0.5182245993139503	0.0002677636687627	574	0.9462365527300982	False
NT5E	-0.045821870569166694	0.5182738865379696	4.44305289608201e-05	2721	0.9462365527300982	False
WDR43	-0.04597927858480887	0.5183366171334225	4.63059496270685e-05	2626	0.9462365527300982	False
PPP1R3A	-0.046014732897617205	0.5183507464030936	1.35668031205832e-05	5457	0.9462365527300982	False
ITGAV	-0.04613444383749883	0.518398453493606	3.74961412832274e-05	3101	0.9462365527300982	False
KHDRBS1	-0.04621339515224152	0.5184299169527257	0.0002415183224455	643	0.9462365527300982	False
KCNV2	-0.04638140589911812	0.5184968717475684	2.49551330232533e-06	8198	0.9462365527300982	False
CT55	-0.04662994502772135	0.5185959173492979	7.31537128055891e-06	6711	0.9462365527300982	False
RHOBTB2	-0.04668058275459168	0.5186160969050148	2.46257376786775e-05	4070	0.9462365527300982	False
ZMYND11	-0.04699328549734599	0.5187407104924887	4.56017109504125e-05	2661	0.9462365527300982	False
TRIM22	-0.047072618100493124	0.518772324635945	5.27426602396863e-05	2394	0.9462365527300982	False
ABRAXAS1	-0.047260548372230385	0.5188472146172821	1.03700162099622e-05	6011	0.9462365527300982	False
ARSK	-0.04735063756005473	0.5188831148117481	1.337762042831e-05	5488	0.9462365527300982	False
EBI3	-0.04735910593090973	0.5188864894170572	1.04445134472114e-06	8896	0.9462365527300982	False
IL27	-0.04735910593090973	0.5188864894170572	1.04445134472114e-06	8897	0.9462365527300982	False
CNDP2	-0.04831904806548157	0.5192690129387514	1.9275646372664e-05	4661	0.9462365527300982	False
NXPH4	-0.04836330135957243	0.5192866468327163	1.00531441517465e-06	8919	0.9462365527300982	False
PRKCH	-0.048702867809789024	0.5194219547959203	2.75781856279034e-06	8097	0.9462365527300982	False
RPP25	-0.048772946164663857	0.5194498788297667	2.11228990139326e-05	4438	0.9462365527300982	False
HECW2	-0.049212024149718474	0.5196248355038794	4.16600728002095e-05	2861	0.9462365527300982	False
COL4A1	-0.04935885894297704	0.5196833430089562	9.98170583034137e-06	6101	0.9462365527300982	False
ARFIP2	-0.049379700348787345	0.519691647400494	2.25846282291858e-05	4260	0.9462365527300982	False
SLC30A1	-0.049817550275091715	0.5198661095246727	3.4949806179275e-05	3261	0.9462365527300982	False
FN1	-0.04985631687633937	0.519881555966743	0.0001063976657398	1372	0.9462365527300982	False
ITGB2	-0.05004542261911485	0.5199569041839629	2.99006224323351e-05	3610	0.9462365527300982	False
TGIF1	-0.05013392932075959	0.519992168982316	2.86051212212812e-05	3712	0.9462365527300982	False
CCDC51	-0.05020989654324284	0.5200224373991529	2.35028251091695e-05	4178	0.9462365527300982	False
DCN	-0.050826824192652574	0.5202682420587321	1.13721584093463e-05	5815	0.9462365527300982	False
HELB	-0.050986659502618194	0.5203319245517528	1.15778942519138e-05	5781	0.9462365527300982	False
SYT17	-0.051036724157875274	0.5203518714897073	5.24081519653892e-06	7262	0.9462365527300982	False
NHLH1	-0.052019119883896195	0.5207432707128529	8.96479669500026e-06	6322	0.9462365527300982	False
DYSF	-0.0520209063898073	0.5207439824619176	4.32175670505785e-05	2798	0.9462365527300982	False
PLXDC2	-0.05208739029661978	0.5207704697934945	1.48217334546417e-05	5251	0.9462365527300982	False
SLC35F1	-0.052317603641410464	0.5208621865761313	4.51816780163998e-06	7477	0.9462365527300982	False
ZMYM2	-0.05243458316398549	0.5209087906862586	0.0001330135833912	1110	0.9462365527300982	False
PMAIP1	-0.05321326489719566	0.5212190066345573	2.09784338858389e-05	4453	0.9462365527300982	False
CYORF15B	-0.053459638550548104	0.5213171557958322	2.47827792338015e-06	8204	0.9462365527300982	False
CX3CL1	-0.05431003651035906	0.5216559233112285	2.74316920553139e-06	8103	0.9462365527300982	False
CX3CR1	-0.054310036510360656	0.521655923311229	5.154948922568e-07	9339	0.9462365527300982	False
TCP11L1	-0.05432110431035105	0.5216603322162628	9.26679090962282e-06	6253	0.9462365527300982	False
AQP2	-0.05452610793168975	0.5217419957978474	4.09415622923435e-06	7600	0.9462365527300982	False
G3BP2	-0.05453604095473529	0.5217459526132683	0.0002112648698072	730	0.9462365527300982	False
MTA1	-0.054669503816380645	0.5217991172782656	0.0002352655593084	663	0.9462365527300982	False
FBXL14	-0.054690479177903595	0.5218074727364839	3.60795662433388e-05	3194	0.9462365527300982	False
MAP2K5	-0.055797227031706934	0.5222483279937176	2.34784512302194e-05	4181	0.9462365527300982	False
MAFF	-0.055840252133848425	0.5222654658068583	3.21624977883591e-05	3449	0.9462365527300982	False
MYLIP	-0.05620547081521527	0.522410938512942	1.79232848262058e-05	4819	0.9462365527300982	False
CTSD	-0.05629802739594941	0.5224478048727874	1.54346267736053e-05	5159	0.9462365527300982	False
PVRIG	-0.05632555261744354	0.522458768450781	8.60399814789537e-06	6393	0.9462365527300982	False
BAG5	-0.056482284579550485	0.5225211960743845	9.26653147152342e-05	1541	0.9462365527300982	False
ASTE1	-0.05659809369033014	0.5225673234363347	2.82081440436002e-06	8073	0.9462365527300982	False
MUC5AC	-0.056866116628714304	0.5226740771847835	4.3468450634703e-06	7527	0.9462365527300982	False
CFAP119	-0.056980230275859745	0.5227195282473439	4.46730050331423e-07	9390	0.9462365527300982	False
SCGB1D2	-0.056980230275862305	0.522719528247345	2.12196786292157e-06	8359	0.9462365527300982	False
TCF12	-0.05701083893053739	0.5227317195161373	3.83435620757617e-05	3058	0.9462365527300982	False
EGLN1	-0.05720433646763297	0.5228087880912313	6.27440846650029e-05	2112	0.9462365527300982	False
SMAD5	-0.05771718881801453	0.5230130490883952	3.4351145580785e-05	3304	0.9462365527300982	False
TMEM51	-0.05783793598996413	0.5230611399039649	2.98894077256234e-05	3612	0.9462365527300982	False
UTP14A	-0.057877705984906706	0.5230769793028273	7.09014842483279e-05	1917	0.9462365527300982	False
FUBP1	-0.0579190817087657	0.5230934581848432	8.46998039905517e-05	1668	0.9462365527300982	False
NUMA1	-0.05808961100849666	0.5231613751828031	0.0002049360729016	755	0.9462365527300982	False
ARFGEF2	-0.05849473178447773	0.5233227206308302	3.5730826680869e-05	3219	0.9462365527300982	False
NFKBIB	-0.05860730544891079	0.5233675541097522	4.62655942865953e-05	2630	0.9462365527300982	False
IL12RB2	-0.05874343544981048	0.5234217687173284	7.13413623485141e-06	6740	0.9462365527300982	False
PTP4A2	-0.058934935344819965	0.5234980339906107	3.18400692000505e-05	3473	0.9462365527300982	False
AKR7A3	-0.05906153784222386	0.5235484532537104	1.8868477978798e-06	8453	0.9462365527300982	False
AKR7A2	-0.05906153784225837	0.5235484532537241	4.89182569743631e-07	9358	0.9462365527300982	False
AKR7L	-0.05906153784225837	0.5235484532537241	3.13076844635924e-07	9429	0.9462365527300982	False
MARCHF5	-0.05940434481225533	0.5236849737433228	4.07498919159184e-06	7609	0.9462365527300982	False
VPS37C	-0.05991050595312367	0.5238865438068497	1.95897159927677e-05	4623	0.9462365527300982	False
CER1	-0.06007356760050816	0.5239514790346427	3.61145394573906e-06	7775	0.9462365527300982	False
CHRM4	-0.06028169319508726	0.5240343589294227	5.63750915595216e-05	2284	0.9462365527300982	False
SIRT2	-0.060406320063834756	0.5240839874157366	3.0487413171556e-05	3573	0.9462365527300982	False
PKMYT1	-0.06056418716184049	0.5241468521762189	4.05081007127443e-05	2920	0.9462365527300982	False
NHLRC1	-0.060934629646913166	0.524294364896684	1.77725932200803e-05	4846	0.9462365527300982	False
MRC2	-0.06170223607769396	0.5246000203839553	1.14738703825713e-05	5799	0.9462365527300982	False
COG1	-0.061825869998501516	0.5246492491936291	1.97507339693752e-05	4605	0.9462365527300982	False
DNAJB1	-0.06199780495524484	0.5247177099837634	0.0001215816793884	1210	0.9462365527300982	False
MAZ	-0.06231218385080491	0.5248428869884613	1.39586354755918e-05	5389	0.9462365527300982	False
AGA	-0.062414990557475146	0.5248838212518794	2.10074914437489e-06	8368	0.9462365527300982	False
MAN2B1	-0.062414990557475146	0.5248838212518794	2.10074914437489e-06	8369	0.9462365527300982	False
FBXO6	-0.06241499055747761	0.5248838212518804	0.0002110952777408	733	0.9462365527300982	False
LHX1	-0.06259839494157678	0.5249568462181369	4.41530566569373e-06	7508	0.9462365527300982	False
HSD3B2	-0.06292059949576191	0.5250851343405336	9.56697199104748e-06	6187	0.9462365527300982	False
HSD3B1	-0.06292059949577684	0.5250851343405395	7.44097821572787e-07	9132	0.9462365527300982	False
FNIP1	-0.06302238843664221	0.5251256618189838	2.97194616724948e-05	3629	0.9462365527300982	False
NUP153	-0.06365606554859685	0.5253779558151264	0.0001550388889547	970	0.9462365527300982	False
CMYA5	-0.06377905629332643	0.5254269225216671	1.77954689244192e-06	8502	0.9462365527300982	False
MYOM1	-0.06377905629332643	0.5254269225216671	1.77954689244192e-06	8503	0.9462365527300982	False
KRAS	-0.06450317327854746	0.5257152097676207	0.0012099699306289	68	0.9462365527300982	False
HMOX1	-0.06491431907541176	0.5258788901662066	1.72086804745508e-05	4924	0.9462365527300982	False
ERCC8	-0.06499926768425561	0.5259127083366729	0.0001019684653387	1422	0.9462365527300982	False
HMGN2	-0.065146681367946	0.5259713935051872	4.04473803083485e-05	2924	0.9462365527300982	False
ARHGEF16	-0.06526808060735448	0.5260197219389579	3.1706507439921e-05	3482	0.9462365527300982	False
EPS8	-0.06536661274664304	0.5260589468123412	4.89891298820089e-05	2525	0.9462365527300982	False
RNF213	-0.06555981931848019	0.5261358601025269	4.25468993049494e-05	2823	0.9462365527300982	False
B9D1	-0.06568976307910895	0.5261875886552335	3.87127483696588e-06	7673	0.9462365527300982	False
SUV39H1	-0.06599481658282069	0.5263090238862509	0.000137430988305	1076	0.9462365527300982	False
STK36	-0.06609412385922613	0.5263485554476541	1.64932936563355e-05	5007	0.9462365527300982	False
RPL12	-0.06655370324834292	0.5265314982826526	0.0002113043616896	728	0.9462365527300982	False
ZNF202	-0.0669353546064092	0.5266834163828782	3.33098879255333e-06	7884	0.9462365527300982	False
FOXF1	-0.06742255924348635	0.5268773448151108	4.56164730034387e-06	7463	0.9462365527300982	False
DCUN1D1	-0.06758843639269688	0.5269433696144433	4.68096348675301e-05	2608	0.9462365527300982	False
PHF1	-0.06767790491430184	0.5269789808499818	7.88573956960619e-05	1766	0.9462365527300982	False
PIP4K2B	-0.06809656582928202	0.5271456179578649	3.59290983107607e-05	3204	0.9462365527300982	False
NECTIN3	-0.06923600444890107	0.5275991177742931	1.73462419664282e-06	8521	0.9462365527300982	False
CKS2	-0.0695339984835383	0.5277177143711914	4.20349578592912e-05	2845	0.9462365527300982	False
EIF2AK2	-0.06966426811076204	0.5277695587131033	0.0002028164368183	765	0.9462365527300982	False
C2ORF68	-0.06991367439475132	0.5278688154150619	6.39524744319425e-06	6935	0.9462365527300982	False
IRAK3	-0.07031506715094778	0.528028554831051	1.1207937430044e-05	5849	0.9462365527300982	False
RAP2A	-0.07117086510833218	0.5283691155627356	1.82752952852894e-05	4780	0.9462365527300982	False
RPS27A	-0.07162609698126071	0.5285502644883909	0.0001814338573193	847	0.9462365527300982	False
HIVEP2	-0.07176585344123042	0.528605876134722	1.51557561667328e-05	5205	0.9462365527300982	False
EID2B	-0.07213621671482087	0.5287532477408636	1.83542400077966e-06	8480	0.9462365527300982	False
MAGEE1	-0.07213621671483461	0.5287532477408691	1.04881370574917e-05	5993	0.9462365527300982	False
GNAZ	-0.07229192443591752	0.5288152043753765	2.15113276470083e-05	4389	0.9462365527300982	False
NAA40	-0.07244594613389359	0.5288764894494125	4.1089427535839e-05	2879	0.9462365527300982	False
HSF2BP	-0.07258825372971184	0.5289331128865749	1.4095311626628e-05	5360	0.9462365527300982	False
NRBP1	-0.07258916848010635	0.5289334768590116	2.12596089976876e-05	4422	0.9462365527300982	False
ARFGAP1	-0.0727766344972876	0.529008067694467	2.12015950714046e-05	4429	0.9462365527300982	False
SH3BGRL3	-0.07280775834149499	0.5290204514593982	3.65524409040872e-06	7753	0.9462365527300982	False
CMTR1	-0.07322283345948666	0.529185601657935	3.78015645642612e-05	3082	0.9462365527300982	False
B4GALNT1	-0.07382579968855615	0.5294255010724882	6.35803426442999e-06	6944	0.9462365527300982	False
SENP5	-0.07392586496326403	0.5294653125546496	1.17231920093904e-05	5752	0.9462365527300982	False
KRT31	-0.07396363758364226	0.5294803405086257	5.70839143674388e-05	2262	0.9462365527300982	False
LIN7A	-0.07430149584744529	0.5296147565952427	2.26912300150838e-05	4251	0.9462365527300982	False
HERC6	-0.07452561820672003	0.5297039212688596	5.39907779019046e-06	7214	0.9462365527300982	False
PPP2CA	-0.07582484119883046	0.5302207737025287	0.0003100851153317	482	0.9462365527300982	False
ZNF264	-0.07598463400831622	0.5302843384312402	1.17014021498114e-05	5757	0.9462365527300982	False
TMEM33	-0.07658895087474878	0.5305247254705024	3.02709481106477e-05	3587	0.9462365527300982	False
AANAT	-0.07666895686868594	0.5305565496710648	6.08691050798984e-06	7023	0.9462365527300982	False
FABP5	-0.07683932047282406	0.5306243150119281	1.18422366413758e-05	5732	0.9462365527300982	False
LRCH2	-0.07715084003721788	0.5307482255062375	2.708031890474e-05	3832	0.9462365527300982	False
ATE1	-0.07721236983709853	0.5307726993409251	3.5829064170452e-05	3213	0.9462365527300982	False
SYT-SSX2	-0.07724159119138951	0.5307843222633205	8.2144102392418e-06	6475	0.9462365527300982	False
ARL2BP	-0.07724237763774744	0.5307846350754614	5.29475847959207e-06	7243	0.9462365527300982	False
GLI1	-0.0776538905410014	0.530948313344898	7.13664729952605e-05	1908	0.9462365527300982	False
GRID1	-0.0778103549905161	0.5310105453331951	1.95817683567296e-06	8424	0.9462365527300982	False
GPHA2	-0.07808807481762932	0.5311210034276042	9.82531999178029e-06	6140	0.9462365527300982	False
RPL38	-0.07830945033264869	0.5312090498642177	0.0001643094779107	920	0.9462365527300982	False
SH3BP5	-0.0784349559951285	0.531258965846712	1.3975901719374e-05	5384	0.9462365527300982	False
ZBTB7B	-0.07853192453737091	0.5312975317387673	1.51893731816863e-05	5198	0.9462365527300982	False
MYBL2	-0.07860194216356281	0.5313253786512592	5.76206847406795e-05	2247	0.9462365527300982	False
ASCC2	-0.07878566053346978	0.5313984450861969	1.35661649767066e-05	5458	0.9462365527300982	False
NICN1	-0.07925123847325509	0.5315836048453195	6.91081354062966e-06	6805	0.9462365527300982	False
CDK6	-0.07940500400063269	0.5316447557027058	0.0001855437247008	824	0.9462365527300982	False
TAF6	-0.07961745254973557	0.5317292429230499	8.44298329665087e-05	1676	0.9462365527300982	False
CARS2	-0.079682426521077	0.5317550816951641	1.40112466435405e-05	5375	0.9462365527300982	False
SMAD7	-0.07974070046373845	0.5317782558940027	0.0001596989817825	945	0.9462365527300982	False
BBS1	-0.0799052170672794	0.531843679759764	2.24172226858453e-05	4283	0.9462365527300982	False
VEGFC	-0.07991190150881458	0.5318463379657262	3.98215139985673e-06	7635	0.9462365527300982	False
ZNF18	-0.08082176175586447	0.5322081493476979	5.61503994120038e-06	7161	0.9462365527300982	False
RPS6KA4	-0.08082973602415353	0.5322113202461142	2.34537696487523e-05	4184	0.9462365527300982	False
CXORF58	-0.08088018661779081	0.5322313814384226	1.01931575717325e-06	8909	0.9462365527300982	False
GDE1	-0.08088018661781785	0.5322313814384334	1.09472431531498e-05	5898	0.9462365527300982	False
AK5	-0.08126176778516733	0.5323831108573247	1.05239511351845e-06	8891	0.9462365527300982	False
PDE1A	-0.08126176778516954	0.5323831108573256	1.05239511351845e-06	8892	0.9462365527300982	False
MEOX1	-0.08184387195840663	0.5326145658515171	3.62928103654172e-06	7764	0.9462365527300982	False
SANBR	-0.08185329427339036	0.5326183122414132	1.62126027752313e-06	8574	0.9462365527300982	False
TBC1D19	-0.08185329427339036	0.5326183122414132	1.62126027752313e-06	8575	0.9462365527300982	False
TPGS2	-0.08185329427339036	0.5326183122414132	1.62126027752313e-06	8576	0.9462365527300982	False
DMWD	-0.0819976158197813	0.5326756953134232	2.14925417490087e-05	4394	0.9462365527300982	False
RIN1	-0.08213385113296813	0.5327298626298353	5.20144683249956e-05	2417	0.9462365527300982	False
MB21D2	-0.08219187452004338	0.5327529326109448	1.23162320020897e-05	5645	0.9462365527300982	False
ARHGEF6	-0.08258302583025573	0.5329084507045216	4.18054201247009e-05	2855	0.9462365527300982	False
UBE2D4	-0.08277199555609611	0.532983581497526	9.94591681614854e-05	1442	0.9462365527300982	False
IL4R	-0.0830344000835402	0.533087906630881	3.90645200981975e-05	3012	0.9462365527300982	False
HOMEZ	-0.0830438641165189	0.5330916692388636	9.02869055670411e-06	6303	0.9462365527300982	False
HOXB5	-0.0830986108762222	0.533113434806064	1.14760012730167e-05	5798	0.9462365527300982	False
AMZ1	-0.08385310536553117	0.5334133876598358	6.73633715576522e-06	6851	0.9462365527300982	False
GTF2A1	-0.08444659133944933	0.5336493174908677	2.03863718765688e-05	4519	0.9462365527300982	False
SIPA1L2	-0.08452442344550572	0.5336802573900414	4.32780533555827e-05	2796	0.9462365527300982	False
DSCC1	-0.08466847367787354	0.533737519850061	2.34710172352588e-05	4182	0.9462365527300982	False
MVB12A	-0.08592992900697784	0.5342389402047539	2.41389340318245e-05	4120	0.9462365527300982	False
BCL11A	-0.0863554486394547	0.5344080692939291	7.25432629991374e-05	1888	0.9462365527300982	False
CEP68	-0.08685150052654517	0.5346052246264581	1.27264633719747e-05	5584	0.9462365527300982	False
FOXP3	-0.08706466203415798	0.534689942850725	3.49125592057149e-05	3264	0.9462365527300982	False
FHOD3	-0.08759226196259519	0.5348996237002113	5.54478063463353e-06	7178	0.9462365527300982	False
AURKC	-0.08803428354943414	0.5350752862094759	1.65215243160748e-05	4998	0.9462365527300982	False
GINS3	-0.08806664259402815	0.5350881456548796	2.01222050586436e-05	4556	0.9462365527300982	False
RIMOC1	-0.08819448437259204	0.5351389494654171	1.16041097740578e-06	8812	0.9462365527300982	False
LRFN4	-0.08819448437260895	0.5351389494654238	3.42806045061292e-05	3308	0.9462365527300982	False
TAB2	-0.08876076124604144	0.5353639787264921	0.0001630735365833	931	0.9462365527300982	False
AHDC1	-0.0888670599282054	0.5354062188430542	1.35204712448974e-05	5467	0.9462365527300982	False
LMTK2	-0.0894276051676986	0.5356289571970989	1.41950231786971e-05	5343	0.9462365527300982	False
FAM117B	-0.08948291108423764	0.5356509329617138	6.1165010589506e-05	2155	0.9462365527300982	False
SLC5A8	-0.08969888347105716	0.535736748386049	1.29159974028191e-05	5552	0.9462365527300982	False
IQUB	-0.08986421750276047	0.5358024418189284	4.70473985383731e-06	7413	0.9462365527300982	False
ISYNA1	-0.090107598812885	0.535899144596288	1.33049581054318e-05	5495	0.9462365527300982	False
ROCK1	-0.09040855996462634	0.5360187226581019	4.29910951791599e-05	2803	0.9462365527300982	False
RFX3	-0.0905846410770897	0.5360886818013176	1.3233732804007e-05	5502	0.9462365527300982	False
ZNF354C	-0.09093650001792093	0.5362284762444205	1.51569099614597e-05	5204	0.9462365527300982	False
ZNF888	-0.09093650001794744	0.536228476244431	9.74560415824226e-07	8942	0.9462365527300982	False
CNNM2	-0.0914344652934747	0.5364263114535855	3.36736728594228e-06	7871	0.9462365527300982	False
CNNM1	-0.09143446529347626	0.5364263114535862	3.36736728594228e-06	7870	0.9462365527300982	False
MYLK3	-0.09160267036777965	0.5364931351368011	2.15406661972777e-06	8347	0.9462365527300982	False
RAP1A	-0.09193984751327049	0.5366270841094948	3.38087397867556e-05	3332	0.9462365527300982	False
NACA	-0.09195154428416923	0.5366317307629499	5.65633136158154e-05	2278	0.9462365527300982	False
PPP2R5B	-0.09239856296756178	0.5368093094342514	8.68778428967977e-06	6373	0.9462365527300982	False
PKP3	-0.09301282931988156	0.5370533154575919	2.16275881522862e-05	4381	0.9462365527300982	False
ANKS6	-0.0931566782102297	0.5371104547753137	9.98944556946914e-06	6098	0.9462365527300982	False
RMDN2	-0.09319293296534827	0.5371248556830657	1.00305205789454e-05	6088	0.9462365527300982	False
TXLNA	-0.0932956734222124	0.5371656653989773	7.60540889337504e-05	1812	0.9462365527300982	False
COMMD2	-0.09408442280684355	0.5374789528560303	3.37647811424743e-05	3336	0.9462365527300982	False
NPY	-0.09449132844789457	0.5376405647389991	3.22464455349824e-06	7920	0.9462365527300982	False
POTEE	-0.0948821306012024	0.5377957749040814	2.03055500140053e-05	4539	0.9462365527300982	False
CCR2	-0.09488213060120244	0.5377957749040814	9.37004713222886e-07	8965	0.9462365527300982	False
HAUS3	-0.09552642217222766	0.5380516478192808	1.92208778248609e-05	4663	0.9462365527300982	False
GLRX5	-0.09561511361814248	0.5380868693663124	6.59840192762146e-06	6883	0.9462365527300982	False
RBBP4	-0.09581527460109256	0.5381663571005532	0.0004097025671155	325	0.9462365527300982	False
EIF3I	-0.09585956004863246	0.5381839434884271	8.08219567334659e-05	1738	0.9462365527300982	False
SAP30L	-0.09641215913822068	0.5384033822421853	2.29131649539787e-05	4231	0.9462365527300982	False
ALPI	-0.09646249047529672	0.5384233683870056	9.48613861977787e-06	6206	0.9462365527300982	False
SOX10	-0.09671304145887702	0.5385228586015479	2.03603895923898e-05	4527	0.9462365527300982	False
MAPK6	-0.09681545172249201	0.5385635235597944	8.38832727311186e-05	1689	0.9462365527300982	False
CCDC28B	-0.09728500310162792	0.5387499673518847	3.58667086506702e-06	7787	0.9462365527300982	False
SPINK4	-0.09730888365696751	0.5387594493272161	5.58360042980963e-06	7170	0.9462365527300982	False
DAB2	-0.09779466843046189	0.5389523294663982	6.72204386448204e-05	1993	0.9462365527300982	False
ATN1	-0.09784826550423366	0.5389736095463106	5.17085931035375e-05	2436	0.9462365527300982	False
RHOC	-0.09805430811448344	0.5390554152714814	6.70157292173887e-05	1998	0.9462365527300982	False
IFRD1	-0.0984199357696689	0.5392005774623798	4.33794222260572e-06	7532	0.9462365527300982	False
SKP1	-0.09841994511075738	0.53920058117093	0.0004405914345899	292	0.9462365527300982	False
TRAF5	-0.09852189441065294	0.5392410563464156	5.54515183255195e-05	2305	0.9462365527300982	False
LOXL2	-0.09855519719871916	0.5392542778909853	3.76721669863048e-05	3091	0.9462365527300982	False
FGD4	-0.09864737786958766	0.5392908743257393	1.30439867225909e-06	8750	0.9462365527300982	False
PRKCA	-0.09864737786959979	0.5392908743257442	0.0001128955288281	1306	0.9462365527300982	False
ENC1	-0.09874445195829974	0.5393294131252263	1.75565545684412e-05	4871	0.9462365527300982	False
SENP6	-0.09908165764031343	0.5394632822500756	2.22125269937457e-05	4313	0.9462365527300982	False
PHKG1	-0.09996580540687966	0.5398142636229754	1.00316833208758e-06	8920	0.9462365527300982	False
COG2	-0.10001518622534221	0.5398338654832876	3.0968005753587e-05	3536	0.9462365527300982	False
DSG3	-0.10009618810222415	0.5398660192055523	2.17226283588478e-06	8338	0.9462365527300982	False
PLXNA1	-0.10027544400924306	0.539937173970989	2.53380387051859e-05	4002	0.9462365527300982	False
SLC25A16	-0.10071520090264864	0.5401117279210272	8.62385540429269e-06	6388	0.9462365527300982	False
S1PR1	-0.10094310542460422	0.5402021876694978	1.25820400224671e-05	5609	0.9462365527300982	False
NUCB2	-0.1010319629520452	0.5402374563910886	1.86225844668773e-05	4740	0.9462365527300982	False
MIR210	-0.10149428779382798	0.5404209540872524	3.8557909056373e-06	7680	0.9462365527300982	False
MIR4269	-0.10149428779382799	0.5404209540872524	3.8557909056373e-06	7682	0.9462365527300982	False
MIR425	-0.10149428779382799	0.5404209540872524	3.8557909056373e-06	7681	0.9462365527300982	False
MIR4667	-0.10149428779382799	0.5404209540872524	3.8557909056373e-06	7683	0.9462365527300982	False
MIR147B	-0.10149428779382799	0.5404209540872524	3.8557909056373e-06	7679	0.9462365527300982	False
MIR1253	-0.10149428779382799	0.5404209540872524	3.8557909056373e-06	7678	0.9462365527300982	False
HLA-DPB1	-0.10181034741647971	0.5405463938594917	8.04062460771174e-06	6521	0.9462365527300982	False
KERA	-0.10219622203876395	0.5406995367835579	8.37522543599678e-06	6439	0.9462365527300982	False
LIMA1	-0.1024807270467314	0.5408124450556742	0.0001179352761513	1259	0.9462365527300982	False
H4C16	-0.10306292389151579	0.5410434846363111	3.99561871382873e-05	2959	0.9462365527300982	False
THOC2	-0.10313994192099547	0.5410740475119301	8.13632144543272e-05	1728	0.9462365527300982	False
ZNF8	-0.10334324174373699	0.541154721314943	7.58239699070255e-06	6634	0.9462365527300982	False
SLC39A9	-0.10343872053322445	0.54119260879599	5.88118883738797e-05	2215	0.9462365527300982	False
LIN52	-0.10453875631709786	0.5416290931703697	1.94524928829897e-05	4637	0.9462365527300982	False
HSFY1	-0.10487474493737928	0.5417624004719871	1.22151392816212e-05	5663	0.9462365527300982	False
GASK1A	-0.10514084512568844	0.54186797541183	5.64976456023807e-07	9292	0.9462365527300982	False
IFNE	-0.10514084512570036	0.5418679754118347	2.42132767740366e-06	8230	0.9462365527300982	False
RANBP17	-0.10531329910589039	0.5419363947506981	3.80018050876811e-06	7704	0.9462365527300982	False
KICS2	-0.10541403446951565	0.5419763598929834	2.45525499048276e-06	8211	0.9462365527300982	False
AREL1	-0.10576272285203174	0.5421146931452449	2.05789712576844e-05	4498	0.9462365527300982	False
CFP	-0.10576404804356786	0.5421152188715808	3.05776353522625e-06	7975	0.9462365527300982	False
INPPL1	-0.10705035684891431	0.5426254848707837	7.06311473785712e-05	1922	0.9462365527300982	False
PCYT2	-0.10705035684892661	0.5426254848707885	1.45083696484869e-06	8682	0.9462365527300982	False
DNTTIP1	-0.10755085942613123	0.5428240103586535	1.48389333226803e-05	5248	0.9462365527300982	False
CCND2	-0.1076891036523866	0.5428788433646721	3.6511684558741e-05	3162	0.9462365527300982	False
BCORL1	-0.10865083174732061	0.5432602792674296	2.62132451614246e-05	3907	0.9462365527300982	False
CYLD	-0.10875295043246333	0.543300778747347	0.0004362854578498	297	0.9462365527300982	False
KRTAP3-2	-0.10895283892063716	0.5433800516719791	1.29078215730604e-06	8758	0.9462365527300982	False
GATA1	-0.10895283892066217	0.5433800516719891	5.9665746370838e-05	2192	0.9462365527300982	False
AR	-0.10902268926278905	0.5434077529149368	0.0008900700612734	110	0.9462365527300982	False
SETMAR	-0.10949608944877827	0.5435954883554519	9.22657004201439e-06	6262	0.9462365527300982	False
SFN	-0.10950471980181198	0.5435989107884787	0.0003295501555356	435	0.9462365527300982	False
PHB2	-0.10970215500055405	0.5436772043547001	0.000229707221795	682	0.9462365527300982	False
HTRA4	-0.10999552572659037	0.5437935383315513	1.72541740363641e-05	4916	0.9462365527300982	False
MATN2	-0.1103551854340683	0.5439361535872033	2.02180264827778e-06	8392	0.9462365527300982	False
MEGF8	-0.11035518543407041	0.5439361535872042	3.05563005765582e-06	7976	0.9462365527300982	False
RGL2	-0.1106342341209885	0.5440468003925999	6.75859485746359e-06	6845	0.9462365527300982	False
KRT17	-0.11068557615872189	0.5440671578749017	6.02587637944249e-05	2174	0.9462365527300982	False
CRYAA	-0.11069464132770948	0.5440707522667199	1.62478511619143e-05	5041	0.9462365527300982	False
CAV1	-0.11099697765695717	0.5441906282981043	0.0002593887353973	594	0.9462365527300982	False
TRMT10C	-0.11187828746202633	0.5445400436999578	2.25539330326246e-05	4268	0.9462365527300982	False
ACTN3	-0.11196182635874	0.544573162820293	1.37203867397865e-05	5429	0.9462365527300982	False
ZNF281	-0.11198233013187284	0.5445812915244298	3.43379857193838e-05	3305	0.9462365527300982	False
FABP4	-0.11198559417940887	0.5445825855516915	4.27795964658324e-06	7550	0.9462365527300982	False
PBLD	-0.11199143955491798	0.5445849029417792	7.91403838583673e-06	6546	0.9462365527300982	False
UBE2L6	-0.11208602728815142	0.5446224018915078	3.34271433725281e-05	3360	0.9462365527300982	False
VBP1	-0.11243938228094315	0.5447624846249366	8.00354994711836e-05	1749	0.9462365527300982	False
LIMK2	-0.11280927235987148	0.544909116503594	2.39600302666694e-05	4143	0.9462365527300982	False
NSG2	-0.11285794714233684	0.5449284117127932	1.49926875399622e-06	8646	0.9462365527300982	False
TEPP	-0.11285794714233684	0.5449284117127932	1.07090625285445e-06	8870	0.9462365527300982	False
WNT2	-0.11285794714233686	0.5449284117127933	1.49926875399622e-06	8647	0.9462365527300982	False
FBXL16	-0.11358634495874179	0.5452171437837102	1.54929681220612e-05	5153	0.9462365527300982	False
SNX11	-0.11389154410138216	0.5453381156101865	7.24252370454989e-06	6720	0.9462365527300982	False
BACH2	-0.11434849262571758	0.5455192284959748	2.79380169153866e-05	3770	0.9462365527300982	False
S100P	-0.114396205516478	0.5455381390949556	1.75088921597878e-05	4881	0.9462365527300982	False
PTPRJ	-0.11441898548768416	0.5455471677066493	3.39544400298418e-05	3323	0.9462365527300982	False
FLT4	-0.11450004330210016	0.5455792939624846	7.59471169305637e-05	1816	0.9462365527300982	False
ADAMTS1	-0.11475997220253137	0.5456823115347728	7.14085291013039e-06	6739	0.9462365527300982	False
COPZ1	-0.11492508394310229	0.5457477486443862	2.93073066082392e-05	3658	0.9462365527300982	False
GPR52	-0.11523699926242861	0.5458713635802793	6.16392543533072e-06	6996	0.9462365527300982	False
HSP90AB2P	-0.11534550147788529	0.5459143629742477	1.93927636841283e-05	4646	0.9462365527300982	False
NME7	-0.1153459760356248	0.5459145510401494	3.80881958585497e-05	3068	0.9462365527300982	False
VPS37A	-0.11569774978511564	0.5460539551559658	1.51250923292233e-05	5211	0.9462365527300982	False
IPO13	-0.1160115628575159	0.5461783110800931	2.65113203409225e-05	3875	0.9462365527300982	False
INTS11	-0.11690962863936458	0.5465341660350072	1.10830037059017e-06	8853	0.9462365527300982	False
TP53BP2	-0.11723794768127914	0.5466642518243492	0.0001190083187283	1243	0.9462365527300982	False
CHGB	-0.11737798761117584	0.5467197365895312	3.57507434590836e-06	7790	0.9462365527300982	False
B3GALT2	-0.11743645405723371	0.546742901120168	3.55552161945715e-06	7804	0.9462365527300982	False
CELA3A	-0.1174645342277672	0.5467540264870954	8.38144685451307e-06	6438	0.9462365527300982	False
GADD45G	-0.11755889274385792	0.5467914110735803	3.72198014996328e-05	3116	0.9462365527300982	False
IER3	-0.11756162609993237	0.5467924940156164	1.29314125044464e-05	5551	0.9462365527300982	False
RAE1	-0.11760697869380707	0.5468104624361866	0.0001073009082207	1362	0.9462365527300982	False
TSGA13	-0.11765506058841946	0.5468295120843669	1.57884246436061e-06	8613	0.9462365527300982	False
RARB	-0.1178625489000449	0.5469117159974666	2.00339578533659e-05	4568	0.9462365527300982	False
FADS3	-0.11814921552994662	0.5470252859241829	9.79936762582567e-06	6146	0.9462365527300982	False
ALG14	-0.11814921552996356	0.5470252859241895	8.15149188814993e-07	9076	0.9462365527300982	False
ARHGAP35	-0.11841712000941108	0.5471314192937846	2.29171570791171e-05	4229	0.9462365527300982	False
ID1	-0.11845244947261334	0.5471454152064575	3.24882069807869e-05	3426	0.9462365527300982	False
ERO1B	-0.11856977500663793	0.547191893780713	2.31964703166394e-06	8272	0.9462365527300982	False
SEC23IP	-0.11865430429358115	0.547225379703121	4.19739552625962e-05	2848	0.9462365527300982	False
APEX1	-0.11874482450813889	0.5472612385339617	0.0002740560113444	559	0.9462365527300982	False
INTS4	-0.11915978877884659	0.5474256182438672	3.29536699304234e-05	3396	0.9462365527300982	False
TSSK3	-0.11931009220627191	0.5474851559054889	2.13232973747095e-06	8356	0.9462365527300982	False
SERPINF1	-0.11949433818657033	0.5475581373143203	7.32460728653707e-06	6707	0.9462365527300982	False
CAPN5	-0.1196896446730266	0.547635498129853	2.22158923323935e-06	8301	0.9462365527300982	False
UBA2	-0.12020520459747958	0.5478397024997417	4.01569802071576e-05	2945	0.9462365527300982	False
S100A11	-0.12103852795462863	0.5481697406886287	1.69371918211068e-05	4948	0.9462365527300982	False
OTUB1	-0.12138889677493697	0.5483084945319266	0.000163464762887	928	0.9462365527300982	False
LIN7B	-0.12154453900644276	0.5483701304243244	1.40570747693443e-05	5369	0.9462365527300982	False
GORASP2	-0.12157825204912048	0.5483834809754374	0.0001490863934932	1005	0.9462365527300982	False
GADD45B	-0.1216164013201594	0.5483985882314886	1.79614525397209e-05	4818	0.9462365527300982	False
H19	-0.12163180197718827	0.5484046869302368	5.51951913703107e-06	7182	0.9462365527300982	False
VEGFA	-0.12183267933075012	0.5484842338184358	3.48831239423499e-05	3267	0.9462365527300982	False
CDC25C	-0.1219347304677327	0.5485246450468837	0.0001037237004351	1396	0.9462365527300982	False
NDUFB11	-0.12233518792236119	0.5486832173271537	3.76719169446832e-05	3092	0.9462365527300982	False
CA10	-0.12235737490731587	0.5486920026547745	2.4109576073221e-05	4126	0.9462365527300982	False
ARRDC3	-0.12243794669175712	0.5487239062718753	4.3397663510788e-05	2784	0.9462365527300982	False
SETD1B	-0.12299451969357784	0.5489442811658315	2.60533350166186e-05	3921	0.9462365527300982	False
GADD45A	-0.12311379570207502	0.5489915065009674	5.08716410347199e-05	2461	0.9462365527300982	False
TXNDC5	-0.12316715459088964	0.549012632833621	4.02437750201163e-05	2940	0.9462365527300982	False
ECH1	-0.12360429922167422	0.5491857058461812	4.94190075417215e-05	2515	0.9462365527300982	False
CDC42SE1	-0.12371644857412097	0.5492301061809479	6.37316380526102e-06	6942	0.9462365527300982	False
RBM10	-0.12381501717892303	0.5492691293399038	9.88279864412693e-05	1451	0.9462365527300982	False
ZNF101	-0.12383862960799961	0.5492784773935445	3.31882404882995e-06	7890	0.9462365527300982	False
MYD88	-0.1239345890585521	0.5493164670237285	7.64632894275828e-05	1806	0.9462365527300982	False
SLC51A	-0.12434175050204484	0.549477654170342	4.20226105324476e-06	7566	0.9462365527300982	False
SLC6A12	-0.12444187416344131	0.5495172898946616	1.43487416550362e-06	8695	0.9462365527300982	False
CCNDBP1	-0.1248111859004986	0.5496634842121461	4.00893330409517e-05	2951	0.9462365527300982	False
GNG10	-0.12517237763899325	0.549806457660559	1.14341050650694e-05	5806	0.9462365527300982	False
MKNK1	-0.1254211069097192	0.5499049104232192	1.43294642032409e-05	5314	0.9462365527300982	False
NCKIPSD	-0.1265699589362852	0.5503596125147087	5.41269076358409e-05	2351	0.9462365527300982	False
NHSL3	-0.12658486772657385	0.5503655128049152	3.40714239403337e-06	7858	0.9462365527300982	False
HSPH1	-0.12659599900867857	0.5503699181044246	0.0001352988523951	1093	0.9462365527300982	False
KANK1	-0.12678411608741585	0.550444366097958	1.89188666726028e-05	4709	0.9462365527300982	False
TMCO4	-0.1269315859741599	0.550502726581317	3.02781918304916e-06	7990	0.9462365527300982	False
CHRNA9	-0.12706981663928868	0.5505574296962281	2.55531813642074e-05	3979	0.9462365527300982	False
FBP1	-0.12712712485531574	0.5505801084483356	3.86001445538141e-05	3037	0.9462365527300982	False
SLAMF8	-0.1271271248553285	0.5505801084483406	8.6741898301701e-07	9031	0.9462365527300982	False
LRRC8D	-0.12712927812686364	0.5505809605657194	3.84639476561158e-06	7684	0.9462365527300982	False
TBX22	-0.12778528721218005	0.5508405531473112	2.34018176905373e-06	8264	0.9462365527300982	False
NTAQ1	-0.12834680855041902	0.5510627382373071	4.80446667673116e-05	2565	0.9462365527300982	False
ALDH7A1	-0.12857199323580848	0.5511518357524201	8.77069996838866e-06	6354	0.9462365527300982	False
GKAP1	-0.12872602188073207	0.5512127778853456	4.57161803592438e-06	7461	0.9462365527300982	False
ESRRA	-0.12938089904364175	0.5514718695021278	3.68995922634538e-05	3142	0.9462365527300982	False
TSC2	-0.12982792711396055	0.551648716368513	0.0001020386573153	1420	0.9462365527300982	False
ETFRF1	-0.1300817540111888	0.5517491271775882	6.29817959103572e-06	6959	0.9462365527300982	False
BRME1	-0.1302104778773168	0.5518000474945198	2.29280467082539e-06	8284	0.9462365527300982	False
IGHG2	-0.13026236120114854	0.5518205711496417	4.66080245490917e-06	7429	0.9462365527300982	False
SFTPC	-0.1305336701731062	0.5519278914615504	1.73784136234014e-05	4899	0.9462365527300982	False
KBTBD4	-0.13070826720534218	0.5519969539132662	4.63411701048364e-05	2625	0.9462365527300982	False
MAGEC2	-0.13102028159553786	0.5521203683434383	1.7316418139142e-05	4907	0.9462365527300982	False
NOP9	-0.13108828631586944	0.5521472663175877	1.68077938842374e-05	4968	0.9462365527300982	False
RP9	-0.13129080869093643	0.5522273687716454	8.45717861288456e-06	6429	0.9462365527300982	False
LHX8	-0.1314146275761011	0.5522763410598978	4.29485899749751e-06	7540	0.9462365527300982	False
CCT6A	-0.13258251563483703	0.5527382195823871	0.00029839367351	497	0.9462365527300982	False
ZNF224	-0.13277049421269327	0.5528125550315628	1.15860940313089e-05	5780	0.9462365527300982	False
ZBTB40	-0.13303377762021726	0.5529166663839338	4.72555263249963e-06	7405	0.9462365527300982	False
ATG4D	-0.13324451549181884	0.5529999967894926	4.81246355045205e-07	9363	0.9462365527300982	False
ATG4C	-0.13324451549182048	0.5529999967894933	3.72393165207623e-06	7730	0.9462365527300982	False
GALT	-0.13380367078614447	0.5532210877834698	7.90983688158598e-06	6548	0.9462365527300982	False
COCH	-0.13392875368317114	0.5532705435210118	6.21902758452619e-06	6979	0.9462365527300982	False
CACNA1A	-0.1339765952567801	0.5532894590799845	4.10631989987944e-05	2881	0.9462365527300982	False
MZF1	-0.13403583580021255	0.5533128813855239	4.61724139589919e-06	7447	0.9462365527300982	False
EFHD1	-0.13495223945898077	0.5536751819125162	1.12671020889683e-05	5835	0.9462365527300982	False
NOL4	-0.1350279316239197	0.5537051048389992	1.01008377339742e-05	6075	0.9462365527300982	False
SAE1	-0.1357184581648165	0.5539780723840907	3.17622203862961e-05	3477	0.9462365527300982	False
S100A3	-0.13584874016660697	0.5540295704482994	8.08237441053936e-06	6512	0.9462365527300982	False
PRKCG	-0.13609264715743366	0.5541259799167353	1.25370105755389e-05	5613	0.9462365527300982	False
RAB28	-0.13641419119019643	0.5542530721997034	6.12869163128841e-06	7004	0.9462365527300982	False
HLA-DRA	-0.13652844045641185	0.5542982285926514	8.82846771446123e-06	6344	0.9462365527300982	False
KLK3	-0.13698751329317835	0.5544796674947172	5.92442288852568e-06	7070	0.9462365527300982	False
NAA50	-0.13719814699765262	0.55456291222859	1.93654708248291e-05	4649	0.9462365527300982	False
SNAPC4	-0.137287087564246	0.5545980617869608	2.92424371631365e-06	8035	0.9462365527300982	False
B4GALT3	-0.13738166226883425	0.554635437501443	1.78383422686409e-05	4834	0.9462365527300982	False
AKAP11	-0.13753586769333026	0.5546963781032317	3.74400732030009e-05	3105	0.9462365527300982	False
PCDHB16	-0.13760426322919958	0.5547234069923834	1.97027122876398e-05	4611	0.9462365527300982	False
PCDHB6	-0.1376042632292054	0.5547234069923858	7.66216590873041e-07	9114	0.9462365527300982	False
P2RX1	-0.1378029205647257	0.5548019119466159	1.29535949862557e-05	5548	0.9462365527300982	False
AQP1	-0.13869923860159372	0.555156090103763	3.93378055772835e-06	7653	0.9462365527300982	False
SLC4A1	-0.13890230469132386	0.5552363251278803	1.05482809489184e-05	5984	0.9462365527300982	False
PPP1CB	-0.1391726260379582	0.5553431303882218	0.0002132406490504	723	0.9462365527300982	False
RGS2	-0.13939750523807728	0.5554319781772208	3.4593204116388e-05	3285	0.9462365527300982	False
FAM78B	-0.13978111406838786	0.5555835322133418	4.3369491636133e-06	7533	0.9462365527300982	False
VPS28	-0.13980281142510526	0.5555921040413515	2.86041205476511e-05	3713	0.9462365527300982	False
C22ORF23	-0.1398028114251265	0.5555921040413598	1.00114422791323e-06	8921	0.9462365527300982	False
CTSL3P	-0.1413600286059996	0.5562072351616377	1.03825570096747e-06	8900	0.9462365527300982	False
CTSL	-0.1413600286060015	0.5562072351616385	9.92919466495631e-05	1444	0.9462365527300982	False
RINT1	-0.14147562038731298	0.5562528907868162	4.89375976536903e-05	2529	0.9462365527300982	False
PPP1R12C	-0.14151157086402466	0.5562670900999479	2.01401632494184e-05	4554	0.9462365527300982	False
CCNI2	-0.1424176880387029	0.5566249541210135	3.31509846171473e-06	7893	0.9462365527300982	False
F11R	-0.14254745505133626	0.5566762008328423	1.83800942151845e-05	4767	0.9462365527300982	False
UNC13B	-0.14284229964937462	0.5567926353441749	8.18450408907255e-06	6485	0.9462365527300982	False
LRRC8A	-0.14369785642358773	0.5571304680210911	1.0647871762225e-05	5961	0.9462365527300982	False
EMD	-0.14439999500547682	0.5574076896234375	0.0003067242416429	486	0.9462365527300982	False
TRIM25	-0.1445548670805355	0.557468833153718	0.000703553191398	159	0.9462365527300982	False
ZNF823	-0.14465109089523395	0.5575068216481861	1.11355158726483e-06	8850	0.9462365527300982	False
ATF6B	-0.14465109089523398	0.5575068216481861	1.11355158726483e-06	8846	0.9462365527300982	False
EBF4	-0.14465109089523398	0.5575068216481861	1.11355158726483e-06	8847	0.9462365527300982	False
ELOA2	-0.14465109089523398	0.5575068216481861	1.11355158726483e-06	8848	0.9462365527300982	False
ZSCAN1	-0.1446510908952358	0.5575068216481869	1.11355158726483e-06	8851	0.9462365527300982	False
PRX	-0.14465109089523584	0.5575068216481869	1.11355158726483e-06	8849	0.9462365527300982	False
LRSAM1	-0.1450738446231546	0.5576737156177903	1.47780397899839e-05	5257	0.9462365527300982	False
SLC12A7	-0.1451262486257104	0.557694402864884	2.18451993683177e-05	4364	0.9462365527300982	False
IER2	-0.1451965908221049	0.5577221712292331	1.82465880594853e-05	4782	0.9462365527300982	False
ZNF131	-0.14598972891187875	0.5580352516520432	1.81168231009634e-05	4801	0.9462365527300982	False
HEMGN	-0.14695410075061188	0.5584158754053307	2.95617748139109e-05	3637	0.9462365527300982	False
PPP2R2A	-0.14706599650137195	0.5584600355699668	0.0001183150819483	1255	0.9462365527300982	False
DUSP19	-0.14750538948241598	0.5586334369645881	1.57765308840089e-05	5105	0.9462365527300982	False
IPO11	-0.14777949955720718	0.5587416056679522	3.14705051927359e-05	3499	0.9462365527300982	False
B2M	-0.14811524177819926	0.5588740895397908	5.5077116347231e-05	2320	0.9462365527300982	False
VPS13B	-0.14815001952220455	0.558887812460382	7.61499450555631e-06	6626	0.9462365527300982	False
TCEANC	-0.14856793770137589	0.559052712906701	3.28453910977392e-06	7897	0.9462365527300982	False
FOXK1	-0.14857470051635202	0.5590553812664791	8.51327215373265e-05	1657	0.9462365527300982	False
TMEM255B	-0.14861312424951936	0.5590705418172676	3.14561577484884e-07	9428	0.9462365527300982	False
PAQR5	-0.14861312424951936	0.5590705418172676	3.50172322105814e-07	9425	0.9462365527300982	False
PHYHIP	-0.14861312424952092	0.5590705418172682	1.39899254299983e-06	8713	0.9462365527300982	False
DNM1	-0.14889988154484318	0.5591836826570011	5.10087002474962e-05	2455	0.9462365527300982	False
FOXM1	-0.1489068310304169	0.5591864245347643	0.0001066416533242	1367	0.9462365527300982	False
EML2	-0.1493395694339931	0.5593571532765068	3.72245985914852e-06	7734	0.9462365527300982	False
TRPC4AP	-0.14951311455633284	0.5594256191200446	4.52827291817792e-05	2680	0.9462365527300982	False
PAK2	-0.14953918474171998	0.559435903999176	8.74340542617561e-05	1615	0.9462365527300982	False
ZNF608	-0.14976639322682592	0.5595255377129165	1.09391455875011e-05	5901	0.9462365527300982	False
RSU1	-0.15015902671792056	0.559680424375052	9.93841265891852e-06	6114	0.9462365527300982	False
UBA6	-0.1505003852105965	0.5598150765773746	7.18146584490313e-05	1899	0.9462365527300982	False
MCRIP2	-0.15072333191616016	0.5599030163565966	1.16196426617401e-06	8810	0.9462365527300982	False
RALYL	-0.1509850053331714	0.5600062278482612	2.6377914362165e-05	3890	0.9462365527300982	False
ZNF561	-0.15114120136947073	0.5600678340964163	3.92722873187142e-06	7656	0.9462365527300982	False
NFATC2IP	-0.15132071417135634	0.5601386350584937	1.75869084734446e-05	4866	0.9462365527300982	False
CSN3	-0.15196991773754195	0.5603946688995932	9.90583788945032e-06	6126	0.9462365527300982	False
ELK3	-0.1521330884679937	0.5604590164402216	5.73262657893375e-06	7131	0.9462365527300982	False
KLHL9	-0.1523216319806407	0.5605333679290516	3.03367263937289e-05	3583	0.9462365527300982	False
LRCH4	-0.15255180880624178	0.5606241344774738	7.99512454283144e-06	6527	0.9462365527300982	False
CENPT	-0.15280844608265332	0.5607253315233613	6.4958221672017e-06	6907	0.9462365527300982	False
PPP2R5A	-0.1533633931136924	0.5609441443025186	4.26882772461456e-05	2815	0.9462365527300982	False
ST13	-0.15346114069032818	0.56098268374557	5.24358414313009e-05	2403	0.9462365527300982	False
PITX2	-0.15373490489763578	0.5610906190987318	1.07597577910178e-05	5936	0.9462365527300982	False
TBL1X	-0.1541371519020523	0.561249202341841	6.21752197355857e-05	2126	0.9462365527300982	False
BFSP2	-0.15427398296542075	0.5613031448512219	1.41134014602919e-05	5358	0.9462365527300982	False
TXN2	-0.1546089899869116	0.5614352088794266	1.3390852014362e-05	5484	0.9462365527300982	False
TSPOAP1	-0.15476003348359968	0.5614947499103149	9.45778201782269e-07	8964	0.9462365527300982	False
ADGRL1	-0.1547600334835997	0.5614947499103149	9.45778201782269e-07	8963	0.9462365527300982	False
CST7	-0.15531480717869237	0.5617134285880491	4.38719813548365e-06	7515	0.9462365527300982	False
CCNB2	-0.15552454862139237	0.5617960988025368	3.28459923545121e-05	3403	0.9462365527300982	False
RSAD1	-0.15555928305333522	0.5618097892221915	2.28618221831991e-06	8286	0.9462365527300982	False
CPNE2	-0.15636496301875766	0.5621273235548735	2.73861549316679e-05	3809	0.9462365527300982	False
NECAB3	-0.15647003661862313	0.5621687321845305	4.45031627997564e-06	7498	0.9462365527300982	False
ALDH2	-0.15661300616205423	0.5622250741961372	3.04210265318871e-05	3577	0.9462365527300982	False
CNTNAP1	-0.157042931802713	0.5623944934133145	1.85304438673208e-05	4749	0.9462365527300982	False
TMEM108	-0.15717520164020288	0.5624466142026162	1.74119504235193e-05	4893	0.9462365527300982	False
RANBP2	-0.15768766439137888	0.562648539367081	0.0001656045186436	912	0.9462365527300982	False
COL4A2	-0.15770376723657165	0.5626548840902715	9.36857726178216e-06	6229	0.9462365527300982	False
POGLUT3	-0.15792752683119446	0.5627430465118275	4.84957781214972e-07	9361	0.9462365527300982	False
VWA1	-0.15792752683122424	0.5627430465118393	6.20053157199307e-06	6983	0.9462365527300982	False
MAGEC1	-0.15810988242837118	0.5628148932433653	1.30334603533194e-06	8751	0.9462365527300982	False
RABGGTB	-0.1588135506463018	0.5630921137805668	4.73977469286037e-05	2588	0.9462365527300982	False
CDH5	-0.1589413843189086	0.5631424724318577	9.39713013603556e-05	1516	0.9462365527300982	False
LPP	-0.1589431654493158	0.5631431740811147	3.5569453616774e-05	3232	0.9462365527300982	False
RALA	-0.1593883548433027	0.5633185434423397	3.66668253585009e-05	3156	0.9462365527300982	False
MUSK	-0.1594577830710244	0.5633458915444411	9.71314649492589e-06	6164	0.9462365527300982	False
CD59	-0.15951131721349288	0.5633669786856462	1.02882395777057e-05	6036	0.9462365527300982	False
METTL9	-0.15956270557402485	0.5633872204322573	2.20794127936684e-05	4331	0.9462365527300982	False
SYNJ2BP	-0.16000258601342182	0.5635604814400916	2.4243179024833e-05	4107	0.9462365527300982	False
TSEN34	-0.16058524142589956	0.563789960167923	1.07025089083652e-06	8871	0.9462365527300982	False
TSEN54	-0.16058524142589956	0.563789960167923	1.07025089083652e-06	8872	0.9462365527300982	False
TSEN15	-0.16058524142589956	0.563789960167923	5.82522273321417e-06	7103	0.9462365527300982	False
COQ3	-0.1606605800316376	0.563819630698082	2.9234809295128e-06	8036	0.9462365527300982	False
POLR2C	-0.16095979471705898	0.5639374665808259	0.0001898085884074	807	0.9462365527300982	False
ATF4	-0.1615685212074908	0.5641771760012767	8.06109595452962e-05	1743	0.9462365527300982	False
TCF25	-0.16160153334781088	0.5641901751255101	1.71764273188936e-05	4926	0.9462365527300982	False
TUBG2	-0.1616247924751465	0.5641993337837549	2.62262580483502e-05	3904	0.9462365527300982	False
DIXDC1	-0.16163234865747242	0.5642023091455657	2.72855196294341e-06	8108	0.9462365527300982	False
TNFAIP1	-0.16169555989941828	0.5642271993919138	3.30316694387304e-05	3389	0.9462365527300982	False
UPF3B	-0.16175812978344123	0.5642518368447191	3.84347911209062e-05	3049	0.9462365527300982	False
NEUROD1	-0.16182647723420537	0.5642787489812645	1.63897432439852e-05	5022	0.9462365527300982	False
THAP4	-0.16184017987896762	0.5642841444275438	3.47134709541282e-06	7836	0.9462365527300982	False
BBIP1	-0.16257726291282257	0.5645743548227402	1.42534656823765e-06	8698	0.9462365527300982	False
PNLIPRP2	-0.16258107266989238	0.5645758547414299	4.34910707931725e-07	9398	0.9462365527300982	False
PNLIP	-0.16258107266990027	0.564575854741433	2.48520398910294e-06	8200	0.9462365527300982	False
PHKA2	-0.16272495671923776	0.5646325018659051	8.86977824166085e-06	6338	0.9462365527300982	False
CHSY1	-0.16326385583156527	0.5648446545544724	9.01830460996341e-06	6305	0.9462365527300982	False
TUBB2A	-0.16326993361314315	0.564847047136633	9.04908809577334e-05	1577	0.9462365527300982	False
ELK1	-0.1635079797518529	0.5649407546155668	3.13639641404992e-05	3509	0.9462365527300982	False
ANXA11	-0.16358129947031022	0.5649696163781501	1.08428395545612e-05	5919	0.9462365527300982	False
H2BC1	-0.16369968262759052	0.5650162162979782	9.64944628682276e-05	1472	0.9462365527300982	False
CHORDC1	-0.16381929812090812	0.5650633003929108	4.00356874578761e-05	2955	0.9462365527300982	False
SEPTIN1	-0.1638959143441145	0.5650934582549859	4.13223244657188e-06	7586	0.9462365527300982	False
PIGT	-0.16392367991079526	0.5651043873106546	2.6145230613594e-05	3914	0.9462365527300982	False
JARID2	-0.16396170953128258	0.5651193564125911	2.88699373149604e-05	3693	0.9462365527300982	False
ALPP	-0.16415152343914582	0.5651940689816541	1.18811496793862e-06	8798	0.9462365527300982	False
CAMK2B	-0.16437936910464976	0.565283748139704	2.50606943210346e-05	4032	0.9462365527300982	False
TRAF3	-0.16479772374329194	0.565448402131971	0.0002124340539826	724	0.9462365527300982	False
DIRAS2	-0.16504639262269302	0.5655462666478916	6.53388007888535e-06	6894	0.9462365527300982	False
LRRC46	-0.16562658567392938	0.5657745880445797	2.03717864212794e-05	4524	0.9462365527300982	False
CRYL1	-0.16619160545278006	0.5659969172692234	1.64691775452097e-05	5011	0.9462365527300982	False
FARP2	-0.16650899587059076	0.5661217978428293	1.98992343719428e-05	4587	0.9462365527300982	False
ODF4	-0.16750620465803784	0.5665141170533518	3.12887563859761e-06	7953	0.9462365527300982	False
TGIF2LY	-0.16771920647376326	0.5665979071771101	2.20167260253904e-05	4340	0.9462365527300982	False
TGIF2LX	-0.16771920647381397	0.5665979071771301	1.16041097708927e-06	8813	0.9462365527300982	False
ITGA4	-0.16774767114114583	0.5666091043104161	2.56755026323245e-05	3961	0.9462365527300982	False
KIF2C	-0.16781112684742816	0.5666340656603746	2.70196787742413e-05	3834	0.9462365527300982	False
HPX	-0.16803191199877276	0.5667209130737237	2.11354242124291e-06	8363	0.9462365527300982	False
TRIM11	-0.168260952729866	0.5668110044733209	3.20640641202893e-05	3456	0.9462365527300982	False
EFNA5	-0.16829059166935126	0.5668226624672508	1.09625715866256e-05	5896	0.9462365527300982	False
TOR1A	-0.16887923949855427	0.5670541854410901	2.33067421598225e-05	4197	0.9462365527300982	False
DYNLT2B	-0.16899621414589064	0.5671001903777928	2.00932620054814e-05	4561	0.9462365527300982	False
ALDH1A1	-0.1691762614423599	0.5671709993672317	2.02298203046166e-06	8391	0.9462365527300982	False
IL21	-0.1691762614423817	0.5671709993672402	4.04596391316088e-07	9407	0.9462365527300982	False
IGHG4	-0.16917626144238487	0.5671709993672415	9.2207522172722e-07	8971	0.9462365527300982	False
BAHCC1	-0.16948152466987063	0.5672910483406604	1.07288255858395e-05	5944	0.9462365527300982	False
MOSPD2	-0.1696372239817665	0.5673522768508926	2.46403484178316e-05	4068	0.9462365527300982	False
HLA-H	-0.1702686840893288	0.5676005809537679	5.48538965444867e-06	7194	0.9462365527300982	False
DDX19B	-0.17044936064576893	0.5676716220705436	4.61773286486468e-06	7446	0.9462365527300982	False
FAM169A	-0.1705883989974629	0.5677262897643635	6.76419944170166e-06	6843	0.9462365527300982	False
LIMS1	-0.17063277680322522	0.5677437381469275	1.67072746537826e-05	4978	0.9462365527300982	False
ALDH1A3	-0.17072328034113016	0.5677793217489557	7.18968411517534e-06	6731	0.9462365527300982	False
PRELID3B	-0.17077296696115454	0.5677988569825836	9.82680055842783e-07	8937	0.9462365527300982	False
PRELID3A	-0.17077296696115454	0.5677988569825836	7.33549900840387e-07	9146	0.9462365527300982	False
TRIAP1	-0.17077296696118213	0.5677988569825945	1.14085793701938e-05	5811	0.9462365527300982	False
RTF1	-0.1711184467576738	0.5679346843076036	5.38126772631809e-05	2365	0.9462365527300982	False
PLBD1	-0.17124573274605395	0.5679847254864803	6.34665611141875e-06	6949	0.9462365527300982	False
SERINC1	-0.17139125845461609	0.5680419360875513	1.70575226083635e-05	4931	0.9462365527300982	False
TAOK1	-0.17149043386720733	0.5680809241540135	1.49661416490257e-05	5229	0.9462365527300982	False
DARS2	-0.17174183133715282	0.5681797511343695	3.31729880278039e-05	3377	0.9462365527300982	False
RGS6	-0.17245353163961138	0.5684595048249739	6.52403302995486e-06	6897	0.9462365527300982	False
BTN3A2	-0.1726353985685968	0.5685309872009497	6.54270495406404e-06	6891	0.9462365527300982	False
RUSF1	-0.17276812577093628	0.5685831539044996	1.28190393609228e-05	5568	0.9462365527300982	False
TMEM35A	-0.17276812577096343	0.5685831539045103	9.18658764051238e-07	8973	0.9462365527300982	False
NDUFA5	-0.1728111138176125	0.5686000495416724	3.47136054645783e-05	3278	0.9462365527300982	False
TUBGCP3	-0.17347893220665825	0.5688625067658291	5.24560510891119e-05	2401	0.9462365527300982	False
RPTOR	-0.17350233560181763	0.5688717039104709	0.0001353905721584	1092	0.9462365527300982	False
ATP11A	-0.17356830853977442	0.568897629975634	3.98925593684828e-06	7631	0.9462365527300982	False
MFN1	-0.1736908591057431	0.5689457891461925	1.49801486578747e-05	5226	0.9462365527300982	False
APOL2	-0.17383890620973075	0.5690039664227885	7.50018260558504e-06	6653	0.9462365527300982	False
POU2AF1	-0.17402438909527773	0.5690768525245585	6.90112321145821e-06	6807	0.9462365527300982	False
DSTN	-0.17454118344461125	0.5692799161243962	3.67064385362201e-05	3153	0.9462365527300982	False
TRIM68	-0.17466639391628871	0.56932911222279	1.75423299287286e-05	4876	0.9462365527300982	False
AKAP8	-0.17497420560693913	0.5694500490834126	5.23910929832362e-05	2405	0.9462365527300982	False
CRCP	-0.17504459952449233	0.569477705400892	2.23046378622771e-05	4293	0.9462365527300982	False
FAM98B	-0.17538417354345442	0.5696111122357788	1.40540332993465e-05	5371	0.9462365527300982	False
TTC21A	-0.17549309573796734	0.569653902299714	4.764698706377e-06	7396	0.9462365527300982	False
TAGLN2	-0.17602810735346905	0.5698640696287958	5.19542803431164e-05	2422	0.9462365527300982	False
TMEM231	-0.17603742188843335	0.5698677284600946	2.28531731969764e-05	4235	0.9462365527300982	False
ZNF428	-0.1760755785650929	0.5698827166758232	1.38616857341057e-05	5409	0.9462365527300982	False
VPS29	-0.17610350027387317	0.5698936844591012	5.44828722060183e-05	2333	0.9462365527300982	False
ATP4A	-0.1763616830283669	0.5699950973473205	1.98183223657834e-05	4598	0.9462365527300982	False
TBCCD1	-0.17671759139844628	0.5701348887946787	1.25996548699416e-05	5606	0.9462365527300982	False
ZNF28	-0.17688252188830753	0.5701996661733125	1.18060297131066e-06	8802	0.9462365527300982	False
AKAP3	-0.17693057244745067	0.5702185379455935	9.9264042922788e-06	6116	0.9462365527300982	False
APIP	-0.17733347273583092	0.5703767700058814	8.15040155610012e-06	6490	0.9462365527300982	False
FKTN	-0.17736945385504052	0.5703909004133082	1.97897233874673e-06	8416	0.9462365527300982	False
PPIL4	-0.17740945963502078	0.570406611268709	4.43215817796883e-05	2725	0.9462365527300982	False
ZC3HC1	-0.17741712694832393	0.5704096223221444	3.12351284316133e-05	3520	0.9462365527300982	False
ETNPPL	-0.17741712694832393	0.5704096223221444	1.19923314627173e-06	8792	0.9462365527300982	False
CRIPTO	-0.17747238641131458	0.5704313233092319	9.09570459178375e-06	6287	0.9462365527300982	False
ZNF490	-0.17799539445665785	0.5706367036610678	5.08858508612156e-06	7304	0.9462365527300982	False
KIF18A	-0.17816446109932155	0.570703090458827	1.52357304600729e-05	5191	0.9462365527300982	False
DYNLT1	-0.17857954535015436	0.5708660716312876	7.9922914904268e-05	1752	0.9462365527300982	False
TBC1D23	-0.1786305300552605	0.5708860897395054	4.08496948179421e-06	7604	0.9462365527300982	False
FBXO46	-0.1787517229545237	0.5709336729363685	6.69671260606128e-06	6858	0.9462365527300982	False
SLC1A1	-0.17914700404435124	0.571088862468021	5.22181348987729e-05	2413	0.9462365527300982	False
WDR70	-0.17918155519457973	0.571102426917869	8.19440500986765e-06	6479	0.9462365527300982	False
ZC3H12A	-0.17942731722994187	0.5711989083093901	2.18061934170304e-05	4370	0.9462365527300982	False
SAXO4	-0.18075828725662363	0.5717213471812879	3.00990856518335e-06	8003	0.9462365527300982	False
CNST	-0.18075828725662363	0.5717213471812879	4.95334158028972e-06	7336	0.9462365527300982	False
CSRNP2	-0.18075828725662746	0.5717213471812894	4.95334158028972e-06	7337	0.9462365527300982	False
PLCL2	-0.18075828725663715	0.5717213471812932	5.57571155411414e-06	7173	0.9462365527300982	False
MTHFS	-0.1807582872566391	0.571721347181294	8.89099955063118e-07	9008	0.9462365527300982	False
DNAJB9	-0.18171189146099767	0.5720955833467536	1.99107378788703e-05	4582	0.9462365527300982	False
SPEN	-0.1820684057997212	0.5722354785939819	5.88437319526202e-05	2214	0.9462365527300982	False
GIT2	-0.1821984008737127	0.5722864860457512	6.19237698408927e-05	2136	0.9462365527300982	False
DBP	-0.1822401433544222	0.5723028646991911	3.47554815483075e-06	7835	0.9462365527300982	False
RRM2B	-0.18253311622441845	0.5724178160534971	1.63269579020055e-05	5036	0.9462365527300982	False
POLR2L	-0.1826645339921643	0.5724693773651093	0.0001014555981668	1424	0.9462365527300982	False
PLXNB2	-0.18270279604434136	0.5724843891177882	2.22681953467362e-05	4298	0.9462365527300982	False
ATXN3	-0.18342538219155355	0.5727678691997816	0.000210751951176	735	0.9462365527300982	False
DDA1	-0.18375882561095658	0.5728986707938494	7.13094133927642e-05	1911	0.9462365527300982	False
DNM2	-0.18415675739709308	0.5730547590863748	4.97837161078622e-05	2500	0.9462365527300982	False
ADAMTS18	-0.18438870945910704	0.57314573674489	3.49824994113022e-06	7826	0.9462365527300982	False
BRINP3	-0.18450349924462955	0.5731907588587063	1.45313501168632e-05	5285	0.9462365527300982	False
A4GNT	-0.18488294546821402	0.5733395760355134	7.32179576789784e-06	6708	0.9462365527300982	False
RRAGC	-0.185039852614555	0.5734011112935561	3.16338983205722e-05	3485	0.9462365527300982	False
PLPP1	-0.18514201604359884	0.5734411764049668	5.4095290433006e-07	9321	0.9462365527300982	False
PRSS48	-0.18514201604359884	0.5734411764049668	7.57334066062083e-07	9122	0.9462365527300982	False
NTF4	-0.18514201604359884	0.5734411764049668	7.57334066062083e-07	9121	0.9462365527300982	False
MMP28	-0.18514201604359884	0.5734411764049668	7.57334066062083e-07	9120	0.9462365527300982	False
C1ORF105	-0.18514201604359884	0.5734411764049668	7.57334066062083e-07	9119	0.9462365527300982	False
SDF2	-0.1852155454234446	0.5734700117221893	5.84181079899578e-06	7095	0.9462365527300982	False
CYP3A7	-0.18555030361690142	0.573601285691557	6.61598244345121e-07	9224	0.9462365527300982	False
CYP3A5	-0.18555030361691408	0.573601285691562	2.83542101997174e-06	8068	0.9462365527300982	False
RBM11	-0.1861058084144668	0.5738191064829108	1.32634407218546e-05	5499	0.9462365527300982	False
SCRN2	-0.18626452948649905	0.5738813389850042	4.42063745847238e-06	7506	0.9462365527300982	False
ACOT1	-0.18635164620087843	0.5739154955524366	1.51391463868562e-05	5207	0.9462365527300982	False
ITFG1	-0.18656671247870768	0.5739998159838996	1.98502577840443e-05	4594	0.9462365527300982	False
DIDO1	-0.18657236607491395	0.5740020325278631	4.87574594272074e-05	2536	0.9462365527300982	False
FRAT1	-0.18670878044035752	0.5740555143152152	4.88286063288077e-06	7356	0.9462365527300982	False
GSKIP	-0.18670878044035752	0.5740555143152152	4.88286063288077e-06	7357	0.9462365527300982	False
SLC25A32	-0.18742781313703946	0.5743373913711692	5.77556647647399e-06	7118	0.9462365527300982	False
SMCO3	-0.18746160768771647	0.5743506386647557	2.99043594524615e-06	8010	0.9462365527300982	False
TIGD5	-0.18753185129683309	0.5743781735370691	3.19663972041355e-05	3463	0.9462365527300982	False
BTD	-0.1875616042906273	0.5743898363376354	3.12987476485235e-06	7952	0.9462365527300982	False
ZER1	-0.18765388735864696	0.574426009729345	1.11946995285145e-05	5853	0.9462365527300982	False
TRIM42	-0.1879916077905531	0.574558385046347	1.64299094651633e-06	8560	0.9462365527300982	False
CATSPER1	-0.18799160779055313	0.574558385046347	1.84836481483087e-06	8473	0.9462365527300982	False
FASTK	-0.18824158019253634	0.5746563606061221	6.17248512539148e-06	6994	0.9462365527300982	False
NUDT15	-0.18839882258563895	0.5747179886938694	1.29575593912062e-06	8754	0.9462365527300982	False
MEF2B	-0.18862269078600324	0.5748057263164814	5.34212775385732e-06	7230	0.9462365527300982	False
MYO18A	-0.1892738296447905	0.5750608972498314	3.43956157531975e-05	3298	0.9462365527300982	False
PPP1R11	-0.1895547166388559	0.5751709626803979	1.83096613244533e-05	4777	0.9462365527300982	False
DCAF11	-0.18970988997706464	0.575231764764337	9.50872030210984e-05	1498	0.9462365527300982	False
CLTB	-0.18982015932941773	0.5752749708827213	7.29439733020838e-05	1875	0.9462365527300982	False
KLHL24	-0.18998219457224075	0.5753384584500798	5.84090283451451e-06	7096	0.9462365527300982	False
LCORL	-0.190579848251542	0.5755726102150747	8.65753824533947e-06	6378	0.9462365527300982	False
POLR2F	-0.1906880576001799	0.5756150021690061	0.000102678464255	1407	0.9462365527300982	False
FAM114A2	-0.19094562449493668	0.575715902721454	1.744826718242e-05	4889	0.9462365527300982	False
C8ORF82	-0.19098675457900152	0.575732014768406	7.00103923200771e-06	6782	0.9462365527300982	False
GOLPH3	-0.1910679201927005	0.5757638097169255	4.53346783671967e-05	2675	0.9462365527300982	False
BAZ1A	-0.19147962334856336	0.5759250783053844	4.15980541433831e-05	2863	0.9462365527300982	False
LSM14B	-0.1916295134508384	0.5759837887277197	1.45678617701536e-05	5280	0.9462365527300982	False
SHMT2	-0.19169620341952548	0.5760099099654105	5.74872348890281e-05	2252	0.9462365527300982	False
IMMP1L	-0.1920082833969541	0.5761321415297591	9.60691112944908e-06	6181	0.9462365527300982	False
IVL	-0.19206123679870787	0.5761528809263161	1.14450530981737e-05	5803	0.9462365527300982	False
RBBP6	-0.19213708001203994	0.5761825848352228	9.16878745916841e-05	1562	0.9462365527300982	False
TAB3	-0.1928150115336886	0.5764480767046478	3.55855979563645e-05	3230	0.9462365527300982	False
MARK4	-0.19286898932347812	0.5764692140227742	2.81294885560263e-05	3758	0.9462365527300982	False
UBE2V2	-0.19300986843611206	0.576524380243347	2.00053361462767e-05	4571	0.9462365527300982	False
ITGB3BP	-0.19304360591923048	0.5765375911306336	2.06654676477171e-05	4488	0.9462365527300982	False
STK32C	-0.19379285099596505	0.5768309575113468	9.73526706387291e-06	6159	0.9462365527300982	False
MAPK15	-0.1938110290209007	0.5768380745755847	1.69826000666525e-05	4943	0.9462365527300982	False
SYNJ1	-0.19394618442226902	0.5768909898610142	3.43906153488133e-05	3299	0.9462365527300982	False
CCDC25	-0.19418299308222026	0.5769837005158925	6.73816093150826e-07	9212	0.9462365527300982	False
PRCP	-0.1943243020472497	0.5770390209835619	2.93155375538659e-06	8032	0.9462365527300982	False
NDUFB8	-0.19480765238707612	0.5772282343364524	4.1224334016274e-05	2874	0.9462365527300982	False
UPK3B	-0.19494197812141473	0.5772808146126791	7.7667519717584e-07	9110	0.9462365527300982	False
DCX	-0.19532776879525815	0.5774318203117111	1.64195539269214e-05	5015	0.9462365527300982	False
PRR14L	-0.19685624919402137	0.5780299841255421	1.03386338132881e-05	6021	0.9462365527300982	False
AAK1	-0.19698663848967557	0.5780810030685952	3.39849073968298e-05	3322	0.9462365527300982	False
RAG1	-0.1973354137342597	0.5782174659904873	2.29750732914726e-05	4224	0.9462365527300982	False
SALL2	-0.19752688894468348	0.5782923792036981	1.95360953019695e-05	4631	0.9462365527300982	False
ANGPTL4	-0.19779571410705987	0.578397550212768	9.94824891483992e-06	6109	0.9462365527300982	False
STK11IP	-0.19812678422101326	0.5785270652914293	1.57662729886262e-05	5108	0.9462365527300982	False
PPP1R10	-0.1984318872524966	0.578646414490653	6.00120210661611e-05	2177	0.9462365527300982	False
EDC4	-0.1986626851748708	0.5787366924623578	5.60588296572281e-05	2290	0.9462365527300982	False
TOLLIP	-0.19869658376035407	0.5787499517459497	0.0001080372445259	1357	0.9462365527300982	False
OTULINL	-0.1987398799323742	0.5787668867245729	1.45767683035547e-06	8663	0.9462365527300982	False
SCARF2	-0.19902138364949826	0.5788769912739153	4.72093812818652e-06	7406	0.9462365527300982	False
E2F3	-0.19946518782974215	0.5790505638720843	3.99866404466434e-05	2957	0.9462365527300982	False
LIMK1	-0.19964511268549034	0.5791209284253886	3.32063519509202e-05	3375	0.9462365527300982	False
CCPG1	-0.199809118264285	0.5791850651065766	8.213640125438e-06	6476	0.9462365527300982	False
MTFR2	-0.2003794648762478	0.5794080907723973	7.65459425306795e-06	6616	0.9462365527300982	False
PCYT1A	-0.20070768251269835	0.5795364239091889	1.31863385676416e-05	5513	0.9462365527300982	False
CDK13	-0.20071248815414552	0.5795383028528319	3.8497737330305e-05	3042	0.9462365527300982	False
RNASE2	-0.20075134553746957	0.5795534955205002	3.59456762152817e-07	9423	0.9462365527300982	False
PCP2	-0.20075134553747945	0.5795534955205041	2.0668763593521e-06	8382	0.9462365527300982	False
SIAH2	-0.20083101814214244	0.5795846459711843	0.0001239613554878	1185	0.9462365527300982	False
CYSTM1	-0.200899608921246	0.5796114632427088	1.65770517785876e-06	8554	0.9462365527300982	False
NR2F1	-0.2016485909908372	0.5799042723415296	1.93356871640939e-05	4654	0.9462365527300982	False
GDI1	-0.20169033229277666	0.5799205895008586	6.98357180383266e-05	1937	0.9462365527300982	False
NME2	-0.20201919566624935	0.5800491412031553	3.75178881726967e-05	3098	0.9462365527300982	False
SSX2	-0.20210606838443046	0.5800830980616413	2.01665860808717e-05	4552	0.9462365527300982	False
SSX6P	-0.20210606838446357	0.5800830980616543	1.05974553737048e-06	8882	0.9462365527300982	False
SSX3	-0.2021060683844636	0.5800830980616543	1.05974553737048e-06	8881	0.9462365527300982	False
PLA2G12B	-0.2021645998361414	0.5801059765332934	5.47576014638778e-07	9315	0.9462365527300982	False
OR2S2	-0.20216459983614143	0.5801059765332934	5.47576014638778e-07	9314	0.9462365527300982	False
CLEC1A	-0.20216459983614143	0.5801059765332934	5.47576014638778e-07	9313	0.9462365527300982	False
RGP1	-0.2024075753111404	0.5802009466371798	3.39536557798098e-06	7861	0.9462365527300982	False
OCC1	-0.20273216194092716	0.580327808227375	7.41089946546952e-06	6681	0.9462365527300982	False
KLK10	-0.20275462947453926	0.5803365891399581	5.17606737390387e-06	7279	0.9462365527300982	False
FAM120C	-0.20343862760022394	0.5806038947217993	1.6818837690527e-05	4967	0.9462365527300982	False
CLTA	-0.2039779620804374	0.5808146397184488	0.0001225792296718	1200	0.9462365527300982	False
CDO1	-0.20435951655878684	0.5809637181665691	1.09395844106961e-05	5899	0.9462365527300982	False
PGBD5	-0.20462067645793464	0.5810657501395167	8.71385740789737e-07	9025	0.9462365527300982	False
TRAPPC1	-0.20467434497652098	0.5810867170970635	1.2640615299955e-05	5603	0.9462365527300982	False
NEK7	-0.2053356043287679	0.5813450357872378	4.42457043844559e-05	2730	0.9462365527300982	False
AICDA	-0.20578840122397254	0.5815218991124066	3.56248815775711e-05	3227	0.9462365527300982	False
PPP2R5E	-0.20612646311733782	0.5816539359855386	4.33662147527874e-05	2789	0.9462365527300982	False
TMEM252	-0.2063226235510469	0.5817305461718035	5.41788604741934e-07	9319	0.9462365527300982	False
PRSS2	-0.20632262355105666	0.5817305461718074	3.59902427216322e-06	7782	0.9462365527300982	False
MUC20	-0.20637792897710178	0.5817521450693198	1.4870627147015e-05	5243	0.9462365527300982	False
FBXL8	-0.206517856135957	0.5818067909094403	9.79409007965857e-06	6148	0.9462365527300982	False
LRRC4C	-0.2065230915854501	0.581808835482137	1.92846056455769e-05	4659	0.9462365527300982	False
IER5	-0.20655781992666367	0.5818223977035496	7.83831607761003e-06	6573	0.9462365527300982	False
FERD3L	-0.2066785968549006	0.5818695631331273	6.04996673248442e-06	7036	0.9462365527300982	False
KPNA4	-0.20693441268697987	0.5819694596459755	0.000121101889484	1217	0.9462365527300982	False
RPS13	-0.2072468083704878	0.582091443513562	0.0002826796773526	538	0.9462365527300982	False
KLHL25	-0.20775808855035152	0.5822910705006216	7.66527603183551e-06	6614	0.9462365527300982	False
EVPL	-0.208320857884828	0.5825107766742565	1.40612324865272e-05	5366	0.9462365527300982	False
LETM1	-0.20912934072947098	0.5828263647537266	2.98839413846109e-05	3613	0.9462365527300982	False
BCKDHA	-0.20929556515652414	0.5828912431950761	1.43104979066621e-05	5320	0.9462365527300982	False
COG4	-0.21000567941137746	0.58316837982528	2.6341380505778e-05	3893	0.9462365527300982	False
IL17RA	-0.21031373265396097	0.5832885910673257	6.95396633397364e-06	6793	0.9462365527300982	False
ZNF114	-0.21044476130600068	0.5833397198586464	2.8938143998038e-06	8048	0.9462365527300982	False
CPLX1	-0.21095564184819862	0.5835390574764798	4.28388662416355e-06	7546	0.9462365527300982	False
AP2A2	-0.21110586546525742	0.5835976683034898	7.34557621039719e-05	1864	0.9462365527300982	False
SAMHD1	-0.21150594963672645	0.5837537549564589	5.92272577711566e-05	2202	0.9462365527300982	False
KLHDC3	-0.2125048134831201	0.5841433885390426	4.35664705099157e-05	2773	0.9462365527300982	False
PRKAG1	-0.21272188196313646	0.5842280509850647	3.93907290434615e-05	2987	0.9462365527300982	False
RDH11	-0.21287861851544823	0.5842891799540355	8.19285604181778e-06	6482	0.9462365527300982	False
RXRA	-0.2130157566492639	0.5843426636525916	0.0001453998388252	1024	0.9462365527300982	False
YY1	-0.21387308123543283	0.5846769837038482	0.0002740991160453	558	0.9462365527300982	False
AJUBA	-0.21388415048565854	0.584681299839383	4.43987243038427e-05	2722	0.9462365527300982	False
VARS1	-0.21407507168452264	0.5847557424573435	7.79632807822887e-06	6582	0.9462365527300982	False
NFIC	-0.21435436671031935	0.5848646376793576	0.0002586885310131	597	0.9462365527300982	False
ADD2	-0.21446400466783552	0.5849073829883898	2.10868752877578e-05	4441	0.9462365527300982	False
GPAM	-0.2149074986309117	0.5850802807873801	1.31163855825319e-06	8745	0.9462365527300982	False
KLHL21	-0.21527953383846324	0.5852253074121522	2.35663940419674e-05	4169	0.9462365527300982	False
LRP1	-0.21533216897885174	0.585245824685358	0.000100404858829	1435	0.9462365527300982	False
JAM3	-0.21558500304441308	0.5853443766204772	1.47550455842258e-05	5258	0.9462365527300982	False
OVOL1	-0.2157242004124754	0.5853986319296477	4.20613929503149e-06	7565	0.9462365527300982	False
HIKESHI	-0.21588198175404302	0.5854601287910346	4.62398228338273e-06	7441	0.9462365527300982	False
CACUL1	-0.2159878512457305	0.5855013913137348	1.15508551914353e-05	5788	0.9462365527300982	False
RCAN3	-0.2167519971946909	0.5857991883818766	1.19605335727521e-05	5716	0.9462365527300982	False
DPPA4	-0.21678264034200825	0.5858111293655628	1.63898981684278e-05	5021	0.9462365527300982	False
CA14	-0.21704639898805272	0.5859139072270942	3.07213367803534e-05	3556	0.9462365527300982	False
TFDP3	-0.21715294382870473	0.5859554224953024	1.40272864261821e-05	5373	0.9462365527300982	False
CSNK2B	-0.21719143840821162	0.585970421697694	0.0003855160257657	353	0.9462365527300982	False
NDUFB10	-0.21774393267604464	0.5861856842412404	3.85080930553899e-05	3041	0.9462365527300982	False
LRP2	-0.21791784101894593	0.586253436968483	5.33887456266809e-05	2373	0.9462365527300982	False
PEX3	-0.21803417163946215	0.5862987566319537	1.00538335327523e-05	6083	0.9462365527300982	False
SLC2A5	-0.2185606416807996	0.5865038425503231	9.27353502799776e-06	6250	0.9462365527300982	False
IFNAR1	-0.2187162297453135	0.5865644472223127	3.63046190654045e-05	3180	0.9462365527300982	False
IFNB1	-0.21871622974533117	0.5865644472223196	7.6777140360373e-07	9112	0.9462365527300982	False
KLHL14	-0.21901409508569752	0.586680465992513	3.7228314482022e-06	7733	0.9462365527300982	False
CDC34	-0.21906282193726018	0.5866994444171492	7.23249684533378e-05	1891	0.9462365527300982	False
MXD4	-0.21925022318431311	0.5867724326839148	1.04854555897646e-05	5994	0.9462365527300982	False
CBLC	-0.21953336099219384	0.5868827023435548	4.48391020146188e-05	2706	0.9462365527300982	False
GOPC	-0.2196195512917199	0.5869162682946627	5.96664059988067e-05	2191	0.9462365527300982	False
GMNN	-0.21995696625424355	0.58704766506654	4.84416527454547e-05	2549	0.9462365527300982	False
ST8SIA4	-0.22015529132788558	0.5871248926418074	4.09573890785245e-05	2889	0.9462365527300982	False
TCP10L	-0.22032025841221403	0.5871891280823694	3.52970787927234e-05	3245	0.9462365527300982	False
FERRY3	-0.22032025841222438	0.5871891280823734	9.78715719883471e-07	8939	0.9462365527300982	False
TUBGCP2	-0.22040531220407292	0.5872222457031189	4.80763590298797e-05	2564	0.9462365527300982	False
KCNA6	-0.2207201151170346	0.58734481594606	2.68440443958753e-06	8125	0.9462365527300982	False
EPDR1	-0.2209278217773237	0.5874256830123676	8.83061177422151e-06	6343	0.9462365527300982	False
COX7A2L	-0.22121657611229972	0.5875380984506782	1.32281364590284e-05	5504	0.9462365527300982	False
MEF2D	-0.2217930720873878	0.5877625135857298	3.63376411473488e-05	3176	0.9462365527300982	False
FAM222B	-0.22200648734462183	0.5878455834125519	4.53630889804146e-06	7471	0.9462365527300982	False
PBRM1	-0.22256836651235487	0.5880642706188156	7.25031456837075e-05	1889	0.9462365527300982	False
TRIM55	-0.22267784605450633	0.5881068776224672	4.58678995702347e-05	2652	0.9462365527300982	False
MAGEB16	-0.2228345217521443	0.5881678505134919	1.16214755686666e-06	8809	0.9462365527300982	False
MAGEA4	-0.22283452175215615	0.5881678505134964	4.62666291594027e-05	2629	0.9462365527300982	False
ST8SIA1	-0.22304388517995588	0.5882493243669034	3.23633349179339e-06	7913	0.9462365527300982	False
PHAX	-0.22308168872319245	0.5882640352239816	4.64874716046195e-05	2622	0.9462365527300982	False
PRPF31	-0.22308679945727744	0.5882660240036671	0.0002689600565178	570	0.9462365527300982	False
PHB1	-0.22350702647892748	0.5884295424486159	6.73210770178969e-06	6853	0.9462365527300982	False
SMC4	-0.2236737338215985	0.588494407240116	9.11923612809508e-05	1571	0.9462365527300982	False
AIDA	-0.2240564795897499	0.5886433220871322	8.93723802604458e-06	6326	0.9462365527300982	False
KLHL20	-0.22449521506601156	0.5888140051328938	6.16747305156616e-05	2144	0.9462365527300982	False
SPAG7	-0.2244952150660201	0.5888140051328972	1.07778262380416e-06	8866	0.9462365527300982	False
PRKD3	-0.2245602518157984	0.5888393052141276	9.18102077811041e-06	6273	0.9462365527300982	False
RASD1	-0.22462626154124524	0.5888649834168154	4.77579686297536e-06	7394	0.9462365527300982	False
TAS2R7	-0.22464861675826164	0.588873679652	7.31792817337802e-06	6709	0.9462365527300982	False
CHL1	-0.2248010921585246	0.5889329917980647	2.4231909796402e-06	8226	0.9462365527300982	False
EPAS1	-0.22499978096917175	0.5890102776721337	8.79811567347814e-05	1607	0.9462365527300982	False
LARS2	-0.2252893938222436	0.5891229249455482	8.12171680001087e-06	6502	0.9462365527300982	False
SPDEF	-0.2253002504630529	0.5891271475813779	4.95632046329488e-06	7335	0.9462365527300982	False
SMARCD1	-0.22556075330745767	0.5892284657539404	0.0001104547609821	1333	0.9462365527300982	False
ATXN1	-0.22724903985261802	0.5898849516306572	0.0002013446802395	771	0.9462365527300982	False
ZNF521	-0.22741394214370148	0.5899490599912295	6.64983607368086e-06	6874	0.9462365527300982	False
SNTB2	-0.22764022666451236	0.5900370277462241	3.78218557586839e-05	3081	0.9462365527300982	False
NARS2	-0.22773676620569788	0.5900745559637871	1.28065464538559e-05	5572	0.9462365527300982	False
TBC1D20	-0.22774234248667444	0.590076723629493	4.2662586398706e-07	9401	0.9462365527300982	False
HLCS	-0.22774234248667943	0.5900767236294949	5.59184605632352e-06	7166	0.9462365527300982	False
IQCB1	-0.2277564557822833	0.5900822098735373	2.31411895599589e-05	4208	0.9462365527300982	False
ACAA1	-0.227830322969681	0.5901109238867326	8.8831832188671e-06	6335	0.9462365527300982	False
TCF19	-0.22804985432959937	0.5901962583344558	5.94247497126329e-06	7062	0.9462365527300982	False
RASL10B	-0.22845941098492845	0.5903554464497074	1.37852064084311e-05	5416	0.9462365527300982	False
TMEM200A	-0.22862677934153738	0.5904204955649763	5.46859487000644e-06	7199	0.9462365527300982	False
BRMS1L	-0.2290594196479609	0.5905886333107861	3.62343835239011e-05	3186	0.9462365527300982	False
RPL27A	-0.22912310153127047	0.5906133807045123	0.00017046906752	898	0.9462365527300982	False
FOSL1	-0.2291464040504254	0.5906224361978507	2.47382195905728e-05	4059	0.9462365527300982	False
TMEM79	-0.22963639419746862	0.5908128379896739	6.52289342292652e-06	6898	0.9462365527300982	False
PEBP1	-0.23039403035257852	0.5911072002565776	2.53047857622848e-05	4006	0.9462365527300982	False
ACADL	-0.2311639663314118	0.5914062887030929	1.49937269051305e-06	8645	0.9462365527300982	False
ZNF165	-0.23176808801804083	0.5916409278613088	9.0175793416637e-06	6306	0.9462365527300982	False
IRAK1	-0.2318513093327707	0.5916732482125109	0.0001669384262863	907	0.9462365527300982	False
ARHGAP17	-0.23211679024313178	0.5917763478733847	2.18820957168515e-05	4358	0.9462365527300982	False
CFAP337	-0.23211679024315315	0.5917763478733931	8.97257490016717e-07	8995	0.9462365527300982	False
ZBTB46	-0.23228692505137494	0.5918424164820135	6.52186203470041e-06	6899	0.9462365527300982	False
GOT1L1	-0.23253946766813666	0.591940481776893	1.86508988052426e-06	8464	0.9462365527300982	False
HSF2	-0.2326206438521239	0.5919720022296455	3.21316926341312e-05	3451	0.9462365527300982	False
LONP1	-0.23268442049227228	0.5919967660776456	9.33237422609472e-05	1525	0.9462365527300982	False
CEND1	-0.2327327687465092	0.5920155389888274	3.3179942939401e-06	7891	0.9462365527300982	False
ALPG	-0.23300057350031098	0.5921195197824232	2.51945884956136e-06	8185	0.9462365527300982	False
TET2	-0.23301395344410356	0.5921247146551661	7.12604064749616e-05	1912	0.9462365527300982	False
OAZ1	-0.23317830901433995	0.592188525729526	6.03598263192933e-06	7041	0.9462365527300982	False
CCN5	-0.23404822454461485	0.5925262297973775	1.9160699270045e-06	8438	0.9462365527300982	False
SNAPC3	-0.23436864592313963	0.5926506011170709	9.46838413527601e-07	8960	0.9462365527300982	False
S100A7A	-0.23448499960316369	0.5926957614005649	1.6017836822678e-06	8600	0.9462365527300982	False
RASGEF1C	-0.23448499960316752	0.5926957614005665	3.07191377695176e-07	9430	0.9462365527300982	False
GNPAT	-0.23524136318803024	0.5929892982785002	1.61008681208073e-05	5059	0.9462365527300982	False
PRADC1	-0.235255417064819	0.5929947519489008	2.23714381535677e-06	8297	0.9462365527300982	False
GTSE1	-0.235615382043315	0.5931344318372526	2.77230495501323e-05	3784	0.9462365527300982	False
TRIM63	-0.23579691387693802	0.5932048684926974	6.48663149887074e-05	2055	0.9462365527300982	False
GPRASP2	-0.23592769260432755	0.5932556104304985	1.77157719934846e-05	4852	0.9462365527300982	False
VPS33B	-0.23599380287915844	0.5932812605160742	1.4160345849511e-05	5349	0.9462365527300982	False
VDR	-0.23617061537649736	0.5933498599233804	0.0001302168915098	1132	0.9462365527300982	False
GTF2E2	-0.23677678729910254	0.5935850197022354	9.4682086164518e-05	1506	0.9462365527300982	False
CDK5R1	-0.2372471799991845	0.5937674817138517	4.60825176025448e-05	2644	0.9462365527300982	False
NACC1	-0.2373302211693818	0.5937996906847831	3.57038815024843e-05	3222	0.9462365527300982	False
SNAPC1	-0.23755997498522155	0.5938888014142008	7.48002350414973e-06	6660	0.9462365527300982	False
ZNF488	-0.23783140326425517	0.5939940694461097	4.09005304803161e-06	7602	0.9462365527300982	False
TMOD1	-0.23807885791665442	0.594090033864874	2.22589616229342e-05	4299	0.9462365527300982	False
PRICKLE1	-0.23876135183077804	0.5943546798387754	1.47279301026342e-06	8657	0.9462365527300982	False
RBMY1F	-0.23876135183077804	0.5943546798387754	1.65689213654635e-06	8556	0.9462365527300982	False
ZNF473	-0.23876135183077804	0.5943546798387754	1.14550567464933e-06	8818	0.9462365527300982	False
JAKMIP2	-0.23876135183077804	0.5943546798387754	1.61598121959459e-06	8580	0.9462365527300982	False
TNRC18	-0.23888615954421136	0.5944030710075348	1.65784498964753e-05	4992	0.9462365527300982	False
PMVK	-0.2390086685630178	0.5944505695099788	9.27243473491266e-06	6251	0.9462365527300982	False
LSG1	-0.2394685168952014	0.5946288468858514	2.43880751446998e-05	4093	0.9462365527300982	False
FOS	-0.2394705115078056	0.5946296201291692	0.0001448311683275	1025	0.9462365527300982	False
MZT2A	-0.2395652202026069	0.594666335036708	1.04942614133084e-05	5991	0.9462365527300982	False
PRPS2	-0.23970608232245602	0.5947209403058145	2.17966308052525e-05	4371	0.9462365527300982	False
CAMK1	-0.24010547952086767	0.5948757567950568	1.6692392544545e-05	4979	0.9462365527300982	False
CRYZ	-0.2401887225200846	0.5949080220251685	9.91088966357864e-06	6120	0.9462365527300982	False
ORM1	-0.24023898743759128	0.5949275045419349	2.32480728468276e-06	8271	0.9462365527300982	False
FAM98A	-0.24063276508883344	0.5950801233204609	3.64067877976221e-05	3173	0.9462365527300982	False
SLAIN1	-0.241023362120453	0.5952314950810248	1.28387198207436e-05	5564	0.9462365527300982	False
FBP2	-0.24105934277945923	0.5952454382895298	4.681958369727e-06	7423	0.9462365527300982	False
C1QTNF2	-0.2414233501671559	0.5953864914623195	1.76698521094825e-05	4862	0.9462365527300982	False
NEURL4	-0.24144282141111295	0.5953940362368436	4.1029414520738e-05	2884	0.9462365527300982	False
JCHAIN	-0.24167138862708065	0.5954825994771108	1.37246378120536e-05	5427	0.9462365527300982	False
VASP	-0.24170518626359183	0.5954956946767979	6.27144601331824e-05	2113	0.9462365527300982	False
BCL6B	-0.24195790078941964	0.5955936078121655	3.13173076665586e-06	7951	0.9462365527300982	False
SH3BGRL	-0.24206395374158035	0.5956346957806056	1.0875003456032e-05	5914	0.9462365527300982	False
CYCS	-0.2424932883223007	0.5958010215810017	2.00085777981471e-05	4570	0.9462365527300982	False
LRG1	-0.24249328832233502	0.5958010215810149	1.18306849826156e-06	8801	0.9462365527300982	False
ARSA	-0.24268641067043856	0.5958758322466746	1.56282458696046e-05	5132	0.9462365527300982	False
ZNF335	-0.24269431918280718	0.5958788957276852	7.94843799701472e-06	6540	0.9462365527300982	False
BCL7B	-0.24274908467812012	0.5959001098032362	2.24353047019175e-05	4280	0.9462365527300982	False
DDIT3	-0.24300928538529154	0.5960008978332532	7.46897634959418e-05	1839	0.9462365527300982	False
PLCD1	-0.24324294291492068	0.5960913990056873	4.71374215800007e-06	7409	0.9462365527300982	False
RCOR2	-0.24405167818027876	0.5964046018550977	2.2850168413565e-05	4236	0.9462365527300982	False
UTP20	-0.24426577585777579	0.5964875061667274	2.02799513667855e-05	4542	0.9462365527300982	False
MCM10	-0.24469535432619238	0.5966538372880075	4.55846231235953e-05	2663	0.9462365527300982	False
GEMIN2	-0.24477038454031216	0.596682886904025	4.96425380698594e-05	2507	0.9462365527300982	False
TNFRSF8	-0.2449682242702565	0.5967594823969055	2.50680319381572e-05	4029	0.9462365527300982	False
CCNE1	-0.24523971490631044	0.5968645864808743	0.0001103552414267	1334	0.9462365527300982	False
ABI1	-0.2452798249138947	0.5968801139577815	8.62256462889214e-05	1637	0.9462365527300982	False
FCHSD1	-0.24578034154572345	0.5970738622346732	1.19551934415625e-06	8795	0.9462365527300982	False
SERPINB7	-0.24589106544924122	0.5971167198614401	4.61526444754272e-06	7448	0.9462365527300982	False
TAL1	-0.24618361296377697	0.5972299498869524	5.89091736861285e-05	2212	0.9462365527300982	False
TMEM107	-0.24621483009399303	0.5972420319435716	1.24219143273038e-06	8776	0.9462365527300982	False
IGKC	-0.24732021011489533	0.5976697904417096	1.17049839230446e-05	5756	0.9462365527300982	False
ZNF460	-0.24775029443260255	0.5978361923316534	1.84894263679643e-05	4757	0.9462365527300982	False
SS18L2	-0.2479193849091654	0.5979016094745387	1.23558389478023e-05	5640	0.9462365527300982	False
MAPK3	-0.24792894410999544	0.5979053076234474	0.000213441824521	722	0.9462365527300982	False
DAG1	-0.24826411696501202	0.5980349697320341	9.29492904655018e-05	1533	0.9462365527300982	False
KLHL6	-0.24857487056298816	0.5981551755771614	2.31361164157717e-05	4209	0.9462365527300982	False
RTN4IP1	-0.24902433864868542	0.5983290225922953	1.27089239748264e-05	5588	0.9462365527300982	False
STOX2	-0.24943668808599195	0.5984884955995564	8.06506278310108e-06	6515	0.9462365527300982	False
RNF11	-0.2497133731383323	0.5985954922446824	8.44974159328599e-05	1673	0.9462365527300982	False
CSRNP1	-0.24981020352955705	0.5986329356984311	7.20543051807153e-06	6730	0.9462365527300982	False
TGFBR1	-0.2502094122125712	0.5987872965886468	0.0001173303184487	1268	0.9462365527300982	False
SARS1	-0.2502893646905159	0.5988182097343528	2.70065072565712e-06	8118	0.9462365527300982	False
SNX9	-0.250290375574854	0.5988186005827548	3.91479210411739e-05	3006	0.9462365527300982	False
NR5A1	-0.25029968767877964	0.5988222010107167	1.83319140069907e-05	4773	0.9462365527300982	False
SREBF1	-0.2503071594354913	0.5988250898815345	7.85938130786219e-05	1768	0.9462365527300982	False
CBLIF	-0.2503208788738188	0.5988303943342133	8.14490623274968e-07	9077	0.9462365527300982	False
FBXO2	-0.25032087887382104	0.5988303943342141	4.37206928640041e-05	2762	0.9462365527300982	False
FERMT2	-0.2504312880507656	0.5988730820259792	5.00243104777648e-05	2490	0.9462365527300982	False
NRN1	-0.25054314066321226	0.5989163265921748	9.57185351860935e-06	6186	0.9462365527300982	False
CNTNAP3B	-0.25090987911673834	0.5990581068676586	1.72018242743367e-06	8526	0.9462365527300982	False
GSN	-0.25097532949641943	0.5990834084684147	6.43353564377521e-05	2069	0.9462365527300982	False
SLC44A5	-0.25108161900565823	0.5991244966451423	7.7039173428354e-06	6606	0.9462365527300982	False
EPHX1	-0.251259158691628	0.5991931254505364	7.65392810503374e-06	6617	0.9462365527300982	False
POLR1F	-0.25135935027252587	0.5992318536288876	2.31120287961238e-06	8275	0.9462365527300982	False
ERFE	-0.25197616924831195	0.5994702581043588	1.18744669099596e-06	8799	0.9462365527300982	False
UMPS	-0.25198104904974233	0.599472144031186	2.65192858351223e-06	8140	0.9462365527300982	False
DHRS13	-0.25274594260443406	0.5997677284439689	3.81862514028776e-06	7693	0.9462365527300982	False
DR1	-0.2528422029846553	0.5998049231283697	2.81559808055665e-05	3754	0.9462365527300982	False
ALOX12B	-0.25303247381380134	0.5998784404679155	1.07540239141646e-05	5938	0.9462365527300982	False
CYP1A2	-0.2531579721675626	0.599926928912389	4.62296692130374e-06	7442	0.9462365527300982	False
DDX3Y	-0.2533490832165384	0.6000007649892172	3.32228482980125e-06	7889	0.9462365527300982	False
TRAPPC3	-0.25359022269178605	0.6000939245316708	1.73156111287071e-05	4908	0.9462365527300982	False
ITSN1	-0.25367896186450745	0.6001282057501053	9.66531726328808e-05	1469	0.9462365527300982	False
THTPA	-0.25378742624624195	0.600170106052317	1.77203775825274e-06	8507	0.9462365527300982	False
CHRM3	-0.25413439378112274	0.6003041334991843	3.79321468427741e-05	3073	0.9462365527300982	False
ZDHHC11	-0.25438087539426557	0.6003993378260507	1.36935804797734e-05	5433	0.9462365527300982	False
OXCT2	-0.25457504814017634	0.6004743334792495	5.65522916081381e-06	7147	0.9462365527300982	False
TRIB2	-0.25460086965694106	0.6004843062861585	1.85973353390208e-05	4744	0.9462365527300982	False
HERC4	-0.2549131212317978	0.6006048991478035	1.30413037197198e-05	5531	0.9462365527300982	False
EMSY	-0.2560110300914267	0.6010288398518981	3.58911210657474e-06	7785	0.9462365527300982	False
WWP2	-0.2561769913673119	0.6010929129044099	0.0004494135710389	284	0.9462365527300982	False
VIT	-0.25619437396863526	0.60109962368782	2.14450401478118e-06	8350	0.9462365527300982	False
OPRD1	-0.2565016535108212	0.6012182480885588	7.82295358128035e-06	6575	0.9462365527300982	False
ANKRD27	-0.25717956839901396	0.601479922138647	1.6025366261379e-05	5067	0.9462365527300982	False
CD1B	-0.25782394007759607	0.6017286062779105	2.94763524740391e-05	3643	0.9462365527300982	False
HLA-G	-0.25821560422590667	0.6018797421228071	1.06762872634486e-05	5953	0.9462365527300982	False
INHBE	-0.2584582319369855	0.6019733599379652	4.32545298662771e-06	7536	0.9462365527300982	False
GNPDA1	-0.25848741228162475	0.6019846187680894	2.41380113322824e-06	8232	0.9462365527300982	False
ACCS	-0.25848741228165045	0.6019846187680993	2.92653571548083e-07	9431	0.9462365527300982	False
C9ORF40	-0.2584935246264662	0.6019869771205759	4.27842699417221e-06	7549	0.9462365527300982	False
YBX1	-0.25858593438361155	0.6020226315233953	0.0004077548331828	330	0.9462365527300982	False
TMEM186	-0.2589358836708833	0.6021576445285787	1.81823193520361e-05	4787	0.9462365527300982	False
ARCN1	-0.2591339614289229	0.6022340589614832	5.16697652592085e-05	2437	0.9462365527300982	False
PLEKHG7	-0.25921495257817523	0.6022653025956001	6.93685118721465e-07	9196	0.9462365527300982	False
TTC19	-0.2592149525781938	0.6022653025956072	1.73327793519043e-05	4904	0.9462365527300982	False
YARS1	-0.25966818895845334	0.6024401336832972	1.06348937205897e-06	8875	0.9462365527300982	False
GATD3	-0.2596681889584534	0.6024401336832972	1.06348937205897e-06	8874	0.9462365527300982	False
UQCC2	-0.2601422889660296	0.6026229906742865	3.12760870013359e-06	7955	0.9462365527300982	False
SRGAP2	-0.2601483530265919	0.6026253293932039	3.23350631626923e-05	3437	0.9462365527300982	False
FIZ1	-0.2605473533131275	0.6027792032405007	1.77175453810795e-06	8508	0.9462365527300982	False
AFTPH	-0.26076294412479306	0.6028623388507006	2.13043607365661e-05	4419	0.9462365527300982	False
SBSPON	-0.2610159091175109	0.6029598806433089	3.27993886749027e-06	7900	0.9462365527300982	False
GPC4	-0.26133298551534534	0.6030821343152705	1.40552784567837e-05	5370	0.9462365527300982	False
USP54	-0.26141259739777445	0.6031128283079407	3.36728131170791e-05	3343	0.9462365527300982	False
VPS26B	-0.26144374689105027	0.6031248376769992	1.98494321432845e-05	4595	0.9462365527300982	False
RUFY4	-0.26144703800519337	0.6031261065267385	2.67792586181095e-06	8128	0.9462365527300982	False
CWC27	-0.26160493058350515	0.603186978841108	5.24848941612008e-06	7260	0.9462365527300982	False
CPA4	-0.26165985090391175	0.6032081516789785	8.85927462214168e-06	6339	0.9462365527300982	False
BCAT2	-0.26203499051072054	0.6033527670590557	9.82386840060533e-06	6141	0.9462365527300982	False
TLK2	-0.26205730797170934	0.6033613699366447	3.84531624095154e-05	3047	0.9462365527300982	False
SINHCAF	-0.26206489684696554	0.6033642952653403	4.34134857702419e-05	2782	0.9462365527300982	False
MAP2K7	-0.2620975225365256	0.6033768716168719	4.62536393417841e-05	2631	0.9462365527300982	False
CERS2	-0.26214988321168375	0.6033970550653123	2.68074316305559e-05	3851	0.9462365527300982	False
PIPSL	-0.262392000010479	0.6034903801274375	6.07881413523831e-06	7024	0.9462365527300982	False
CDC37L1	-0.26270676432300516	0.6036116986516693	5.42485684201055e-05	2347	0.9462365527300982	False
PARD6B	-0.26280443455777847	0.6036493413148833	3.8416986194193e-05	3051	0.9462365527300982	False
FOXS1	-0.2631343939670982	0.6037765023976484	5.81742831843866e-06	7104	0.9462365527300982	False
ZFPM1	-0.2632798490423792	0.6038325549535883	9.46643046150286e-06	6210	0.9462365527300982	False
ATL3	-0.26329149496339727	0.6038370427319653	2.34941402327477e-05	4179	0.9462365527300982	False
NEBL	-0.26360823640765924	0.6039590943867336	3.8743517688419e-06	7670	0.9462365527300982	False
E2F6	-0.26387378632440284	0.6040614122871074	9.16876641119358e-05	1563	0.9462365527300982	False
USP32	-0.26390264293017346	0.6040725304704624	2.03096327148803e-05	4537	0.9462365527300982	False
MAST1	-0.2642088733269985	0.6041905129919966	2.73055344293851e-05	3815	0.9462365527300982	False
AKAP9	-0.264692948376529	0.6043769949083815	6.15987008717632e-05	2146	0.9462365527300982	False
RNF41	-0.26525558986573716	0.6045937132209898	7.75147150690316e-05	1788	0.9462365527300982	False
TMX3	-0.26548903457813616	0.6046836219922862	1.03261527081775e-05	6025	0.9462365527300982	False
NBEA	-0.2656570035460782	0.6047483100237432	1.6345939277542e-05	5030	0.9462365527300982	False
MIER2	-0.2661503566702147	0.6049382929616433	2.64554602418337e-05	3882	0.9462365527300982	False
AGRP	-0.26645131425386986	0.6050541749964714	7.2080825134335e-06	6728	0.9462365527300982	False
SLC22A1	-0.2666111861397435	0.605115728993702	1.33655284883871e-06	8735	0.9462365527300982	False
PMM2	-0.2666894985640978	0.6051458799466849	5.9862797926604e-07	9270	0.9462365527300982	False
BPGM	-0.2674265507021993	0.6054296204457867	7.18949485601469e-06	6732	0.9462365527300982	False
TCP11L2	-0.26763685420917177	0.605510570035992	1.02129105548862e-05	6048	0.9462365527300982	False
L3MBTL3	-0.267851380196399	0.6055931402402739	2.85937590753044e-05	3714	0.9462365527300982	False
NLGN2	-0.2679243490641668	0.6056212245878064	9.24844271992309e-07	8969	0.9462365527300982	False
MORC2	-0.26809697053293263	0.6056876611648683	2.81552941443267e-05	3755	0.9462365527300982	False
ITGA5	-0.26841794625992366	0.605811186457562	2.77182039132858e-05	3786	0.9462365527300982	False
HK1	-0.26847508404190507	0.6058331744230345	2.17315040432773e-05	4377	0.9462365527300982	False
NR1H2	-0.2686178192165853	0.6058881008092166	3.36967091059867e-05	3341	0.9462365527300982	False
ZNF496	-0.2688358094239864	0.6059719822645606	7.07050424301008e-06	6755	0.9462365527300982	False
RHOBTB3	-0.2697584265037887	0.606326945864439	2.57177629344688e-05	3958	0.9462365527300982	False
ANKRD13D	-0.2699483853110125	0.6064000188160756	2.03731354141829e-05	4522	0.9462365527300982	False
POLG	-0.27027700301568985	0.6065264219293971	1.65138700252766e-05	5002	0.9462365527300982	False
PDE9A	-0.2705354792902698	0.6066258371876271	4.47704355979519e-06	7492	0.9462365527300982	False
RCE1	-0.2709769795479937	0.6067956311294914	5.58415882375534e-07	9299	0.9462365527300982	False
BBS4	-0.2709769795480093	0.6067956311294974	1.76909907939139e-05	4856	0.9462365527300982	False
LTBP1	-0.27119398025133135	0.6068790786878541	2.79215342467044e-05	3772	0.9462365527300982	False
RAB6B	-0.27180378051333287	0.6071135509030648	2.59985118396562e-05	3929	0.9462365527300982	False
SCARB2	-0.27221383509177055	0.6072711977418255	7.22200352599174e-06	6724	0.9462365527300982	False
ATF7IP	-0.27234144813532624	0.6073202554094794	1.94753960247386e-05	4633	0.9462365527300982	False
TRPS1	-0.2723964364699965	0.6073413937845461	3.63060756603136e-05	3179	0.9462365527300982	False
APOF	-0.2724023545491845	0.6073436687677881	7.88188930543635e-07	9093	0.9462365527300982	False
GALNT4	-0.2724023545491904	0.6073436687677903	4.16041613906931e-06	7579	0.9462365527300982	False
BBX	-0.2725093131036733	0.6073847843341692	1.09003868840729e-05	5908	0.9462365527300982	False
TRMT12	-0.27263878338614606	0.6074345519523943	3.72354661963637e-06	7732	0.9462365527300982	False
CENPX	-0.2726890118470741	0.6074538590056529	5.93389147947419e-07	9277	0.9462365527300982	False
CENPS	-0.27268901184707817	0.6074538590056544	1.68493212778395e-06	8541	0.9462365527300982	False
SNRPD1	-0.27300547971031563	0.607575498335278	0.0001683699596129	904	0.9462365527300982	False
CREB5	-0.27316762390580607	0.6076378168998644	2.14606520301049e-05	4401	0.9462365527300982	False
IGFBP2	-0.27364640786253824	0.6078218168019878	6.14787648814872e-06	7000	0.9462365527300982	False
TRIOBP	-0.2738131901192778	0.6078859066884577	3.31947985405984e-05	3376	0.9462365527300982	False
VSX2	-0.2743856860195624	0.6081058790210541	7.91041379398866e-06	6547	0.9462365527300982	False
THOC7	-0.27445555506862984	0.6081327227139138	3.49985481479047e-05	3258	0.9462365527300982	False
LCN2	-0.2750304124515562	0.6083535634036924	2.19636911044905e-06	8319	0.9462365527300982	False
GCH1	-0.27505366594174785	0.6083624958709168	1.60023329865429e-05	5072	0.9462365527300982	False
DAPK3	-0.27571619646559875	0.6086169726652069	3.84646875689347e-05	3046	0.9462365527300982	False
PIK3C2A	-0.27579590632184803	0.6086475859485709	3.95112008219309e-05	2980	0.9462365527300982	False
MGST3	-0.2762208704215373	0.6088107858500186	2.40412651113329e-05	4132	0.9462365527300982	False
KLHDC8B	-0.2769589501180049	0.6090941866826232	3.03217998573715e-06	7989	0.9462365527300982	False
TLE1	-0.2775579473459434	0.609324141374939	5.32929615332099e-05	2377	0.9462365527300982	False
RPS19BP1	-0.2776273953346029	0.6093507999463762	8.76280566374487e-06	6357	0.9462365527300982	False
GPATCH2	-0.2777275236310086	0.6093892346737042	1.01380016648005e-05	6069	0.9462365527300982	False
RAB40C	-0.2777564094632606	0.6094003224404788	2.03523352107125e-05	4528	0.9462365527300982	False
PTP4A3	-0.27810217959386613	0.6095330386794858	2.22557839238204e-05	4303	0.9462365527300982	False
PHOSPHO2	-0.2787201705856048	0.6097702090964805	1.66044873121295e-06	8553	0.9462365527300982	False
TLE5	-0.2787731250905564	0.6097905298919207	8.60719898465681e-06	6392	0.9462365527300982	False
FGL2	-0.2791216684814542	0.6099242726671164	9.70763243460561e-06	6166	0.9462365527300982	False
DNMT3B	-0.2791569554243977	0.6099378122179852	8.66511668322757e-05	1628	0.9462365527300982	False
SIRT3	-0.2791918494049863	0.6099512008585932	4.77890963693839e-05	2577	0.9462365527300982	False
SP1	-0.2792613181492573	0.6099778552695905	0.0003749808168537	366	0.9462365527300982	False
FZD3	-0.2794672994578317	0.6100568850450689	3.98686798531676e-06	7632	0.9462365527300982	False
NUS1	-0.28003496816279705	0.6102746614973998	1.0618084214064e-05	5964	0.9462365527300982	False
CD14	-0.28012399039097174	0.6103088102241899	1.80137739024042e-06	8494	0.9462365527300982	False
BMAL2	-0.28026679640065705	0.6103635885099636	2.4369777495548e-06	8221	0.9462365527300982	False
TADA2A	-0.28038259181644026	0.6104080043194783	6.34918538426133e-05	2086	0.9462365527300982	False
PMM1	-0.280461508380145	0.6104382736299093	5.13109702507018e-06	7291	0.9462365527300982	False
RAB6C	-0.28058105018265167	0.6104841239185568	8.17410843114013e-07	9072	0.9462365527300982	False
POLR3C	-0.2806232124878197	0.6105002949145703	3.60410313642816e-05	3198	0.9462365527300982	False
RGS9	-0.2806969052472284	0.6105285586905072	3.02772497814993e-06	7991	0.9462365527300982	False
CCT6B	-0.28073215340985946	0.6105420773990925	9.2479309684434e-05	1547	0.9462365527300982	False
API5	-0.2808896212350567	0.6106024693142854	5.54088812643098e-05	2308	0.9462365527300982	False
ALDH6A1	-0.2810321471238914	0.6106571284088794	1.92921554468395e-06	8434	0.9462365527300982	False
LEG1	-0.2812957480229638	0.6107582143537984	1.54877269753318e-06	8626	0.9462365527300982	False
PPARD	-0.28142896205079404	0.6108092965561159	4.59291009375994e-05	2650	0.9462365527300982	False
SMIM3	-0.2814498841381872	0.6108173191581013	1.49580095708605e-06	8648	0.9462365527300982	False
RRAGA	-0.28153653274064394	0.6108505441759146	3.21908518881428e-05	3443	0.9462365527300982	False
PKN1	-0.2815734897488196	0.6108647149283153	4.02105252678232e-05	2943	0.9462365527300982	False
PPME1	-0.2819332333889867	0.6110026469063143	3.80771094384216e-05	3069	0.9462365527300982	False
MCC	-0.2821844471658489	0.6110989583501468	2.94642474526419e-05	3645	0.9462365527300982	False
RIGI	-0.28243759085026776	0.6111960027844037	4.90827221645618e-06	7348	0.9462365527300982	False
WDR6	-0.2827632150537382	0.6113208229386436	6.99644890789493e-05	1934	0.9462365527300982	False
PLSCR1	-0.28316704227873496	0.6114756043626681	5.45304072253515e-05	2332	0.9462365527300982	False
CFL2	-0.28324315425399527	0.6115047750549825	1.86175469781495e-05	4741	0.9462365527300982	False
TNNI1	-0.28428052522261266	0.6119022953190152	2.74111222719617e-06	8105	0.9462365527300982	False
LRRC56	-0.28463249744701963	0.6120371443647654	5.6234164419821e-06	7160	0.9462365527300982	False
BFSP1	-0.2852231129765721	0.6122633930541637	5.30719874613636e-06	7240	0.9462365527300982	False
DTX2	-0.28528891595197026	0.6122885980198427	5.69698312710775e-05	2267	0.9462365527300982	False
TPCN1	-0.2854976283808687	0.6123685394442386	1.03312468195002e-06	8902	0.9462365527300982	False
TPCN2	-0.2854976283808763	0.6123685394442415	3.46209337306271e-05	3282	0.9462365527300982	False
CLEC18A	-0.28564763018004247	0.6124259904718479	4.15121046498416e-06	7581	0.9462365527300982	False
PAPOLA	-0.28581988304318645	0.6124919606707063	1.06887367760582e-05	5951	0.9462365527300982	False
ANKMY2	-0.28610708634328624	0.6126019478969571	1.61071604726751e-05	5058	0.9462365527300982	False
SOX13	-0.28630534083509684	0.6126778660620085	5.92418293497769e-06	7071	0.9462365527300982	False
ZNF609	-0.28633371590220325	0.6126887314559553	2.83872579478479e-05	3740	0.9462365527300982	False
SLC25A17	-0.28651444541760596	0.61275793441428	1.08306779353316e-05	5920	0.9462365527300982	False
FNBP1	-0.2866435736455762	0.6128073765805204	3.12785572168495e-05	3516	0.9462365527300982	False
TMEM181	-0.2868797857041969	0.6128978155532936	2.1497488229961e-06	8348	0.9462365527300982	False
ALG6	-0.2868797857041982	0.612897815553294	1.99608334071097e-06	8404	0.9462365527300982	False
TFAP4	-0.28716611506910567	0.6130074348200238	6.93121159017387e-05	1948	0.9462365527300982	False
HOXD13	-0.2874900248311985	0.6131314306229715	3.6146785314912e-06	7771	0.9462365527300982	False
TRAPPC5	-0.28759359525306943	0.6131710759508087	1.11457632753311e-05	5862	0.9462365527300982	False
ATG101	-0.28792967174435646	0.6132997132577437	4.20232712273464e-05	2846	0.9462365527300982	False
NEK3	-0.2881048134475487	0.6133667459120523	5.15996493350308e-06	7284	0.9462365527300982	False
MEF2A	-0.2885947085141412	0.6135542273576419	3.8018497600467e-05	3071	0.9462365527300982	False
FLNC	-0.28870426147571077	0.6135961493389687	5.12710673234296e-05	2451	0.9462365527300982	False
PYGO1	-0.28875674404352	0.6136162320618604	1.50093697603959e-06	8644	0.9462365527300982	False
LIFR	-0.28916474284141197	0.6137723445043612	5.25958914192767e-06	7255	0.9462365527300982	False
TRIM74	-0.28937403830438624	0.613852420011361	1.98316165872734e-06	8413	0.9462365527300982	False
APPL2	-0.2901029897916518	0.6141312757064424	1.77744760762369e-05	4844	0.9462365527300982	False
HTRA2	-0.29012253227181706	0.614138750745362	0.0001244409302027	1182	0.9462365527300982	False
MYO3B	-0.2901843948201898	0.6141624130181114	7.70087029455652e-06	6608	0.9462365527300982	False
VPS37D	-0.29079250924758426	0.6143949926686949	4.69433909491769e-06	7418	0.9462365527300982	False
AASS	-0.29079250924760314	0.6143949926687021	6.57207484440687e-07	9228	0.9462365527300982	False
SH3GL1	-0.29114904343446596	0.6145313337363515	2.73167154819502e-05	3812	0.9462365527300982	False
TEN1	-0.29125154751155813	0.6145705293653191	2.66432212549016e-06	8135	0.9462365527300982	False
PTN	-0.29157974262082753	0.6146960171223733	1.4310663624751e-05	5319	0.9462365527300982	False
MARS1	-0.29172557666835774	0.6147517739651677	5.31384175088548e-06	7238	0.9462365527300982	False
NMUR2	-0.2917632331018806	0.6147661707928807	1.1231041433619e-05	5846	0.9462365527300982	False
DNAJB7	-0.2921760079331346	0.6149239727123313	3.20199464751966e-06	7927	0.9462365527300982	False
ZDHHC9	-0.2922622993525356	0.6149569591209048	2.43380407644189e-05	4095	0.9462365527300982	False
HIC2	-0.2922865183519813	0.6149662171087334	9.95262890147368e-06	6108	0.9462365527300982	False
PPP1R3C	-0.29230979986019273	0.6149751166681019	2.12303223843844e-05	4427	0.9462365527300982	False
KPNB1	-0.29256990606830297	0.6150745404133324	0.000337857733612	423	0.9462365527300982	False
ZNHIT3	-0.29260526068363785	0.6150880538792638	1.49228571178831e-05	5235	0.9462365527300982	False
ZNF408	-0.2929881978396705	0.615234413594005	7.34793391556795e-05	1863	0.9462365527300982	False
RAB5B	-0.29325712485514177	0.6153371884818567	2.00565030512451e-05	4566	0.9462365527300982	False
THUMPD3	-0.2933383643132797	0.6153682338849797	1.32175020915313e-05	5506	0.9462365527300982	False
MICU3	-0.29333836431329297	0.6153682338849848	6.79181878276635e-07	9209	0.9462365527300982	False
ACOT11	-0.293338364313293	0.6153682338849848	5.12590096812554e-07	9340	0.9462365527300982	False
SYNE2	-0.2937388657627509	0.6155212734353417	5.29985844510363e-05	2388	0.9462365527300982	False
APP	-0.29412594131138187	0.6156691655750395	0.0003596932707679	384	0.9462365527300982	False
ARHGEF7	-0.294341060861663	0.6157513502385916	7.6602002501331e-05	1803	0.9462365527300982	False
PMPCB	-0.2944586823382195	0.6157962843608188	5.88499078163099e-05	2213	0.9462365527300982	False
WDCP	-0.29494228884346446	0.6159810168621869	2.61621210514931e-05	3912	0.9462365527300982	False
ARPC2	-0.29529683067651696	0.6161164313059477	5.48989828864586e-05	2322	0.9462365527300982	False
FCRL4	-0.2956211091943851	0.616240274503671	7.92594831740883e-07	9089	0.9462365527300982	False
TFF2	-0.2956211091943916	0.6162402745036735	1.86087484310431e-07	9448	0.9462365527300982	False
VSIG4	-0.2959204279796835	0.6163545749489633	1.98449820766792e-05	4596	0.9462365527300982	False
GNB2	-0.2960020135726317	0.6163857281696841	0.0001116065278599	1321	0.9462365527300982	False
PRG3	-0.2962475317526331	0.6164794740313329	2.27716410187968e-05	4243	0.9462365527300982	False
BNIP3L	-0.2962599768916063	0.6164842257597354	2.40248654025463e-05	4135	0.9462365527300982	False
ZZZ3	-0.2962916930016012	0.6164963353356206	2.41510667890856e-05	4119	0.9462365527300982	False
INSIG1	-0.2965598472680476	0.6165987151718544	1.99690838635087e-05	4576	0.9462365527300982	False
DDB1	-0.29656825454687447	0.6166019248934604	0.0005187701242467	229	0.9462365527300982	False
DCAF12	-0.29657279015758314	0.6166036564905738	3.0818339172484e-05	3547	0.9462365527300982	False
COIL	-0.2968499424167668	0.6167094627492866	9.22656817000927e-05	1553	0.9462365527300982	False
WFDC2	-0.29686004412983796	0.6167133190372134	1.67864011656232e-06	8545	0.9462365527300982	False
PALS2	-0.29714463696045784	0.6168219564406426	9.35648774603127e-06	6231	0.9462365527300982	False
GSPT1	-0.29727746962299084	0.6168726594071883	8.56826411337089e-05	1646	0.9462365527300982	False
NECAP2	-0.2973971952630211	0.6169183576347833	1.69115921850835e-05	4953	0.9462365527300982	False
ADO	-0.2974142447760821	0.6169248651521687	1.45516452848902e-06	8665	0.9462365527300982	False
DVL2	-0.29782496326637653	0.6170816196365196	0.0002565117194994	602	0.9462365527300982	False
NIPSNAP3A	-0.29786175986041014	0.6170956624591464	5.89861168278344e-06	7077	0.9462365527300982	False
MAB21L4	-0.2978617598604311	0.6170956624591544	6.71386695385343e-07	9216	0.9462365527300982	False
NR1I3	-0.29804218507766034	0.6171645165857601	1.66056056696523e-05	4988	0.9462365527300982	False
RGS7	-0.2980630200438767	0.6171724674166147	4.58694326490249e-06	7458	0.9462365527300982	False
MYO1C	-0.29817539484033573	0.6172153499080217	8.58549849409252e-05	1642	0.9462365527300982	False
TSLP	-0.29838948217845745	0.6172970421722521	2.51878390502389e-06	8186	0.9462365527300982	False
CCDC6	-0.2990029099997317	0.6175310873935815	9.12234759673299e-05	1570	0.9462365527300982	False
UBC	-0.29923174494069943	0.6176183853312336	0.001516384607489	47	0.9462365527300982	False
AEBP2	-0.2992623750214509	0.6176300699065442	2.2430844713614e-05	4282	0.9462365527300982	False
ZNF263	-0.2995538746415823	0.6177412640322021	6.73014261396537e-05	1991	0.9462365527300982	False
CENPW	-0.29996703731021107	0.6178988505585455	1.01954053934326e-05	6053	0.9462365527300982	False
ATP13A2	-0.3000397894617583	0.6179265973142753	1.53754369657565e-05	5167	0.9462365527300982	False
RIPK4	-0.3003953855490059	0.6180622084728394	9.22991248001222e-05	1551	0.9462365527300982	False
GFPT2	-0.30062485068351436	0.6181497102757515	3.06122498294667e-06	7972	0.9462365527300982	False
TBL3	-0.3006689968988909	0.6181665438335445	5.89935834191771e-05	2209	0.9462365527300982	False
CDK2AP2	-0.30113889928457094	0.6183457102094593	7.97570479336798e-06	6534	0.9462365527300982	False
LRRC8E	-0.3011476854666669	0.6183490600009307	1.27705318464631e-05	5577	0.9462365527300982	False
ZSCAN21	-0.3013184751248613	0.6184141729546748	1.33893513696612e-05	5486	0.9462365527300982	False
SOX6	-0.30146003264659454	0.6184681387201778	2.67235359846651e-05	3858	0.9462365527300982	False
LIN7C	-0.30171459450836335	0.6185651791689002	3.72792257189648e-05	3112	0.9462365527300982	False
PXDC1	-0.3017145945083634	0.6185651791689002	8.8885558159338e-07	9009	0.9462365527300982	False
SLC38A6	-0.30277277071975195	0.6189684820930936	6.78632592095311e-07	9210	0.9462365527300982	False
TF	-0.30277277071976105	0.6189684820930972	2.33401137519668e-05	4193	0.9462365527300982	False
PALLD	-0.30287493539491406	0.6190074133052216	3.30489472460094e-05	3386	0.9462365527300982	False
TIMM10	-0.30298645536790947	0.6190499081032065	8.42906940047348e-06	6433	0.9462365527300982	False
FBXO30	-0.3034674327836567	0.6192331685751005	2.63793822457211e-05	3888	0.9462365527300982	False
C9ORF72	-0.30373521571076395	0.6193351867783778	7.35432981710578e-05	1861	0.9462365527300982	False
HOXA1	-0.30380907441736843	0.6193633235299336	3.62077040573782e-05	3187	0.9462365527300982	False
MYH10	-0.30462646274435956	0.6196746684939585	0.0001123871683798	1310	0.9462365527300982	False
CDK2AP1	-0.304996604776781	0.6198156308997801	5.96865774787288e-05	2189	0.9462365527300982	False
HESX1	-0.3050587280764806	0.6198392879610233	8.18577035122677e-06	6484	0.9462365527300982	False
ZNF296	-0.30508923637156726	0.6198509056054781	3.50920479204124e-06	7819	0.9462365527300982	False
CCZ1B	-0.30536429488083827	0.6199556437748357	7.44570258420438e-06	6671	0.9462365527300982	False
DVL1P1	-0.3056869319702567	0.6200784879448875	9.75727235347017e-07	8941	0.9462365527300982	False
CAMK2A	-0.3062135337559236	0.6202789657056732	4.18133798289466e-05	2853	0.9462365527300982	False
GNGT1	-0.30644017061253687	0.6203652366087087	8.17459619491231e-06	6486	0.9462365527300982	False
DCTN5	-0.30653082171307866	0.6203997419062611	2.45638137457783e-05	4077	0.9462365527300982	False
EXOSC7	-0.306557060630887	0.6204097292692626	3.68629673097662e-05	3145	0.9462365527300982	False
LDB1	-0.3072864666008978	0.620687332099897	2.9476757826403e-05	3642	0.9462365527300982	False
MGARP	-0.30741050261180436	0.6207345324757101	4.70415933125148e-06	7414	0.9462365527300982	False
PRDX2	-0.3074799653279206	0.6207609648704272	8.73894008644815e-05	1616	0.9462365527300982	False
COL14A1	-0.30747996532794414	0.6207609648704362	1.11540994636109e-06	8842	0.9462365527300982	False
KCTD7	-0.30777788719868354	0.6208743255917857	1.07711353083342e-05	5932	0.9462365527300982	False
DPY30	-0.30810328478617877	0.620998129080654	5.97581602554298e-05	2186	0.9462365527300982	False
SARNP	-0.30815993249780527	0.6210196804749349	3.12766720215089e-05	3517	0.9462365527300982	False
PM20D2	-0.30857108947925366	0.62117609221784	8.48799282468101e-06	6422	0.9462365527300982	False
ROPN1L	-0.3087254663977008	0.6212348149387733	1.96849338747065e-06	8420	0.9462365527300982	False
APOA1	-0.3088744796314418	0.6212914947380428	3.23362160296972e-05	3436	0.9462365527300982	False
FBXO9	-0.30887953818916597	0.6212934188034968	6.22612268916198e-06	6977	0.9462365527300982	False
FBXO27	-0.308879538189166	0.6212934188034968	6.22612268916198e-06	6976	0.9462365527300982	False
GLI3	-0.3089010574961531	0.6213016038213358	2.81858623574358e-05	3752	0.9462365527300982	False
TNFSF11	-0.30904317348499116	0.6213556572582067	2.41340382619119e-06	8233	0.9462365527300982	False
MED21	-0.30981087052164963	0.621647607702172	0.0001373897468762	1077	0.9462365527300982	False
NRGN	-0.3106895862951441	0.6219816926611709	9.81012008049507e-07	8938	0.9462365527300982	False
HAO2	-0.3107516256028097	0.6220052763659464	1.38777107548662e-05	5401	0.9462365527300982	False
ESR1	-0.3110062205516965	0.6221020536655416	0.0018268618896141	36	0.9462365527300982	False
SCN2B	-0.31100767180408095	0.6221026052974452	6.57402059685279e-05	2029	0.9462365527300982	False
GNAI1	-0.31109431184819386	0.6221355373761253	3.53095795587763e-05	3244	0.9462365527300982	False
SYNPR	-0.31109583719771045	0.6221361171570104	9.33501752404299e-07	8966	0.9462365527300982	False
LNPK	-0.3110958371977139	0.6221361171570118	1.86700278250597e-07	9447	0.9462365527300982	False
FATE1	-0.3110958371977241	0.6221361171570157	2.94746565988417e-06	8024	0.9462365527300982	False
EMILIN1	-0.3113593971477016	0.6222362913905861	5.36250512517335e-05	2369	0.9462365527300982	False
PTPN4	-0.31143154088304414	0.6222637104494549	3.23517562722998e-05	3433	0.9462365527300982	False
KPNA7	-0.3114976556049629	0.6222888375712566	1.07134955389819e-06	8869	0.9462365527300982	False
FGB	-0.3115043381058585	0.6222913772493404	8.69418429154795e-05	1625	0.9462365527300982	False
PGBD2	-0.31151642328587037	0.6222959701970371	5.69055342531873e-07	9290	0.9462365527300982	False
PGBD1	-0.3115164232858782	0.6222959701970401	1.46074484606043e-05	5278	0.9462365527300982	False
XPNPEP3	-0.31157800132322405	0.6223193725343935	1.41326140400863e-05	5354	0.9462365527300982	False
CFAP418	-0.31157800132323016	0.6223193725343958	9.12358634340574e-07	8977	0.9462365527300982	False
PRSS23	-0.3116489407497502	0.6223463320509587	1.7937200635071e-06	8497	0.9462365527300982	False
TSPAN11	-0.31182767326281596	0.622414254148724	5.01247252760585e-06	7320	0.9462365527300982	False
TPSB2	-0.3123024680272912	0.6225946677121397	9.0402367201247e-06	6300	0.9462365527300982	False
BCL9	-0.31231807596381367	0.6226005979964135	1.28651739433183e-05	5560	0.9462365527300982	False
LGALS3BP	-0.3124669138371594	0.6226571479592687	0.0001143265518584	1291	0.9462365527300982	False
ARID4B	-0.3128034257019621	0.6227849937139546	4.07124703302326e-05	2907	0.9462365527300982	False
RIPK2	-0.3130480911251753	0.6228779372209674	6.90667974889259e-05	1954	0.9462365527300982	False
ZNF813	-0.31323878587174575	0.6229503734099968	5.15066615607313e-06	7286	0.9462365527300982	False
SLC25A15	-0.3134008671499024	0.6230119372530876	8.23881670289391e-06	6469	0.9462365527300982	False
SRPK1	-0.3139433661925877	0.6232179736172205	0.0002572086718451	600	0.9462365527300982	False
CADPS	-0.31396940604667434	0.6232278624426435	7.51292315391538e-07	9126	0.9462365527300982	False
CLIP1	-0.313969406046704	0.6232278624426547	2.65098858660091e-05	3876	0.9462365527300982	False
ZNF696	-0.31500725733998153	0.6236219281879829	1.10054226758509e-05	5889	0.9462365527300982	False
CCDC68	-0.3152716821905305	0.6237223081005784	9.14205388505375e-06	6283	0.9462365527300982	False
PGD	-0.3159673745870923	0.6239863641024539	1.41526957076157e-05	5352	0.9462365527300982	False
AP1G2	-0.3160831254493346	0.6240302927042325	2.52008910330214e-05	4014	0.9462365527300982	False
NOL4L	-0.31623098920433185	0.6240864061298074	9.34061205574057e-06	6235	0.9462365527300982	False
DNAJC6	-0.3162767712806215	0.6241037796266572	1.29798293575985e-05	5543	0.9462365527300982	False
DBF4B	-0.3167769497875518	0.6242935722232898	3.98082389480775e-06	7636	0.9462365527300982	False
CTSG	-0.3169231320696486	0.6243490353736222	7.86496223398306e-06	6564	0.9462365527300982	False
TGM2	-0.31742679782942684	0.6245401119652826	5.36546713108648e-05	2367	0.9462365527300982	False
ASMTL	-0.3174663761458211	0.6245551255689524	4.54640666903285e-06	7467	0.9462365527300982	False
MYLK2	-0.3175104730115497	0.6245718530129688	2.16225871530421e-05	4383	0.9462365527300982	False
MTRFR	-0.31751047301155816	0.624571853012972	1.07982207448659e-06	8865	0.9462365527300982	False
PKP2	-0.3180288656851477	0.6247684794534861	9.13904246464869e-05	1565	0.9462365527300982	False
EXOC6	-0.3182739476352382	0.6248614278023723	3.12382370207648e-05	3519	0.9462365527300982	False
FAM210B	-0.31843681954613007	0.6249231936423091	4.60100252964895e-06	7452	0.9462365527300982	False
TRIM62	-0.3193491510667912	0.62526911743592	1.08942572662678e-05	5910	0.9462365527300982	False
PRAME	-0.3194397709639343	0.6253034717931901	1.36481733485795e-05	5438	0.9462365527300982	False
NEDD8	-0.3195877835381109	0.6253595817999286	0.000191577085515	799	0.9462365527300982	False
ARL13A	-0.31973830424307575	0.6254166398906525	8.51979723190331e-07	9043	0.9462365527300982	False
INTS12	-0.3197383042430849	0.625416639890656	1.63506620276729e-05	5029	0.9462365527300982	False
SCNM1	-0.3199972530888745	0.6255147935596932	1.38626118795369e-05	5408	0.9462365527300982	False
ADCY9	-0.3201013607527525	0.6255542529196423	1.51982449639425e-05	5196	0.9462365527300982	False
CTSF	-0.32025060335870176	0.6256108172367094	2.45283215184541e-06	8213	0.9462365527300982	False
CDC42	-0.3204298483266251	0.6256787491508935	0.0009636889281855	97	0.9462365527300982	False
IPO5	-0.32046209208978715	0.6256909687762013	0.0001457953251537	1022	0.9462365527300982	False
MAN2B2	-0.3205350578242383	0.6257186206014442	5.12499629310705e-06	7292	0.9462365527300982	False
TYMP	-0.3206088836895386	0.6257465977322889	5.52275063220499e-06	7181	0.9462365527300982	False
FHOD1	-0.320628417017395	0.6257539999928503	9.4870765154058e-06	6204	0.9462365527300982	False
NES	-0.3207753069320881	0.625809663237608	4.07044950564904e-05	2909	0.9462365527300982	False
ILKAP	-0.32079389964859306	0.6258167086734171	7.70096635742454e-06	6607	0.9462365527300982	False
CPLX2	-0.32116773640707	0.6259583596819681	4.97532749286863e-06	7327	0.9462365527300982	False
FOXP2	-0.3212386273440036	0.6259852191482651	3.64778082890789e-05	3168	0.9462365527300982	False
BMAL1	-0.3214383754771315	0.6260608972988861	3.99164135856296e-06	7630	0.9462365527300982	False
AP1M1	-0.32144816153494826	0.6260646047969778	3.65510759981921e-05	3160	0.9462365527300982	False
KMT2B	-0.32153507240542806	0.6260975309133276	3.1849335417054e-05	3470	0.9462365527300982	False
TOB1	-0.32166119300336843	0.6261453099682741	3.35089330686509e-05	3354	0.9462365527300982	False
AHNAK	-0.3222750038682419	0.6263778160929907	0.0001019866960327	1421	0.9462365527300982	False
PROX1	-0.32251970106141264	0.6264704924079634	7.70865417358267e-06	6603	0.9462365527300982	False
GINM1	-0.32255999065480195	0.6264857509380666	2.54545987804009e-05	3988	0.9462365527300982	False
CALCB	-0.32255999065480195	0.6264857509380666	8.90910958887902e-07	9006	0.9462365527300982	False
SERTAD4	-0.3226664719833035	0.6265260767382997	1.33895078719669e-05	5485	0.9462365527300982	False
BTNL8	-0.3227694635409004	0.6265650796008762	1.83120912058448e-05	4776	0.9462365527300982	False
LRRC57	-0.32279511718380716	0.626574794423731	1.16369430443856e-05	5766	0.9462365527300982	False
FIP1L1	-0.32284137564379134	0.6265923119174449	4.79402992722778e-05	2569	0.9462365527300982	False
KCNA10	-0.3228784605016712	0.6266063552951409	9.99574677374591e-06	6095	0.9462365527300982	False
PACRG	-0.32302885799213427	0.6266633064323681	1.28823111937182e-05	5557	0.9462365527300982	False
EBNA1BP2	-0.32314551103438666	0.6267074776273852	0.0001294490873461	1139	0.9462365527300982	False
SIPA1L1	-0.3231559585928166	0.6267114335607761	5.53287054574974e-05	2313	0.9462365527300982	False
RALGDS	-0.3232478611138407	0.6267462315704008	2.17487162802167e-05	4375	0.9462365527300982	False
HIP1R	-0.3233956128131507	0.6268021741695948	5.66510383110006e-05	2274	0.9462365527300982	False
GPR21	-0.3234862591015972	0.6268364938663764	4.9575053708641e-05	2509	0.9462365527300982	False
BTBD1	-0.3237397033715673	0.6269324453553083	4.86018927704162e-05	2543	0.9462365527300982	False
CMTM5	-0.3238549489407579	0.6269760735822599	9.02844244902472e-06	6304	0.9462365527300982	False
CYP3A4	-0.32398780113285935	0.6270263650839415	5.72738170392372e-06	7132	0.9462365527300982	False
KLHL8	-0.3240232469309214	0.6270397828062235	2.31952565145949e-05	4204	0.9462365527300982	False
CHCHD5	-0.32592601691333883	0.6277598345423279	6.17291339559067e-07	9260	0.9462365527300982	False
FUCA1	-0.32592601691338763	0.6277598345423463	5.19123706951971e-06	7270	0.9462365527300982	False
WNT2B	-0.3266205072736864	0.6280225345195982	8.12852319442246e-07	9080	0.9462365527300982	False
TCF7	-0.3268059599723169	0.6280926743307758	5.1762659826565e-06	7278	0.9462365527300982	False
WASL	-0.3271812647742193	0.6282346048378744	6.12320599617156e-05	2152	0.9462365527300982	False
DPYS	-0.32768588371320145	0.6284254111140964	2.8310738524544e-06	8072	0.9462365527300982	False
PFKL	-0.3281589180682725	0.6286042459948292	5.29951889432324e-05	2389	0.9462365527300982	False
NFKBIA	-0.32855122943415876	0.6287525417698122	0.0002368582388331	659	0.9462365527300982	False
TRAPPC6B	-0.32860729112186926	0.6287737318244819	6.04373429176364e-06	7038	0.9462365527300982	False
SLC25A6	-0.3286772617946393	0.6288001786144192	6.35884004483349e-05	2082	0.9462365527300982	False
ARID5B	-0.32871865115562554	0.6288158222499705	1.23866631162455e-05	5636	0.9462365527300982	False
NEK8	-0.3288564213478311	0.6288678927134004	1.59532600486113e-05	5079	0.9462365527300982	False
IKBIP	-0.3290080917083546	0.6289252140394207	8.49800145107225e-06	6418	0.9462365527300982	False
PIP4K2C	-0.3291591493073679	0.6289823009392798	3.39937894687161e-05	3321	0.9462365527300982	False
TUBA1A	-0.3292450430905455	0.6290147602040025	0.0003511503091832	393	0.9462365527300982	False
STAP1	-0.3296849747152435	0.6291809959903096	3.39620220735941e-06	7860	0.9462365527300982	False
FARSA	-0.32974377635247326	0.6292032133817524	3.83082310995378e-05	3060	0.9462365527300982	False
HLA-E	-0.3299378317871984	0.629276531506886	1.65714543269986e-05	4993	0.9462365527300982	False
AGO3	-0.3299537924133409	0.6292825615500599	2.35205358712332e-05	4176	0.9462365527300982	False
TREX1	-0.3301413329113778	0.6293534133648464	5.63665587380657e-06	7154	0.9462365527300982	False
TYMSOS	-0.3302478066190144	0.6293936366201074	3.57242391672151e-06	7792	0.9462365527300982	False
POLR2D	-0.330359840912374	0.6294359590064268	8.28744688408231e-05	1702	0.9462365527300982	False
FLG	-0.3308151206743513	0.6296079306343657	3.52348187108223e-06	7811	0.9462365527300982	False
MRAS	-0.3308725886890894	0.6296296360362904	1.67404501508864e-05	4975	0.9462365527300982	False
ORMDL2	-0.3309445072687263	0.6296567987679391	7.40570243164213e-06	6686	0.9462365527300982	False
PHYH	-0.3314242296189428	0.6298379672457213	6.38270179474875e-06	6941	0.9462365527300982	False
ME1	-0.3321825802424004	0.6301243016971925	7.63603640633652e-06	6621	0.9462365527300982	False
SYN1	-0.3326942640451704	0.6303174601143253	1.47093861413749e-05	5267	0.9462365527300982	False
CSRP1	-0.33272637679697753	0.6303295814428868	4.09646962858571e-06	7597	0.9462365527300982	False
APC	-0.3329943840565876	0.6304307388222844	0.0001539969304142	976	0.9462365527300982	False
UBTD1	-0.3332460170916663	0.630525707653627	1.87654584220063e-05	4721	0.9462365527300982	False
DMD	-0.3338521382284813	0.6307544311469857	3.30971428549609e-05	3383	0.9462365527300982	False
ANKRD12	-0.33390695904210954	0.6307751158330488	1.05815817069236e-05	5972	0.9462365527300982	False
CRTC1	-0.33390789309553304	0.6307754682616378	1.8326824459453e-05	4774	0.9462365527300982	False
SLC39A1	-0.3339158593994648	0.6307784740309138	4.76395644121524e-06	7397	0.9462365527300982	False
CCDC15	-0.33450008852147106	0.6309988879452144	9.46574670519543e-07	8962	0.9462365527300982	False
ANKRD30B	-0.3345000885214712	0.6309988879452144	9.46574670519543e-07	8961	0.9462365527300982	False
TRIM44	-0.33450008852147334	0.6309988879452153	4.38588100883461e-05	2754	0.9462365527300982	False
NOC4L	-0.33454368985905286	0.6310153358293986	5.57786967856446e-05	2300	0.9462365527300982	False
LAMP2	-0.33463151748708164	0.6310484666225107	4.49639565576431e-05	2702	0.9462365527300982	False
SH3KBP1	-0.3347940312651819	0.6311097683443719	0.0001706363751899	896	0.9462365527300982	False
KCTD21	-0.3349479724710084	0.6311678333355718	1.1236400978203e-05	5842	0.9462365527300982	False
ESRRG	-0.3355609137102012	0.6313989985700704	2.57617559276412e-05	3954	0.9462365527300982	False
CHST15	-0.33573933001809364	0.6314662777341702	2.66808435318973e-06	8132	0.9462365527300982	False
CCDC191	-0.3359173938566959	0.631533419967254	8.91581891084812e-07	9005	0.9462365527300982	False
CETN1	-0.33591739385670205	0.6315334199672563	3.58074665688236e-05	3214	0.9462365527300982	False
CIMAP3	-0.33601868032131227	0.6315716100928884	1.96555733511394e-06	8421	0.9462365527300982	False
DDX20	-0.3366019681488865	0.6317915138322983	8.63802603844341e-05	1633	0.9462365527300982	False
APOE	-0.3369076147318795	0.63190672757616	4.5226602544615e-05	2684	0.9462365527300982	False
PLA2G2A	-0.3370642884525123	0.6319657812720851	5.2897059319439e-06	7246	0.9462365527300982	False
ANP32E	-0.3371065249749617	0.6319817005924467	1.35568849709023e-05	5459	0.9462365527300982	False
CIDEB	-0.33718550065150055	0.6320114666180511	1.16085257518682e-06	8811	0.9462365527300982	False
POLR3D	-0.3372699209616139	0.6320432838559709	3.79311658160037e-05	3074	0.9462365527300982	False
GLRX3	-0.33750625616673136	0.6321323516011097	3.21958306342196e-05	3442	0.9462365527300982	False
SPINK2	-0.33788004346497513	0.6322732064675551	1.36142347028911e-05	5448	0.9462365527300982	False
RPS4X	-0.3379091759237652	0.6322841837516802	0.0002857116937286	530	0.9462365527300982	False
TMEM39B	-0.3380836355439847	0.6323499189149983	7.3148278429263e-06	6712	0.9462365527300982	False
RASAL2	-0.33813222749845817	0.6323682273329496	5.1281211873433e-05	2450	0.9462365527300982	False
THAP1	-0.3385656831112668	0.6325315309011733	2.45681925674337e-05	4075	0.9462365527300982	False
CASK	-0.33871049995394487	0.6325860850288688	7.34020909208135e-05	1867	0.9462365527300982	False
CLEC11A	-0.3390732196939431	0.6327227138734228	2.38093389800529e-05	4153	0.9462365527300982	False
PRMT6	-0.33927122324899234	0.6327972905306744	6.70625223511566e-05	1996	0.9462365527300982	False
ABHD15	-0.3394930068895191	0.6328808178427745	5.14214668036988e-06	7289	0.9462365527300982	False
GRIA4	-0.3400986777392646	0.6331088912485564	1.45102754643342e-05	5288	0.9462365527300982	False
CLPX	-0.34035532641987654	0.6332055215533348	2.59437284938804e-05	3936	0.9462365527300982	False
CDC42EP2	-0.34036866935218685	0.6332105450445425	2.37345103118276e-06	8251	0.9462365527300982	False
ZNF558	-0.34055671721134273	0.6332813409058686	3.73805176809091e-06	7728	0.9462365527300982	False
ULK1	-0.3406538236651581	0.6333178975638335	0.0001648863401689	916	0.9462365527300982	False
DUSP3	-0.34087030783446765	0.633399390756903	1.14114057189301e-05	5810	0.9462365527300982	False
ZNHIT1	-0.34096543019409664	0.6334351966692345	3.00683375804453e-05	3599	0.9462365527300982	False
CHD4	-0.34096759369023855	0.6334360110378939	0.0005791239972727	197	0.9462365527300982	False
ABHD12	-0.34107590249068226	0.6334767791398407	2.70671248953028e-06	8115	0.9462365527300982	False
NCKAP5	-0.34155443173082567	0.6336568824719894	2.29259574465385e-06	8285	0.9462365527300982	False
SDR16C5	-0.3416454155242678	0.6336911225766927	8.21177800979704e-07	9065	0.9462365527300982	False
CHI3L2	-0.3416454155242678	0.6336911225766927	8.21177800979704e-07	9063	0.9462365527300982	False
ARSF	-0.3416454155242678	0.6336911225766927	8.21177800979704e-07	9062	0.9462365527300982	False
NLRP10	-0.3416454155242678	0.6336911225766927	8.21177800979704e-07	9064	0.9462365527300982	False
TBC1D22B	-0.34164541552429245	0.633691122576702	7.82664337589953e-05	1775	0.9462365527300982	False
MKX	-0.34169110080270626	0.6337083150033903	1.19874674669318e-05	5711	0.9462365527300982	False
MYL6	-0.34169616707824424	0.6337102215434969	7.50280490895161e-05	1833	0.9462365527300982	False
MAGEA10	-0.3421223037523131	0.6338705734191706	3.24168967014167e-05	3430	0.9462365527300982	False
FAM216A	-0.34212230375233793	0.63387057341918	1.69849010671344e-06	8537	0.9462365527300982	False
SLF1	-0.34212230375233793	0.63387057341918	1.0870336682966e-06	8863	0.9462365527300982	False
FOXJ2	-0.34212230375233793	0.63387057341918	1.69849010671344e-06	8538	0.9462365527300982	False
TLX3	-0.34215906503321025	0.6338844053048656	9.241401198724e-06	6260	0.9462365527300982	False
THBS2	-0.3423057006885807	0.6339395770489278	7.12642329202381e-06	6743	0.9462365527300982	False
MOB4	-0.34233049652266007	0.6339489062211136	5.04770011407346e-05	2473	0.9462365527300982	False
AATF	-0.34252914909546034	0.6340236443065319	9.82843035753974e-05	1455	0.9462365527300982	False
RAF1	-0.3425515636567422	0.6340320769080247	0.0006503705910229	175	0.9462365527300982	False
DYNLRB2	-0.3425833236514081	0.6340440252522289	7.76656552346968e-06	6591	0.9462365527300982	False
SOCS5	-0.3429704038649774	0.6341896372324155	1.34234056452018e-05	5479	0.9462365527300982	False
DENR	-0.3432564775185137	0.6342972401061249	2.88685471141483e-05	3694	0.9462365527300982	False
GPLD1	-0.34336391184576437	0.6343376473985025	2.47940994721347e-06	8202	0.9462365527300982	False
CSN2	-0.3437442157871818	0.6344806721271548	1.00370324419049e-05	6087	0.9462365527300982	False
RASSF7	-0.3439088554934611	0.6345425840397717	1.48486968126013e-05	5247	0.9462365527300982	False
POLR2J	-0.3439964138573692	0.6345755084832957	0.000115309951753	1281	0.9462365527300982	False
KCNK3	-0.34417618306408554	0.634643103726819	6.98733155688156e-06	6787	0.9462365527300982	False
ADAT3	-0.344921010919342	0.6349231227955578	1.25918473365188e-06	8772	0.9462365527300982	False
ADAT2	-0.3449210109193634	0.634923122795566	3.79109389424582e-07	9418	0.9462365527300982	False
TRIP13	-0.3449210109193775	0.6349231227955712	5.12976448527962e-05	2449	0.9462365527300982	False
KLRG2	-0.34506787726383903	0.63497832891656	4.79883671042635e-05	2567	0.9462365527300982	False
ST6GALNAC4	-0.3450678772638509	0.6349783289165645	9.17242878917056e-07	8974	0.9462365527300982	False
WNT5B	-0.34506787726385296	0.6349783289165651	9.17242878917056e-07	8975	0.9462365527300982	False
KCNG1	-0.3450908591136147	0.6349869673940064	2.13635935465757e-06	8355	0.9462365527300982	False
NCKAP1	-0.3451595199121102	0.6350127753853526	5.44385909941363e-05	2336	0.9462365527300982	False
OIP5	-0.34522245517487066	0.6350364307442364	3.64162520621373e-05	3172	0.9462365527300982	False
STIM2	-0.3453533400573287	0.6350856245529808	3.33660873013061e-05	3365	0.9462365527300982	False
TMLHE	-0.3453533400573429	0.6350856245529861	1.01632335608399e-06	8911	0.9462365527300982	False
TOX4	-0.34538451215724625	0.6350973404317393	2.67991779136728e-05	3852	0.9462365527300982	False
ZFP41	-0.3456298611596232	0.6351895492301055	3.23054432381443e-05	3438	0.9462365527300982	False
CIDEA	-0.34566626873403933	0.6352032315162724	1.89873494321844e-06	8446	0.9462365527300982	False
TCEA1	-0.34570543363806355	0.6352179498388746	4.65240788106333e-05	2617	0.9462365527300982	False
MAGEB4	-0.3458449266941922	0.6352703702505694	8.13093469227228e-06	6499	0.9462365527300982	False
ZNF761	-0.3459727223134453	0.635318392636319	3.81086561042352e-06	7701	0.9462365527300982	False
RIMS4	-0.3459826331886953	0.635322116805746	8.5996820373843e-07	9037	0.9462365527300982	False
C11ORF52	-0.34598263318869693	0.6353221168057466	8.5996820373843e-07	9033	0.9462365527300982	False
KCNN2	-0.34598263318869693	0.6353221168057466	8.5996820373843e-07	9034	0.9462365527300982	False
MBNL3	-0.34598263318869693	0.6353221168057466	8.5996820373843e-07	9035	0.9462365527300982	False
OCEL1	-0.34598263318869693	0.6353221168057466	8.5996820373843e-07	9036	0.9462365527300982	False
ADI1	-0.34598263318869704	0.6353221168057467	8.5996820373843e-07	9032	0.9462365527300982	False
TAAR8	-0.34598263318869704	0.6353221168057467	8.5996820373843e-07	9038	0.9462365527300982	False
REPS1	-0.3460301969729207	0.635339989478475	2.1379458329637e-05	4410	0.9462365527300982	False
B3GNT3	-0.34617746457345705	0.6353953252121719	6.70359782872939e-06	6857	0.9462365527300982	False
THG1L	-0.3462257128247745	0.6354134538571308	9.49153060347708e-07	8958	0.9462365527300982	False
SH3BP5L	-0.3462257128247876	0.6354134538571358	2.0773915898452e-05	4474	0.9462365527300982	False
MAPRE2	-0.34670452669492846	0.6355933454415459	4.71729868281939e-05	2595	0.9462365527300982	False
THOC1	-0.3468406079161137	0.6356444660535275	7.58155253060522e-05	1820	0.9462365527300982	False
CCDC57	-0.3472030707819305	0.6357806179860938	4.36737031787255e-06	7520	0.9462365527300982	False
KPNA5	-0.3480370765945899	0.6360938305116299	2.45068491631953e-05	4083	0.9462365527300982	False
ZNF24	-0.3487478484742573	0.636360690552188	3.90127111997385e-05	3015	0.9462365527300982	False
KANK2	-0.34875157797769263	0.6363620906237949	2.08610199796948e-05	4466	0.9462365527300982	False
SLC10A1	-0.3492974963290105	0.636567011065993	5.09312503036591e-06	7303	0.9462365527300982	False
TBCB	-0.34940695213035766	0.63660809260324	1.68583965871792e-05	4962	0.9462365527300982	False
MYO1D	-0.34986483920439104	0.6367799321922859	3.86701044981619e-05	3030	0.9462365527300982	False
SCNN1D	-0.3502352936192659	0.6369189391986937	1.49415864272842e-05	5234	0.9462365527300982	False
BCOR	-0.35045980320936004	0.637003174002815	9.95176210905032e-05	1441	0.9462365527300982	False
XXYLT1	-0.35061821073519667	0.6370626036764645	2.71165136464211e-06	8113	0.9462365527300982	False
ADD1	-0.3506327448204396	0.6370680562567919	3.18944782671018e-05	3467	0.9462365527300982	False
AIP	-0.3506633334930554	0.6370795317554099	6.81736770596016e-05	1968	0.9462365527300982	False
DCTN2	-0.3510397376172249	0.6372207316284838	9.52047563393423e-05	1494	0.9462365527300982	False
CEP97	-0.35105678272576263	0.6372271252912024	4.33116620519126e-05	2794	0.9462365527300982	False
MYO1B	-0.3510950344218046	0.6372414734585088	5.99950520579584e-05	2178	0.9462365527300982	False
CBLL2	-0.35124377053409345	0.6372972623721104	4.10484753444074e-06	7593	0.9462365527300982	False
TIGD7	-0.3512934193475425	0.637315884324964	9.6509948578145e-07	8947	0.9462365527300982	False
POLR1D	-0.35130024518368247	0.6373184444896312	4.88188602818789e-05	2533	0.9462365527300982	False
MBD3L1	-0.3516260010501029	0.6374406185221454	3.67582504865653e-05	3149	0.9462365527300982	False
PLVAP	-0.3517036030353172	0.6374697209152945	3.49518228526382e-06	7830	0.9462365527300982	False
NDE1	-0.35172031646525975	0.6374759887026586	1.69844674573288e-05	4942	0.9462365527300982	False
STX1A	-0.35181854278420005	0.637512824303575	3.58293891840614e-05	3212	0.9462365527300982	False
NINJ2	-0.351818542784209	0.6375128243035784	7.56741414883858e-07	9124	0.9462365527300982	False
DCDC2B	-0.35185371039230917	0.637526012109005	3.54545648488382e-06	7806	0.9462365527300982	False
WDR24	-0.3520521959449795	0.6376004408625603	1.89881641675396e-05	4696	0.9462365527300982	False
ABHD18	-0.35212011241993507	0.6376259072075812	1.21334839575313e-05	5680	0.9462365527300982	False
ADAMTS4	-0.35240031271142497	0.6377309662509008	2.0601990911494e-05	4496	0.9462365527300982	False
ST6GALNAC5	-0.3527621804434692	0.6378666305517633	2.45251514973749e-06	8214	0.9462365527300982	False
RBBP5	-0.3531008026414633	0.6379935644125332	0.0001329915003267	1111	0.9462365527300982	False
PTPN23	-0.35331835727934374	0.6380751076164346	5.43536012004335e-05	2341	0.9462365527300982	False
GNAT2	-0.3534505360490094	0.6381246474222629	7.25219973169625e-06	6718	0.9462365527300982	False
MARCHF6	-0.35355486531159164	0.6381637477665025	7.54402985559088e-07	9125	0.9462365527300982	False
RTN1	-0.35365019086222477	0.6381994724539393	1.37345934349705e-05	5424	0.9462365527300982	False
PPP2R3B	-0.35376100163793295	0.6382409989492693	1.81744757031035e-05	4791	0.9462365527300982	False
PDCL3	-0.3540918778625688	0.6383649855947628	4.07746719609244e-05	2900	0.9462365527300982	False
GET4	-0.35410323655181586	0.6383692416892394	2.99261624668168e-05	3608	0.9462365527300982	False
LSP1	-0.35427493713367836	0.6384335757152917	4.29225533588189e-06	7542	0.9462365527300982	False
SLC4A2	-0.35502015752489996	0.6387127549536458	1.3624516756576e-05	5446	0.9462365527300982	False
SRARP	-0.35502015752490257	0.6387127549536467	7.06456427770124e-07	9188	0.9462365527300982	False
AMTN	-0.3551855884738155	0.6387747197436922	2.36459160923171e-06	8253	0.9462365527300982	False
POLR3K	-0.3552319364285329	0.6387920794535942	3.22808056575332e-05	3440	0.9462365527300982	False
NOTCH2NLA	-0.35540976969917726	0.6388586845728896	7.09844082940669e-06	6752	0.9462365527300982	False
DIPK2A	-0.3554265465065886	0.6388649678888144	1.32388051979858e-06	8741	0.9462365527300982	False
HOXA5	-0.35554028071201	0.6389075630829162	6.05652860379751e-06	7033	0.9462365527300982	False
CHMP4C	-0.3561197574864595	0.639124559216697	1.39515772421572e-05	5391	0.9462365527300982	False
KIF2B	-0.35648893482647254	0.6392627813694158	3.50651811948025e-05	3256	0.9462365527300982	False
TCAP	-0.35679899482935945	0.6393788555925305	3.24399469721591e-05	3428	0.9462365527300982	False
CDC20	-0.35709119654609345	0.639488232626142	0.00022205447238	696	0.9462365527300982	False
CNPPD1	-0.3573753501737016	0.6395945861517671	6.18066974138682e-06	6989	0.9462365527300982	False
HLA-F	-0.3576559279207663	0.6396995906938912	1.28749029259403e-06	8759	0.9462365527300982	False
TEKT4	-0.35772307590723934	0.6397247188635439	1.27448861370552e-05	5583	0.9462365527300982	False
ACTR1A	-0.35780007617994136	0.6397535332201835	0.0001028075411764	1406	0.9462365527300982	False
ARHGAP26	-0.35815699149464425	0.6398870845219271	8.14662270174969e-06	6493	0.9462365527300982	False
GTPBP2	-0.3582334971460757	0.6399157093416247	1.77732950777329e-05	4845	0.9462365527300982	False
COMMD8	-0.358786878689621	0.6401227353426161	5.19155812019446e-05	2427	0.9462365527300982	False
ZNF207	-0.3592155169973012	0.6402830653100007	1.5709732662262e-05	5118	0.9462365527300982	False
DPF2	-0.35958494730596796	0.6404212290234232	6.30998234083079e-05	2097	0.9462365527300982	False
GLDC	-0.35969073426740905	0.6404607890449995	9.53593493771095e-06	6194	0.9462365527300982	False
DNAJB6	-0.3599817099270895	0.6405695943432423	9.21450593413847e-05	1556	0.9462365527300982	False
CIZ1	-0.3603741918743204	0.6407163381015388	2.21272859827718e-05	4322	0.9462365527300982	False
ZG16B	-0.3604895624542687	0.6407594696744494	2.23183332796981e-05	4292	0.9462365527300982	False
IQCC	-0.361141798661628	0.6410032760216716	1.86306695937915e-06	8465	0.9462365527300982	False
CCHCR1	-0.36114179866163154	0.641003276021673	7.1355464234714e-05	1909	0.9462365527300982	False
LMF1	-0.3612402494062973	0.6410400719927463	6.99707341248559e-07	9190	0.9462365527300982	False
ZNHIT2	-0.36153559006083585	0.6411504477258275	4.83427011767578e-05	2556	0.9462365527300982	False
EGLN2	-0.36170656707662313	0.6412143404633016	1.81371503484378e-05	4795	0.9462365527300982	False
TMPRSS11B	-0.36182343465683114	0.6412580106660015	0.0001733066838884	880	0.9462365527300982	False
RRAGB	-0.361880646362391	0.641279388434721	1.7233165492849e-05	4921	0.9462365527300982	False
POLR1A	-0.36236937593493035	0.6414619894469209	9.61175964760564e-05	1479	0.9462365527300982	False
ARL2	-0.3624270199752677	0.6414835245026098	1.93642719275997e-05	4650	0.9462365527300982	False
LRRC20	-0.36257098535914156	0.6415373061124119	3.88510410355832e-06	7666	0.9462365527300982	False
TTC4	-0.3627003411316669	0.641585627568569	4.12523891706407e-05	2873	0.9462365527300982	False
ANKS3	-0.36303809890639394	0.64171178788149	4.6632028083452e-06	7428	0.9462365527300982	False
TTC5	-0.36350746042145327	0.6418870795379723	1.1138342665425e-05	5863	0.9462365527300982	False
KNTC1	-0.3636939524287383	0.6419567200947858	2.1124349997331e-05	4437	0.9462365527300982	False
PRPS1L1	-0.36387911673362	0.6420258601829467	4.55330421502703e-06	7465	0.9462365527300982	False
CAND1	-0.36392593521982786	0.6420433414013741	0.0002057497358351	749	0.9462365527300982	False
SEC62	-0.36432174637801246	0.6421911185815069	7.01472969912433e-05	1931	0.9462365527300982	False
GMCL1	-0.36433494649195736	0.6421960465131574	3.46115736880847e-05	3283	0.9462365527300982	False
PAX4	-0.364334946491969	0.6421960465131618	9.63769792807807e-07	8950	0.9462365527300982	False
DENND10	-0.3646301641729693	0.6423062524405689	1.5072499420137e-06	8637	0.9462365527300982	False
OTULIN	-0.3652840392916524	0.6425503043610463	4.04671000882319e-05	2923	0.9462365527300982	False
UFM1	-0.36552844962705	0.6426415129544135	1.28266161128014e-05	5566	0.9462365527300982	False
PEX19	-0.3656049900426005	0.6426700744888397	8.57394777832599e-05	1644	0.9462365527300982	False
CHST7	-0.3656049900426121	0.6426700744888441	8.44645408038111e-07	9046	0.9462365527300982	False
QPCTL	-0.36560499004261215	0.6426700744888441	8.44645408038111e-07	9047	0.9462365527300982	False
LYRM2	-0.3661215787409117	0.6428628218822319	2.64681895159999e-06	8142	0.9462365527300982	False
OXSM	-0.3661215787409495	0.642862821882246	3.79138857164738e-07	9417	0.9462365527300982	False
MAU2	-0.36647797961153994	0.6429957794232162	2.71077052936236e-05	3829	0.9462365527300982	False
UBE3B	-0.366715373706958	0.6430843311188641	1.65129511728498e-05	5004	0.9462365527300982	False
TEDC1	-0.36725130960681684	0.6432842152059602	1.87804029627814e-06	8460	0.9462365527300982	False
CRHBP	-0.36728011641429137	0.6432949579563491	7.22826823749167e-06	6723	0.9462365527300982	False
KCNAB2	-0.3672874175333535	0.6432976807009516	4.91260457801809e-06	7346	0.9462365527300982	False
ENSA	-0.367606991229814	0.6434168494619565	7.33113903343314e-06	6705	0.9462365527300982	False
ZNF624	-0.36761417628728904	0.643419528602941	3.95195812303743e-06	7643	0.9462365527300982	False
TTL	-0.36778837111603047	0.6434844796413354	2.88509991431341e-06	8054	0.9462365527300982	False
APLNR	-0.36785768273543235	0.6435103223148392	8.79375813751752e-05	1608	0.9462365527300982	False
MFSD9	-0.3678576827354435	0.6435103223148433	1.04266035968186e-06	8898	0.9462365527300982	False
TBCA	-0.36833408373587156	0.6436879294679851	1.60367892755883e-05	5066	0.9462365527300982	False
ITGB5	-0.3686242578931095	0.6437960940850808	2.69377848376344e-05	3839	0.9462365527300982	False
MACIR	-0.369040633989672	0.6439512812189628	4.28510911930738e-06	7544	0.9462365527300982	False
RRAGD	-0.3691826530394214	0.6440042075499444	1.68203998303107e-05	4966	0.9462365527300982	False
DBNL	-0.36930924874020504	0.6440513837122996	3.71093359463679e-05	3129	0.9462365527300982	False
UACA	-0.3693864854514229	0.6440801650569201	2.51029918865964e-05	4025	0.9462365527300982	False
CHAMP1	-0.37039023451067504	0.6444541255129043	4.17210666584364e-05	2859	0.9462365527300982	False
APOB	-0.3704247109751256	0.6444669677244247	4.88395618797488e-05	2532	0.9462365527300982	False
AXIN2	-0.3706011001125675	0.6445326687228192	1.39415106940193e-05	5393	0.9462365527300982	False
DYNC1I2	-0.37067301062204333	0.6445594525428553	0.0001110915958927	1330	0.9462365527300982	False
DDX5	-0.3706871950083666	0.6445647355813382	0.0003442608624766	414	0.9462365527300982	False
CABLES1	-0.3708536468937079	0.6446267292588359	3.29742836513081e-06	7895	0.9462365527300982	False
CABS1	-0.3708935224833584	0.6446415800361357	1.73424824175574e-06	8522	0.9462365527300982	False
RTKN2	-0.370941880546097	0.644659589627361	3.24072166937747e-06	7910	0.9462365527300982	False
FKBPL	-0.37118630577468625	0.644750613939085	4.02599238742918e-05	2938	0.9462365527300982	False
PDE6D	-0.37124242808085767	0.6447715128022096	2.59279119482669e-05	3938	0.9462365527300982	False
HASPIN	-0.37138705300675534	0.6448253663250467	9.73164764947548e-06	6161	0.9462365527300982	False
EEF1E1	-0.37145814513852643	0.644851837615312	1.24972964456559e-05	5622	0.9462365527300982	False
SPATA46	-0.37161194154872274	0.6449091016086568	3.56309991839837e-06	7801	0.9462365527300982	False
SLC16A11	-0.37173498925120046	0.6449549143839619	2.66986949354373e-06	8131	0.9462365527300982	False
H2AB2	-0.37173498925120046	0.6449549143839619	4.80835714837233e-07	9364	0.9462365527300982	False
VPS26A	-0.37224339165191056	0.6451441791172099	4.18433871383306e-05	2852	0.9462365527300982	False
GRIA3	-0.37267258857071506	0.6453039298714763	1.07623711144097e-05	5935	0.9462365527300982	False
HLA-A	-0.3727692674219077	0.6453399110396235	0.000137824779931	1074	0.9462365527300982	False
RTF2	-0.3728098404913753	0.6453550108165991	2.59128741663676e-06	8160	0.9462365527300982	False
GC	-0.37285883573106315	0.6453732447054791	9.46770508464561e-06	6209	0.9462365527300982	False
CD27	-0.37288782707538004	0.6453840338610918	2.42983108496617e-05	4103	0.9462365527300982	False
APOBEC3C	-0.3729939855504173	0.6454235398402581	1.06626074140061e-05	5956	0.9462365527300982	False
SNRK	-0.37342847253123357	0.6455852141907478	7.00924030017718e-06	6778	0.9462365527300982	False
HNRNPD	-0.3735082600921301	0.6456149006127628	0.0003508243007611	394	0.9462365527300982	False
WDR82	-0.3739276271920198	0.6457709192671524	9.0394760059325e-05	1578	0.9462365527300982	False
BTBD9	-0.3741492408859173	0.6458533571305393	1.44452022233042e-05	5301	0.9462365527300982	False
ITGB8	-0.3742885194961591	0.6459051637483569	7.77033489085771e-06	6590	0.9462365527300982	False
POLR3B	-0.3744632414241664	0.6459701501825312	5.60961606228264e-05	2289	0.9462365527300982	False
B9D2	-0.37458594997778133	0.6460157881135238	4.83430593611359e-06	7375	0.9462365527300982	False
H2BC13	-0.37548011494312633	0.6463482837822402	3.32685090467418e-06	7886	0.9462365527300982	False
PACSIN3	-0.3756449525519471	0.646409566548011	2.98578339327542e-05	3617	0.9462365527300982	False
ELL2	-0.3757206179861217	0.6464376959152831	2.19191207986919e-05	4350	0.9462365527300982	False
MAP3K9	-0.37604801214906314	0.6465593986888656	9.55246732836445e-06	6190	0.9462365527300982	False
UNC5CL	-0.37641974288558905	0.6466975646061585	5.10201972930309e-06	7301	0.9462365527300982	False
KLHL34	-0.37673565138963216	0.6468149671657806	6.68055762806327e-06	6864	0.9462365527300982	False
PDIA5	-0.37681996285419406	0.6468462978693519	9.91619460116186e-06	6119	0.9462365527300982	False
EGFL7	-0.3768792339580814	0.646868322811763	2.07789046829413e-05	4473	0.9462365527300982	False
ANKRD13A	-0.3770058212223097	0.6469153605649142	2.45106510588358e-05	4082	0.9462365527300982	False
MOK	-0.3770822511778856	0.6469437595972523	3.16920164528951e-06	7938	0.9462365527300982	False
ZNF564	-0.37721830002026163	0.6469943091580684	6.0655313120425e-06	7030	0.9462365527300982	False
RCN1	-0.37725283343243254	0.6470071397902928	3.75215314431863e-05	3097	0.9462365527300982	False
RING1	-0.37775167975599455	0.6471924637747146	0.0001462236715536	1020	0.9462365527300982	False
INSL6	-0.37777716130580313	0.6472019293649398	1.76740575999643e-05	4861	0.9462365527300982	False
MAP3K20	-0.37852096842682637	0.6474781900261481	4.77326839458439e-06	7395	0.9462365527300982	False
LGALS13	-0.37860895394922434	0.6475108639732077	4.93061862570843e-06	7341	0.9462365527300982	False
PLS1	-0.37892605589767986	0.6476286126361701	3.18897541045545e-05	3468	0.9462365527300982	False
PDZK1	-0.37908388925120395	0.6476872152226312	1.60545754585061e-05	5063	0.9462365527300982	False
GSTA2	-0.3790976862103831	0.6476923377849803	1.30825722762597e-06	8747	0.9462365527300982	False
GSTA5	-0.37909768621038487	0.6476923377849809	3.61968792994216e-07	9421	0.9462365527300982	False
GLI4	-0.3793007395841339	0.6477677247447841	1.84183757182069e-06	8477	0.9462365527300982	False
DCTPP1	-0.37934027487392186	0.6477824022069101	6.19539279720772e-06	6985	0.9462365527300982	False
FAM199X	-0.379389274200546	0.6478005928838408	7.12824309621803e-06	6741	0.9462365527300982	False
TACSTD2	-0.3799031424880625	0.6479913427213426	6.60704487269145e-07	9225	0.9462365527300982	False
CYP8B1	-0.3799031424880654	0.6479913427213436	2.83159063324207e-06	8071	0.9462365527300982	False
INSL5	-0.379943073500522	0.6480061637045265	2.21074829899769e-05	4329	0.9462365527300982	False
TPPP	-0.38011429265746355	0.6480697116661042	9.94281476220295e-06	6113	0.9462365527300982	False
FEM1B	-0.3806745964453911	0.648277639403707	3.79122267624912e-05	3076	0.9462365527300982	False
STC2	-0.38073511838828844	0.6483000963362155	1.61097225668993e-06	8595	0.9462365527300982	False
DEFB121	-0.3807455667067939	0.6483039731782728	7.57124383356608e-07	9123	0.9462365527300982	False
MAP3K15	-0.38077086074342403	0.6483133584509083	2.19400274932105e-06	8322	0.9462365527300982	False
ODC1	-0.3810173614576354	0.6484048170310351	2.75710450206063e-06	8098	0.9462365527300982	False
SAP130	-0.381100247815648	0.6484355682320012	6.5704189798379e-05	2032	0.9462365527300982	False
TARS2	-0.38113210551432053	0.6484473873189898	1.46873548242227e-05	5269	0.9462365527300982	False
S1PR2	-0.38140811991021356	0.6485497816180739	9.16806804215999e-06	6280	0.9462365527300982	False
TUBB6	-0.38179683936962266	0.648693968339269	8.14727929240901e-05	1726	0.9462365527300982	False
PLA2G12A	-0.3820945102758157	0.6488043681863847	5.66869119157571e-07	9291	0.9462365527300982	False
PXDN	-0.38209451027582253	0.6488043681863872	1.03048707590394e-05	6027	0.9462365527300982	False
TSG101	-0.3822453358333225	0.648860301405406	0.0001598645676858	944	0.9462365527300982	False
FAR2	-0.38252201726622914	0.6489628995253747	6.54542574637938e-06	6890	0.9462365527300982	False
ZNF514	-0.38254002273104026	0.6489695758777618	3.72425914364241e-06	7729	0.9462365527300982	False
GNL3	-0.3830629514908253	0.6491634556445347	0.0001045253926821	1386	0.9462365527300982	False
PAWR	-0.3831076589341812	0.6491800294637886	4.97126719274001e-05	2504	0.9462365527300982	False
LAMB2	-0.3831117748084136	0.6491815552749854	1.35479762859683e-05	5461	0.9462365527300982	False
STX17	-0.3831395156879489	0.6491918391378813	2.21148479223628e-05	4326	0.9462365527300982	False
TSGA10	-0.38325667588424805	0.6492352705635765	7.88473530155217e-06	6555	0.9462365527300982	False
E2F2	-0.3834738787618657	0.649315782772282	2.00709220107251e-05	4565	0.9462365527300982	False
SUDS3	-0.38369160994540147	0.6493964840818758	5.19629820388755e-05	2421	0.9462365527300982	False
SYT1	-0.383736606108207	0.6494131609134203	3.31524378215933e-05	3378	0.9462365527300982	False
INSIG2	-0.38374550898734544	0.6494164605343441	2.25735557789395e-05	4263	0.9462365527300982	False
ARFGEF1	-0.38375237768363585	0.6494190062305242	2.89646846440471e-05	3679	0.9462365527300982	False
BHMT2	-0.38399855710213565	0.6495102415311993	2.51445333380892e-06	8187	0.9462365527300982	False
BHMT	-0.3839985571021425	0.6495102415312018	5.86705786422758e-07	9281	0.9462365527300982	False
HERPUD1	-0.3850977999618682	0.6499175210326693	3.72567877105173e-05	3113	0.9462365527300982	False
PEAK1	-0.38534775550960215	0.6500101078030811	5.40022917567049e-05	2357	0.9462365527300982	False
ZNF704	-0.3854939187967518	0.6500642444450375	2.03766713778534e-05	4521	0.9462365527300982	False
AK4	-0.3855116824463465	0.6500708236208024	1.26760402940119e-05	5597	0.9462365527300982	False
GPRIN1	-0.38585797443096764	0.6501990718112617	1.99352299840628e-05	4580	0.9462365527300982	False
SPSB3	-0.38603617017353165	0.6502650593896302	3.90008562959852e-06	7663	0.9462365527300982	False
DUSP6	-0.3861606772102201	0.6503111628359068	1.56399052724039e-05	5130	0.9462365527300982	False
RAB6A	-0.3862994409111703	0.6503625427402635	5.79126753593113e-05	2237	0.9462365527300982	False
UBA5	-0.3863120188771225	0.6503671998357027	1.91694756528345e-05	4667	0.9462365527300982	False
SIAH1	-0.3864840847164961	0.6504309063567874	0.0001860685017218	821	0.9462365527300982	False
CAPN2	-0.38654707673694794	0.6504542277797466	2.68973804381426e-05	3843	0.9462365527300982	False
KRTAP10-8	-0.3867192063453736	0.650517952120376	3.89932316270982e-06	7664	0.9462365527300982	False
CERS6	-0.38676737915984777	0.6505357854851159	1.59109114697629e-05	5086	0.9462365527300982	False
LARP4B	-0.3867708764875584	0.6505370801675666	4.37064409395049e-05	2763	0.9462365527300982	False
DEPDC5	-0.38701056894756275	0.650625808205167	1.74322298577483e-05	4892	0.9462365527300982	False
PAK5	-0.38702618882586454	0.6506315900002775	1.34516120388465e-05	5476	0.9462365527300982	False
REG1B	-0.3872099202964628	0.6506995967230262	2.53449400146498e-06	8181	0.9462365527300982	False
BAG6	-0.38720992029648477	0.6506995967230345	0.0001715107111482	893	0.9462365527300982	False
REG1A	-0.38720992029648954	0.6506995967230361	6.36872859308799e-07	9248	0.9462365527300982	False
FAM20C	-0.38725822665142257	0.6507174761277718	6.29090254246809e-05	2104	0.9462365527300982	False
ECM2	-0.38725822665145626	0.6507174761277843	7.34495072099884e-07	9139	0.9462365527300982	False
MENT	-0.3872582266514583	0.650717476127785	7.34495072099884e-07	9142	0.9462365527300982	False
KNG1	-0.3872582266514583	0.650717476127785	7.34495072099884e-07	9141	0.9462365527300982	False
CHRDL2	-0.3872582266514583	0.650717476127785	7.34495072099884e-07	9138	0.9462365527300982	False
IL6	-0.38725822665145837	0.650717476127785	7.34495072099884e-07	9140	0.9462365527300982	False
PRH1	-0.38725822665145837	0.650717476127785	7.34495072099884e-07	9143	0.9462365527300982	False
SPARCL1	-0.3872582266514584	0.650717476127785	7.34495072099884e-07	9144	0.9462365527300982	False
APOA5	-0.3872582266514584	0.650717476127785	7.34495072099884e-07	9136	0.9462365527300982	False
APOL1	-0.3872582266514584	0.650717476127785	7.34495072099884e-07	9137	0.9462365527300982	False
SPP2	-0.3872582266514584	0.650717476127785	7.34495072099884e-07	9145	0.9462365527300982	False
GPR84	-0.38750027243152485	0.6508070583605539	5.9400735885484e-07	9275	0.9462365527300982	False
BTN2A1	-0.3877841995185164	0.6509121303450232	2.27365607185624e-05	4247	0.9462365527300982	False
CLEC4D	-0.3881357529759695	0.6510422125731196	0.0001212508861684	1213	0.9462365527300982	False
ARL6IP6	-0.3881686349253281	0.6510543786836303	7.76580923950606e-06	6592	0.9462365527300982	False
F8A1	-0.3887069970798866	0.6512535471381022	3.36089579952192e-06	7874	0.9462365527300982	False
TRAPPC11	-0.3887898401080688	0.6512841914294014	5.87026607421652e-06	7084	0.9462365527300982	False
MBP	-0.3888244694228124	0.6512970007942886	3.18418876356168e-05	3471	0.9462365527300982	False
AATK	-0.3888997333764287	0.6513248402954207	3.8526481611527e-05	3040	0.9462365527300982	False
KPRP	-0.38935599796143416	0.65149359126629	2.45333898143595e-05	4080	0.9462365527300982	False
GK	-0.3894129391015686	0.6515146490326352	5.64381658009161e-06	7152	0.9462365527300982	False
SBSN	-0.38955824089725766	0.6515683819007059	1.04253299059546e-05	6005	0.9462365527300982	False
EIF2A	-0.38994064063975103	0.6517097794831623	3.19340780845128e-05	3465	0.9462365527300982	False
ITGA9	-0.39015818296742083	0.6517902093539881	7.10332367961948e-06	6749	0.9462365527300982	False
PTCH1	-0.3902910886429514	0.6518393439555659	1.7551198532948e-05	4874	0.9462365527300982	False
UFC1	-0.3903174261353518	0.6518490804997747	1.06503072186556e-05	5960	0.9462365527300982	False
BCAM	-0.3908550648302054	0.6520478149301362	1.4501717382994e-05	5291	0.9462365527300982	False
PPP1R2	-0.3908824774128098	0.6520579466835632	1.40755944069264e-05	5364	0.9462365527300982	False
DNAAF4	-0.39089665782213834	0.6520631877527827	8.53756270139462e-06	6409	0.9462365527300982	False
CHPT1	-0.3914458858709123	0.6522661596879015	1.0988300299706e-05	5890	0.9462365527300982	False
VWDE	-0.391581774505227	0.6523163717667104	2.68666613858503e-06	8124	0.9462365527300982	False
LARS1	-0.39187549714551617	0.6524248958075906	1.30108616373444e-05	5537	0.9462365527300982	False
LRRC58	-0.3921490338167908	0.6525259503454923	6.18028435652309e-06	6990	0.9462365527300982	False
MKNK2	-0.3923007116615622	0.6525819810659512	1.5503241382023e-05	5149	0.9462365527300982	False
OSTF1	-0.39265021919358956	0.6527110785848618	2.26963264108746e-05	4250	0.9462365527300982	False
AGPAT2	-0.39270417843054783	0.6527310079178477	3.74825898096004e-06	7725	0.9462365527300982	False
CPA6	-0.392798764643697	0.6527659414206473	1.08115664116068e-05	5925	0.9462365527300982	False
GDF10	-0.392925539981038	0.65281276128915	1.41010464244686e-06	8707	0.9462365527300982	False
MAX	-0.3931255049535951	0.6528866063516856	0.000136978232719	1079	0.9462365527300982	False
MANBA	-0.39314858740845915	0.6528951300975313	5.11642837441822e-06	7295	0.9462365527300982	False
FTL	-0.3938185885753847	0.653142510251425	1.51109425017652e-05	5214	0.9462365527300982	False
TBC1D9	-0.39407311152467156	0.6532364689965299	8.72558544898056e-06	6361	0.9462365527300982	False
ING2	-0.39439535333435516	0.6533554130654556	4.02335734860151e-05	2942	0.9462365527300982	False
ANO6	-0.39464648483996234	0.6534480988225329	2.87261402130092e-05	3704	0.9462365527300982	False
CNNM4	-0.3947573226140053	0.6534890030863383	5.87062659365508e-06	7083	0.9462365527300982	False
AZI2	-0.39512714481577293	0.6536254716291372	2.92852846901977e-05	3659	0.9462365527300982	False
AKR1B1	-0.39515807162146915	0.6536368830642469	5.10233138098892e-06	7300	0.9462365527300982	False
TUBB4A	-0.39556803573101945	0.6537881392671449	4.24395938374053e-05	2830	0.9462365527300982	False
TNNC1	-0.3956846092393098	0.6538311445695256	3.63933452176577e-06	7757	0.9462365527300982	False
NOC2L	-0.3957188047582345	0.6538437593118555	7.15761109586283e-05	1903	0.9462365527300982	False
FRAT2	-0.3960781479481308	0.6539763108521347	2.38161545361975e-06	8248	0.9462365527300982	False
ATP6V1D	-0.39647171529441183	0.654121465070287	2.40485949128018e-05	4131	0.9462365527300982	False
STK24	-0.39652270887268154	0.654140270697702	3.57623372475491e-05	3217	0.9462365527300982	False
CRYBG1	-0.396611059845419	0.654172852242852	2.56747159497657e-06	8170	0.9462365527300982	False
FBN1	-0.39697120300850885	0.6543056518778992	5.50828089881472e-06	7188	0.9462365527300982	False
DNAJC13	-0.39725047709592815	0.6544086186820195	4.45613198154436e-05	2714	0.9462365527300982	False
CTSV	-0.39741395546780145	0.6544688869494495	9.90280782271758e-06	6127	0.9462365527300982	False
ALDOC	-0.39747063146421274	0.6544897803230428	8.61898137729753e-06	6391	0.9462365527300982	False
MOB1A	-0.39766491978448265	0.6545614003427764	7.04093335210201e-05	1925	0.9462365527300982	False
PSG1	-0.3979618245566637	0.654670836920126	9.72502739457832e-07	8944	0.9462365527300982	False
SSMEM1	-0.3980046169980431	0.6546866087846831	6.62483849478969e-06	6877	0.9462365527300982	False
CCDC97	-0.3983731967757192	0.6548224438562119	2.59779610259119e-05	3931	0.9462365527300982	False
GRHL2	-0.39839745964867646	0.6548313849090739	9.44442556138635e-06	6216	0.9462365527300982	False
LRRC15	-0.39904110398859644	0.6550685411636202	1.49570424219323e-06	8649	0.9462365527300982	False
CTTNBP2	-0.3992880644586708	0.6551595196955335	2.54132186363829e-05	3994	0.9462365527300982	False
RAC3	-0.3994572504709101	0.6552218414765549	2.53119320755186e-05	4005	0.9462365527300982	False
ALMS1	-0.39948200359199515	0.6552309592447695	2.71438108785818e-05	3827	0.9462365527300982	False
PEF1	-0.3996981756753546	0.6553105820156289	3.73238723457763e-05	3108	0.9462365527300982	False
SRSF1	-0.40007197448347015	0.6554482472818789	0.0002175324045309	706	0.9462365527300982	False
PPP4R1	-0.40028596508292663	0.655527047987196	2.04978556331518e-05	4506	0.9462365527300982	False
FBLN1	-0.40088841707367023	0.6557488609205384	1.13774771745337e-05	5814	0.9462365527300982	False
SORD	-0.40089201778478895	0.6557501864823025	1.08045388856694e-05	5926	0.9462365527300982	False
HUWE1	-0.40104397191376895	0.6558061249609813	0.0006542264173742	173	0.9462365527300982	False
RAPSN	-0.4010988364432042	0.6558263212601206	8.45737597286735e-06	6428	0.9462365527300982	False
CNGA3	-0.40144270131077125	0.6559528919671725	1.16055162023978e-05	5776	0.9462365527300982	False
INTU	-0.401658986648541	0.6560324939075476	1.46279513593239e-06	8661	0.9462365527300982	False
FUZ	-0.4016589866485411	0.6560324939075477	4.97065690268522e-07	9350	0.9462365527300982	False
CPLANE2	-0.4016589866485411	0.6560324939075477	2.63444815842317e-07	9434	0.9462365527300982	False
NCAPG	-0.4016589866485711	0.6560324939075587	3.94997376405861e-05	2981	0.9462365527300982	False
IFIT2	-0.40168894058200616	0.6560435176475641	3.93175632616696e-06	7655	0.9462365527300982	False
CAV3	-0.4021603453339715	0.6562169880199938	3.40007793942487e-05	3320	0.9462365527300982	False
PLEKHJ1	-0.4021769317041709	0.6562230909741733	5.51437020035989e-06	7186	0.9462365527300982	False
PGP	-0.4021812689420535	0.6562246868539452	6.22651455842046e-06	6974	0.9462365527300982	False
GATAD2A	-0.402189416761512	0.656227684823613	8.93663754629478e-05	1594	0.9462365527300982	False
EDNRA	-0.4026846410906132	0.6564098829182288	1.37579653398047e-05	5419	0.9462365527300982	False
SGCG	-0.4027781375633927	0.656444277150776	7.69315342377633e-06	6610	0.9462365527300982	False
TOR1B	-0.40294989184532104	0.6565074564447549	1.04027845603147e-05	6007	0.9462365527300982	False
SCFD1	-0.4032670695927071	0.6566241178274624	6.22209062548472e-05	2123	0.9462365527300982	False
CBR3	-0.40334565822695906	0.6566530212652197	7.39632902564349e-06	6688	0.9462365527300982	False
RRM1	-0.4033664257793208	0.6566606590316206	2.4754555481983e-05	4058	0.9462365527300982	False
WNK2	-0.40340490851172733	0.6566748118120318	6.399594767564e-06	6933	0.9462365527300982	False
SLCO1B1	-0.40346740940929327	0.6566977972760557	6.93778909819469e-06	6799	0.9462365527300982	False
OSBPL3	-0.40347964768164174	0.6567022979814636	2.99778692701413e-05	3603	0.9462365527300982	False
DMXL2	-0.403840511896347	0.6568349981860783	1.53417837277745e-05	5171	0.9462365527300982	False
SLC25A22	-0.4038842013344343	0.6568510627435601	1.90435649329271e-05	4688	0.9462365527300982	False
WDFY2	-0.4039395356342343	0.6568714086967922	2.3379127047569e-06	8265	0.9462365527300982	False
CRLF3	-0.40441259719554307	0.6570453308569044	2.67931699457855e-06	8127	0.9462365527300982	False
AREG	-0.4045427842509017	0.6570931885877338	2.93222886278341e-06	8029	0.9462365527300982	False
PDLIM1	-0.4050909159391465	0.6572946582237653	2.93566645803431e-05	3653	0.9462365527300982	False
CTDSPL2	-0.40513173436637545	0.6573096595333221	3.72024438789811e-05	3120	0.9462365527300982	False
CYP1A1	-0.4051931145465481	0.6573322170908716	3.43669268229185e-05	3302	0.9462365527300982	False
DAPK1	-0.4054506723291919	0.6574268648913946	7.7070734384945e-05	1797	0.9462365527300982	False
CDK12	-0.4056667822905529	0.6575062737461626	2.91912953548554e-05	3664	0.9462365527300982	False
PLEKHA1	-0.4058672178307809	0.657579916867077	3.28878256693942e-05	3400	0.9462365527300982	False
OSER1	-0.4060296057965129	0.6576395763273122	5.02622106921299e-06	7316	0.9462365527300982	False
SERPING1	-0.4060831101371602	0.6576592323417153	2.5765754446702e-06	8165	0.9462365527300982	False
TSPAN10	-0.40626577150252774	0.6577263338554826	1.09989167177245e-06	8857	0.9462365527300982	False
HSD17B13	-0.4062657715025366	0.657726333855486	4.05585052829938e-07	9406	0.9462365527300982	False
TRMT6	-0.406480994326647	0.6578053905845885	1.55158959960762e-05	5147	0.9462365527300982	False
ZSCAN23	-0.40688245684727953	0.65795283933033	7.54846417091463e-06	6646	0.9462365527300982	False
EFEMP1	-0.4069143476416518	0.6579645511165311	3.64839730457461e-05	3166	0.9462365527300982	False
CYP2C8	-0.40702981284609124	0.6580069540503459	7.26216917890692e-07	9152	0.9462365527300982	False
WASF3	-0.4070398779691978	0.6580106502274644	1.94262567868916e-05	4642	0.9462365527300982	False
COL18A1	-0.40736696880834833	0.6581307583162157	3.94896622855892e-06	7645	0.9462365527300982	False
PVR	-0.40742212613967405	0.6581510105678497	4.49372602744024e-06	7487	0.9462365527300982	False
ALG3	-0.4074545263894963	0.6581629068342765	2.98443489278419e-06	8013	0.9462365527300982	False
KNSTRN	-0.4079206315007957	0.6583340273447076	2.41938809459698e-05	4113	0.9462365527300982	False
ZNF267	-0.408641052100903	0.6585984503289868	3.61177733342459e-06	7774	0.9462365527300982	False
KLRC2	-0.4092416179551876	0.6588188223775406	6.48906167077642e-07	9233	0.9462365527300982	False
KLRC1	-0.4092416179551876	0.6588188223775406	6.48906167077642e-07	9232	0.9462365527300982	False
KLRD1	-0.40924161795519404	0.6588188223775431	2.96642845596097e-06	8019	0.9462365527300982	False
PRSS50	-0.40926033480290375	0.6588256894806972	7.50031096121056e-06	6652	0.9462365527300982	False
NCOA6	-0.40935076375871615	0.6588588666004394	0.0001323964063836	1119	0.9462365527300982	False
COBLL1	-0.40944032388907636	0.6588917237498118	2.74769383040542e-05	3803	0.9462365527300982	False
LRIF1	-0.409539261822841	0.6589280199567259	4.79200916830313e-05	2572	0.9462365527300982	False
CDK11B	-0.41025636302394314	0.6591910505412769	6.35549909398291e-05	2083	0.9462365527300982	False
TEX261	-0.41036904978061944	0.6592323766764384	7.3960531980207e-07	9135	0.9462365527300982	False
PRPS1	-0.4104313458336849	0.6592552219757228	3.23928870191158e-05	3432	0.9462365527300982	False
KHDRBS2	-0.410514172511696	0.6592855953910878	5.244708220537e-05	2402	0.9462365527300982	False
TRIM3	-0.41061226103704324	0.6593215641509378	4.82789831665547e-05	2558	0.9462365527300982	False
SCML1	-0.4106447154127105	0.659333464751503	1.70705005634197e-05	4930	0.9462365527300982	False
MSANTD4	-0.4110803691330924	0.6594931979883973	1.85089733107846e-06	8471	0.9462365527300982	False
GSK3B	-0.4112008468202773	0.6595373663059109	0.0005246358591703	226	0.9462365527300982	False
YTHDF3	-0.4114539803308454	0.6596301604377491	5.08228119347186e-05	2462	0.9462365527300982	False
MBIP	-0.4114588925610731	0.6596319610762549	5.21043410499231e-05	2414	0.9462365527300982	False
PFKM	-0.41157772525339203	0.6596755195545521	1.71747302757532e-05	4927	0.9462365527300982	False
FGG	-0.41170730136603123	0.6597230136376873	5.39073695264687e-06	7218	0.9462365527300982	False
CELA1	-0.41182623530580087	0.6597666047699647	5.5887773480577e-06	7167	0.9462365527300982	False
ZSWIM8	-0.4119216124169028	0.6598015604168497	7.49294825353385e-06	6657	0.9462365527300982	False
BIN2	-0.41193777562182193	0.659807484084473	8.68601228148988e-07	9028	0.9462365527300982	False
NUPR1	-0.4120332496726791	0.6598424736513195	2.27051919477361e-05	4249	0.9462365527300982	False
PRAM1	-0.41256970355161443	0.6600390489966947	1.70210674211e-05	4938	0.9462365527300982	False
CHD5	-0.41350735312370634	0.6603825318909882	4.25357613283367e-05	2825	0.9462365527300982	False
CNPY2	-0.4135664146870327	0.6604041630632717	1.19476572894721e-05	5719	0.9462365527300982	False
SRP9	-0.4137011922070934	0.66045352306546	3.11982861989762e-05	3523	0.9462365527300982	False
PNMA2	-0.4137091811289144	0.6604564487874538	2.98200052199346e-05	3621	0.9462365527300982	False
CTRB2	-0.4137091811289196	0.6604564487874557	3.4940102826547e-07	9426	0.9462365527300982	False
CTRB1	-0.4137091811289478	0.660456448787466	1.23538218918826e-06	8779	0.9462365527300982	False
TGM1	-0.4137275978613421	0.660463193370266	1.56068536007515e-05	5135	0.9462365527300982	False
AFF1	-0.4138417249109161	0.6605049878760839	4.01435020724711e-05	2947	0.9462365527300982	False
DYNC2I2	-0.4140027605082491	0.6605639574194441	1.93839568306255e-05	4647	0.9462365527300982	False
TSHB	-0.41428788786901094	0.6606683584189829	8.28083631732308e-06	6455	0.9462365527300982	False
CCDC121	-0.41429752568912304	0.6606718871460332	1.01026255967869e-06	8915	0.9462365527300982	False
CFAP263	-0.41429752568912304	0.6606718871460332	1.01026255967869e-06	8916	0.9462365527300982	False
LTBR	-0.41429752568912764	0.660671887146035	5.92814443401031e-05	2201	0.9462365527300982	False
SIGLEC12	-0.4146276968346313	0.6607927652917213	6.33947413888151e-06	6951	0.9462365527300982	False
BTBD6	-0.4147764397615252	0.6608472157930408	5.55361661360298e-06	7176	0.9462365527300982	False
FBXO45	-0.41531875026073173	0.6610457115883861	4.14772295212299e-05	2864	0.9462365527300982	False
LHX3	-0.4155200946721255	0.6611193960355799	1.10218094144301e-05	5886	0.9462365527300982	False
TBC1D32	-0.4155536237777917	0.6611316658227565	7.9480184498932e-06	6541	0.9462365527300982	False
FAM149B1	-0.41555362377780214	0.6611316658227604	5.05782994632039e-07	9344	0.9462365527300982	False
MRM1	-0.41583883188043974	0.661236029206721	3.00796445971525e-05	3598	0.9462365527300982	False
PFN2	-0.4158424115549035	0.6612373390030091	3.87701298503617e-05	3025	0.9462365527300982	False
GBP1	-0.4159262873469142	0.6612680284426105	6.99124093274538e-06	6786	0.9462365527300982	False
TACC3	-0.41610454264620406	0.6613332469863274	3.59276711464284e-05	3205	0.9462365527300982	False
GCLM	-0.41621877469835716	0.6613750387019046	2.2738256855276e-06	8291	0.9462365527300982	False
ALK	-0.4162201938544162	0.6613755578866513	0.0002832207428856	536	0.9462365527300982	False
PPP6R1	-0.41678017233289416	0.6615803967436155	5.19170565247624e-05	2426	0.9462365527300982	False
ADGRG5	-0.41698400713388994	0.6616549471873774	5.70087820549949e-05	2265	0.9462365527300982	False
WDR25	-0.4175686138588391	0.6618687258197573	1.21572620111911e-06	8788	0.9462365527300982	False
ZCCHC7	-0.4175934297974874	0.6618777993430653	1.35891293126915e-05	5452	0.9462365527300982	False
POTEI	-0.4179399013730252	0.6620044709228933	2.85057128246691e-05	3727	0.9462365527300982	False
C20ORF203	-0.417939901373049	0.6620044709229019	8.21726460094624e-07	9061	0.9462365527300982	False
TOP1	-0.4183127693610312	0.6621407726599924	0.0003318616598157	431	0.9462365527300982	False
PJA2	-0.4186620216865834	0.662268422420729	3.61432329179473e-05	3190	0.9462365527300982	False
EPPIN	-0.4190529240044834	0.662411272884138	4.28176412876268e-06	7547	0.9462365527300982	False
WASF1	-0.41912584539836967	0.6624379185252135	4.55908486940766e-05	2662	0.9462365527300982	False
UBL7	-0.419135965566322	0.6624416163929593	2.7089402442284e-05	3831	0.9462365527300982	False
TGFB1	-0.4192011360587614	0.6624654290471055	4.39114754054452e-05	2750	0.9462365527300982	False
USP15	-0.41980748747477725	0.6626869526698567	0.0002535887476645	605	0.9462365527300982	False
TMEM97	-0.4198586279375109	0.6627056336814794	4.71152816416072e-06	7410	0.9462365527300982	False
PPP3R1	-0.42013708672584793	0.6628073443739831	2.31670595946549e-05	4206	0.9462365527300982	False
ADCK2	-0.42050662827161117	0.6629423058536635	5.97508500848831e-06	7054	0.9462365527300982	False
ZC3HAV1L	-0.42052683494101656	0.6629496849931016	1.60116031977754e-06	8601	0.9462365527300982	False
ATG5	-0.42053559990603445	0.6629528857929834	8.87772978749474e-05	1601	0.9462365527300982	False
TUBA4A	-0.4207208329164129	0.6630205266345304	0.0001535470348173	978	0.9462365527300982	False
KLK15	-0.42072083291641504	0.6630205266345311	1.12159775785799e-06	8839	0.9462365527300982	False
CPD	-0.42073219609316387	0.6630246759114572	4.87392344720648e-05	2537	0.9462365527300982	False
PTRH2	-0.4208220071419186	0.6630574698201315	2.61191045549591e-05	3917	0.9462365527300982	False
DMP1	-0.42082416453173965	0.6630582575614703	2.86434335310319e-06	8059	0.9462365527300982	False
MESD	-0.4209702397514399	0.6631115932631002	3.84197137710511e-06	7686	0.9462365527300982	False
CALCOCO2	-0.4210724921823388	0.6631489262215051	0.0001730964860043	881	0.9462365527300982	False
TRAPPC4	-0.421348705323482	0.663249765212688	1.02460640309501e-05	6044	0.9462365527300982	False
TIRAP	-0.4213548113874017	0.6632519942620004	2.57712910590564e-05	3952	0.9462365527300982	False
SDHB	-0.42136526987580597	0.6632558121724149	4.82011359644846e-05	2561	0.9462365527300982	False
TECR	-0.42182093572637797	0.6634221383598055	3.29634335595156e-05	3394	0.9462365527300982	False
VPS11	-0.42187624300733073	0.6634423243319156	1.86585821699995e-05	4736	0.9462365527300982	False
SET	-0.4218848798867579	0.6634454765652696	0.0001010330436642	1428	0.9462365527300982	False
SLC16A2	-0.4220218318831613	0.6634954588992246	2.67592468756698e-06	8129	0.9462365527300982	False
SIGLEC5	-0.4228689686068282	0.6638045677512696	2.45626680111179e-06	8209	0.9462365527300982	False
DCLK2	-0.4232372131880145	0.6639389007582019	3.04021652517498e-06	7985	0.9462365527300982	False
CIP2A	-0.42357748117804334	0.6640630094942692	2.1433170462175e-05	4403	0.9462365527300982	False
PADI3	-0.42369759106498045	0.664106813888337	3.06693852244071e-06	7971	0.9462365527300982	False
ENPP6	-0.4237355328995395	0.6641206509126649	1.48344868721998e-05	5249	0.9462365527300982	False
RGS14	-0.4239673465965823	0.6642051863195124	2.75292065485632e-06	8099	0.9462365527300982	False
TFCP2	-0.42399571887557563	0.6642155322564209	5.23006813212577e-05	2411	0.9462365527300982	False
CA1	-0.4239957188756058	0.6642155322564319	1.53610393310261e-06	8628	0.9462365527300982	False
MFAP4	-0.4241368114252485	0.6642669797334226	1.11533644874235e-06	8843	0.9462365527300982	False
TEDC2	-0.4242474719271296	0.6643073284244064	2.17826536952821e-06	8336	0.9462365527300982	False
SV2A	-0.4248122721784202	0.6645132346358507	1.49574357775877e-05	5231	0.9462365527300982	False
AGGF1	-0.42485671506178047	0.6645294348447635	1.5229817534291e-05	5193	0.9462365527300982	False
TRIM38	-0.4251224325136446	0.6646262871245247	1.78566810849187e-05	4831	0.9462365527300982	False
GCAT	-0.4251844800730071	0.664648901480244	6.39464525784084e-06	6936	0.9462365527300982	False
C1D	-0.4255670269909246	0.6647883144456875	3.18164045101563e-05	3475	0.9462365527300982	False
GPANK1	-0.4256202004999648	0.664807690864985	2.53921230254032e-06	8178	0.9462365527300982	False
MID1IP1	-0.4257405201376616	0.664851533705388	6.4224743156027e-06	6926	0.9462365527300982	False
ANKRD24	-0.42579953047953223	0.6648730354510182	8.99733962346178e-07	8991	0.9462365527300982	False
RBM4B	-0.42597992317346844	0.6649387622369829	2.21964443920727e-05	4314	0.9462365527300982	False
C9	-0.42619397283034227	0.665016745517485	2.85552009329985e-06	8062	0.9462365527300982	False
RETREG3	-0.4269690059771508	0.6652990486301491	2.63872687452029e-05	3887	0.9462365527300982	False
FNTA	-0.4271218956268119	0.6653547271245028	1.37927351063648e-05	5414	0.9462365527300982	False
PKM	-0.42721380693630806	0.6653881971194676	0.0001963222404843	791	0.9462365527300982	False
FZD8	-0.4272355062395392	0.6653960988450522	6.00377928680503e-06	7049	0.9462365527300982	False
ECHDC2	-0.4275588747207405	0.665513843668027	4.26037474847603e-06	7552	0.9462365527300982	False
PRELP	-0.4277006830796713	0.6655654737462163	4.27994377997173e-06	7548	0.9462365527300982	False
ASCC3	-0.4278550589188127	0.6656216758761652	2.80007261993795e-05	3768	0.9462365527300982	False
DNAJB4	-0.4281147429500448	0.6657162081742023	6.20821928372288e-05	2128	0.9462365527300982	False
SUGT1	-0.42832119462777424	0.6657913548987567	0.000111477071195	1324	0.9462365527300982	False
ZNF440	-0.4284151729230706	0.6658255600300478	3.50736238614596e-06	7821	0.9462365527300982	False
ZNF777	-0.4286029437096498	0.665893898541006	1.01996294220178e-05	6052	0.9462365527300982	False
ZNF423	-0.4287917205625154	0.6659625976623326	1.81096915646918e-05	4803	0.9462365527300982	False
SDC3	-0.42880188155685317	0.6659662952640453	2.59107796335947e-06	8161	0.9462365527300982	False
KIAA1191	-0.4289009831129012	0.6660023576302426	8.35182426511921e-06	6441	0.9462365527300982	False
RPRD1B	-0.42895949448464116	0.6660236487913662	9.20917554122417e-05	1557	0.9462365527300982	False
PACSIN2	-0.4292246511409008	0.6661201274922688	3.70616630690172e-05	3133	0.9462365527300982	False
CFDP1	-0.4294221776252736	0.6661919914490007	2.60086884867935e-05	3927	0.9462365527300982	False
RPP14	-0.42944660689894515	0.6662008788679189	5.51654520445883e-06	7183	0.9462365527300982	False
ITCH	-0.4296852904357116	0.6662877075124464	0.0003230628898915	446	0.9462365527300982	False
POGK	-0.4298137059653614	0.6663344190168824	8.5728623146582e-06	6401	0.9462365527300982	False
ETV3	-0.43000908729961457	0.6664054845725452	1.58224300596738e-06	8611	0.9462365527300982	False
FNDC11	-0.430025083303107	0.6664113024938236	2.86929114939113e-06	8056	0.9462365527300982	False
MARS2	-0.4306068226237299	0.6666228602394741	2.00116826667304e-06	8401	0.9462365527300982	False
EREG	-0.43113277782158727	0.666814085689573	5.23141551738476e-06	7265	0.9462365527300982	False
TAF4	-0.43122319562738787	0.6668469551986813	3.83061759896082e-05	3061	0.9462365527300982	False
DCAF12L1	-0.43122692204153434	0.6668483098313949	9.5236514761014e-07	8955	0.9462365527300982	False
KIF5A	-0.4312968776392199	0.6668737398109511	2.86664344706156e-05	3708	0.9462365527300982	False
FAM117A	-0.43139407229252935	0.666909070349687	2.5506008627445e-05	3984	0.9462365527300982	False
FBXO10	-0.4319193180886319	0.6670999730817795	1.66481862187852e-05	4985	0.9462365527300982	False
RHOD	-0.4321824396039569	0.6671955893948603	1.53532640744424e-05	5169	0.9462365527300982	False
FCHO2	-0.4322981546373079	0.6672376358965444	3.27836515927053e-05	3407	0.9462365527300982	False
HCFC1	-0.4323280122687505	0.6672484846982563	0.000197770290427	787	0.9462365527300982	False
FUNDC1	-0.4332962837617379	0.6676002312079408	1.69349751261163e-05	4949	0.9462365527300982	False
CCT7	-0.4333776780551003	0.6676297928061578	0.0002576595213975	599	0.9462365527300982	False
AMPH	-0.43349339952600996	0.6676718198988392	3.64999811667989e-05	3163	0.9462365527300982	False
BMP15	-0.4338279821844228	0.6677933199428495	3.0463887437057e-06	7981	0.9462365527300982	False
EXOC3L2	-0.43400489863007696	0.6678575580940578	5.48029964547726e-07	9311	0.9462365527300982	False
MIPEP	-0.434004898630087	0.6678575580940614	7.20858835111498e-06	6727	0.9462365527300982	False
SHOX	-0.434306849405532	0.667967184668334	1.63714140557825e-06	8563	0.9462365527300982	False
ZNF81	-0.434329506843894	0.6679754101226357	8.16387531824145e-07	9073	0.9462365527300982	False
TRAPPC6A	-0.4344343321493337	0.6680134643754548	3.83437097620749e-06	7687	0.9462365527300982	False
PDCD6IP	-0.4350428487612508	0.6682343371478233	0.0001030819867937	1402	0.9462365527300982	False
CACNG2	-0.43525975363286934	0.6683130527996695	8.76934293490538e-06	6355	0.9462365527300982	False
AHCYL1	-0.43535080248500885	0.668346092580763	8.64833402741946e-05	1629	0.9462365527300982	False
FBXO34	-0.4353655323678031	0.6683514376332984	1.8888420109019e-05	4711	0.9462365527300982	False
KLHL1	-0.43540962506103353	0.6683674374037798	3.66411554121452e-06	7751	0.9462365527300982	False
ZC3H7B	-0.43540962506103364	0.6683674374037798	3.66411554121452e-06	7752	0.9462365527300982	False
NXF2B	-0.43578932237950724	0.6685052042059145	4.18069126155114e-05	2854	0.9462365527300982	False
NCAPH2	-0.4358940882123391	0.6685432127191262	1.40246453185382e-05	5374	0.9462365527300982	False
SERPINA12	-0.4361697505579297	0.6686432133283391	2.04926636225582e-05	4507	0.9462365527300982	False
DENND1B	-0.4361697505579297	0.6686432133283391	5.27869897699071e-07	9331	0.9462365527300982	False
TIGD6	-0.43625866252047124	0.6686754648990018	1.6817782004002e-06	8544	0.9462365527300982	False
FBXL15	-0.4363157773886994	0.6686961818586104	8.11185877228055e-06	6506	0.9462365527300982	False
UROD	-0.43634703444251816	0.6687075193379346	7.78602156575369e-06	6586	0.9462365527300982	False
FKBP4	-0.43681644001996245	0.6688777623362256	7.8347842110523e-05	1773	0.9462365527300982	False
SCRN1	-0.43722000633192454	0.6690240989898013	9.27219165655245e-06	6252	0.9462365527300982	False
RPL28	-0.4375913599380625	0.6691587322271927	0.0001399131310046	1055	0.9462365527300982	False
MOB1B	-0.43838804067003284	0.6694474928262721	4.98386587902043e-05	2499	0.9462365527300982	False
MILR1	-0.4384369475697839	0.6694652160737555	6.68648612818518e-06	6860	0.9462365527300982	False
UBXN2A	-0.4386616190484421	0.669546629318248	1.89684922188772e-05	4698	0.9462365527300982	False
CTBS	-0.44003409453733183	0.6700437930680609	2.9665442615532e-06	8018	0.9462365527300982	False
SLC39A5	-0.4400827462200702	0.6700614110865608	4.48135096115306e-05	2709	0.9462365527300982	False
C1GALT1C1	-0.44008274622009524	0.6700614110865699	7.4555210613556e-07	9131	0.9462365527300982	False
VPS4B	-0.4400900692938579	0.6700640629261926	1.07458686207055e-05	5941	0.9462365527300982	False
SGSM3	-0.4404516969436107	0.6701950052994685	9.97955249348428e-06	6102	0.9462365527300982	False
CSF2	-0.4407172353395227	0.6702911412725998	1.25388031284124e-06	8774	0.9462365527300982	False
MEOX2	-0.440717235339537	0.6702911412726049	3.5626123110977e-05	3226	0.9462365527300982	False
WDR54	-0.4407789585537933	0.670313486039011	7.04005868588749e-06	6763	0.9462365527300982	False
DPEP3	-0.44098243731875986	0.6703871442203578	2.40715755537479e-06	8237	0.9462365527300982	False
F5	-0.4410379911494593	0.6704072532497032	4.63998975434964e-06	7436	0.9462365527300982	False
ACBD6	-0.4413242444665122	0.67051086163	4.20675888760996e-06	7564	0.9462365527300982	False
METTL21C	-0.44148480519705874	0.6705689702921511	1.14075647219776e-06	8826	0.9462365527300982	False
BCKDK	-0.44148480519708766	0.6705689702921617	2.22294732802574e-05	4308	0.9462365527300982	False
KMT2A	-0.4417004889015921	0.6706470220708489	0.0001548524182092	972	0.9462365527300982	False
FAM131B	-0.44181653730311793	0.6706890146759185	1.37459234235401e-05	5422	0.9462365527300982	False
STK39	-0.4418487439686094	0.6707006684124344	1.53175126244351e-05	5176	0.9462365527300982	False
INKA2	-0.44202909680789837	0.6707659246483659	1.61112728738022e-06	8594	0.9462365527300982	False
PHF20L1	-0.44217162695549167	0.6708174919942529	9.58853595064604e-06	6183	0.9462365527300982	False
PDK2	-0.44247988077031924	0.6709290069757494	1.36167268676724e-05	5447	0.9462365527300982	False
PFDN4	-0.44262852727780955	0.6709827764228784	4.44892653809434e-05	2718	0.9462365527300982	False
NIPSNAP2	-0.4426729648685051	0.6709988500100065	1.102817390924e-05	5883	0.9462365527300982	False
GNAI3	-0.44295613453070803	0.6711012683023161	5.07932384272244e-05	2463	0.9462365527300982	False
IGSF6	-0.4434338164470167	0.6712740096939296	4.36474593167363e-06	7523	0.9462365527300982	False
LATS1	-0.44418198948717547	0.6715444937107575	0.0002029844180151	763	0.9462365527300982	False
IRF2	-0.4443861759758066	0.6716182968323364	3.79004456006613e-05	3078	0.9462365527300982	False
C6	-0.44455538664721966	0.6716794528853233	1.90600796788412e-06	8443	0.9462365527300982	False
CDRT15	-0.4449727483972996	0.6718302759322556	2.12162956798139e-06	8360	0.9462365527300982	False
CDRT15L2	-0.44497274839730167	0.6718302759322564	4.95046901312767e-07	9354	0.9462365527300982	False
SLC38A3	-0.44528597540187514	0.671943449152897	7.40388232828351e-07	9134	0.9462365527300982	False
RCN2	-0.4453415161569239	0.6719635151435979	4.50749607670245e-05	2694	0.9462365527300982	False
PACSIN1	-0.4454458001145655	0.6720011899366488	3.55453335838612e-05	3234	0.9462365527300982	False
RAB5A	-0.4457960018509631	0.6721276949384284	0.0001267215028206	1162	0.9462365527300982	False
SNRNP27	-0.44579790393626634	0.6721283819836374	9.67868346297434e-05	1468	0.9462365527300982	False
CEP135	-0.4460803013808224	0.6722303792567819	0.0002075535706171	741	0.9462365527300982	False
EAF1	-0.4462437785828281	0.6722894186395805	5.20820072603702e-05	2416	0.9462365527300982	False
RNF135	-0.446438678756802	0.6723598007219145	1.23005663332171e-05	5649	0.9462365527300982	False
POGLUT1	-0.4465120879845745	0.6723863085736053	1.17220461143076e-05	5753	0.9462365527300982	False
POLR3F	-0.44664116749852273	0.6724329166913124	2.72832890646695e-05	3818	0.9462365527300982	False
NUP155	-0.4467843372329635	0.6724846093723282	0.0001075346290111	1360	0.9462365527300982	False
CBX8	-0.44688558359028735	0.6725211632566163	7.65378036060909e-05	1805	0.9462365527300982	False
MAGEA9	-0.4472763186168608	0.672662218332349	9.38159747499545e-06	6224	0.9462365527300982	False
KCTD10	-0.4472776497263373	0.6726626988198341	2.26830674663355e-05	4252	0.9462365527300982	False
DCAF12L2	-0.4472958693443497	0.6726692754841274	7.9292901758514e-06	6543	0.9462365527300982	False
INS	-0.447343391959846	0.6726864292846553	1.47040708603576e-05	5268	0.9462365527300982	False
PRKACG	-0.44752450173297315	0.6727517994669383	1.85144668135264e-05	4752	0.9462365527300982	False
SGF29	-0.4478090755968667	0.6728545035151683	5.59489556733819e-05	2295	0.9462365527300982	False
RALBP1	-0.4480256387914752	0.6729326534233995	0.0001091500590511	1345	0.9462365527300982	False
SSC5D	-0.44842415779136263	0.6730764448549152	2.40106506739107e-06	8240	0.9462365527300982	False
UQCRB	-0.448609911787765	0.6731434588110834	2.53433483016617e-05	4000	0.9462365527300982	False
KDM3B	-0.4492223027985736	0.6733643498633229	2.10681190982029e-05	4445	0.9462365527300982	False
CBX7	-0.4496669791356997	0.6735247077169235	3.27205341805495e-05	3410	0.9462365527300982	False
EIF3K	-0.4499146858339851	0.6736140210645594	4.99670122040378e-05	2494	0.9462365527300982	False
NCAPD2	-0.4500000541652749	0.6736447992401218	3.10964718747477e-05	3527	0.9462365527300982	False
RPL23	-0.4501991188735191	0.6737165642181249	0.000262797847235	587	0.9462365527300982	False
ACTA2	-0.45022825904939556	0.6737270690267878	6.31824859659596e-05	2095	0.9462365527300982	False
ATP1A3	-0.4503395645826038	0.673767192544426	1.2702064906676e-05	5589	0.9462365527300982	False
ADIPOR1	-0.4507138207800742	0.6739020899990745	8.72092664805134e-06	6367	0.9462365527300982	False
VPS4A	-0.4511884619147834	0.6740731376205679	1.86172656293648e-05	4742	0.9462365527300982	False
CCDC85B	-0.4516104544400743	0.6742251813733632	2.82240926167909e-05	3750	0.9462365527300982	False
SEPHS1	-0.4516451575966588	0.674237683619009	1.1864005312703e-05	5729	0.9462365527300982	False
SLC15A1	-0.4517629045868337	0.6742801019825946	3.15555456551599e-05	3489	0.9462365527300982	False
ALKBH2	-0.4518464370068637	0.6743101931761675	2.30973059282967e-06	8276	0.9462365527300982	False
ARLN	-0.451883137829874	0.6743234136906924	5.14598680037727e-06	7288	0.9462365527300982	False
TIAM1	-0.45213372446396105	0.6744136751316862	5.31719356281104e-05	2379	0.9462365527300982	False
CST4	-0.45247305779348035	0.6745358868799028	1.91952268823117e-05	4666	0.9462365527300982	False
CDH13	-0.4527434754203506	0.674633265031871	8.70533938301397e-06	6370	0.9462365527300982	False
TBCE	-0.4527601346138768	0.674639263664788	8.87692694942991e-06	6337	0.9462365527300982	False
PKD2L2	-0.45293226370251033	0.6747012411598572	5.82007697743506e-07	9282	0.9462365527300982	False
PKD2	-0.452932263702546	0.6747012411598701	9.78902424922547e-06	6150	0.9462365527300982	False
POLR2G	-0.45309293220068825	0.6747590877485499	9.62283628066203e-05	1477	0.9462365527300982	False
BRINP2	-0.4533092285107164	0.6748369557519376	5.31835509267742e-06	7237	0.9462365527300982	False
ROR2	-0.4533878286153796	0.6748652503824879	4.03340468172651e-05	2932	0.9462365527300982	False
CLCN7	-0.45343990859645805	0.6748839976879457	3.15573996790396e-05	3488	0.9462365527300982	False
RGS19	-0.4534474718720278	0.6748867202142823	7.87502890066805e-06	6562	0.9462365527300982	False
BBLN	-0.4536951802916124	0.6749758818021735	8.7230427870987e-07	9024	0.9462365527300982	False
ASB9	-0.4538851679909422	0.6750442602738984	1.89403494500049e-05	4707	0.9462365527300982	False
RBM48	-0.4539187060613054	0.6750563303483677	7.56192420789478e-06	6641	0.9462365527300982	False
CCM2	-0.45430768408038885	0.6751963068972552	1.55181552690607e-05	5146	0.9462365527300982	False
DIAPH1	-0.45458328461256975	0.6752954687692276	2.9336833818588e-05	3654	0.9462365527300982	False
COPE	-0.4549478759927909	0.6754266307188221	5.00426521429464e-05	2488	0.9462365527300982	False
HMGN5	-0.45496827308623666	0.675433967941979	5.73350561328599e-06	7130	0.9462365527300982	False
SLC5A5	-0.45542653297878555	0.6755987948030532	1.05629609217248e-05	5978	0.9462365527300982	False
WSB2	-0.45551382041966515	0.6756301864399471	1.63292938237228e-05	5034	0.9462365527300982	False
ACOT9	-0.4556478295406529	0.6756783784088481	2.57628320260022e-05	3953	0.9462365527300982	False
LAMTOR4	-0.45576352132046677	0.6757199807822805	1.6387844816467e-05	5023	0.9462365527300982	False
TBC1D2B	-0.456657767705216	0.6760414747239936	2.4299163034361e-05	4102	0.9462365527300982	False
ZNF197	-0.4570686029338474	0.6761891316782552	7.06770096342663e-06	6756	0.9462365527300982	False
ENTPD7	-0.4571822065303402	0.6762299566853891	1.23496418467009e-05	5641	0.9462365527300982	False
POLG2	-0.45731243697996904	0.6762767541712312	1.94366141948781e-06	8429	0.9462365527300982	False
TYW3	-0.4573787492268597	0.6763005819856254	9.9846605926227e-06	6099	0.9462365527300982	False
NCCRP1	-0.45774601216364325	0.6764325365741104	5.27726524800542e-06	7250	0.9462365527300982	False
PRDX4	-0.45820837212206134	0.6765986272075583	4.82703510867138e-05	2559	0.9462365527300982	False
DENND4A	-0.4584368350794484	0.6766806835197563	1.86258808187915e-05	4739	0.9462365527300982	False
PRXL2A	-0.4587570327421425	0.6767956734303495	1.38725634886906e-05	5404	0.9462365527300982	False
KPNA6	-0.459485280046887	0.6770571398931786	0.0001051069800315	1384	0.9462365527300982	False
ARPIN	-0.45959981124656674	0.677098252674857	1.62165440595318e-06	8573	0.9462365527300982	False
OSBP	-0.4597305834435583	0.6771451927726889	3.20840254328263e-05	3454	0.9462365527300982	False
COG6	-0.4598674631165175	0.6771943220990929	5.78401216480996e-05	2242	0.9462365527300982	False
IL9R	-0.45987775789276675	0.6771980170108196	1.05083931767671e-05	5989	0.9462365527300982	False
BASP1	-0.46086463460165145	0.6775521369731151	3.9191279698241e-05	3002	0.9462365527300982	False
SUPT5H	-0.4608732413746148	0.6775552246247861	0.0001735100870024	876	0.9462365527300982	False
PEX7	-0.4608752440377081	0.6775559430718691	2.75249305831029e-05	3799	0.9462365527300982	False
FAM167A	-0.4609886278941936	0.6775966179787477	3.30517071006701e-05	3385	0.9462365527300982	False
NDUFS6	-0.46114283775682263	0.6776519352445297	5.82804862371659e-05	2230	0.9462365527300982	False
MRPL16	-0.46118389890332673	0.6776666637972896	1.48554045520879e-05	5245	0.9462365527300982	False
PRG2	-0.4612178280362367	0.6776788339003058	2.52656051934966e-05	4010	0.9462365527300982	False
OCLN	-0.46144851052892694	0.6777615727776972	0.0001023644363999	1413	0.9462365527300982	False
PRKN	-0.4616548027771343	0.6778355561480918	4.53912392806848e-06	7469	0.9462365527300982	False
ZNF620	-0.46192451346631686	0.6779322728864479	3.53026220603032e-06	7809	0.9462365527300982	False
ZNF77	-0.46192451346631686	0.6779322728864479	3.53026220603032e-06	7810	0.9462365527300982	False
AIRE	-0.4619645312292827	0.6779466220051461	5.89258607442144e-05	2211	0.9462365527300982	False
MT-ND2	-0.4621767183490404	0.6780227012399127	5.47393881994258e-07	9316	0.9462365527300982	False
IGFBP5	-0.46229981846138923	0.6780668351005952	4.13305138343733e-06	7585	0.9462365527300982	False
PPP3CA	-0.4623411326716787	0.6780816465112111	3.64859368127291e-05	3165	0.9462365527300982	False
PRC1	-0.4623933062597567	0.6781003506745067	6.17727100698743e-05	2142	0.9462365527300982	False
CAMKV	-0.46248253391408123	0.6781323376264913	5.41671818061257e-05	2350	0.9462365527300982	False
TTC7A	-0.462482533914102	0.6781323376264987	6.65211006384463e-07	9223	0.9462365527300982	False
SOAT1	-0.4624861213127137	0.6781336236345793	4.131083137094e-05	2870	0.9462365527300982	False
SFXN3	-0.46287161403935395	0.6782718023546317	1.61397787793216e-05	5056	0.9462365527300982	False
ZNF780A	-0.4630498715835513	0.6783356899056813	3.56593892484117e-06	7796	0.9462365527300982	False
RASSF5	-0.4632415851697562	0.6784043942204014	5.63419478979643e-05	2285	0.9462365527300982	False
FOXP4	-0.4632717627925161	0.6784152084062343	2.76892740870174e-05	3788	0.9462365527300982	False
GPRC5B	-0.4633146628462438	0.6784305814296105	8.64084686266453e-06	6386	0.9462365527300982	False
ZNF219	-0.4633937346955204	0.6784589156374845	3.19172916500035e-05	3466	0.9462365527300982	False
ADCYAP1	-0.46360512094690054	0.6785346576232876	1.0964220092423e-05	5895	0.9462365527300982	False
KLHL40	-0.46383258881484263	0.6786161535357798	2.18950293496169e-05	4356	0.9462365527300982	False
GPKOW	-0.46426757649154055	0.678771974537294	3.24989632892812e-05	3424	0.9462365527300982	False
RBFOX2	-0.46431430224671716	0.6787887107357173	5.38812860324279e-05	2362	0.9462365527300982	False
FAM8A1	-0.4645350439860283	0.6788677709481206	1.93633440596698e-05	4651	0.9462365527300982	False
KCNA5	-0.4648035031366073	0.6789639105633771	4.28300356224443e-05	2812	0.9462365527300982	False
CDCA4	-0.4652172013658712	0.6791120391819199	3.346861581635e-05	3357	0.9462365527300982	False
GNAO1	-0.4652702944225278	0.6791310475965076	5.66040930836843e-06	7143	0.9462365527300982	False
ASB4	-0.4655674555447981	0.6792374287667933	1.49780024593043e-05	5227	0.9462365527300982	False
PSMG1	-0.46563594616648085	0.6792619457439042	2.60775702190485e-05	3918	0.9462365527300982	False
RREB1	-0.46571179036609645	0.6792890941034292	2.36007258853276e-05	4166	0.9462365527300982	False
TRIP12	-0.4657238035225407	0.6792933941134502	0.0001049689282085	1385	0.9462365527300982	False
SERPINB1	-0.46576722433384116	0.6793089360332117	9.27720376001967e-06	6249	0.9462365527300982	False
BMP2K	-0.46628458418235746	0.679494094132465	3.06035084837009e-05	3564	0.9462365527300982	False
CFL1	-0.4664516245015735	0.6795538667154446	0.0001249965485799	1175	0.9462365527300982	False
ZIC1	-0.4670422935054393	0.6797651903756722	2.84168264921377e-05	3736	0.9462365527300982	False
ZDHHC17	-0.467115916661735	0.6797915264493277	9.4792636229482e-05	1503	0.9462365527300982	False
FAM135B	-0.467115916661754	0.6797915264493345	1.89585273040548e-06	8448	0.9462365527300982	False
TMEM63A	-0.4671643009205735	0.6798088337091487	2.20357248462544e-05	4335	0.9462365527300982	False
RSRP1	-0.46750845585212214	0.6799319281356585	8.77290880594619e-06	6353	0.9462365527300982	False
EXTL3	-0.46772645182617845	0.6800098888485302	1.06092039151711e-05	5966	0.9462365527300982	False
FLCN	-0.4677823651198905	0.680029883534518	3.3024777762491e-05	3390	0.9462365527300982	False
ANKRD49	-0.4678314250384857	0.6800474270115321	8.49259462213689e-06	6419	0.9462365527300982	False
PGRMC1	-0.4680517077647394	0.6801261935801766	9.43303901314812e-05	1511	0.9462365527300982	False
DBT	-0.46854683408521086	0.6803032064212059	2.25610807253244e-05	4265	0.9462365527300982	False
KIAA0753	-0.46881038465215896	0.6803974117641941	5.39380296688741e-05	2359	0.9462365527300982	False
TMED2	-0.46931135513210503	0.680576450034914	3.38896220888289e-05	3326	0.9462365527300982	False
SLC5A12	-0.46991674056201377	0.6807927482557198	7.92176041873314e-07	9090	0.9462365527300982	False
PRDM6	-0.4700656076928197	0.6808459275854929	1.36640413404875e-06	8722	0.9462365527300982	False
NEMP1	-0.47010482947190474	0.6808599380370628	1.94743651555584e-05	4634	0.9462365527300982	False
GGPS1	-0.4705461415813989	0.6810175617747163	1.6516156064964e-05	5001	0.9462365527300982	False
RNF7	-0.4706003608303337	0.6810369250426556	7.92080905484186e-05	1759	0.9462365527300982	False
ENKD1	-0.47060829718749775	0.6810397593047639	1.37735443271912e-05	5417	0.9462365527300982	False
METTL27	-0.47060829718752284	0.6810397593047729	8.82227030023938e-07	9014	0.9462365527300982	False
XAGE2	-0.47088052711557793	0.6811369726838236	5.63576155789148e-06	7156	0.9462365527300982	False
LMO2	-0.47112188746950373	0.6812231521086012	4.41651989038608e-05	2734	0.9462365527300982	False
USP5	-0.4712321121436002	0.681262505350525	8.59294960955779e-05	1641	0.9462365527300982	False
GPR156	-0.4712533387886997	0.6812700836122575	4.2326251267412e-05	2834	0.9462365527300982	False
AIMP2	-0.4720381000564943	0.6815502030732514	0.0001408602375041	1047	0.9462365527300982	False
FIG4	-0.4720695368586923	0.6815614222364281	1.47323678915904e-06	8656	0.9462365527300982	False
VAC14	-0.4720695368586923	0.6815614222364281	3.19481919632554e-05	3464	0.9462365527300982	False
DHODH	-0.47206953685869235	0.6815614222364281	7.8081549825429e-07	9105	0.9462365527300982	False
TMEM223	-0.472128868031853	0.6815825958865909	1.20197472126753e-05	5706	0.9462365527300982	False
TSPYL6	-0.47228694330772647	0.6816390056730396	4.33593464094504e-05	2790	0.9462365527300982	False
THUMPD2	-0.4724363390691028	0.6816923142697537	1.92732546855001e-06	8436	0.9462365527300982	False
MT-ND1	-0.4726549300667314	0.6817703068868682	8.98481006755988e-06	6314	0.9462365527300982	False
DOC2A	-0.47296197946664065	0.6818798475893877	6.09861394136863e-06	7018	0.9462365527300982	False
LYRM7	-0.4729747726198194	0.6818844112362039	1.10642682252372e-05	5877	0.9462365527300982	False
ZNF106	-0.47304505763592913	0.6819094832167758	1.89719242191051e-05	4697	0.9462365527300982	False
TRAK1	-0.4731170971102344	0.6819351801803681	2.85625229892764e-05	3719	0.9462365527300982	False
SOX11	-0.4736152245191957	0.6821128415966651	7.13849813898267e-07	9158	0.9462365527300982	False
SOX5	-0.4736152245192008	0.682112841596667	2.32241704374565e-05	4201	0.9462365527300982	False
IRF2BPL	-0.47378985837240467	0.6821751163394993	1.97088821808246e-05	4610	0.9462365527300982	False
IARS1	-0.4739270305789782	0.6822240285795167	5.59239545090301e-06	7165	0.9462365527300982	False
TPST1	-0.4740609860500839	0.6822717907419816	3.63308834032268e-06	7763	0.9462365527300982	False
UBTD2	-0.47406418172204057	0.682272930129873	1.46479746766912e-05	5272	0.9462365527300982	False
XPO4	-0.4740727865999007	0.6822759981125541	2.59878594122537e-05	3930	0.9462365527300982	False
PDE3B	-0.47515384138197364	0.6826613377126798	9.88170804702186e-06	6130	0.9462365527300982	False
NODAL	-0.47542690183799835	0.6827586382213494	6.34942497633546e-07	9249	0.9462365527300982	False
GALNT3	-0.47542690183799835	0.6827586382213494	8.41298809364448e-07	9048	0.9462365527300982	False
RSPRY1	-0.4754269018380106	0.6827586382213537	2.77107050457378e-05	3787	0.9462365527300982	False
ETFBKMT	-0.4756384249154761	0.6828340022369401	2.16675661553815e-06	8339	0.9462365527300982	False
SH3YL1	-0.47582250178528357	0.6828995812137995	1.0683705374331e-05	5952	0.9462365527300982	False
FMN2	-0.4762140520000695	0.6830390552595016	1.74012231702985e-05	4897	0.9462365527300982	False
NDUFA11	-0.4765269266011936	0.6831504855855377	3.61398447828304e-06	7772	0.9462365527300982	False
CREB3L1	-0.476839648156894	0.6832618448043544	1.41576835794273e-05	5351	0.9462365527300982	False
CREB3L2	-0.47683964815690544	0.6832618448043584	7.28502170395309e-07	9151	0.9462365527300982	False
SLC30A8	-0.47683964815690544	0.6832618448043584	1.11337124154755e-06	8852	0.9462365527300982	False
AMMECR1L	-0.4768458044833108	0.6832640368873091	3.27289102825854e-06	7901	0.9462365527300982	False
MYOM2	-0.47685558256336524	0.683267518554741	8.23109773207799e-06	6470	0.9462365527300982	False
TASL	-0.4770328295380389	0.6833306278251609	1.19372019367298e-06	8797	0.9462365527300982	False
SLC15A4	-0.47703282953805076	0.6833306278251652	1.44635938102382e-05	5299	0.9462365527300982	False
SMIM8	-0.47711793795408874	0.6833609290135457	9.23199669617129e-07	8970	0.9462365527300982	False
TIMM44	-0.4772564815401201	0.6834102521182396	2.53705145179376e-05	3998	0.9462365527300982	False
TOR2A	-0.4777453881092809	0.6835842823959377	4.79074292749123e-06	7389	0.9462365527300982	False
BTRC	-0.47818822153250756	0.6837418774835181	0.0005024717003422	244	0.9462365527300982	False
NINL	-0.4786211784111033	0.6838959254566581	0.0001897886850651	808	0.9462365527300982	False
MAP3K2	-0.478679192984297	0.6839165648739349	6.34255011232219e-05	2087	0.9462365527300982	False
METAP1D	-0.47877232338645226	0.683949695992395	3.38679329928717e-06	7864	0.9462365527300982	False
RND2	-0.4788112754681986	0.6839635527481059	7.41944543934255e-06	6680	0.9462365527300982	False
MAPK1	-0.4788694112827809	0.6839842334157448	0.000349157318512	400	0.9462365527300982	False
CBFA2T2	-0.47891040517439487	0.6839988158367891	1.17120352953079e-05	5755	0.9462365527300982	False
NRBP2	-0.4796109971844544	0.6842479874197794	5.15904566512926e-06	7285	0.9462365527300982	False
SOD1	-0.47970570003313306	0.6842816628831284	0.0001570920342973	961	0.9462365527300982	False
ANKRD52	-0.47975287955505785	0.6842984389169875	3.47240804118703e-05	3277	0.9462365527300982	False
NAGLU	-0.479795705830115	0.6843136667001375	3.96529022049309e-06	7638	0.9462365527300982	False
G2E3	-0.4798505164951952	0.6843331553288196	3.84631659930227e-06	7685	0.9462365527300982	False
FSD2	-0.4803812589624629	0.6845218410410774	6.11376751446124e-06	7008	0.9462365527300982	False
BLVRB	-0.4804872157301735	0.6845595042639371	3.98540917171934e-06	7633	0.9462365527300982	False
PPP2R1B	-0.48056645375733337	0.6845876688329958	5.40613084080971e-05	2355	0.9462365527300982	False
SLC22A16	-0.4806677098387023	0.6846236579952233	2.14528796822252e-05	4402	0.9462365527300982	False
RPL10A	-0.4807112382652713	0.6846391286422839	0.000250968392579	615	0.9462365527300982	False
GNL1	-0.480748697905007	0.6846524420935205	1.08610806766368e-05	5917	0.9462365527300982	False
COPG2	-0.48123216891103276	0.6848242499788894	2.99746760594483e-05	3604	0.9462365527300982	False
KIF3A	-0.48173159870825116	0.6850016870644777	3.12479855173984e-05	3518	0.9462365527300982	False
NDUFAF3	-0.48217625758778304	0.6851596292562784	9.74665302785004e-06	6155	0.9462365527300982	False
MTREX	-0.48256017892755454	0.6852959703244267	6.83645031322154e-06	6823	0.9462365527300982	False
CNPY3	-0.4827500807119469	0.6853634003561178	1.21312377220205e-05	5681	0.9462365527300982	False
C1QTNF3	-0.48300220171099	0.6854529135389004	6.3348968283373e-07	9250	0.9462365527300982	False
CUL4A	-0.4830357703535788	0.685464830946697	0.0003715498907431	370	0.9462365527300982	False
POLR3GL	-0.4831938427828999	0.685520946602841	1.65658456825004e-05	4995	0.9462365527300982	False
CLTC	-0.4835200305248077	0.6856367295867231	0.0002748649150763	555	0.9462365527300982	False
PYGB	-0.48386743728770676	0.6857600243539158	1.59427735046833e-05	5081	0.9462365527300982	False
ARSG	-0.4839020864783221	0.6857723202259843	1.18569398714257e-05	5730	0.9462365527300982	False
LRRC47	-0.4839965358606691	0.685805836196367	9.65014027638363e-06	6174	0.9462365527300982	False
SSRP1	-0.4846238402776783	0.6860284003100521	0.0003122794911425	474	0.9462365527300982	False
KATNB1	-0.4847597159861439	0.6860765993434002	2.59514279920567e-05	3935	0.9462365527300982	False
ZNF217	-0.4849712015819167	0.6861516130686319	3.13619544015716e-05	3510	0.9462365527300982	False
ASB3	-0.48508515511509126	0.6861920290813583	4.84998969485492e-06	7369	0.9462365527300982	False
RTL6	-0.48554763650571847	0.6863560348788278	4.10354099078155e-06	7594	0.9462365527300982	False
GUK1	-0.485941547295526	0.6864956950355278	1.44711008689828e-06	8687	0.9462365527300982	False
LYG2	-0.4861335129237484	0.6865637463170924	1.5961001977654e-05	5078	0.9462365527300982	False
BDH1	-0.4864289002810409	0.6866684479096725	7.40815943054369e-06	6684	0.9462365527300982	False
TTBK2	-0.48649706211657584	0.686692606092655	4.36637934756124e-06	7522	0.9462365527300982	False
CDC25A	-0.4866804126685087	0.6867575859328428	8.17970629111739e-05	1719	0.9462365527300982	False
GLIPR1	-0.48674737354451186	0.686781315569727	8.65209367894935e-06	6381	0.9462365527300982	False
DDOST	-0.4867710858048739	0.6867897185498726	9.26565625119499e-05	1542	0.9462365527300982	False
ISL1	-0.4867803652617965	0.6867930069106187	1.60786261094227e-05	5062	0.9462365527300982	False
ZNF284	-0.48769355014152127	0.68711653950713	3.46785824930228e-06	7838	0.9462365527300982	False
VANGL2	-0.488050121955208	0.6872428303670897	6.73442457022777e-05	1989	0.9462365527300982	False
CAMK2D	-0.4886569706215393	0.6874577139287784	3.50705483844081e-05	3254	0.9462365527300982	False
NYNRIN	-0.4891729270719886	0.6876403626785573	6.22041854337061e-06	6978	0.9462365527300982	False
FAM210A	-0.4893257873487262	0.6876944664166529	1.95896741367879e-06	8423	0.9462365527300982	False
PA2G4	-0.48947367362640903	0.6877468057940861	8.38338274663372e-05	1691	0.9462365527300982	False
DTNBP1	-0.48953654623915216	0.6877690562945193	3.60224402329293e-05	3201	0.9462365527300982	False
PXMP2	-0.48963618858153063	0.687804318130995	1.14614128566821e-05	5802	0.9462365527300982	False
GSTA4	-0.48982776512782034	0.6878721091829613	1.5406007949469e-06	8627	0.9462365527300982	False
FBXW4	-0.48996910490007334	0.6879221194313284	3.67395943937951e-05	3151	0.9462365527300982	False
DOCK6	-0.48998718501271193	0.6879285164673437	1.35026807297937e-05	5468	0.9462365527300982	False
VPS25	-0.49007286959762353	0.6879588322873742	1.17686741996043e-05	5743	0.9462365527300982	False
NT5DC2	-0.4901632500617243	0.6879908081635572	7.2317815635971e-06	6722	0.9462365527300982	False
NT5DC3	-0.4901632500617268	0.6879908081635581	5.95558467196835e-07	9273	0.9462365527300982	False
GIGYF2	-0.490717647932333	0.6881869186382901	4.3408387146654e-05	2783	0.9462365527300982	False
TMEM9B	-0.4908356360493579	0.688228648397584	1.98999056524342e-05	4586	0.9462365527300982	False
EPN1	-0.490998032900881	0.6882860805812443	3.20931029123205e-05	3453	0.9462365527300982	False
TGM5	-0.4914222459622449	0.6884360833260753	6.38554293408692e-06	6940	0.9462365527300982	False
DUS2	-0.49143674425952844	0.6884412094059305	5.46773250110098e-06	7200	0.9462365527300982	False
MTCL3	-0.4914809143858658	0.6884568261591466	2.60841255763629e-06	8154	0.9462365527300982	False
UXT	-0.49172952807800285	0.6885447194849702	7.47934170109577e-05	1836	0.9462365527300982	False
KIAA1328	-0.4919159562743021	0.6886106210914894	6.66101091441453e-06	6869	0.9462365527300982	False
ACVR2B	-0.49238698433034894	0.6887771006589858	1.32251576032365e-05	5505	0.9462365527300982	False
TKFC	-0.4924176808691223	0.6887879486656213	2.74839117894573e-06	8101	0.9462365527300982	False
SAP30	-0.49243020017812295	0.6887923728811041	9.51858696466459e-05	1497	0.9462365527300982	False
PSMB10	-0.492503306541204	0.6888182074926139	1.64329053300594e-05	5014	0.9462365527300982	False
WDR76	-0.4928326878841723	0.6889345940174207	0.0001887886656088	813	0.9462365527300982	False
MTM1	-0.4935807730129492	0.6891988588594238	1.38716425267838e-05	5405	0.9462365527300982	False
PPP1R3D	-0.4937049159791643	0.689242703552726	1.05575246032437e-05	5982	0.9462365527300982	False
ACTL6B	-0.49373766805494745	0.6892542704513547	1.83407778719323e-05	4770	0.9462365527300982	False
LBP	-0.4939003488683191	0.6893117209072774	2.06264544275594e-06	8383	0.9462365527300982	False
CLDN7	-0.4942766370163386	0.6894445887464716	6.29563656378787e-07	9255	0.9462365527300982	False
SCARB1	-0.49427663701635804	0.6894445887464784	1.4390026306026e-05	5307	0.9462365527300982	False
SCIN	-0.4942903435638734	0.689449428080062	6.20032825768382e-06	6984	0.9462365527300982	False
NELFCD	-0.49453827928680977	0.6895369604126195	1.67577833110847e-05	4972	0.9462365527300982	False
RPS15A	-0.49470409873437776	0.6895954960606556	0.0002247824799408	691	0.9462365527300982	False
KRTAP5-6	-0.4950098949329308	0.689703432076153	4.711099959092e-06	7411	0.9462365527300982	False
AKAP12	-0.49510222734484677	0.6897360191744706	3.06200876720178e-05	3562	0.9462365527300982	False
C1ORF21	-0.4951243337658106	0.6897438210253218	2.42135746143133e-06	8229	0.9462365527300982	False
TSR3	-0.49517355876639824	0.689761193323237	1.36353093041379e-05	5442	0.9462365527300982	False
TMEFF1	-0.4951907564938572	0.6897672625792689	5.78515282174995e-06	7114	0.9462365527300982	False
DCTN6	-0.49549391303094387	0.689874241171919	3.14636043792066e-05	3500	0.9462365527300982	False
ENGASE	-0.4955001196529693	0.6898764312114862	5.93465450614807e-07	9276	0.9462365527300982	False
GNS	-0.4955001196529722	0.6898764312114872	6.5905058094013e-06	6884	0.9462365527300982	False
COLEC12	-0.49551589263664836	0.6898819967622969	1.37092799731671e-05	5430	0.9462365527300982	False
GALK2	-0.4956564009632972	0.6899315736823114	4.33830197587135e-06	7531	0.9462365527300982	False
CLEC3A	-0.49572006558696774	0.689954035954367	2.15310368246599e-05	4386	0.9462365527300982	False
TEX9	-0.4961638112046141	0.6901105794224107	1.0063466568913e-05	6078	0.9462365527300982	False
ERN1	-0.49617725973183485	0.6901153232222405	3.32694629901993e-05	3370	0.9462365527300982	False
RAB23	-0.4962497440958619	0.6901408906302795	1.43035371255666e-05	5323	0.9462365527300982	False
CALML5	-0.4965689330157548	0.6902534671877163	1.42489564448361e-05	5333	0.9462365527300982	False
MAP2	-0.496578971518111	0.6902570074349232	1.91594981225406e-05	4670	0.9462365527300982	False
GPN3	-0.4966174003240683	0.6902705598385515	3.32219722845973e-05	3374	0.9462365527300982	False
WNT7B	-0.49670995706863486	0.6903032000814842	7.82214253791601e-07	9103	0.9462365527300982	False
WNT4	-0.4967099570686731	0.6903032000814977	1.1047985714456e-05	5880	0.9462365527300982	False
MIA2	-0.4968753393639357	0.6903615186028416	2.37424364821753e-05	4157	0.9462365527300982	False
CTAGE1	-0.49687533936394646	0.6903615186028454	7.86468213963339e-07	9094	0.9462365527300982	False
AP3B2	-0.4969951945973839	0.6904037799869195	6.81950608274705e-06	6829	0.9462365527300982	False
BRWD1	-0.49750768408209667	0.6905844572124145	1.25908587906529e-05	5608	0.9462365527300982	False
ZNF250	-0.49752693069160286	0.6905912416720352	6.77640203853494e-06	6838	0.9462365527300982	False
SCN3B	-0.4975610669168419	0.6906032745844362	5.23660035043124e-05	2407	0.9462365527300982	False
PHF20	-0.4975877114274627	0.6906126665488992	6.29456319661406e-06	6960	0.9462365527300982	False
PPP3CB	-0.4982351672716929	0.6908408509662289	1.83848801087092e-05	4766	0.9462365527300982	False
B3GLCT	-0.49952003449821625	0.691293461791611	2.81393141600239e-06	8076	0.9462365527300982	False
C8G	-0.49966598486350805	0.6913448563078401	1.50207897236205e-06	8642	0.9462365527300982	False
SERPINB3	-0.49971272386308285	0.6913613140442665	1.80772877144125e-05	4808	0.9462365527300982	False
HAUS4	-0.49973694690420495	0.6913698433102268	1.20714094821039e-05	5693	0.9462365527300982	False
HADHB	-0.4998154094149262	0.6913974703305976	8.68669462805829e-05	1626	0.9462365527300982	False
IGHA2	-0.4999831505775687	0.6914565291516112	1.33587934669517e-05	5490	0.9462365527300982	False
CIART	-0.4999831505775821	0.6914565291516158	6.67939652699799e-07	9217	0.9462365527300982	False
MOB3C	-0.5000955073510984	0.6914960852978931	1.41823674836685e-05	5346	0.9462365527300982	False
CAMKMT	-0.5001642512275023	0.6915202860613545	4.86045903412075e-06	7362	0.9462365527300982	False
SH3RF1	-0.5003135063637968	0.6915728273422758	2.89479659150494e-05	3682	0.9462365527300982	False
OS9	-0.5004632494321584	0.6916255364440372	8.13658221244142e-05	1727	0.9462365527300982	False
PSMF1	-0.5005539425567365	0.6916574582257619	4.61105858188319e-05	2641	0.9462365527300982	False
RANBP6	-0.5006300247074991	0.691684236181104	4.52143887026662e-05	2685	0.9462365527300982	False
PPP1R15A	-0.5006978342832379	0.6917081016524687	3.37807465438583e-05	3335	0.9462365527300982	False
MED13L	-0.5008635773420884	0.6917664312452382	5.40732265553714e-05	2354	0.9462365527300982	False
LZIC	-0.5010440688525329	0.6918299457208595	5.86711801091013e-06	7086	0.9462365527300982	False
IRF4	-0.5013674859393048	0.6919437409535054	2.30790655332075e-05	4213	0.9462365527300982	False
KIF15	-0.5014859637299933	0.6919854230880506	2.21599349670166e-05	4316	0.9462365527300982	False
NDUFB3	-0.5019409460555365	0.6921454691783572	3.04525143558504e-05	3576	0.9462365527300982	False
OGDHL	-0.5019737632083624	0.6921570116359863	8.22257976033989e-06	6472	0.9462365527300982	False
ZNRD2	-0.5020206304760656	0.6921734954740392	7.22947848351188e-05	1892	0.9462365527300982	False
PAM16	-0.5021073769579649	0.6922040043360206	8.03295743918797e-06	6522	0.9462365527300982	False
DNAJC16	-0.5021261310103695	0.6922105999884343	3.04623458787664e-05	3575	0.9462365527300982	False
EIF3F	-0.5024891183253171	0.6923382475289883	0.0001120161721351	1316	0.9462365527300982	False
TSPAN17	-0.502608750638748	0.6923803121375243	8.45968703971343e-06	6427	0.9462365527300982	False
WNT3	-0.5031682774576776	0.69257701700851	8.90378063122045e-07	9007	0.9462365527300982	False
WNT3A	-0.5031682774576856	0.6925770170085128	1.01757492104906e-05	6059	0.9462365527300982	False
CBX2	-0.5032318916385026	0.6925993774349255	4.85420724601382e-05	2546	0.9462365527300982	False
SCGB1D4	-0.5032824876735937	0.6926171614634853	1.22414705780565e-05	5659	0.9462365527300982	False
PEX39	-0.5036160579083193	0.6927343969151791	2.44719907177604e-06	8216	0.9462365527300982	False
EIF4G1	-0.5037268058153573	0.6927733156411199	0.0001740846538038	874	0.9462365527300982	False
EIF3CL	-0.5037816245696156	0.6927925790942093	2.21118410889604e-05	4328	0.9462365527300982	False
NRAP	-0.5038321844244901	0.6928103454873633	1.14046492288525e-06	8827	0.9462365527300982	False
KLHL41	-0.5038321844244962	0.6928103454873655	6.51694237903767e-06	6902	0.9462365527300982	False
PAFAH1B1	-0.504310895492445	0.6929785389058978	6.48816004972413e-05	2054	0.9462365527300982	False
PYGL	-0.5044299912389337	0.693020376464039	1.77079769167616e-05	4853	0.9462365527300982	False
GOLPH3L	-0.5044950654276747	0.6930432355398582	4.01257652849632e-05	2949	0.9462365527300982	False
RNF123	-0.5046136565244494	0.6930848919528088	6.11070066972479e-05	2156	0.9462365527300982	False
SLC9A1	-0.5047380402863076	0.6931285804240118	2.54270963926238e-05	3992	0.9462365527300982	False
ZKSCAN4	-0.5048618977862794	0.6931720813259873	1.54658029872919e-05	5157	0.9462365527300982	False
IFNW1	-0.5050375159420696	0.6932337568051379	2.92674736691957e-06	8034	0.9462365527300982	False
S1PR5	-0.5051783077543897	0.6932831976427882	1.33539689335348e-06	8737	0.9462365527300982	False
COLGALT2	-0.5052738040875174	0.6933167303947896	1.31452943056431e-05	5519	0.9462365527300982	False
GNG4	-0.5054963784081948	0.693394879256505	1.167119840212e-05	5759	0.9462365527300982	False
THAP2	-0.5056696939931091	0.6934557266196957	4.69308945603418e-06	7420	0.9462365527300982	False
RNF170	-0.5058822332277323	0.6935303372808231	2.08884687279195e-05	4461	0.9462365527300982	False
APBA1	-0.5059126638570229	0.6935410191196785	1.6376701217617e-05	5025	0.9462365527300982	False
IRF3	-0.5060682366002895	0.69359562610019	7.51086106603937e-05	1831	0.9462365527300982	False
SYT11	-0.5062449584417428	0.6936576513275043	3.95381802765094e-06	7642	0.9462365527300982	False
RPL31	-0.5067864383871886	0.69384766355245	0.0003573351707399	388	0.9462365527300982	False
ZZEF1	-0.506868225878606	0.6938763592961763	2.69916270226985e-05	3836	0.9462365527300982	False
DCP2	-0.5073915380463795	0.6940599390621212	2.98250483527149e-05	3620	0.9462365527300982	False
UQCC6	-0.5074145951853355	0.6940680264675669	7.61389446335734e-07	9117	0.9462365527300982	False
GHITM	-0.5074145951853504	0.6940680264675723	3.1502231810425e-05	3497	0.9462365527300982	False
SOCS2	-0.507417948412663	0.6940692026207442	0.0001282268079855	1149	0.9462365527300982	False
SLC25A4	-0.5074381824379235	0.6940762997150828	2.72568435649767e-05	3819	0.9462365527300982	False
GTF2E1	-0.5074521410038788	0.6940811956465016	4.26026500763131e-05	2820	0.9462365527300982	False
MSMO1	-0.5080142310327207	0.6942783184679634	3.69049984857462e-06	7740	0.9462365527300982	False
DNAAF10	-0.5080724112570447	0.6942987188365235	1.15091164317839e-05	5791	0.9462365527300982	False
RPRD2	-0.5081129967608323	0.6943129494186847	4.23868385479668e-05	2832	0.9462365527300982	False
SLC38A2	-0.5081138299746144	0.6943132415671444	1.15582976324275e-05	5786	0.9462365527300982	False
MTX1	-0.5082204891954857	0.6943506383034389	1.49708790791001e-05	5228	0.9462365527300982	False
FH	-0.5082560809914326	0.6943631170079195	2.40368547207234e-05	4133	0.9462365527300982	False
CYBC1	-0.5087338518788592	0.6945306045875197	1.4278904238826e-06	8697	0.9462365527300982	False
SFXN5	-0.5089151407636364	0.694594146650083	1.97702142414996e-05	4601	0.9462365527300982	False
PSD4	-0.5090452444412936	0.6946397445974255	5.51318946672711e-06	7187	0.9462365527300982	False
ANKFY1	-0.5090896356188889	0.6946553018570158	4.17390994005902e-05	2858	0.9462365527300982	False
ZNF396	-0.5092670025969822	0.694717458089501	2.69344909493945e-06	8121	0.9462365527300982	False
GABRA6	-0.509674702439596	0.6948603105582558	3.34572734970832e-06	7881	0.9462365527300982	False
EHBP1	-0.5097869454586218	0.6948996337727212	1.42271833004589e-05	5335	0.9462365527300982	False
SFI1	-0.5098591097211093	0.6949249146090375	8.50291411023217e-06	6417	0.9462365527300982	False
TRAPPC2L	-0.5100119228247342	0.6949784455584569	1.0143333931931e-05	6066	0.9462365527300982	False
STRIP2	-0.5101456109554813	0.6950252735435803	2.89210833434682e-05	3685	0.9462365527300982	False
RAB24	-0.5102759547114064	0.6950709269936923	2.90886259379117e-06	8044	0.9462365527300982	False
POLRMT	-0.5105684490656104	0.6951733633218329	1.91463001381608e-05	4672	0.9462365527300982	False
RUVBL1	-0.5107559733304848	0.695239029353399	0.0004186730029176	317	0.9462365527300982	False
METTL18	-0.5108395035531216	0.695268277400799	3.01564191398046e-06	8000	0.9462365527300982	False
HAUS1	-0.5109011158995852	0.6952898501198616	5.1947522467603e-05	2424	0.9462365527300982	False
ZNF446	-0.5112285695746271	0.6954044921419055	1.64479605420585e-05	5013	0.9462365527300982	False
NANOS2	-0.5114154484307532	0.6954699101089376	1.2311200036012e-05	5647	0.9462365527300982	False
KCTD15	-0.5115409344594496	0.6955138336721446	1.50868471701619e-05	5216	0.9462365527300982	False
TRNAU1AP	-0.5115409344594518	0.6955138336721454	5.21072763947415e-07	9333	0.9462365527300982	False
PRPF39	-0.5115409344594858	0.6955138336721572	1.13891691930399e-06	8828	0.9462365527300982	False
INTS14	-0.5118182251708597	0.6956108830523987	6.27874759700809e-06	6963	0.9462365527300982	False
TAPBPL	-0.5118384212694495	0.6956179509763667	2.09102807691646e-06	8376	0.9462365527300982	False
EPS15L1	-0.511861418645727	0.6956259991600056	4.45503312399759e-05	2715	0.9462365527300982	False
STXBP5L	-0.5120146630111878	0.6956796262845181	8.34364892221599e-07	9051	0.9462365527300982	False
STX19	-0.5120146630112163	0.695679626284528	1.73394966692154e-05	4902	0.9462365527300982	False
RYR1	-0.5121516837241087	0.6957275724573146	8.6551455390903e-06	6380	0.9462365527300982	False
ADH6	-0.512233283014017	0.6957561240139118	9.8337213898451e-07	8934	0.9462365527300982	False
FYTTD1	-0.5122769349028353	0.6957713973011702	4.38436479492035e-05	2756	0.9462365527300982	False
EIF4EBP2	-0.5123629852804521	0.6958015043253747	6.10239461564514e-06	7015	0.9462365527300982	False
SMCR8	-0.5126099665467513	0.6958879099488086	1.94183006063837e-05	4643	0.9462365527300982	False
CRABP1	-0.5127436470305213	0.6959346730855128	1.39655577824852e-06	8715	0.9462365527300982	False
SYNGR1	-0.5129886695163113	0.6960203767515172	1.84651867326424e-06	8475	0.9462365527300982	False
NFE2L3	-0.5131765216546995	0.6960860761484411	9.64149966022052e-06	6175	0.9462365527300982	False
TSN	-0.5132393789573654	0.6961080584441046	1.15744803226561e-05	5782	0.9462365527300982	False
ATG16L2	-0.5134059075486052	0.6961662929702592	7.26321143705906e-06	6717	0.9462365527300982	False
RPS25	-0.5135389482724226	0.6962128133166932	0.000208546246424	739	0.9462365527300982	False
GPHN	-0.5136481816027467	0.6962510065564771	1.84346028415079e-05	4761	0.9462365527300982	False
CDYL	-0.5140100707266946	0.6963775251339407	1.99851662976256e-05	4575	0.9462365527300982	False
NDUFS8	-0.5142057032517868	0.6964459096231775	5.55193738350383e-05	2304	0.9462365527300982	False
PEX16	-0.5142999927006805	0.6964788665929847	4.02542126687936e-06	7624	0.9462365527300982	False
ITGB1	-0.5144760785529235	0.6965404095619486	0.000176003682232	867	0.9462365527300982	False
ZNF516	-0.5146788518419149	0.6966112730295115	1.67405970794659e-05	4974	0.9462365527300982	False
FERMT3	-0.5148084261678046	0.6966565516796003	3.31624352451403e-06	7892	0.9462365527300982	False
ATP6V0D1	-0.5150117861767324	0.6967276080213523	3.68695912017616e-05	3144	0.9462365527300982	False
NOP2	-0.5155100276837397	0.6969016679176183	0.0001377287537301	1075	0.9462365527300982	False
GLMN	-0.5157140806184541	0.6969729405926379	7.75163660024302e-05	1787	0.9462365527300982	False
CHGA	-0.5158002301524703	0.6970030291004587	1.61172947474029e-06	8583	0.9462365527300982	False
RAB10	-0.5161871167152821	0.6971381362626311	4.09376525084648e-05	2891	0.9462365527300982	False
VMA12	-0.5164683596569865	0.6972363339981111	6.49821581369367e-06	6906	0.9462365527300982	False
AP3M1	-0.516590467695694	0.6972789643448647	1.5474521624103e-05	5156	0.9462365527300982	False
TMEM171	-0.5168366732051185	0.6973649114112275	2.59675181431652e-05	3932	0.9462365527300982	False
SLC39A10	-0.5169794940521825	0.6974147632563795	3.9123232596308e-05	3009	0.9462365527300982	False
GATA3	-0.5171106307552575	0.6974605334910589	4.78156053898511e-05	2576	0.9462365527300982	False
CENPN	-0.5171783979857209	0.6974841848599357	1.06625369170133e-05	5957	0.9462365527300982	False
DOK4	-0.5172357825362945	0.6975042119326297	1.77618199363024e-05	4847	0.9462365527300982	False
JAGN1	-0.5172526304882316	0.6975100917152086	4.44722389232356e-06	7500	0.9462365527300982	False
TAOK3	-0.5174047102592988	0.6975631638585097	1.31929138839318e-05	5511	0.9462365527300982	False
NOSIP	-0.5175084551299461	0.6975993659005548	3.71687517153959e-05	3124	0.9462365527300982	False
MATN3	-0.5181135726531274	0.6978104844929672	2.08182487563661e-06	8379	0.9462365527300982	False
DMPK	-0.5182542020024126	0.6978595389915672	4.63992787690327e-06	7437	0.9462365527300982	False
GAA	-0.5183203803728176	0.697882622173259	1.55069363281154e-06	8625	0.9462365527300982	False
CD99L2	-0.5184694837968741	0.6979346269200912	5.23872216945355e-06	7264	0.9462365527300982	False
PLTP	-0.5186936766042747	0.6980128140040038	2.27016755176656e-06	8292	0.9462365527300982	False
CD74	-0.5188138535622546	0.6980547218908045	1.87218483096085e-05	4726	0.9462365527300982	False
PMP22	-0.5188473989202382	0.6980664192996385	1.31185974070088e-06	8744	0.9462365527300982	False
ATP23	-0.5190496851680433	0.6981369530577417	3.7236126596413e-06	7731	0.9462365527300982	False
FSCN1	-0.5193216054132274	0.6982317553325149	4.79831594622725e-05	2568	0.9462365527300982	False
FEZ1	-0.5193667124482801	0.6982474801549594	4.79247614177804e-05	2571	0.9462365527300982	False
PPID	-0.5195178856214976	0.6983001781461651	4.32664643271759e-05	2797	0.9462365527300982	False
PRPF18	-0.5197510582682063	0.6983814525088833	3.46875947438073e-06	7837	0.9462365527300982	False
RCC1L	-0.5198082894513605	0.6984013994324028	1.73865830679386e-06	8518	0.9462365527300982	False
NME6	-0.5198082894513679	0.6984013994324054	4.63642216463984e-07	9381	0.9462365527300982	False
ZNF491	-0.5198181177103351	0.698404824839717	5.76313053504563e-06	7122	0.9462365527300982	False
RPS7	-0.5199053321659156	0.698435220609663	0.0002235120219516	693	0.9462365527300982	False
FBXL18	-0.519970993878813	0.6984581039607434	1.37550655872735e-05	5421	0.9462365527300982	False
CDC42EP3	-0.5202989707423935	0.6985723934182944	3.23341923492119e-06	7915	0.9462365527300982	False
STAMBP	-0.5205629316432812	0.6986643611953846	5.90616951220962e-05	2207	0.9462365527300982	False
CDKL3	-0.5205629316432886	0.6986643611953871	9.27200028748952e-07	8968	0.9462365527300982	False
UBE2H	-0.5205779406510165	0.6986695901700691	7.39460490119127e-05	1847	0.9462365527300982	False
GNG7	-0.5206671851707552	0.6987006811441734	8.51706212384025e-06	6412	0.9462365527300982	False
GTF2B	-0.5207091053692556	0.698715284789386	5.54193558164291e-05	2307	0.9462365527300982	False
PLAA	-0.5208126093959897	0.6987513408890227	1.68281972069138e-05	4964	0.9462365527300982	False
MTCL1	-0.5208187023245487	0.6987534633278956	1.76334090059251e-05	4864	0.9462365527300982	False
MYH9	-0.5209040526366936	0.6987831939417894	0.0002976119828941	498	0.9462365527300982	False
LRRC3	-0.5209594062870652	0.6988024749222376	2.39315800902172e-06	8244	0.9462365527300982	False
RNF19B	-0.5210253608147573	0.6988254477120748	7.00715758103486e-06	6779	0.9462365527300982	False
CNNM3	-0.5212856738976391	0.69891611031896	2.77267255082647e-05	3783	0.9462365527300982	False
OLFM1	-0.5213731303905869	0.6989465671632414	4.82777268625999e-06	7376	0.9462365527300982	False
NDUFB7	-0.521554973938974	0.6990098899838981	1.9108648382027e-05	4679	0.9462365527300982	False
RFTN1	-0.5215698951481792	0.6990150856841955	5.44344836827793e-06	7204	0.9462365527300982	False
DTNA	-0.5218850627306175	0.6991248204449063	2.94105018936056e-05	3650	0.9462365527300982	False
TSPO	-0.522148385866105	0.699216490215048	2.01745013765414e-06	8393	0.9462365527300982	False
DNAAF5	-0.5227034266265402	0.6994096733446333	1.76424823656378e-05	4863	0.9462365527300982	False
LGMN	-0.5233419995089755	0.6996318606825602	1.63616234994165e-05	5028	0.9462365527300982	False
ANGPTL3	-0.5237619759223299	0.6997779483159821	2.19098815702775e-06	8327	0.9462365527300982	False
NBR1	-0.5242200960273851	0.6999372674854643	7.30938492281411e-05	1870	0.9462365527300982	False
DSC2	-0.5243969458180738	0.699998759817543	2.82741216103651e-05	3747	0.9462365527300982	False
TBC1D14	-0.5244939657942466	0.7000324921516252	3.56339389125993e-06	7800	0.9462365527300982	False
C1S	-0.524587796028162	0.7000651138292736	2.62123058797165e-06	8152	0.9462365527300982	False
C1R	-0.5245877960281652	0.7000651138292747	8.22807819385225e-07	9060	0.9462365527300982	False
PARD3	-0.5246471903028875	0.7000857624298055	0.0001114348047623	1325	0.9462365527300982	False
AP1B1	-0.5251072648074199	0.7002456869333684	5.50781298439815e-05	2319	0.9462365527300982	False
NDUFB5	-0.5251073290980535	0.7002457092784578	4.34648847662909e-05	2778	0.9462365527300982	False
GNG2	-0.5252973853488649	0.7003117626313708	1.74787399629423e-05	4887	0.9462365527300982	False
EIF4ENIF1	-0.5254634227761953	0.7003694629335322	2.55089280237831e-05	3983	0.9462365527300982	False
IFT57	-0.5256053111399209	0.700418767113224	4.72771220175094e-05	2593	0.9462365527300982	False
TMEM201	-0.5257823200900088	0.7004802700403194	1.27713024958886e-05	5576	0.9462365527300982	False
PICALM	-0.5258641494917778	0.7005087002711056	5.23817304236124e-05	2406	0.9462365527300982	False
TFB2M	-0.5259013276957831	0.7005216168001842	6.8302480386846e-06	6825	0.9462365527300982	False
MAP1LC3A	-0.5259840639069742	0.7005503602806522	0.0001493155140237	1002	0.9462365527300982	False
FZD5	-0.5264755760700873	0.700721091283304	3.19372107392663e-06	7930	0.9462365527300982	False
PRPF38A	-0.5267470906126699	0.7008153852698445	3.57489724349664e-05	3218	0.9462365527300982	False
ATP1B1	-0.5279920179342076	0.7012475619678212	2.06020624383349e-05	4495	0.9462365527300982	False
NMNAT1	-0.5281676187502633	0.7013084989741243	2.67773702579323e-05	3853	0.9462365527300982	False
NUP210	-0.5282548325579328	0.7013387618148232	1.3540048766144e-05	5463	0.9462365527300982	False
LAMB1	-0.528314095960273	0.7013593251816506	2.02942867132676e-05	4541	0.9462365527300982	False
MGST2	-0.528708351748368	0.7014961086718563	7.10356817788339e-07	9181	0.9462365527300982	False
FMO3	-0.5287083517483682	0.7014961086718563	8.49891192711048e-07	9044	0.9462365527300982	False
SLC29A3	-0.5287083517483694	0.7014961086718567	7.10356817788339e-07	9182	0.9462365527300982	False
SLC7A9	-0.5287083517483694	0.7014961086718567	7.10356817788339e-07	9183	0.9462365527300982	False
FMO1	-0.5287083517483695	0.7014961086718567	7.10356817788339e-07	9180	0.9462365527300982	False
CYP4F2	-0.5287083517483695	0.7014961086718567	7.10356817788339e-07	9179	0.9462365527300982	False
ASPHD2	-0.5293513661025598	0.7017191355304523	1.64069696869867e-05	5019	0.9462365527300982	False
METTL14	-0.5299813978905903	0.7019375858224532	9.36684062295153e-05	1521	0.9462365527300982	False
CHI3L1	-0.5303596652128985	0.7020687070391678	9.20935258464314e-07	8972	0.9462365527300982	False
ALDH1B1	-0.5304898721100118	0.7021138354026228	2.63737395116619e-05	3891	0.9462365527300982	False
NEU1	-0.5305516807074339	0.702135256532048	6.10345347035563e-06	7012	0.9462365527300982	False
NT5C	-0.5308301222612047	0.7022317478683029	9.0533377931801e-07	8986	0.9462365527300982	False
ARPC1B	-0.5308301222612084	0.7022317478683042	5.00251816486271e-05	2489	0.9462365527300982	False
PDCD4	-0.5309880772418426	0.7022864793616066	8.43015208963543e-05	1682	0.9462365527300982	False
MIOS	-0.531127479766121	0.7023347786047432	2.88604707497874e-05	3695	0.9462365527300982	False
EXOSC8	-0.5311963667935704	0.7023586447956667	5.44029644396056e-05	2338	0.9462365527300982	False
F9	-0.5314056398960333	0.7024311429567173	1.65166442207422e-05	5000	0.9462365527300982	False
EXOC5	-0.5315448512675328	0.7024793652742984	2.89673440431713e-05	3678	0.9462365527300982	False
OXT	-0.5316138205530248	0.7025032546645816	1.0984396012155e-06	8858	0.9462365527300982	False
PEX14	-0.5318026428614935	0.702568653931545	3.07674723383979e-05	3553	0.9462365527300982	False
AP2A1	-0.5320455235214315	0.7026527668414027	0.000120336506322	1228	0.9462365527300982	False
AFF4	-0.5325612602621548	0.7028313375146176	4.49225085622426e-05	2704	0.9462365527300982	False
KRTAP10-9	-0.5328185032562494	0.7029203879901924	3.50159323615317e-06	7825	0.9462365527300982	False
TTF1	-0.5329443327256905	0.702963942259753	7.9933324401975e-06	6528	0.9462365527300982	False
TAX1BP1	-0.533041037709127	0.7029974134742741	8.39706599774692e-05	1687	0.9462365527300982	False
FBXO3	-0.5330564558756892	0.7030027498005058	2.2285987006557e-05	4297	0.9462365527300982	False
STT3A	-0.5333566745292099	0.703106648657577	2.98745266914716e-05	3614	0.9462365527300982	False
SPICE1	-0.5336100696488704	0.7031943300074917	4.49845405025305e-05	2698	0.9462365527300982	False
REG4	-0.5336238989340604	0.7031991149613539	6.80567995987544e-06	6832	0.9462365527300982	False
TLR5	-0.5343473659007221	0.7034493863818027	5.29366092581188e-06	7244	0.9462365527300982	False
PNMA6A	-0.5347857598933191	0.7036009944646184	2.20794259076049e-06	8313	0.9462365527300982	False
STAR	-0.5348281369557677	0.703615647675241	5.5778258544733e-06	7172	0.9462365527300982	False
BRMS1	-0.5348619685852087	0.7036273457935283	4.89769782899796e-05	2527	0.9462365527300982	False
CEBPZ	-0.5348979602887978	0.7036397905782166	6.91702611049194e-05	1951	0.9462365527300982	False
POLR3G	-0.5352093086116729	0.7037474349094001	1.36305929304761e-05	5445	0.9462365527300982	False
OCRL	-0.5352529101247804	0.7037625080915846	3.70085308269273e-05	3137	0.9462365527300982	False
RNF2	-0.5352992755200598	0.7037785363707273	0.0002305688805634	678	0.9462365527300982	False
KIAA1671	-0.5355049321261368	0.7038496260079048	3.08796815289062e-05	3542	0.9462365527300982	False
TWF1	-0.5356396643015587	0.7038961948431162	2.73013406302331e-05	3816	0.9462365527300982	False
RWDD2A	-0.5357175165998601	0.7039231021830802	1.00029563243811e-06	8924	0.9462365527300982	False
SCPEP1	-0.5357615714237629	0.7039383279303374	5.29022789821651e-06	7245	0.9462365527300982	False
SFMBT1	-0.5357859912589197	0.7039467674923474	1.81201798821981e-05	4800	0.9462365527300982	False
ZNF670	-0.5360474873418011	0.7040371343329853	7.46145427152054e-06	6667	0.9462365527300982	False
CABLES2	-0.5361080606855739	0.7040580652364462	4.45535629416886e-06	7496	0.9462365527300982	False
MORC4	-0.5363107306525398	0.7041280921806448	1.10910281594293e-05	5871	0.9462365527300982	False
HSDL1	-0.536808130318604	0.7042999224714297	1.13810736768835e-05	5813	0.9462365527300982	False
TACR1	-0.5370336364563044	0.704377810076318	2.4567080513873e-05	4076	0.9462365527300982	False
MAP4K4	-0.537110307488148	0.7044042893491802	6.58525560163198e-05	2024	0.9462365527300982	False
SLC25A23	-0.5374373573941316	0.7045172277624755	1.49204449760986e-05	5237	0.9462365527300982	False
PTGES3	-0.5375656705028076	0.7045615320282824	0.0001551372031496	969	0.9462365527300982	False
LIX1L	-0.5377394802683269	0.7046215406183342	8.20871356076616e-07	9066	0.9462365527300982	False
CAPNS2	-0.5377394802683486	0.7046215406183416	9.14318764877811e-06	6282	0.9462365527300982	False
MEX3D	-0.5378012278902891	0.7046428579077656	7.83303092936881e-07	9100	0.9462365527300982	False
PLOD1	-0.5378012278902957	0.7046428579077679	3.71382787192727e-05	3126	0.9462365527300982	False
BTN2A2	-0.5378913665061539	0.704673975421666	1.09825267268156e-05	5891	0.9462365527300982	False
GTPBP8	-0.5380879527304094	0.70474183538127	3.87236692989418e-06	7672	0.9462365527300982	False
LINC01561	-0.5380956395520468	0.7047444886635323	7.28638978629698e-07	9150	0.9462365527300982	False
GATB	-0.5380956395520535	0.7047444886635348	8.23909005592068e-06	6468	0.9462365527300982	False
HYCC1	-0.5382559233499015	0.7047998117811225	2.06114275391519e-06	8386	0.9462365527300982	False
RUNX1T1	-0.5387290325564519	0.7049630810229194	4.25901755714469e-05	2822	0.9462365527300982	False
HTR7	-0.5387926012089632	0.7049850152944032	1.05948585000452e-06	8885	0.9462365527300982	False
CHRM2	-0.538792601208965	0.7049850152944038	1.05948585000452e-06	8884	0.9462365527300982	False
CHRM1	-0.5387926012089651	0.7049850152944038	1.05948585000452e-06	8883	0.9462365527300982	False
ZNF45	-0.5389533323265573	0.7050404719824577	3.43956862531308e-06	7845	0.9462365527300982	False
SIKE1	-0.5390659211649809	0.7050793153896141	2.59999012331294e-05	3928	0.9462365527300982	False
MANBAL	-0.5391292535157434	0.7051011641597099	9.01455812340465e-07	8989	0.9462365527300982	False
CHCHD7	-0.5391292535157469	0.7051011641597111	6.80344009313559e-07	9208	0.9462365527300982	False
S100A6	-0.5391292535157501	0.7051011641597122	2.89632162108355e-05	3680	0.9462365527300982	False
ST3GAL2	-0.5394518921496538	0.7052124583679112	7.63717793727685e-06	6620	0.9462365527300982	False
KLHL26	-0.5396594827341624	0.7052840565076163	1.22774171294824e-05	5653	0.9462365527300982	False
IFI30	-0.5398575081940725	0.7053523481543664	1.69802978723952e-05	4944	0.9462365527300982	False
CLIC5	-0.5399665556394233	0.7053899514625943	2.22776442324876e-06	8300	0.9462365527300982	False
CDK5RAP2	-0.5400539401225244	0.7054200830386614	5.82202599215809e-05	2231	0.9462365527300982	False
SMARCE1	-0.5403336098571917	0.7055165081052978	0.0001326537214121	1115	0.9462365527300982	False
TGFBRAP1	-0.5403851000646953	0.7055342594095904	9.96396055780621e-06	6105	0.9462365527300982	False
XPO7	-0.5405992187891463	0.7056080717717548	7.20264728463739e-05	1895	0.9462365527300982	False
THUMPD1	-0.5409327789765173	0.7057230417288624	5.42694764539267e-06	7210	0.9462365527300982	False
TIMM29	-0.5410016098706714	0.7057467634563791	3.74864353314056e-06	7724	0.9462365527300982	False
ALOX15	-0.5410016098706906	0.7057467634563858	5.30493970221147e-07	9329	0.9462365527300982	False
EPS15	-0.5410543996016207	0.7057649561942789	0.0001214551693215	1211	0.9462365527300982	False
RPL6	-0.5411503222428806	0.7057980123442709	0.0003989266850267	333	0.9462365527300982	False
NRF1	-0.5411782046723529	0.705807620658692	1.85895422914115e-05	4745	0.9462365527300982	False
PTPRN	-0.5418402808415839	0.7060357301941967	2.64767441151918e-05	3880	0.9462365527300982	False
FBXW7	-0.5420253276258115	0.7060994709753652	0.0004847542904401	253	0.9462365527300982	False
AP3S1	-0.542197403051785	0.7061587379365339	1.91139319861796e-05	4676	0.9462365527300982	False
RERE	-0.5426384482043122	0.7063106193611111	1.91691280516567e-05	4668	0.9462365527300982	False
ARL6IP1	-0.5429112546079813	0.7064045467095511	1.39702660060764e-05	5385	0.9462365527300982	False
TWF2	-0.5429174669848398	0.70640668547129	2.1844923129703e-05	4365	0.9462365527300982	False
NDUFS2	-0.5430331136147848	0.7064464983175912	5.81626758262933e-05	2232	0.9462365527300982	False
FBXL3	-0.543284836499461	0.7065331485282492	9.79796422974439e-06	6147	0.9462365527300982	False
CBR1	-0.543656897934855	0.7066612010057686	9.19539705712788e-06	6269	0.9462365527300982	False
HELZ	-0.5438740850801518	0.7067359383890973	3.02711360944747e-05	3586	0.9462365527300982	False
MICALL1	-0.5442276728162098	0.7068575943940749	1.96735989816307e-05	4613	0.9462365527300982	False
LPGAT1	-0.5444239384909373	0.7069251117978946	5.01972661415756e-06	7318	0.9462365527300982	False
CANX	-0.5461128084249107	0.707505802052373	0.0005373074644586	217	0.9462365527300982	False
SLC25A43	-0.5461661457731228	0.7075241325114233	1.97069496682592e-06	8419	0.9462365527300982	False
TPI1	-0.5464064135597066	0.7076066987773424	6.32250717431196e-05	2093	0.9462365527300982	False
BET1	-0.546458381363802	0.707624555707179	5.13248740743454e-05	2447	0.9462365527300982	False
HPCA	-0.5469421501195048	0.7077907616908735	9.81289695008925e-06	6144	0.9462365527300982	False
FAM90A1	-0.5469551403337071	0.7077952240669505	2.24128754983552e-05	4284	0.9462365527300982	False
FAM90A26	-0.546955140333722	0.7077952240669556	8.14414970547425e-07	9078	0.9462365527300982	False
FAM90A5	-0.546955140333722	0.7077952240669556	8.14414970547425e-07	9079	0.9462365527300982	False
SULT4A1	-0.5469553812836134	0.7077953068373491	5.41259419063478e-06	7211	0.9462365527300982	False
CUL7	-0.5472745992132397	0.7079049540541589	0.0001476981865572	1011	0.9462365527300982	False
NUDC	-0.5474222783692085	0.7079556734483007	8.81589593352203e-05	1605	0.9462365527300982	False
COX18	-0.5476708550718139	0.7080410361539944	5.80993907794389e-07	9283	0.9462365527300982	False
VNN2	-0.5476708550718327	0.7080410361540008	1.57698347195207e-05	5107	0.9462365527300982	False
SLC18A1	-0.5481723342872667	0.7082132117020037	2.33350517177033e-05	4194	0.9462365527300982	False
AP1G1	-0.5483560947617678	0.7082762913247743	3.67121346216784e-05	3152	0.9462365527300982	False
ATIC	-0.5486567347746723	0.7083794785851267	7.83798867688754e-06	6574	0.9462365527300982	False
ZSCAN22	-0.549130015599909	0.708541886053597	1.99741232000265e-06	8403	0.9462365527300982	False
DNASE1L1	-0.5494745459270198	0.7086600859329591	4.85906445714764e-06	7363	0.9462365527300982	False
DUSP14	-0.5502716513744865	0.7089334674209183	3.36977256215073e-05	3340	0.9462365527300982	False
CFAP210	-0.5502716513745493	0.7089334674209399	8.01401032963034e-07	9085	0.9462365527300982	False
MMP7	-0.5504161647821407	0.7089830180297239	6.4011480642988e-06	6932	0.9462365527300982	False
MTUS2	-0.5504848441645557	0.7090065653642746	2.03721788216667e-05	4523	0.9462365527300982	False
NOL7	-0.5515208757399793	0.7093616699168372	1.3991099708136e-05	5379	0.9462365527300982	False
PPA2	-0.551552716638898	0.709372580318781	1.29628670761951e-05	5546	0.9462365527300982	False
NOPCHAP1	-0.5516993008851007	0.7094228054820767	2.91442755538288e-06	8042	0.9462365527300982	False
KLHL29	-0.5517121390487948	0.7094272041165229	1.84077718476395e-05	4764	0.9462365527300982	False
SIK3	-0.5523648344904281	0.7096507907209343	2.66211431984511e-05	3866	0.9462365527300982	False
MUCL1	-0.5524883194462075	0.7096930825219555	2.00918698489829e-06	8397	0.9462365527300982	False
SPACA9	-0.5524883194462151	0.7096930825219582	4.68810283846706e-07	9379	0.9462365527300982	False
CCDC124	-0.552669176418156	0.7097550181964416	1.04274924229447e-05	6004	0.9462365527300982	False
CUL1	-0.5527819253187377	0.7097936266758652	0.0004857493738196	251	0.9462365527300982	False
PFDN1	-0.5528307144706252	0.7098103327444851	3.75169853209705e-05	3099	0.9462365527300982	False
CRTC3	-0.5528720824231	0.7098244973405807	2.11626496446758e-05	4433	0.9462365527300982	False
NTMT1	-0.5529592529838571	0.7098543439207683	5.13447245445583e-06	7290	0.9462365527300982	False
VPS36	-0.5533483855657645	0.7099875626025121	1.60146102877112e-05	5070	0.9462365527300982	False
HSPA2	-0.5534185780151797	0.7100115897797536	9.0366975441272e-05	1579	0.9462365527300982	False
LAGE3	-0.5536476835295856	0.7100900070871721	1.17488831318521e-05	5746	0.9462365527300982	False
EHD4	-0.5540672776134861	0.7102335982600279	8.44077257944709e-06	6432	0.9462365527300982	False
SCCPDH	-0.554546142146435	0.7103974318538802	2.59145135742648e-05	3941	0.9462365527300982	False
IL1RL2	-0.5546754096384409	0.7104416505968745	1.78465849313788e-06	8501	0.9462365527300982	False
PAX3	-0.5548333146744853	0.7104956611296827	1.53094886565375e-05	5178	0.9462365527300982	False
GTPBP6	-0.554909584493938	0.7105217470994454	4.7173751414926e-06	7407	0.9462365527300982	False
NAP1L5	-0.555093416286466	0.7105846171119669	1.57384256620004e-05	5114	0.9462365527300982	False
SKA1	-0.5551910807891373	0.7106180155178775	2.08896641618483e-05	4460	0.9462365527300982	False
TNIP1	-0.5554325364172608	0.7107005785134339	0.0002090884250139	738	0.9462365527300982	False
PCMTD1	-0.5554551522428749	0.7107083111697768	1.91083115892295e-06	8440	0.9462365527300982	False
PCMTD2	-0.5554551522428749	0.7107083111697768	1.91083115892295e-06	8441	0.9462365527300982	False
CUL5	-0.5554551522428837	0.7107083111697798	0.0001824024819785	843	0.9462365527300982	False
KCTD8	-0.5554971109978023	0.7107226571777084	3.29786785646266e-06	7894	0.9462365527300982	False
PLAT	-0.5559389265240255	0.7108736968656694	3.50486805728002e-06	7822	0.9462365527300982	False
KLK13	-0.5559389265240284	0.7108736968656704	1.89556872170989e-07	9446	0.9462365527300982	False
SERPINE2	-0.5559389265240363	0.710873696865673	5.41591046156051e-07	9320	0.9462365527300982	False
NPRL2	-0.5560610517650202	0.7109154402323221	1.76878941795845e-05	4857	0.9462365527300982	False
ISOC1	-0.5561346606538133	0.7109405989595617	9.7227761596001e-07	8945	0.9462365527300982	False
VTN	-0.5561346606538388	0.7109405989595704	3.49629295515933e-05	3259	0.9462365527300982	False
SPA17	-0.5561821411344938	0.7109568267312595	7.17568655169722e-06	6735	0.9462365527300982	False
TM4SF20	-0.5561858622019415	0.7109580984911991	2.09359683987768e-06	8374	0.9462365527300982	False
NDUFS5	-0.5565126968043198	0.7110697914249517	1.97348648633605e-05	4608	0.9462365527300982	False
TLE3	-0.5566669565931606	0.7111225013342539	6.77494142973717e-05	1982	0.9462365527300982	False
GNA13	-0.556873995754451	0.7111932386151006	2.17897790896822e-05	4373	0.9462365527300982	False
FECH	-0.55729763002153	0.711337952656297	1.74971885439413e-05	4884	0.9462365527300982	False
CD207	-0.5573738615963131	0.7113639898396141	3.8953766479042e-06	7665	0.9462365527300982	False
DBN1	-0.5577195146237796	0.7114820350594224	0.0001063996540432	1371	0.9462365527300982	False
IGBP1	-0.5577392769460731	0.7114887834742551	4.88009610337999e-05	2534	0.9462365527300982	False
ARIH1	-0.5578111362285336	0.7115133212714772	0.0001479764036192	1009	0.9462365527300982	False
ZNF852	-0.5578111362285497	0.7115133212714826	9.99440124052842e-07	8925	0.9462365527300982	False
PUS7L	-0.5578111362285522	0.7115133212714835	1.88573608311857e-06	8455	0.9462365527300982	False
KIFAP3	-0.5579341371994047	0.7115553201440981	3.93116171090502e-05	2996	0.9462365527300982	False
EIF2B1	-0.557994803027982	0.7115760335242456	2.75240146809107e-05	3800	0.9462365527300982	False
CENPQ	-0.5589728701478592	0.7119098821383072	2.19604913712773e-05	4344	0.9462365527300982	False
WASF2	-0.5591544960967801	0.7119718573634956	5.37237458390274e-05	2366	0.9462365527300982	False
CPLX4	-0.5596113276457363	0.7121277116579481	1.02791918767472e-05	6039	0.9462365527300982	False
ARPP19	-0.5600415573277534	0.71227445393767	5.18862759016033e-06	7272	0.9462365527300982	False
CAPS	-0.5600484740591699	0.7122768128003234	8.98376446793796e-07	8994	0.9462365527300982	False
TUBB2B	-0.5600484740591907	0.7122768128003305	3.72184525968335e-05	3117	0.9462365527300982	False
KCNS3	-0.5600823400570278	0.7122883622332058	2.26523953959547e-05	4254	0.9462365527300982	False
ZNF174	-0.5601277915763095	0.712303862370351	7.17126677039576e-06	6736	0.9462365527300982	False
ZBTB9	-0.5602014411521329	0.7123289779322868	1.37049644809827e-05	5432	0.9462365527300982	False
CLIC3	-0.5609413052210352	0.7125812246879577	4.9703517184183e-06	7329	0.9462365527300982	False
POGZ	-0.5609696875793413	0.7125908991893126	4.82551214833801e-05	2560	0.9462365527300982	False
TEAD2	-0.5609948638086188	0.7125994807103654	1.23667885307961e-05	5637	0.9462365527300982	False
TFIP11	-0.561258188795876	0.7126892298945882	9.30643873963353e-05	1528	0.9462365527300982	False
GNG3	-0.5617077506719589	0.7128424236350968	1.165289796654e-05	5762	0.9462365527300982	False
TMEM63B	-0.5618197041071024	0.7128805671308168	7.84049307002745e-06	6571	0.9462365527300982	False
UEVLD	-0.5620281889309605	0.7129515933047503	6.25077070531822e-07	9257	0.9462365527300982	False
WDR59	-0.5620281889309718	0.7129515933047542	2.43965387486154e-05	4092	0.9462365527300982	False
SEMG2	-0.5620978990739695	0.7129753401541523	9.0012392650238e-06	6310	0.9462365527300982	False
SAP30BP	-0.5623307417707113	0.7130546515717837	3.05546744874199e-05	3568	0.9462365527300982	False
PHF14	-0.5626767818369947	0.7131725013549212	1.12135278655257e-05	5848	0.9462365527300982	False
H1-5	-0.5627690393127707	0.7132039173213089	2.21012610737873e-06	8310	0.9462365527300982	False
TIPRL	-0.5629242809506237	0.713256777280735	3.05298124224554e-05	3569	0.9462365527300982	False
DGCR2	-0.5630561936195897	0.7133016900688547	3.38188907024355e-06	7865	0.9462365527300982	False
AHI1	-0.5630663105432875	0.7133051344770915	8.15012871726214e-06	6491	0.9462365527300982	False
CDK8	-0.5631621185557123	0.7133377523039709	9.59593047404103e-05	1480	0.9462365527300982	False
CHMP1B	-0.5632854037203352	0.7133797221348335	1.4119798593857e-05	5357	0.9462365527300982	False
ERICH5	-0.5636347764735765	0.7134986428771015	1.66358490631758e-06	8552	0.9462365527300982	False
C9ORF78	-0.5637429415756069	0.7135354557534184	3.21735366736432e-05	3446	0.9462365527300982	False
SLC2A12	-0.5638642233566757	0.7135767300865911	2.97666842390586e-05	3623	0.9462365527300982	False
B4GALT4	-0.564018878402095	0.7136293578369017	7.85061952311146e-06	6567	0.9462365527300982	False
VIPAS39	-0.5641034452887764	0.7136581332626148	6.18197658643287e-06	6988	0.9462365527300982	False
EIF3H	-0.5642118427002243	0.7136950154516266	0.0001066126820138	1368	0.9462365527300982	False
PPM1G	-0.5644275444937248	0.7137684012163223	8.37068053213359e-05	1692	0.9462365527300982	False
H2AC4	-0.5644275444937598	0.7137684012163342	1.32989470548357e-06	8740	0.9462365527300982	False
H2BC12	-0.5644275444937598	0.7137684012163342	8.33665337765819e-07	9053	0.9462365527300982	False
H2AC12	-0.5644275444937598	0.7137684012163342	8.33665337765819e-07	9052	0.9462365527300982	False
GPX7	-0.5644438120957882	0.7137739353950423	1.9906519477412e-05	4584	0.9462365527300982	False
PLPBP	-0.5644438120958206	0.7137739353950534	7.29774578987803e-07	9148	0.9462365527300982	False
RPS3	-0.5645063077334367	0.7137951957097739	0.0004599760805162	272	0.9462365527300982	False
CALHM4	-0.564510741955879	0.7137967041540015	5.34914295260109e-06	7228	0.9462365527300982	False
RAB8B	-0.5647716170155557	0.7138854425994927	2.41615852266709e-05	4118	0.9462365527300982	False
ATG4B	-0.5648137517848832	0.7138997738048588	1.58678496719164e-05	5092	0.9462365527300982	False
SSH1	-0.5649252388391836	0.7139376920035089	2.80148100831135e-05	3767	0.9462365527300982	False
ADAM32	-0.5649986816902259	0.7139626695685926	1.0062652967169e-05	6080	0.9462365527300982	False
SLC16A1	-0.5651344310791382	0.7140088345631318	2.83578194132669e-05	3743	0.9462365527300982	False
CCP110	-0.5652242628033856	0.7140393821535486	6.66835736493103e-05	2007	0.9462365527300982	False
MAPRE3	-0.5653264064014736	0.7140741145550517	3.45420325287351e-05	3287	0.9462365527300982	False
ATP1B2	-0.5654902635811593	0.7141298275468814	6.97553146473691e-07	9193	0.9462365527300982	False
PTPN14	-0.5655516871868695	0.7141507108239615	8.47738180406474e-05	1666	0.9462365527300982	False
CORO1B	-0.5655635053618976	0.7141547287761723	1.56702886599437e-05	5126	0.9462365527300982	False
RPL13	-0.5655842175815193	0.7141617704677088	0.0003405763510372	421	0.9462365527300982	False
TMEM185B	-0.5656305771103706	0.7141775313719478	7.77343197310724e-07	9109	0.9462365527300982	False
IL17RB	-0.5658586380382871	0.714255059499431	1.07489286182079e-05	5940	0.9462365527300982	False
UBXN11	-0.5658600406908362	0.7142555362929257	1.21522184785087e-05	5675	0.9462365527300982	False
KLF10	-0.5659810842101239	0.7142966803118879	1.69423278654631e-05	4947	0.9462365527300982	False
DHH	-0.5659903641351918	0.7142998345438114	4.08373139187549e-06	7605	0.9462365527300982	False
SRCAP	-0.5661922141964589	0.7143684389623358	4.09427824225723e-05	2890	0.9462365527300982	False
ZNF7	-0.5662701209013427	0.7143949156495659	5.8327242990755e-06	7101	0.9462365527300982	False
ARPC5	-0.566394002447646	0.7144370145364957	2.53274432945415e-05	4003	0.9462365527300982	False
TRIP4	-0.5665075142889323	0.7144755868748102	6.23453034731042e-05	2120	0.9462365527300982	False
DOCK8	-0.5665682404102669	0.7144962211352804	1.80762961469691e-05	4809	0.9462365527300982	False
SCAND3	-0.5668476055430693	0.714591138073586	7.83204082759408e-07	9101	0.9462365527300982	False
OGDH	-0.5670883780871511	0.7146729307574771	2.48071417441196e-05	4054	0.9462365527300982	False
ECT2	-0.5673088126084194	0.7147478046329223	0.0001555457544075	966	0.9462365527300982	False
UBL4A	-0.567847168566221	0.7149306259093149	5.69934047494019e-05	2266	0.9462365527300982	False
OTC	-0.5680251242370731	0.714991045911482	6.95804326271161e-06	6792	0.9462365527300982	False
RRP1B	-0.5681777221028224	0.7150428514976986	7.60270245296762e-05	1813	0.9462365527300982	False
SLC25A30	-0.5687731990253442	0.715244967523386	6.91487699827526e-06	6803	0.9462365527300982	False
S100A9	-0.5689269003315287	0.7152971255156705	5.70246879137455e-05	2264	0.9462365527300982	False
CST6	-0.5692749581192431	0.7154152208306178	1.77288469479341e-06	8506	0.9462365527300982	False
KIF18B	-0.5693756840563329	0.7154493925758695	2.22931228001406e-05	4295	0.9462365527300982	False
RIOK2	-0.5695266679357481	0.7155006108926408	1.25044967161736e-05	5619	0.9462365527300982	False
SYT2	-0.5700527210074279	0.7156790296604654	3.09922343571481e-06	7961	0.9462365527300982	False
SHCBP1	-0.5702123570732927	0.7157331620414429	4.38342566310467e-05	2757	0.9462365527300982	False
UBFD1	-0.570250854755829	0.7157462158178294	3.59502630747527e-06	7784	0.9462365527300982	False
RAI14	-0.5703271901836153	0.7157720987518866	6.53367860810202e-05	2039	0.9462365527300982	False
ZFP64	-0.5705918620750573	0.7158618319087682	8.32401045693423e-06	6446	0.9462365527300982	False
SACM1L	-0.5705938722197825	0.7158625133672707	2.81140352272341e-05	3759	0.9462365527300982	False
GATA2	-0.5707035570674863	0.7158996964064618	3.06129753664857e-05	3563	0.9462365527300982	False
MMP2	-0.5708065136034569	0.7159345964378862	2.24873047207007e-05	4273	0.9462365527300982	False
OFD1	-0.5709220616617126	0.7159737622795654	9.2815486418092e-05	1537	0.9462365527300982	False
HIVEP1	-0.5709678594921686	0.7159892850671771	4.06957945529983e-05	2910	0.9462365527300982	False
ZNF273	-0.5711861099814145	0.7160632536495558	4.70146589952143e-06	7415	0.9462365527300982	False
ARHGAP12	-0.5713555941398037	0.7161206881820832	2.30776183284574e-05	4214	0.9462365527300982	False
SLC19A2	-0.5719336218137177	0.7163165274820456	3.00300574130623e-05	3602	0.9462365527300982	False
ERLIN2	-0.5723412008725423	0.7164545788402272	6.28052618984913e-05	2110	0.9462365527300982	False
FUT1	-0.5725709193086509	0.716532372727871	1.05195254087684e-05	5986	0.9462365527300982	False
FAM3C	-0.5730606606365883	0.7166981889111229	1.50122677252623e-05	5223	0.9462365527300982	False
BOD1L1	-0.5732933579235956	0.7167769590466913	3.06305017365234e-05	3559	0.9462365527300982	False
CROCC	-0.573524346327787	0.7168551403179121	7.00677250891292e-06	6781	0.9462365527300982	False
PIK3C2B	-0.5736186485949553	0.7168870552683775	3.095993845795e-05	3538	0.9462365527300982	False
DCTN4	-0.5738687993992908	0.7169717060623471	4.11078856489523e-05	2878	0.9462365527300982	False
ITGA2	-0.5738803442258681	0.7169756125273586	2.80454107109233e-05	3766	0.9462365527300982	False
CLOCK	-0.5741763541583663	0.7170757656459676	3.2167094587356e-05	3448	0.9462365527300982	False
ZNF627	-0.5742012860964892	0.7170842004349882	7.48327678450362e-06	6659	0.9462365527300982	False
LPAR6	-0.5743596907105811	0.717137787892269	1.01816209729456e-05	6057	0.9462365527300982	False
TMED4	-0.5745353431541007	0.717197204500135	5.65982660057076e-06	7144	0.9462365527300982	False
GOT2	-0.5746090228240669	0.7172221257732965	7.76154122958452e-06	6593	0.9462365527300982	False
LURAP1L	-0.5747784523819012	0.7172794293058756	4.08128872204612e-06	7607	0.9462365527300982	False
CGB2	-0.5752945160456792	0.7174539351300713	6.65809583829081e-06	6871	0.9462365527300982	False
SERGEF	-0.5754240611894702	0.7174977324108126	7.0128586235306e-06	6776	0.9462365527300982	False
CDK17	-0.575479467219515	0.7175164633663891	2.29495576613964e-05	4228	0.9462365527300982	False
CDC123	-0.575497120731224	0.7175224313123365	1.97591718117591e-05	4604	0.9462365527300982	False
CUL2	-0.5756206915777061	0.7175642039735024	0.0002388736029205	650	0.9462365527300982	False
CD226	-0.575798004468505	0.7176241387406037	9.67646103943327e-07	8946	0.9462365527300982	False
LUZP4	-0.5760106038832291	0.7176959928851885	9.41646523703571e-06	6221	0.9462365527300982	False
CRY1	-0.5760794285983831	0.717719252310709	3.62759855914662e-05	3183	0.9462365527300982	False
PTPN5	-0.5761796235990798	0.7177531117272571	1.99566362089823e-05	4577	0.9462365527300982	False
EPB41L5	-0.576188664488001	0.7177561668656267	3.628485755178e-05	3182	0.9462365527300982	False
FBXO40	-0.5763413947781181	0.7178077757755277	5.9660502541626e-06	7055	0.9462365527300982	False
RIC8A	-0.5770404282454876	0.7180439273514015	2.66057150042341e-05	3868	0.9462365527300982	False
MLLT6	-0.5777982317641088	0.7182998253830589	3.37031678732688e-05	3339	0.9462365527300982	False
FAM76B	-0.5781096274032563	0.7184049462021873	3.93525894509779e-06	7651	0.9462365527300982	False
PRAMEF10	-0.5781906865401096	0.7184323070105437	1.90311563439933e-06	8444	0.9462365527300982	False
SNX4	-0.5783589358362946	0.7184890940075033	1.66893252920192e-05	4980	0.9462365527300982	False
SNX30	-0.5783589358363053	0.7184890940075068	1.44764904021476e-06	8686	0.9462365527300982	False
HEPHL1	-0.5784870189580151	0.7185323205336311	1.23203239351706e-05	5644	0.9462365527300982	False
EIF3M	-0.5790299856885631	0.7187155297584832	5.75538652268238e-05	2250	0.9462365527300982	False
SVIL	-0.5790762636322694	0.7187311423178178	5.25905140022256e-05	2397	0.9462365527300982	False
WIZ	-0.5791462620725832	0.7187547565478987	4.9015708409098e-05	2524	0.9462365527300982	False
FBXO25	-0.5792096231104131	0.7187761308005249	1.56953577591538e-05	5123	0.9462365527300982	False
KIF14	-0.5792692112386455	0.718796231581705	0.0001212411953755	1214	0.9462365527300982	False
KLHL42	-0.5796884409998794	0.7189376301647858	2.5785000571491e-05	3951	0.9462365527300982	False
SIN3A	-0.5798816235920684	0.719002775580702	0.0002835600081092	533	0.9462365527300982	False
MACF1	-0.5800462709621109	0.7190582925324853	4.96019925914811e-05	2508	0.9462365527300982	False
KATNBL1	-0.5800588042985387	0.7190625183933804	2.31347901254249e-06	8274	0.9462365527300982	False
VSIG8	-0.5800992345619448	0.7190761500425111	2.18585980101124e-05	4363	0.9462365527300982	False
USP24	-0.5801359825328645	0.7190885398760193	2.66236363118729e-05	3865	0.9462365527300982	False
PPIG	-0.5801678487191851	0.7190992835681286	2.7528283035212e-05	3798	0.9462365527300982	False
ZNF544	-0.5807280146264593	0.7192881111928286	1.6573623387472e-06	8555	0.9462365527300982	False
ELAVL1	-0.5810375364762178	0.7193924222898197	0.0004270907926073	306	0.9462365527300982	False
IGFBP3	-0.5812884439038164	0.7194769661378376	1.55368731602802e-05	5141	0.9462365527300982	False
DPYSL2	-0.5815734922209084	0.7195729988782031	5.38672109407327e-05	2363	0.9462365527300982	False
GYS1	-0.5818345087318703	0.7196609213442573	2.59016129783042e-05	3943	0.9462365527300982	False
GSTT2	-0.582367230145691	0.7198403251852554	6.02948599675134e-07	9268	0.9462365527300982	False
THEM4	-0.582367230145699	0.7198403251852581	6.79332949763381e-06	6835	0.9462365527300982	False
UTP15	-0.5825059590023242	0.7198870355755094	2.85015780029399e-05	3728	0.9462365527300982	False
CLCA2	-0.5826112087255169	0.719922470930746	6.26399996630821e-07	9256	0.9462365527300982	False
NDC1	-0.5826112087255242	0.7199224709307485	1.43177141336226e-05	5316	0.9462365527300982	False
HPCAL1	-0.5832271413999202	0.7201297988595339	2.99486540506081e-05	3606	0.9462365527300982	False
TSC22D2	-0.5837554553146924	0.720307574277007	6.0709597735767e-06	7027	0.9462365527300982	False
S100A7	-0.5841029611153857	0.7204244786365706	2.53726249320418e-05	3997	0.9462365527300982	False
PARD6G	-0.5842484579529278	0.7204734181535186	1.36064710448468e-05	5449	0.9462365527300982	False
C8ORF34	-0.5843806740991268	0.7205178869510819	1.50105824507414e-06	8643	0.9462365527300982	False
GALNT11	-0.584527251009006	0.7205671817472878	8.66240923514371e-06	6377	0.9462365527300982	False
CLASRP	-0.584655226164088	0.720610217195469	1.60198293612361e-05	5068	0.9462365527300982	False
E4F1	-0.5849032390241388	0.7206936097215102	7.49530251417884e-05	1835	0.9462365527300982	False
MFSD4B	-0.5849874469930194	0.7207219212899101	1.85064885776149e-06	8472	0.9462365527300982	False
POR	-0.5850478659725672	0.7207422339008962	4.55617033253163e-05	2665	0.9462365527300982	False
NCOA7	-0.5857284684950513	0.7209710000432344	8.34438563102325e-06	6444	0.9462365527300982	False
RPL41	-0.5857443161630699	0.7209763257225128	3.23161023029719e-06	7916	0.9462365527300982	False
GAN	-0.5858683455997858	0.7210180046584602	3.85938063281836e-05	3038	0.9462365527300982	False
PPP1R8	-0.5871953894520533	0.721463755739879	2.30220209695845e-05	4217	0.9462365527300982	False
TMED8	-0.5872052786280428	0.721467076189412	3.11360779212792e-06	7958	0.9462365527300982	False
DDX39A	-0.5872260976985806	0.7214740664634096	5.16398367975664e-05	2438	0.9462365527300982	False
HNRNPA2B1	-0.5873543375774168	0.7215171227878798	0.0003173258230013	459	0.9462365527300982	False
VPS35	-0.5874362397443327	0.7215446196062574	4.97671871380461e-05	2503	0.9462365527300982	False
PPP2R2C	-0.587703992475987	0.7216345023573809	4.71570809648761e-05	2596	0.9462365527300982	False
AGFG1	-0.5878373043852323	0.7216792489752537	1.69967521818058e-05	4940	0.9462365527300982	False
RNF10	-0.5881893436690327	0.7217973953594752	3.45309326952426e-05	3288	0.9462365527300982	False
KCTD2	-0.5884166705159593	0.7218736745437997	1.47232004525281e-05	5264	0.9462365527300982	False
LYRM4	-0.5884982126551832	0.7219010334008841	1.59453800841865e-05	5080	0.9462365527300982	False
ITFG2	-0.588501259599207	0.7219020556800654	1.12491554222704e-05	5839	0.9462365527300982	False
CAPN3	-0.5890407821801439	0.7220830418176638	1.80566268243836e-06	8490	0.9462365527300982	False
TTN	-0.5890407821801565	0.722083041817668	7.31809287952316e-05	1869	0.9462365527300982	False
MTG2	-0.5894098299922	0.7222068080347518	3.5889107518131e-05	3207	0.9462365527300982	False
ATG2A	-0.5897532704843995	0.7223219622369045	7.80861255507215e-06	6578	0.9462365527300982	False
CPA2	-0.5902926628143681	0.7225027712140989	2.5088539388277e-06	8190	0.9462365527300982	False
CTSK	-0.5904667669373986	0.7225611201364912	3.92377378164334e-06	7658	0.9462365527300982	False
CACNG5	-0.5904802694747826	0.7225656451003997	2.82473295042666e-05	3749	0.9462365527300982	False
ZNF142	-0.5904802694747953	0.7225656451004039	7.47486393520615e-07	9128	0.9462365527300982	False
ZNF775	-0.5904802694747954	0.7225656451004039	7.47486393520615e-07	9129	0.9462365527300982	False
TRUB1	-0.5906543953110563	0.7226239948351998	1.80228535182159e-06	8493	0.9462365527300982	False
SEPTIN9	-0.5906593311629202	0.7226256487564381	3.36967721751373e-06	7869	0.9462365527300982	False
SPDL1	-0.5919990834643676	0.7230743989309284	2.49272155196339e-05	4042	0.9462365527300982	False
PGK2	-0.5920288073543409	0.7230843509187239	1.54908474156162e-05	5154	0.9462365527300982	False
ZNF416	-0.5920288073543587	0.7230843509187299	7.17491188673534e-07	9157	0.9462365527300982	False
ACTBL2	-0.5921236188081984	0.7231160939930077	0.0001139016963313	1294	0.9462365527300982	False
HOXD4	-0.5921236188082233	0.723116093993016	1.00112602453262e-06	8922	0.9462365527300982	False
BMP4	-0.5923781723550409	0.7232013102407973	1.18825968336202e-05	5724	0.9462365527300982	False
PPM1A	-0.5923848646687353	0.7232035504364189	4.21423399810516e-05	2841	0.9462365527300982	False
LIN54	-0.5924111842921751	0.7232123606224571	3.38089113298848e-05	3331	0.9462365527300982	False
GTF2F2	-0.5932236189049815	0.7234842460207099	4.69808972583031e-05	2601	0.9462365527300982	False
ABHD5	-0.5932493799794111	0.7234928649537885	1.08631115323205e-05	5916	0.9462365527300982	False
TPD52	-0.593581028064803	0.7236038133378404	2.18111498474105e-05	4369	0.9462365527300982	False
FAM83B	-0.5946363410335704	0.723956708678299	3.42344448789226e-05	3311	0.9462365527300982	False
SENP2	-0.5947246095902496	0.7239862155442517	3.94703649455806e-05	2983	0.9462365527300982	False
MGAT4A	-0.5947442153635295	0.7239927692524988	6.73167131033899e-07	9214	0.9462365527300982	False
IER3IP1	-0.5947442153635295	0.7239927692524988	6.73167131033899e-07	9213	0.9462365527300982	False
WASHC3	-0.5947442153635345	0.7239927692525004	3.44930108654881e-05	3294	0.9462365527300982	False
ALG8	-0.5947568030815468	0.7239969769641987	3.32870064461493e-06	7885	0.9462365527300982	False
GART	-0.5950032093729243	0.7240793371484068	3.82465018995189e-05	3066	0.9462365527300982	False
TMED3	-0.5950508802564093	0.7240952695309671	4.8023959923558e-06	7385	0.9462365527300982	False
PLXNA3	-0.5954667750997986	0.7242342491607644	1.53551674332987e-06	8630	0.9462365527300982	False
ZNF213	-0.5965212597470839	0.7245864721415194	3.51386279935576e-06	7814	0.9462365527300982	False
OR51E2	-0.5965667614671206	0.7246016658164262	3.51108589005655e-06	7816	0.9462365527300982	False
ANP32B	-0.5967815908312379	0.7246733948421188	3.69767179669762e-05	3139	0.9462365527300982	False
SLC29A1	-0.596813736239188	0.7246841270290403	2.19396039274691e-05	4347	0.9462365527300982	False
CDC42BPG	-0.5968634705248935	0.7247007310992054	5.75849933610574e-06	7123	0.9462365527300982	False
PEX11A	-0.5969528789071291	0.7247305793494805	5.89918900897798e-07	9279	0.9462365527300982	False
CYBA	-0.5974795754440563	0.7249063803013585	6.12616600744611e-06	7005	0.9462365527300982	False
DHX38	-0.5977511658503099	0.7249970102276876	4.06306996515423e-05	2912	0.9462365527300982	False
VCP	-0.5980033564550462	0.725081153252309	0.0010195334942282	86	0.9462365527300982	False
C12ORF57	-0.5981187446046593	0.7251196481080595	5.34151355671952e-06	7231	0.9462365527300982	False
POMP	-0.5981766753058134	0.7251389734756106	2.55727459271868e-05	3976	0.9462365527300982	False
OSGEP	-0.5983624897427494	0.7252009556444324	1.36333790083351e-05	5443	0.9462365527300982	False
SLC39A14	-0.5986534371973767	0.7252979932176188	2.47999270985676e-05	4055	0.9462365527300982	False
NAA35	-0.5987095617481123	0.7253167100835556	7.8540904914039e-07	9095	0.9462365527300982	False
OGFOD1	-0.5987095617481142	0.7253167100835561	7.8540904914039e-07	9096	0.9462365527300982	False
PTGR3	-0.598709561748116	0.7253167100835567	9.48418474433679e-07	8959	0.9462365527300982	False
SAXO1	-0.598800886880161	0.7253471645777498	1.22795796834256e-06	8781	0.9462365527300982	False
FAM50B	-0.598800886880161	0.7253471645777498	8.81610849066456e-07	9015	0.9462365527300982	False
CHRNG	-0.598818576444172	0.7253530633827097	1.15915826903205e-05	5777	0.9462365527300982	False
NAA16	-0.5992107953901219	0.7254838376106046	5.79948941223105e-06	7108	0.9462365527300982	False
CENPL	-0.5992141575444832	0.7254849584923164	1.86276052368552e-06	8466	0.9462365527300982	False
RPL21	-0.5995234228057152	0.7255880523022886	0.0001734960759168	877	0.9462365527300982	False
GALNT1	-0.5999040266678612	0.72571490065368	5.44322201783131e-07	9317	0.9462365527300982	False
P2RX4	-0.5999040266678827	0.7257149006536873	9.81540582124196e-06	6143	0.9462365527300982	False
MTFP1	-0.5999612872633715	0.7257339820638199	3.69712633361821e-06	7738	0.9462365527300982	False
TOMM34	-0.5999834798960083	0.7257413773175517	3.24778064817645e-05	3427	0.9462365527300982	False
QARS1	-0.6001620469008375	0.7258008776388933	1.34582914230039e-05	5475	0.9462365527300982	False
SV2C	-0.6004403108914218	0.7258935852877919	2.11058150941641e-06	8365	0.9462365527300982	False
NDEL1	-0.6008615521989498	0.7260338984135667	5.2532648094912e-05	2399	0.9462365527300982	False
EIF2D	-0.6008866238502232	0.7260422485210285	1.00995063960856e-06	8917	0.9462365527300982	False
TRMO	-0.6008866238502232	0.7260422485210285	1.00995063960856e-06	8918	0.9462365527300982	False
M6PR	-0.6015717515186269	0.7262703814279863	4.29418479417916e-06	7541	0.9462365527300982	False
TIMP2	-0.6017017984131167	0.7263136736580262	8.56487333179198e-06	6402	0.9462365527300982	False
POLR3A	-0.6023797489122787	0.7265393065221224	7.38910519821135e-05	1848	0.9462365527300982	False
CALR	-0.6024601291285532	0.7265660522473187	9.79269429088923e-05	1457	0.9462365527300982	False
GNB4	-0.6028034296049958	0.7266802675196193	2.24671151498608e-05	4277	0.9462365527300982	False
TPGS1	-0.602813666472125	0.726683672938742	6.962702841505e-06	6790	0.9462365527300982	False
SNAPC2	-0.6028605315169958	0.7266992629010978	3.62472471921349e-06	7766	0.9462365527300982	False
WDR11	-0.6028806230504797	0.726705946345655	1.21509356386055e-05	5676	0.9462365527300982	False
ALDH1L2	-0.6028806230504875	0.7267059463456575	6.71832654949127e-07	9215	0.9462365527300982	False
ATG7	-0.6033678311408283	0.726867991230842	4.21329875917468e-05	2842	0.9462365527300982	False
SEL1L	-0.60343537088646	0.7268904511189931	3.83901830110298e-05	3052	0.9462365527300982	False
CPNE8	-0.6038615478096941	0.7270321522748248	1.54003889590673e-05	5164	0.9462365527300982	False
PFDN2	-0.6038783547790858	0.7270377397395842	0.0001315508385266	1124	0.9462365527300982	False
IRF2BP1	-0.6041393033266353	0.7271244846184874	9.89620677261696e-06	6128	0.9462365527300982	False
CEP131	-0.6041719730282769	0.7271353437630548	6.44352154301509e-05	2063	0.9462365527300982	False
LHFPL5	-0.6043558979352585	0.7271964749141481	3.04064276533106e-06	7984	0.9462365527300982	False
NGLY1	-0.6048481936639257	0.7273600658885481	1.633590626364e-05	5032	0.9462365527300982	False
NOX1	-0.6049701252063264	0.7274005764890316	3.42860914350073e-06	7847	0.9462365527300982	False
SLC38A7	-0.6050229290327027	0.7274181191331788	6.87539991909855e-06	6811	0.9462365527300982	False
DCP1B	-0.6050307468790863	0.7274207163537122	4.42913619350338e-05	2727	0.9462365527300982	False
ZFYVE16	-0.6052769642011278	0.7275025076176136	2.78856599084698e-05	3775	0.9462365527300982	False
RALB	-0.6053975417557764	0.7275425579921198	1.08855114860821e-05	5912	0.9462365527300982	False
TMEM185A	-0.6057194066853525	0.7276494525507655	1.49048616772497e-05	5238	0.9462365527300982	False
LHX9	-0.6057872773298278	0.7276719904097653	1.53548908155227e-06	8631	0.9462365527300982	False
BICD2	-0.6058848251795008	0.7277043815789473	0.0001260152289748	1166	0.9462365527300982	False
USF1	-0.6062893296979972	0.7278386785563238	4.10173204741227e-05	2885	0.9462365527300982	False
ADSL	-0.6064602168726735	0.7278954038282668	1.42617818810566e-05	5332	0.9462365527300982	False
UTP11	-0.6064755876681173	0.7279005058103998	3.41982272147852e-06	7851	0.9462365527300982	False
WDTC1	-0.6067589773920748	0.7279945619908115	2.7586822561214e-05	3791	0.9462365527300982	False
CNOT1	-0.6069472837431511	0.7280570513486972	7.06217746848539e-05	1923	0.9462365527300982	False
ODAD4	-0.6070663190007557	0.7280965494487013	3.81691940643365e-06	7696	0.9462365527300982	False
CLUAP1	-0.6072354936739438	0.7281526798234192	1.75113071798954e-05	4880	0.9462365527300982	False
DNAAF19	-0.607286742077694	0.7281696823661502	7.01873427441949e-06	6773	0.9462365527300982	False
CHRAC1	-0.6076055018476362	0.7282754245406707	1.1015399069282e-05	5888	0.9462365527300982	False
HINT1	-0.6079221165972974	0.7283804348757151	3.3704785996341e-05	3338	0.9462365527300982	False
AP3S2	-0.608264037299681	0.728493815635989	6.77041707245419e-06	6841	0.9462365527300982	False
PHC1	-0.6083495222088608	0.7285221587116902	2.77325166898929e-05	3781	0.9462365527300982	False
CLU	-0.6084419295691085	0.7285527953131029	7.55513470793279e-05	1823	0.9462365527300982	False
REEP4	-0.6084558444231656	0.7285574084743066	2.4438491934054e-05	4090	0.9462365527300982	False
ACTR6	-0.6085914371885907	0.7286023592032418	1.91619786362958e-05	4669	0.9462365527300982	False
PINX1	-0.6086784161236498	0.7286311918753748	3.08409066324032e-05	3544	0.9462365527300982	False
UBXN7	-0.6088657862618331	0.7286932980701861	6.96040818148304e-05	1943	0.9462365527300982	False
NPM1	-0.6091443679804289	0.728785624395282	0.0011426744536214	72	0.9462365527300982	False
MAPK13	-0.609502203805377	0.7289041937808883	7.39246212269301e-06	6689	0.9462365527300982	False
MIER1	-0.6095498171713666	0.7289199685852716	1.59235589212961e-05	5085	0.9462365527300982	False
TRAPPC10	-0.6099290317358091	0.72904558997729	1.22131438486222e-05	5664	0.9462365527300982	False
ADAM33	-0.6099321418985689	0.72904662015247	2.38336133156326e-05	4150	0.9462365527300982	False
AKR1C4	-0.6100482111418747	0.7290850642201248	2.45517589693654e-06	8212	0.9462365527300982	False
NARS1	-0.6101681870248775	0.7291247993709329	1.09681469275799e-05	5893	0.9462365527300982	False
ZNF764	-0.6102188410910937	0.7291415747606159	2.07790701041676e-05	4472	0.9462365527300982	False
MLLT1	-0.610359403018894	0.7291881227224797	5.13214486111196e-05	2448	0.9462365527300982	False
RAB11FIP4	-0.6104112834894111	0.7292053022559679	1.13546856615102e-05	5821	0.9462365527300982	False
CFHR5	-0.6109528508729819	0.7293846026651953	1.70002014360838e-06	8536	0.9462365527300982	False
SERPIND1	-0.6110283304524935	0.7294095874958111	4.93017012874139e-07	9356	0.9462365527300982	False
VAT1L	-0.6110283304524965	0.729409587495812	2.60236574223434e-06	8157	0.9462365527300982	False
NSG1	-0.6114967188887998	0.7295646050661947	3.57453302048122e-06	7791	0.9462365527300982	False
YPEL2	-0.6114967188887998	0.7295646050661947	1.57279452901174e-06	8617	0.9462365527300982	False
LCE3D	-0.6114967188887998	0.7295646050661947	1.57279452901174e-06	8616	0.9462365527300982	False
CCNL2	-0.611623887564069	0.7296066850768272	1.40007412160711e-05	5376	0.9462365527300982	False
FMNL1	-0.6122075700909532	0.729799783156564	1.74039990207979e-05	4896	0.9462365527300982	False
GNG5	-0.6122905683708326	0.7298272356469551	1.05758021373858e-05	5974	0.9462365527300982	False
MED9	-0.6128828801251063	0.730023108025743	5.48285299913693e-05	2323	0.9462365527300982	False
GSPT2	-0.6129071954106559	0.7300311473617266	2.28258534470137e-05	4238	0.9462365527300982	False
FHL1	-0.613034920961563	0.7300733751517523	5.95385175783295e-05	2195	0.9462365527300982	False
SMDT1	-0.613093865417233	0.7300928618689236	4.40677033155412e-06	7510	0.9462365527300982	False
PPP1R37	-0.6133162187015337	0.7301663643191014	8.19459081521335e-06	6478	0.9462365527300982	False
PAK6	-0.6136362227050199	0.730272129190303	2.74799499584803e-05	3802	0.9462365527300982	False
DOLK	-0.6136646772359168	0.7302815327229815	1.08678349547162e-05	5915	0.9462365527300982	False
MPP1	-0.6137592869831904	0.730312797770333	6.68090119727952e-06	6863	0.9462365527300982	False
CYB5B	-0.6143720296683196	0.7305152427663912	1.77550549724531e-05	4848	0.9462365527300982	False
NHLRC3	-0.6143822770678145	0.7305186277727642	1.44397677610104e-06	8690	0.9462365527300982	False
LAMTOR1	-0.6146182321691679	0.7305965645322735	0.0001028104953378	1405	0.9462365527300982	False
PSMG2	-0.6147093055230408	0.7306266433429776	3.48272508377825e-05	3271	0.9462365527300982	False
MANEA	-0.6148124033630797	0.7306606914505479	6.09998747164468e-06	7016	0.9462365527300982	False
GTF3C5	-0.6148774966468841	0.7306821874250886	3.20386974661184e-05	3459	0.9462365527300982	False
ASTL	-0.6151233830857157	0.730763379569054	8.23910929818902e-07	9059	0.9462365527300982	False
STK26	-0.6151296602611409	0.7307654521429321	4.13607939385966e-05	2868	0.9462365527300982	False
ERBIN	-0.6152203187773633	0.7307953845341304	5.8583274049023e-06	7090	0.9462365527300982	False
CDK11A	-0.6153041229824456	0.7308230523775815	4.96915604201371e-05	2506	0.9462365527300982	False
ETFB	-0.6154602581593083	0.7308745963870904	2.51050906752479e-05	4024	0.9462365527300982	False
KIR3DL1	-0.615581246836957	0.7309145342786383	2.46883106163312e-06	8205	0.9462365527300982	False
HAUS2	-0.615634302070249	0.730932046666516	1.41316435059554e-05	5355	0.9462365527300982	False
CALCR	-0.6158026493991813	0.7309876107006972	5.03624858227466e-06	7313	0.9462365527300982	False
IL18	-0.6159948621370335	0.731051044611899	1.41157116071131e-06	8705	0.9462365527300982	False
FOXA1	-0.6160842347537275	0.7310805367416091	6.30382873798754e-05	2100	0.9462365527300982	False
RAB3IP	-0.6160849473671989	0.7310807718908812	1.72612506082048e-05	4914	0.9462365527300982	False
PTPN21	-0.6161921389042508	0.7311161419407961	3.88224213758904e-05	3022	0.9462365527300982	False
TAF2	-0.6162601171672568	0.7311385715547813	1.93347231871745e-05	4655	0.9462365527300982	False
SMC2	-0.6163768829152501	0.731177096539849	8.50767951320419e-05	1659	0.9462365527300982	False
ANKRA2	-0.6164982104536041	0.7312171236772433	1.24024481368632e-05	5635	0.9462365527300982	False
TECPR1	-0.616935103544602	0.731361234162844	4.03233994564152e-06	7621	0.9462365527300982	False
TAF8	-0.617231800181762	0.7314590782891329	1.97399327670278e-05	4607	0.9462365527300982	False
XRN1	-0.617310311530254	0.731484966634188	3.8266015410733e-05	3064	0.9462365527300982	False
MGAT1	-0.6173775473166975	0.7315071359762275	2.4624704461749e-06	8207	0.9462365527300982	False
HAGHL	-0.6174005171294242	0.7315147094944794	2.13801986872612e-06	8352	0.9462365527300982	False
SERPINH1	-0.6175613032080709	0.7315677202541888	4.52779208439657e-05	2681	0.9462365527300982	False
DNAJA3	-0.6183479973621387	0.7318270154140778	9.07858781418871e-05	1573	0.9462365527300982	False
STK38	-0.6189749631960614	0.7320335736715023	4.48686986857808e-05	2705	0.9462365527300982	False
ATG12	-0.6190657499139053	0.7320634773458679	1.72490487425927e-05	4917	0.9462365527300982	False
CNTN5	-0.6191886323016718	0.732103950137141	6.3048657551715e-07	9253	0.9462365527300982	False
IFNA21	-0.6192976840657357	0.7321398650673099	9.04602874486063e-06	6299	0.9462365527300982	False
IFI44L	-0.6192976840657753	0.732139865067323	4.15870703864724e-07	9404	0.9462365527300982	False
ATP11B	-0.6192976840657755	0.732139865067323	4.62950406189032e-07	9382	0.9462365527300982	False
FAM228A	-0.6192976840657755	0.732139865067323	4.62950406189032e-07	9383	0.9462365527300982	False
IFI44	-0.6192976840657755	0.732139865067323	4.15870703864724e-07	9403	0.9462365527300982	False
CNTNAP3	-0.619633062551774	0.7322503028701967	9.74259202043602e-06	6156	0.9462365527300982	False
SPCS2	-0.6196496430225763	0.732255762108684	1.49598360824651e-05	5230	0.9462365527300982	False
EML3	-0.6196888793448311	0.7322686807247377	1.75737302722836e-05	4867	0.9462365527300982	False
RECQL	-0.6198014773758398	0.7323057520457585	3.47990202667639e-05	3276	0.9462365527300982	False
TBP	-0.6207188813807019	0.7326076980017708	0.0002042315962842	757	0.9462365527300982	False
IBTK	-0.6207597924104065	0.7326211590810635	2.18653809593821e-05	4361	0.9462365527300982	False
PSMB9	-0.6209494103064801	0.7326835451640725	6.64307245917424e-05	2013	0.9462365527300982	False
B4GAT1	-0.6210010341937728	0.7327005286397235	2.86462013622314e-05	3709	0.9462365527300982	False
PTS	-0.6211557254042099	0.7327514164407019	3.01871364051277e-06	7997	0.9462365527300982	False
EHMT2	-0.621205399668296	0.7327677564358884	0.0001115929476911	1322	0.9462365527300982	False
ROPN1B	-0.6214320370595942	0.7328423007922569	4.44092374673498e-07	9392	0.9462365527300982	False
ROPN1	-0.6214320370596018	0.7328423007922594	2.46584978374781e-06	8206	0.9462365527300982	False
NCALD	-0.621571732498291	0.7328882434379107	6.75776044186652e-06	6847	0.9462365527300982	False
OPRM1	-0.621669722261543	0.7329204676571075	2.55298358944699e-05	3981	0.9462365527300982	False
AMBRA1	-0.6219032669781996	0.7329972616030178	0.0001101013932605	1337	0.9462365527300982	False
TNRC6B	-0.6220066052377978	0.7330312376296361	8.1912968208757e-05	1717	0.9462365527300982	False
CD79A	-0.6220875557569889	0.733057851386975	2.19031802568882e-05	4353	0.9462365527300982	False
ZFHX3	-0.6223067321510269	0.7331299023494248	9.17656423147645e-06	6276	0.9462365527300982	False
PLD3	-0.6224864866826955	0.7331889866296798	3.05631068120831e-05	3566	0.9462365527300982	False
EXOG	-0.622533495696767	0.7332044371316724	8.85779580743322e-06	6340	0.9462365527300982	False
BRD3	-0.6229541938166935	0.733342688292349	0.0001871154535942	819	0.9462365527300982	False
ADGRV1	-0.623142229139279	0.7334044693471136	1.2289238174536e-05	5652	0.9462365527300982	False
PAN3	-0.6231984208328861	0.7334229303357849	1.15263369491451e-05	5789	0.9462365527300982	False
GRIP1	-0.6234034428588953	0.7334902819491305	3.70427103740349e-05	3135	0.9462365527300982	False
MED1	-0.6235561153774466	0.7335404306783527	0.0001399924503743	1054	0.9462365527300982	False
ATG3	-0.6236728134141452	0.7335787595592334	2.11496848322037e-05	4434	0.9462365527300982	False
EXOC8	-0.6238627928386137	0.7336411513746635	3.68003206530148e-05	3148	0.9462365527300982	False
RWDD2B	-0.6241712854424474	0.7337424487701727	9.47818724937103e-06	6208	0.9462365527300982	False
GCN1	-0.6242456023133465	0.733766848727087	8.28083907174412e-06	6454	0.9462365527300982	False
OGT	-0.6242624667308511	0.733772385549952	0.0002039444449464	758	0.9462365527300982	False
HDAC4	-0.6246269021920646	0.7338920205398102	0.0001343366283992	1100	0.9462365527300982	False
SASS6	-0.6248014470001101	0.7339493095639372	6.12821369573308e-05	2150	0.9462365527300982	False
ECE2	-0.6248666158407965	0.7339706976519984	1.03055398910078e-06	8903	0.9462365527300982	False
WSB1	-0.6248914927442557	0.7339788618977929	1.99873273357434e-05	4574	0.9462365527300982	False
ZCCHC8	-0.6249576400671317	0.7340005698906917	5.45611170091767e-05	2329	0.9462365527300982	False
LRCH3	-0.6251838623569864	0.7340748039334904	2.56249127040296e-05	3971	0.9462365527300982	False
PSPC1	-0.6252892546112842	0.7341093844436873	8.41121833066661e-05	1686	0.9462365527300982	False
AKR1C3	-0.6254086992781064	0.734148572970474	1.07665105003926e-05	5933	0.9462365527300982	False
TPM4	-0.625440372287383	0.7341589640574547	4.44333845253471e-05	2720	0.9462365527300982	False
PSMG4	-0.6254508527165246	0.7341624023671618	1.37236561211851e-05	5428	0.9462365527300982	False
RAP2C	-0.6259749668988043	0.7343343195219856	1.97677582418914e-05	4603	0.9462365527300982	False
POLR2E	-0.6261826601179541	0.7344024303504197	0.0001873580851842	818	0.9462365527300982	False
PRRC2A	-0.626474469090246	0.7344981110989006	7.53400312560978e-05	1827	0.9462365527300982	False
CD2AP	-0.6265836633090038	0.7345339101093243	6.20215592047e-05	2131	0.9462365527300982	False
PRKACB	-0.6265914659624767	0.7345364680930562	6.19836042379669e-05	2133	0.9462365527300982	False
PDGFB	-0.6266710088330372	0.7345625443248828	6.95659944172059e-05	1945	0.9462365527300982	False
ITPR2	-0.627143522200745	0.7347174197584403	2.22567899636619e-05	4302	0.9462365527300982	False
FUS	-0.6273425781517993	0.7347826504762528	0.0004480143532653	286	0.9462365527300982	False
LIPT1	-0.6273874303103277	0.7347973474228473	4.8515142453291e-06	7368	0.9462365527300982	False
LPAR1	-0.6275343060189542	0.7348454720769588	5.02968202339471e-05	2477	0.9462365527300982	False
FARSB	-0.6277872231160001	0.7349283313947099	1.95496329619931e-05	4628	0.9462365527300982	False
CREB3	-0.6279103094757493	0.7349686515167494	5.84775877643585e-05	2223	0.9462365527300982	False
RACGAP1	-0.6279276589125384	0.7349743345231329	4.93128493074395e-05	2518	0.9462365527300982	False
SC5D	-0.6281758429051053	0.7350556232495865	6.31104059270992e-06	6957	0.9462365527300982	False
SLC2A1	-0.6281881803840799	0.7350596638643416	4.09647827704775e-05	2887	0.9462365527300982	False
ARHGEF11	-0.6282048286509289	0.7350651162440685	1.9306424988287e-05	4658	0.9462365527300982	False
EIF4G3	-0.6284579806602356	0.7351480176004563	4.05767256093817e-05	2914	0.9462365527300982	False
SPIN3	-0.6285580759371705	0.7351807928222723	2.27732284348172e-06	8289	0.9462365527300982	False
TLX1	-0.6286114077869729	0.7351982549741305	1.32316741664724e-05	5503	0.9462365527300982	False
UFSP2	-0.6291420830600776	0.7353719791377857	1.30367750062068e-05	5532	0.9462365527300982	False
VSX1	-0.6291729902673893	0.7353820952686677	8.31945546124727e-06	6449	0.9462365527300982	False
UTRN	-0.6293404797651939	0.7354369122539554	4.43549470851901e-05	2723	0.9462365527300982	False
SNTA1	-0.6293433360964369	0.7354378470413766	1.60501326657108e-05	5065	0.9462365527300982	False
GRHL1	-0.6293708323017994	0.7354468455990447	2.21034420155091e-06	8308	0.9462365527300982	False
RANGAP1	-0.6295209482190447	0.7354959706043966	6.24855974114597e-05	2117	0.9462365527300982	False
MGLL	-0.6302705409176488	0.7357412031972189	1.57236189554686e-06	8618	0.9462365527300982	False
STK38L	-0.6303887337321649	0.7357798599336426	1.12617626999786e-05	5836	0.9462365527300982	False
MAPK12	-0.6309126984062712	0.7359511957661479	1.42206733436339e-05	5338	0.9462365527300982	False
KATNA1	-0.6309469260390836	0.7359623861916588	2.0263377937438e-05	4543	0.9462365527300982	False
IL13RA1	-0.63126987921231	0.7360679610115067	7.79554475034663e-07	9106	0.9462365527300982	False
APBA3	-0.6312698792123385	0.7360679610115161	3.10350930933467e-05	3532	0.9462365527300982	False
ACSL3	-0.631650745058532	0.7361924400833	3.87348624889786e-05	3026	0.9462365527300982	False
DEFB1	-0.6317503909411006	0.7362250025855827	2.50650342922328e-06	8191	0.9462365527300982	False
NRM	-0.6318654934261382	0.7362626134792754	1.1550358495956e-06	8815	0.9462365527300982	False
RCC1	-0.6321022157813351	0.736339956289886	3.77526035909779e-05	3088	0.9462365527300982	False
WDR5B	-0.6322004375996279	0.7363720442918452	1.58065514254231e-05	5101	0.9462365527300982	False
RSPH9	-0.6322082122702929	0.7363745841072714	8.27613703474023e-06	6457	0.9462365527300982	False
ACOT2	-0.6323231083403924	0.73641211669326	8.76187303307715e-06	6358	0.9462365527300982	False
FLOT1	-0.6326662077516669	0.7365241792156973	6.08644002871602e-05	2161	0.9462365527300982	False
MIPOL1	-0.6331054751879079	0.7366676164631496	4.35244439175415e-06	7526	0.9462365527300982	False
RHOBTB1	-0.633148987027893	0.7366818225355352	8.00162263051923e-05	1751	0.9462365527300982	False
EIF4E	-0.6334061815587375	0.7367657853439378	8.21182295553296e-05	1716	0.9462365527300982	False
TMEM14B	-0.6334166881375858	0.7367692149934119	2.1823659180991e-06	8334	0.9462365527300982	False
SFRP2	-0.6337702829922911	0.7368846252109893	2.93772419576366e-06	8027	0.9462365527300982	False
LAMA5	-0.6345691441246601	0.7371452711594139	9.38037491620204e-06	6225	0.9462365527300982	False
RBM12B	-0.6346723268266519	0.7371789271460839	5.84614124320337e-06	7094	0.9462365527300982	False
WDR3	-0.6348466169779622	0.7372357718535352	4.47171792123524e-05	2711	0.9462365527300982	False
TPRN	-0.6348747106924281	0.7372449340258456	1.56319567946419e-05	5131	0.9462365527300982	False
CWC22	-0.6350473829912248	0.7373012438643971	2.59163294029484e-05	3940	0.9462365527300982	False
PSMC3	-0.6351855498309978	0.7373462967458017	0.0001989139967906	779	0.9462365527300982	False
MTUS1	-0.6352100840067046	0.7373542963367252	6.86711657811865e-06	6815	0.9462365527300982	False
ZEB2	-0.6352182543437008	0.7373569603216731	4.14236033498097e-05	2866	0.9462365527300982	False
SCGB1D1	-0.6353060948567157	0.7373856003482324	3.5530532893697e-05	3236	0.9462365527300982	False
C3ORF33	-0.6353964090203055	0.7374150452316903	2.5133971837908e-06	8189	0.9462365527300982	False
ZMYM1	-0.635536642546696	0.7374607618418287	1.35758427914243e-05	5455	0.9462365527300982	False
HDLBP	-0.635599306496647	0.7374811891872071	0.0001225817034441	1199	0.9462365527300982	False
BLMH	-0.6357314548421034	0.7375242645562164	2.20459800189404e-05	4334	0.9462365527300982	False
GPC6	-0.6357952317041015	0.737545052109595	3.25159537576719e-06	7906	0.9462365527300982	False
ATP6V0E1	-0.6360472342126333	0.7376271820473533	2.60200587173134e-06	8158	0.9462365527300982	False
YLPM1	-0.6362956962079895	0.7377081452122064	3.11982433862776e-05	3524	0.9462365527300982	False
RAB18	-0.6363303045242524	0.7377194215706073	1.57491247984853e-05	5112	0.9462365527300982	False
DMRTB1	-0.6366432814127743	0.7378213869252052	1.65617730931897e-05	4996	0.9462365527300982	False
ATAD3A	-0.636756696948502	0.7378583317807282	8.9134173845449e-05	1596	0.9462365527300982	False
LRRFIP2	-0.6368165425548998	0.7378778252770161	1.24846606857626e-05	5625	0.9462365527300982	False
KLHL33	-0.6370607721798696	0.7379573704367528	1.26935412753492e-05	5592	0.9462365527300982	False
PDRG1	-0.6372514523970622	0.7380194660458556	5.42773756783239e-05	2344	0.9462365527300982	False
TBC1D31	-0.637258718889716	0.7380218322526844	6.61529518211749e-06	6878	0.9462365527300982	False
IL22RA2	-0.6372587188897295	0.7380218322526888	4.77392441154805e-07	9369	0.9462365527300982	False
FUCA2	-0.6373896679593242	0.7380644716595124	4.5331285179763e-06	7472	0.9462365527300982	False
HTR3C	-0.6378428207679583	0.7382119990148772	1.70449313195162e-05	4932	0.9462365527300982	False
SLC27A6	-0.6379247127618607	0.738238655030397	7.89209156038953e-06	6554	0.9462365527300982	False
AMZ2	-0.63834322149222	0.738374858754093	2.86162162341494e-06	8060	0.9462365527300982	False
METTL21A	-0.6383574327415857	0.7383794831685384	2.07051886537564e-05	4483	0.9462365527300982	False
HLA-DRB1	-0.6386898586665724	0.738487644323909	1.0477381315134e-05	5996	0.9462365527300982	False
HLA-DRB3	-0.6386898586665747	0.7384876443239098	7.23856331707687e-07	9154	0.9462365527300982	False
ZSCAN16	-0.6387339959243478	0.7385020035012967	6.40461165352196e-07	9245	0.9462365527300982	False
ZSCAN32	-0.638733995924354	0.7385020035012987	1.39986528781775e-05	5377	0.9462365527300982	False
NSFL1C	-0.6390961573644502	0.7386198102201297	3.45278482340008e-05	3289	0.9462365527300982	False
PIP4P2	-0.6390978985197893	0.7386203765309733	5.03235454521823e-06	7314	0.9462365527300982	False
LNPEP	-0.6392431582641364	0.7386676200492075	3.32327263713187e-05	3372	0.9462365527300982	False
VASN	-0.6392867372460935	0.7386817925935921	3.13789544170174e-05	3507	0.9462365527300982	False
ITGA6	-0.6393894257999777	0.7387151869038551	1.9439472577989e-05	4640	0.9462365527300982	False
PCYOX1L	-0.6396976267786908	0.7388154006736093	6.14404110137573e-06	7003	0.9462365527300982	False
ATG13	-0.6414530340491241	0.7393858071288176	4.33817085840462e-05	2786	0.9462365527300982	False
NDUFV3	-0.641495621489474	0.7393996376273542	2.37331793090375e-05	4158	0.9462365527300982	False
IFNA2	-0.6416091865884234	0.7394365166521031	4.87546214844784e-06	7360	0.9462365527300982	False
IFNA5	-0.6416091865884478	0.739436516652111	6.0494865395835e-07	9267	0.9462365527300982	False
RSRC1	-0.6416407751567201	0.7394467742167848	4.94518943819982e-06	7339	0.9462365527300982	False
ZBTB38	-0.6417691599546783	0.7394884616958705	1.58065707963597e-05	5100	0.9462365527300982	False
LRRC49	-0.6421080592961351	0.7395984882799616	1.21783383926636e-05	5670	0.9462365527300982	False
ANGEL1	-0.64220474567337	0.7396298739543737	4.60891045759331e-06	7449	0.9462365527300982	False
RIC1	-0.6422921585031347	0.7396582476355127	2.73751259341325e-06	8106	0.9462365527300982	False
GOLM1	-0.6426033558560944	0.7397592475015451	6.28078068225976e-06	6962	0.9462365527300982	False
STX16	-0.6426548173876139	0.739775947522313	1.09343642944313e-05	5903	0.9462365527300982	False
WDR45	-0.642890817126702	0.7398525258200771	4.5571437208381e-06	7464	0.9462365527300982	False
C1QTNF1	-0.6435333303344289	0.7400609526291825	2.91812146877874e-06	8039	0.9462365527300982	False
PTRH1	-0.6439573263286974	0.7401984467895626	1.88332899621919e-06	8456	0.9462365527300982	False
FSHR	-0.6440470429933997	0.7402275354549909	7.50538796485072e-06	6651	0.9462365527300982	False
WDR47	-0.6441019550226643	0.7402453386497739	7.6006468008835e-06	6629	0.9462365527300982	False
EIF2B3	-0.6443350680037389	0.7403209099023198	3.15046412232443e-05	3496	0.9462365527300982	False
UBXN2B	-0.6444407042003263	0.74035515161863	1.53786469766334e-05	5165	0.9462365527300982	False
FAM89A	-0.644440704200357	0.74035515161864	7.07875691367079e-07	9185	0.9462365527300982	False
HAUS7	-0.6446278206324643	0.740415799233779	1.40885031013673e-05	5362	0.9462365527300982	False
SH3D19	-0.644871933272168	0.7404949092916319	2.12067620046589e-05	4428	0.9462365527300982	False
ULK2	-0.6448871394712676	0.7404998367821649	9.17750351674079e-06	6274	0.9462365527300982	False
NEK6	-0.6449622933205504	0.7405241892905495	4.24134187046236e-05	2831	0.9462365527300982	False
ZNF32	-0.6451074895861196	0.7405712346788167	5.17383680545807e-07	9337	0.9462365527300982	False
RELL2	-0.6451074895861285	0.7405712346788196	1.99186450521946e-06	8408	0.9462365527300982	False
UBE2M	-0.6453514708039128	0.7406502776916357	0.0001747021964132	872	0.9462365527300982	False
HLA-B	-0.6454038114555078	0.7406672329610124	3.93835386870069e-05	2988	0.9462365527300982	False
PTAR1	-0.6454057167677252	0.7406678501584568	2.48787560911136e-06	8199	0.9462365527300982	False
PCBD1	-0.6463369108985996	0.7409694057380958	9.19452902811435e-06	6270	0.9462365527300982	False
GPSM3	-0.6463941605794085	0.7409879394127841	4.90669946806576e-06	7349	0.9462365527300982	False
MTPAP	-0.6464726447874591	0.7410133463137276	1.87962445188218e-05	4717	0.9462365527300982	False
NAF1	-0.6465637636554867	0.7410428416886448	1.96193381793016e-05	4620	0.9462365527300982	False
TDO2	-0.6467113430923472	0.7410906097856189	9.75631712836259e-06	6153	0.9462365527300982	False
JAK3	-0.6469630499027306	0.7411720710191747	3.24384940065371e-05	3429	0.9462365527300982	False
MUC15	-0.6470255768182122	0.7411923048856287	7.83999347342098e-07	9098	0.9462365527300982	False
PGLYRP3	-0.6470652397888111	0.7412051394979425	5.30588945274154e-07	9328	0.9462365527300982	False
DHTKD1	-0.6470652397888113	0.7412051394979425	2.11152745865574e-06	8364	0.9462365527300982	False
DLD	-0.6470652397888251	0.7412051394979471	8.64340083599016e-05	1631	0.9462365527300982	False
EIF2S1	-0.6470768879767943	0.7412089086935649	4.9573577276701e-05	2510	0.9462365527300982	False
STRIP1	-0.6472654366027463	0.7412699165192287	4.61952394078971e-05	2634	0.9462365527300982	False
SDHAF1	-0.6474073325198042	0.7413158242293425	3.90311607348589e-06	7662	0.9462365527300982	False
ARPC1A	-0.6474745620441437	0.7413375735838202	2.46449827474283e-05	4066	0.9462365527300982	False
RPL23A	-0.6478455014718939	0.7414575587940208	0.0002938307304838	511	0.9462365527300982	False
ADAM9	-0.647969557442163	0.7414976798875812	1.51212287821126e-05	5212	0.9462365527300982	False
MAP4K2	-0.6480691464911561	0.7415298857704926	1.40575973267389e-05	5368	0.9462365527300982	False
EEF1AKNMT	-0.6483317346020205	0.7416147935945915	5.11702763760901e-07	9341	0.9462365527300982	False
ACTN2	-0.6483714630598627	0.7416276385264035	7.17883117709112e-05	1901	0.9462365527300982	False
JPH4	-0.6484187868569234	0.7416429387375051	4.08274849879315e-05	2895	0.9462365527300982	False
FGFR1OP2	-0.6484854833165452	0.7416645015083	2.91460566660466e-05	3666	0.9462365527300982	False
MECP2	-0.6486255903982187	0.7417097946816958	0.0003700092693246	371	0.9462365527300982	False
EXOC2	-0.648639739545296	0.7417143685241206	2.45404695193553e-05	4079	0.9462365527300982	False
TAS2R41	-0.6487427257568091	0.7417476585030732	5.43880792239289e-06	7207	0.9462365527300982	False
SHOC2	-0.6488552826498024	0.7417840396319179	2.96756866269826e-05	3631	0.9462365527300982	False
WDR37	-0.6489349788432065	0.7418097977758004	1.14956530660155e-05	5793	0.9462365527300982	False
GSTO2	-0.6491907997590999	0.7418924711670933	4.07004919358126e-06	7610	0.9462365527300982	False
DERL1	-0.6494258966826103	0.741968435100675	7.98077668079468e-05	1753	0.9462365527300982	False
EPRS1	-0.6495444225239918	0.7420067284788531	8.0650217236165e-06	6516	0.9462365527300982	False
SCYL1	-0.6501951500871508	0.7422169132805615	2.98493513145924e-05	3618	0.9462365527300982	False
RBM5	-0.650827703279854	0.7424211425464637	1.57051925967299e-05	5120	0.9462365527300982	False
DPH1	-0.6511996796149285	0.742541201426223	1.28541748560754e-05	5561	0.9462365527300982	False
HYPK	-0.6512198281025906	0.7425477037110476	4.14076778156814e-05	2867	0.9462365527300982	False
KLHL12	-0.6512613148143717	0.7425610919616782	5.24040799434388e-05	2404	0.9462365527300982	False
NRROS	-0.651748834685179	0.7427183932625634	1.03450282333545e-05	6020	0.9462365527300982	False
PTCD2	-0.6520826509235848	0.7428260723136405	3.63491342075265e-06	7759	0.9462365527300982	False
METAP2	-0.6520884762072537	0.7428279511664305	2.35888457639038e-05	4167	0.9462365527300982	False
CHMP1A	-0.6522408908782688	0.7428771075631068	2.10292448153457e-05	4447	0.9462365527300982	False
PRPSAP1	-0.6523582897505442	0.7429149674209214	7.21612559413614e-06	6726	0.9462365527300982	False
METTL8	-0.6525568931204228	0.7429790082433956	7.82727592094659e-07	9102	0.9462365527300982	False
FAHD2B	-0.6525568931204228	0.7429790082433956	1.25236414735145e-06	8775	0.9462365527300982	False
OXNAD1	-0.6525568931204248	0.7429790082433962	1.03711405952542e-06	8901	0.9462365527300982	False
CALU	-0.6527259134547372	0.7430335033055309	4.40718170052232e-05	2742	0.9462365527300982	False
TNNI3	-0.6528085964466112	0.7430601595341451	6.92324030087966e-06	6802	0.9462365527300982	False
POLR2B	-0.6528467783692552	0.7430724685457685	0.000176576306429	865	0.9462365527300982	False
CDS1	-0.653341890512223	0.7432320540163568	1.02117384048015e-05	6049	0.9462365527300982	False
SLC25A46	-0.6536005134269128	0.7433153933168264	3.72180186339243e-05	3118	0.9462365527300982	False
CGAS	-0.6537339718063931	0.7433583937719271	4.42431825461413e-06	7505	0.9462365527300982	False
CABIN1	-0.6537448149604635	0.7433618872848187	3.41332147218479e-05	3314	0.9462365527300982	False
AGT	-0.6538810817158442	0.7434057884201671	2.87357758256916e-06	8055	0.9462365527300982	False
STX4	-0.6539807869814873	0.7434379080422608	5.08937372705965e-05	2460	0.9462365527300982	False
ANKRD13B	-0.6541497143814584	0.743492322496783	6.1794203632779e-06	6991	0.9462365527300982	False
PSMD8	-0.6542115920568552	0.7435122528680355	8.9140626424958e-05	1595	0.9462365527300982	False
CRH	-0.6546005701858559	0.7436375215544886	8.39539205446585e-07	9049	0.9462365527300982	False
UBR1	-0.6546005701858691	0.7436375215544928	4.09917866204539e-05	2886	0.9462365527300982	False
GBP5	-0.6546019974452039	0.7436379811383316	6.56918843900425e-06	6887	0.9462365527300982	False
SPSB4	-0.6552841061545734	0.7438575740208997	5.9279454266612e-06	7068	0.9462365527300982	False
ISCA2	-0.6557460442544133	0.7440062311272002	2.98312576917999e-06	8015	0.9462365527300982	False
DLGAP5	-0.6557471855038636	0.7440065983389313	2.41750100773357e-05	4115	0.9462365527300982	False
CNOT3	-0.6559937447988559	0.7440859255288508	2.97247790775655e-05	3628	0.9462365527300982	False
PTPRO	-0.6559969968200016	0.7440869717378958	5.84064824413577e-05	2225	0.9462365527300982	False
INHA	-0.6562211448993828	0.7441590771287974	4.50950684541846e-06	7481	0.9462365527300982	False
CKB	-0.6563174770675276	0.7441900626199099	4.28319019945887e-05	2811	0.9462365527300982	False
MED19	-0.6566703255812947	0.7443035405271334	6.32079168489236e-05	2094	0.9462365527300982	False
HDAC7	-0.65674110269055	0.7443262996461735	7.80792517760446e-05	1778	0.9462365527300982	False
PPP1R12A	-0.6569941278821619	0.7444076538890907	9.49711893219405e-05	1500	0.9462365527300982	False
MSS51	-0.6570398942533784	0.7444223675350368	1.07568918757228e-06	8867	0.9462365527300982	False
MPC2	-0.6571789522938518	0.7444670712439935	3.71858520760866e-06	7735	0.9462365527300982	False
KIR2DS5	-0.657256479778507	0.7444919926326692	4.96124509774095e-07	9351	0.9462365527300982	False
MCU	-0.6573218089865317	0.7445129918713365	1.56617610809657e-05	5127	0.9462365527300982	False
SAAL1	-0.657369034602826	0.7445281713803695	2.91351307807104e-05	3667	0.9462365527300982	False
EIF2AK3	-0.6574142785716807	0.7445427134957423	2.09834093778448e-05	4452	0.9462365527300982	False
RTN4	-0.6576256145790943	0.7446106344468144	9.69847996437618e-05	1466	0.9462365527300982	False
FBXO15	-0.6577535073136799	0.7446517331097363	8.50902461243643e-06	6416	0.9462365527300982	False
MRPS25	-0.6581905889487518	0.7447921643308977	3.83305794492653e-05	3059	0.9462365527300982	False
DNAJC10	-0.6582050393589964	0.7447968064552235	3.97875649213214e-05	2965	0.9462365527300982	False
PSMC4	-0.658241590855801	0.7448085482495107	0.0001275871997919	1153	0.9462365527300982	False
IFNA13	-0.6591725214709158	0.7451075049357039	1.80731841711977e-06	8489	0.9462365527300982	False
SSX2IP	-0.6593219049440778	0.745155460491803	6.49268610554835e-05	2052	0.9462365527300982	False
MRRF	-0.6595991223108797	0.745244441174393	1.67116656722276e-05	4977	0.9462365527300982	False
MIDN	-0.659884342993757	0.7453359737653786	2.28902001483649e-05	4233	0.9462365527300982	False
PHC2	-0.660018221474804	0.7453789319052235	5.64517007414992e-05	2281	0.9462365527300982	False
TMED6	-0.6601196870084802	0.7454114870406138	1.07231227534773e-05	5945	0.9462365527300982	False
ENTPD5	-0.6601763219261808	0.7454296573605159	1.72331715076675e-06	8525	0.9462365527300982	False
STXBP3	-0.6602340001478497	0.7454481617079498	2.29732700967538e-05	4226	0.9462365527300982	False
MRPS18B	-0.6609124739689264	0.7456657770134378	4.76274832925214e-05	2580	0.9462365527300982	False
NUP62	-0.6610006965540709	0.7456940665685847	9.52623376188377e-05	1493	0.9462365527300982	False
QKI	-0.6610738888560952	0.7457175352439159	3.34314711957627e-05	3359	0.9462365527300982	False
ACTN4	-0.6613074957004341	0.7457924322898535	0.0001037910827928	1395	0.9462365527300982	False
CEP290	-0.6618694892620923	0.7459725665002562	4.88816541614178e-05	2531	0.9462365527300982	False
MBD3	-0.6620031226921622	0.746015389789023	0.0001243204503532	1184	0.9462365527300982	False
ALKBH4	-0.6620376317193867	0.746026447709156	3.41873913467046e-06	7852	0.9462365527300982	False
PALM2AKAP2	-0.6623112950911724	0.7461141302442672	6.0283217951934e-06	7043	0.9462365527300982	False
LAMTOR3	-0.6626500952920433	0.7462226607925155	2.03960967301247e-05	4517	0.9462365527300982	False
NPAT	-0.6631547714461248	0.7463842825196736	2.13586230769205e-05	4415	0.9462365527300982	False
NDUFB4	-0.6636843928994228	0.7465538347802938	1.11542771642879e-05	5861	0.9462365527300982	False
RALGPS2	-0.6641298756827416	0.7466964048678231	1.55251498416868e-05	5145	0.9462365527300982	False
AMDHD1	-0.6643651990197053	0.7467716995522594	8.18890325400572e-07	9070	0.9462365527300982	False
KLHL23	-0.664365199019723	0.7467716995522651	6.0474951396353e-06	7037	0.9462365527300982	False
RGPD3	-0.6643672916775614	0.7467723690718668	3.8286010128902e-06	7688	0.9462365527300982	False
WFS1	-0.6644816028426191	0.746808940079726	4.41946136807667e-06	7507	0.9462365527300982	False
CCDC172	-0.6647670413550265	0.7469002468882516	5.18823578332444e-06	7273	0.9462365527300982	False
CEP89	-0.665033991581002	0.7469856239390096	1.79004061966817e-05	4823	0.9462365527300982	False
C1QB	-0.6652295075490302	0.7470481449951187	8.96839739349886e-06	6319	0.9462365527300982	False
BRD2	-0.6653992368845036	0.747102413545862	0.0001093634034291	1343	0.9462365527300982	False
MARCKS	-0.6656410823845694	0.7471797296306659	5.28596313345319e-05	2391	0.9462365527300982	False
PRKACA	-0.6660685424925696	0.7473163547904954	0.0001443827336319	1028	0.9462365527300982	False
KIF13B	-0.6667662643835672	0.7475392776887897	1.34220450442678e-05	5480	0.9462365527300982	False
WIPI2	-0.6671737762932505	0.7476694302249132	3.14948539803285e-05	3498	0.9462365527300982	False
KCTD5	-0.6672004308956285	0.7476779420295769	3.62902768490403e-05	3181	0.9462365527300982	False
TRIO	-0.6672310665831996	0.747687724955652	2.04577769782923e-05	4511	0.9462365527300982	False
CPAP	-0.6673039237423939	0.7477109897050247	4.57438151505155e-06	7460	0.9462365527300982	False
ATP6AP1	-0.6676849303651984	0.7478326343217424	1.342035635025e-05	5481	0.9462365527300982	False
DPH3	-0.6681240224409524	0.7479727856000251	2.94925954710885e-06	8023	0.9462365527300982	False
CCDC27	-0.6682478436861043	0.7480122999619974	1.60358246395998e-06	8598	0.9462365527300982	False
GPR137B	-0.6683970988720822	0.7480599265654921	3.29350954197684e-06	7896	0.9462365527300982	False
CHMP4B	-0.6684402249341606	0.7480736869973346	7.70900619578251e-05	1796	0.9462365527300982	False
SPCS1	-0.6685382951786861	0.7481049772466001	7.35854678996744e-06	6699	0.9462365527300982	False
ZNF669	-0.668602364512532	0.7481254180723254	1.96046849491607e-05	4622	0.9462365527300982	False
VPS8	-0.6695109042144887	0.7484151863743895	1.60175953022492e-05	5069	0.9462365527300982	False
FBXW5	-0.6696152800870587	0.7484484645781998	2.86096003253025e-05	3710	0.9462365527300982	False
TMPRSS12	-0.6697194328738018	0.748481669337124	3.64842604930296e-06	7754	0.9462365527300982	False
LENG1	-0.6698973090757675	0.748538372367376	8.51326413596437e-06	6414	0.9462365527300982	False
DRAP1	-0.6699188764503857	0.7485452471139362	1.60544225968693e-05	5064	0.9462365527300982	False
TAX1BP3	-0.6699400286603262	0.7485519894274681	1.21528152690332e-05	5674	0.9462365527300982	False
SYTL4	-0.6699484271576208	0.7485546664404901	2.42155331831232e-05	4111	0.9462365527300982	False
EIF2B2	-0.6700271225097904	0.7485797497772998	3.48688753944955e-05	3268	0.9462365527300982	False
SUFU	-0.6706633446601252	0.748782490490295	3.5352996839487e-05	3243	0.9462365527300982	False
EIF2B5	-0.6710465426206177	0.7489045599237478	2.80522423235332e-05	3764	0.9462365527300982	False
SLC25A10	-0.6712284067345299	0.7489624825733217	2.22487255304231e-05	4304	0.9462365527300982	False
MAK16	-0.6712528760260528	0.7489702753589917	7.29449581186787e-05	1874	0.9462365527300982	False
SELENBP1	-0.6712594624146944	0.7489723729178852	8.45199546774718e-06	6430	0.9462365527300982	False
CEP128	-0.6715319671471633	0.7490591490269849	2.56277674669509e-05	3968	0.9462365527300982	False
GABRE	-0.6716277664737608	0.7490896514878217	4.5865220679822e-06	7459	0.9462365527300982	False
KGD4	-0.6717138668637483	0.749117064137242	1.6827407334679e-06	8543	0.9462365527300982	False
H2BC10	-0.6717548320952916	0.7491301060945355	9.56990758116165e-07	8952	0.9462365527300982	False
HDGF	-0.6717548320952942	0.7491301060945362	5.99828134910724e-05	2179	0.9462365527300982	False
KCTD16	-0.6719466107265222	0.7491911572126143	4.06854010988506e-06	7611	0.9462365527300982	False
NOTCH2	-0.6720529632756528	0.7492250102633452	4.59551682937115e-05	2649	0.9462365527300982	False
TMEM160	-0.6721415662944047	0.7492532116184084	1.75139953592042e-05	4878	0.9462365527300982	False
NOS1AP	-0.6721868664665119	0.7492676295103551	3.0197979917211e-05	3591	0.9462365527300982	False
RABL3	-0.672190305978745	0.7492687242016353	1.37873918063235e-05	5415	0.9462365527300982	False
LCMT2	-0.6723122262867887	0.749307526062371	5.51532492224598e-06	7185	0.9462365527300982	False
JOSD1	-0.6725130038130496	0.7493714177688551	1.1087609699775e-05	5872	0.9462365527300982	False
NEK9	-0.6725595223446535	0.7493862197305137	5.55710862799227e-05	2303	0.9462365527300982	False
IARS2	-0.6726173568051594	0.7494046217177865	4.65032740510627e-05	2620	0.9462365527300982	False
TBC1D25	-0.6726746878770649	0.7494228628284585	1.14382840680563e-05	5805	0.9462365527300982	False
NECAP1	-0.6728898958090617	0.7494913295729808	3.48746660944761e-06	7832	0.9462365527300982	False
MFN2	-0.6732118611178812	0.749593741842514	2.29765271613118e-05	4222	0.9462365527300982	False
ZSCAN30	-0.673497530249756	0.7496845902668756	1.58033278311294e-06	8612	0.9462365527300982	False
IFIT1B	-0.6735684667413826	0.7497071467631881	1.12651370969452e-06	8833	0.9462365527300982	False
IFIT3	-0.6735684667413924	0.7497071467631912	1.51596558530716e-05	5203	0.9462365527300982	False
KIR2DS4	-0.6736841071903331	0.7497439159830614	2.12555380768942e-06	8357	0.9462365527300982	False
PPWD1	-0.6737245533326448	0.7497567756262694	6.92641266206312e-07	9199	0.9462365527300982	False
SEC16B	-0.6737245533326448	0.7497567756262694	1.30687031359682e-06	8748	0.9462365527300982	False
ACY1	-0.6737245533326448	0.7497567756262694	6.92641266206312e-07	9198	0.9462365527300982	False
STPG2	-0.6737811834079226	0.7497747802790503	2.2101595492133e-06	8309	0.9462365527300982	False
MRPS18A	-0.6740465918230394	0.7498591536068162	1.63685306297138e-05	5027	0.9462365527300982	False
EEF1D	-0.6743971563611282	0.7499705749296777	8.34270335543123e-05	1693	0.9462365527300982	False
NSDHL	-0.6747778642016474	0.7500915469845161	1.53104770620674e-05	5177	0.9462365527300982	False
ARFGAP3	-0.6753775739057899	0.750282045081887	1.43030305987262e-05	5325	0.9462365527300982	False
DDX11	-0.6754492678444972	0.7503048135369774	3.97602309745876e-07	9410	0.9462365527300982	False
NPRL3	-0.6754492678445051	0.7503048135369799	1.20132696027641e-05	5708	0.9462365527300982	False
GNA11	-0.6754495684380418	0.75030490899671	7.1216090302962e-06	6744	0.9462365527300982	False
SCAND1	-0.6756477923724215	0.750367854909433	1.48015822899969e-05	5252	0.9462365527300982	False
MDM1	-0.6756848306683105	0.7503796154673811	1.83473757049608e-06	8481	0.9462365527300982	False
NUDCD3	-0.675935911719641	0.7504593320348545	5.25261584922498e-05	2400	0.9462365527300982	False
GAS2L2	-0.6764869846925964	0.7506342466141205	5.63032270651744e-06	7159	0.9462365527300982	False
FRMPD2	-0.6764869846926023	0.7506342466141224	5.04110295788061e-07	9345	0.9462365527300982	False
RYBP	-0.6765402955461262	0.7506511644096103	8.44851829517395e-05	1674	0.9462365527300982	False
CSGALNACT2	-0.6765503706611922	0.7506543616024961	3.31048173674743e-05	3381	0.9462365527300982	False
CAPG	-0.676730273404597	0.7507114474821077	5.06754068406077e-06	7308	0.9462365527300982	False
SERPINB4	-0.6767918659260485	0.7507309901300656	2.35383274875519e-05	4172	0.9462365527300982	False
TBL1Y	-0.6770175726386825	0.7508025974921388	2.14966593156321e-05	4393	0.9462365527300982	False
CCDC77	-0.6770636348737535	0.7508172097812644	1.07827259826284e-05	5930	0.9462365527300982	False
OPA1	-0.6773810919704915	0.7509179040698086	2.98646813645289e-05	3615	0.9462365527300982	False
MED10	-0.6775893611538244	0.7509839532582172	6.56777260670312e-05	2034	0.9462365527300982	False
TNPO2	-0.6780370829018266	0.7511259093818775	1.462680962579e-05	5274	0.9462365527300982	False
TTLL5	-0.6781220028663497	0.7511528295231455	5.70234732682099e-06	7134	0.9462365527300982	False
KLHDC10	-0.6786068236335222	0.7513064909404968	5.92143427466022e-06	7073	0.9462365527300982	False
EIF1AY	-0.6787220903144794	0.7513430166781208	4.33501274765984e-06	7534	0.9462365527300982	False
KIR2DL3	-0.6787837344197051	0.7513625493064899	3.10950962588661e-06	7959	0.9462365527300982	False
NCAPD3	-0.6788354919718559	0.751378948638092	3.5503049345821e-05	3238	0.9462365527300982	False
HS1BP3	-0.6789397397020328	0.7514119776841082	1.65046823090542e-06	8558	0.9462365527300982	False
DMAC2L	-0.6794721439858065	0.7515806240878291	3.05957200882727e-06	7973	0.9462365527300982	False
NDUFA8	-0.6795163609398498	0.751594627675211	4.01614293466701e-05	2944	0.9462365527300982	False
MTA3	-0.6795368326412651	0.751601110956686	6.77629892334154e-05	1980	0.9462365527300982	False
LZTS3	-0.6796677303736458	0.7516425634563533	5.67618777730126e-06	7140	0.9462365527300982	False
PLIN5	-0.6798444061765434	0.7516985070396041	2.54247093172014e-06	8176	0.9462365527300982	False
NEB	-0.6800191090537612	0.7517538192980171	1.89502583074335e-05	4705	0.9462365527300982	False
MYO1E	-0.6801018706253414	0.7517800199468228	3.28389891669522e-05	3404	0.9462365527300982	False
LINC02908	-0.6801711484160502	0.751801950767961	1.98089950291748e-06	8414	0.9462365527300982	False
WBP11	-0.6802347909363177	0.7518220967573608	3.59577596370834e-05	3203	0.9462365527300982	False
ZNF724	-0.6803874038949693	0.7518704027153065	2.80194611338412e-06	8081	0.9462365527300982	False
COPG1	-0.6808861681343746	0.7520282395427957	4.38762519995498e-05	2753	0.9462365527300982	False
STON2	-0.6814558268203658	0.7522084457661902	2.18608687192121e-05	4362	0.9462365527300982	False
NUP50	-0.6815700666539393	0.7522445760557672	8.46768688076084e-05	1669	0.9462365527300982	False
WDR13	-0.6817262833152181	0.7522939776772433	9.60285162652974e-07	8951	0.9462365527300982	False
ANKHD1	-0.6817611259820888	0.752304995529863	2.3285884815352e-05	4198	0.9462365527300982	False
KATNAL2	-0.6818664697404775	0.7523383054525482	3.3664597318571e-06	7872	0.9462365527300982	False
SDHAF4	-0.6820321068527545	0.7523906754246237	3.87748348279853e-07	9413	0.9462365527300982	False
SDHAF3	-0.6820321068527584	0.752390675424625	1.89171067433668e-06	8451	0.9462365527300982	False
HINT3	-0.6821371395926871	0.7524238808693537	1.62219421431332e-06	8572	0.9462365527300982	False
DUSP12	-0.6821418771763701	0.7524253785707744	3.18602719135075e-06	7931	0.9462365527300982	False
CLSTN3	-0.6826636572230472	0.7525903002722822	2.21649970168874e-06	8303	0.9462365527300982	False
CCDC89	-0.6831001461608011	0.752728218457503	6.20830270659083e-06	6981	0.9462365527300982	False
HIGD1A	-0.6831738973299797	0.7527515176853359	1.08254712850493e-05	5921	0.9462365527300982	False
TRAPPC12	-0.6832449227386101	0.752773954690202	7.88360217970737e-06	6557	0.9462365527300982	False
FAM163A	-0.6832892744809537	0.7527879649022671	3.41017760249768e-06	7856	0.9462365527300982	False
DEFB127	-0.6833391256598866	0.7528037118171317	5.64911204444076e-06	7149	0.9462365527300982	False
MACROH2A2	-0.6833428851147244	0.7528048993262778	6.80258420771513e-05	1970	0.9462365527300982	False
CCDC22	-0.6836731993742123	0.7529092246725098	5.7068629831077e-05	2263	0.9462365527300982	False
NDUFA12	-0.6840645035297422	0.7530327823794207	3.43777911873619e-05	3301	0.9462365527300982	False
PCMT1	-0.6846086043129976	0.7532045319951566	4.5118517227591e-05	2692	0.9462365527300982	False
TCTN1	-0.6848966230736128	0.7532954214524439	5.77061494942831e-06	7120	0.9462365527300982	False
TIMM50	-0.6855366673322096	0.7534973346440134	5.15282806740857e-05	2443	0.9462365527300982	False
CBX1	-0.6857473569654794	0.7535637810102591	0.0001361491525786	1084	0.9462365527300982	False
ARGLU1	-0.6860023804328981	0.7536441963433123	2.05984098111841e-05	4497	0.9462365527300982	False
CLINT1	-0.6864103196051221	0.7537728006064117	7.80376891106707e-05	1780	0.9462365527300982	False
CCT8	-0.6866487417415794	0.7538479473552111	0.0001838876739476	834	0.9462365527300982	False
NDUFB6	-0.6869627827929498	0.7539469091734406	1.53454999312538e-05	5170	0.9462365527300982	False
FGL1	-0.6870311231703318	0.7539684420267294	5.01518608247868e-05	2484	0.9462365527300982	False
ARMT1	-0.6871298013424986	0.7539995320028013	5.01022076045849e-06	7321	0.9462365527300982	False
RWDD1	-0.6871458913292775	0.7540046011844608	5.87931430547161e-06	7080	0.9462365527300982	False
SEPTIN14	-0.687150377166828	0.7540060144463234	8.01338522313672e-07	9086	0.9462365527300982	False
SAPCD2	-0.6871723396449627	0.7540129336560275	3.00824587281388e-06	8004	0.9462365527300982	False
EIF4G2	-0.6873538304221577	0.7540701077578266	4.06376770460478e-05	2911	0.9462365527300982	False
MAPK7	-0.6873668337020612	0.7540742038401239	6.58212775034557e-05	2027	0.9462365527300982	False
GSTA1	-0.6878151978288479	0.7542154178365801	1.51791268063483e-06	8635	0.9462365527300982	False
GGTLC1	-0.68781519782885	0.7542154178365807	3.79938295045023e-07	9416	0.9462365527300982	False
SERPINB2	-0.6878890604406254	0.7542386769716452	4.33297451036054e-05	2793	0.9462365527300982	False
RPS9	-0.6884799965162065	0.7544247185772837	0.0002548428767631	603	0.9462365527300982	False
EDEM3	-0.6886432179518117	0.7544760914724644	1.35246570832445e-05	5466	0.9462365527300982	False
LAMTOR2	-0.6893194963504492	0.7546888842092209	1.94456842188056e-05	4638	0.9462365527300982	False
GNPTG	-0.6893489478661989	0.7546981489511897	3.25937167936392e-06	7904	0.9462365527300982	False
WRAP53	-0.6894991967047801	0.7547454107122386	2.54575510994549e-05	3987	0.9462365527300982	False
SCGN	-0.6895047752565233	0.7547471653881446	2.01722410941611e-05	4551	0.9462365527300982	False
AP1S2	-0.6897036070203517	0.7548097014609405	2.39604802579476e-05	4142	0.9462365527300982	False
RHBDD3	-0.6897760651820936	0.7548324886902673	6.31822349829866e-06	6954	0.9462365527300982	False
GPR161	-0.6902789763672116	0.7549906168838312	9.20517182455573e-06	6266	0.9462365527300982	False
DCAF17	-0.6904696444353408	0.7550505534741152	7.46226084254863e-06	6666	0.9462365527300982	False
CEP63	-0.6908765458221156	0.7551784367146324	7.27829942250136e-05	1881	0.9462365527300982	False
TLE2	-0.6913689005390011	0.7553331286427039	2.07706806770465e-05	4475	0.9462365527300982	False
KCND2	-0.6923863640063365	0.7556526365835933	6.10506629028874e-06	7010	0.9462365527300982	False
CAMKK1	-0.6924313941601561	0.7556667719341164	8.11306893889102e-06	6505	0.9462365527300982	False
STX11	-0.6927835725591507	0.7557773085424955	4.05098299475485e-05	2919	0.9462365527300982	False
TESC	-0.6929092655747225	0.7558167526999391	5.27772285338152e-06	7249	0.9462365527300982	False
ATG9A	-0.69306058001014	0.7558642326463071	4.38043273878611e-05	2758	0.9462365527300982	False
TIGD4	-0.693499174698986	0.7560018282114669	6.43832516512413e-07	9242	0.9462365527300982	False
CCDC136	-0.6938255235537986	0.7561041829545869	1.19738358625556e-05	5712	0.9462365527300982	False
AP3M2	-0.6939420510799915	0.7561407245653725	4.12615009310626e-06	7588	0.9462365527300982	False
RCOR1	-0.6941553691451109	0.7562076108528163	0.0001471664420867	1014	0.9462365527300982	False
TRAF3IP3	-0.6952257616813232	0.7565430849234593	2.58529708828599e-05	3946	0.9462365527300982	False
TRAK2	-0.6954937194782064	0.7566270271157263	1.89543632133495e-05	4703	0.9462365527300982	False
PPM1E	-0.6955681222100216	0.7566503322221148	3.50931871313616e-06	7818	0.9462365527300982	False
ACBD7	-0.6956090923113404	0.7566631647382913	4.6361734557823e-06	7438	0.9462365527300982	False
HELZ2	-0.6958720702715142	0.7567455250950728	2.56856300393494e-06	8167	0.9462365527300982	False
PINK1	-0.6962192345626881	0.7568542281413733	0.0001605580713949	941	0.9462365527300982	False
EDEM1	-0.6969352577525166	0.7570783442098127	2.91973991929171e-05	3663	0.9462365527300982	False
MYCN	-0.697305836420511	0.7571942918471276	9.3878477268417e-05	1517	0.9462365527300982	False
XDH	-0.6976631031063871	0.7573060460333555	5.38878935108284e-06	7219	0.9462365527300982	False
COPB2	-0.6977295173821745	0.7573268175659955	5.43032873560433e-05	2343	0.9462365527300982	False
ZFR	-0.6978538990731756	0.7573657162268016	6.49067729702789e-05	2053	0.9462365527300982	False
NPB	-0.6979687295048888	0.7574016248654913	1.68662866887341e-05	4960	0.9462365527300982	False
DPH7	-0.6979687295049005	0.757401624865495	5.903200344235e-07	9278	0.9462365527300982	False
CRAMP1	-0.6980834882052406	0.7574375081978622	3.28116877870023e-06	7899	0.9462365527300982	False
NUMBL	-0.6981733773871677	0.7574656131954887	5.6232934835395e-05	2287	0.9462365527300982	False
MED7	-0.6983845507359502	0.7575316322935286	4.0542033052263e-05	2916	0.9462365527300982	False
HPRT1	-0.6988488353102706	0.7576767472876862	1.33662603823777e-05	5489	0.9462365527300982	False
SNCA	-0.6993850267907961	0.75784427864743	0.0004292003803115	305	0.9462365527300982	False
RABGGTA	-0.6994381964185358	0.7578608879094318	1.46102023349782e-05	5277	0.9462365527300982	False
SPTLC1	-0.6997538367546614	0.7579594757132093	9.17029761927173e-06	6279	0.9462365527300982	False
STRN4	-0.6999654150954441	0.7580255483737233	4.40181552545286e-05	2744	0.9462365527300982	False
FTO	-0.7002266793255144	0.7581071236719759	9.18165773284873e-06	6272	0.9462365527300982	False
EPPK1	-0.7003107660837387	0.7581333751535007	2.75585527336919e-05	3794	0.9462365527300982	False
KLHDC8A	-0.7004464627109305	0.7581757357277181	1.63304902485179e-05	5033	0.9462365527300982	False
MICAL1	-0.7009315411854702	0.7583271303172481	1.22300642440286e-05	5661	0.9462365527300982	False
CASS4	-0.700931541185473	0.758327130317249	7.29416395427269e-07	9149	0.9462365527300982	False
TXNDC9	-0.7011309102777538	0.7583893391451992	3.48382402646152e-05	3270	0.9462365527300982	False
TMEM132E-DT	-0.7011309102777642	0.7583893391452025	8.31198433918139e-07	9055	0.9462365527300982	False
CACYBP	-0.7012505831542879	0.7584266763107622	8.45259836967169e-05	1672	0.9462365527300982	False
PHF23	-0.7012581510849939	0.7584290373509952	9.35185504568958e-06	6232	0.9462365527300982	False
TMEM179B	-0.7014372993022522	0.7584849242866085	5.26423937705984e-06	7253	0.9462365527300982	False
GSTM5	-0.7016226502163447	0.758542738819294	4.37317532334959e-06	7518	0.9462365527300982	False
YBEY	-0.7016578539504867	0.7585537186948867	2.34323477954893e-05	4185	0.9462365527300982	False
SLC35A2	-0.7017214838609922	0.7585735638702282	2.26290675275929e-06	8294	0.9462365527300982	False
KIR2DS1	-0.7019086750299904	0.7586319407345203	2.14084457766118e-06	8351	0.9462365527300982	False
NKAPD1	-0.7020129871085342	0.7586644678519369	2.51432120833924e-06	8188	0.9462365527300982	False
LRATD2	-0.7024466414593148	0.7587996665990702	2.38838612630515e-06	8246	0.9462365527300982	False
ACAD9	-0.7025000547719044	0.7588163162138306	6.98698389698593e-05	1936	0.9462365527300982	False
SLC36A3	-0.702633149681014	0.7588578008865601	3.58674222181852e-07	9424	0.9462365527300982	False
GNB3	-0.7026331496810346	0.7588578008865665	1.12726181835119e-05	5834	0.9462365527300982	False
MRM3	-0.7028280838435154	0.7589185533832701	1.12919012269456e-05	5829	0.9462365527300982	False
ZNF394	-0.702961689021765	0.7589601874971098	1.41944750316324e-06	8699	0.9462365527300982	False
C6ORF47	-0.7032536244681504	0.7590511469632558	2.50209472627036e-06	8193	0.9462365527300982	False
LORICRIN	-0.7033638337333994	0.7590854804391627	4.83264170910727e-07	9362	0.9462365527300982	False
SYAP1	-0.7036028131393611	0.7591599205151911	2.41153922901405e-05	4125	0.9462365527300982	False
CRABP2	-0.7039647013182072	0.7592726218135497	7.23266168986541e-06	6721	0.9462365527300982	False
ANKRD50	-0.7039698312981995	0.7592742192150868	9.07041778292592e-06	6294	0.9462365527300982	False
TTC1	-0.7039911808319893	0.7592808670890132	3.96667865296385e-05	2971	0.9462365527300982	False
GNG12	-0.7041392471679998	0.7593269696242686	1.50412165028245e-05	5217	0.9462365527300982	False
MAS1	-0.7044861981678233	0.7594349788684467	4.53522560905139e-05	2672	0.9462365527300982	False
SLC7A6	-0.7044861981678588	0.7594349788684578	8.16384619670825e-07	9075	0.9462365527300982	False
ABHD3	-0.7044861981678628	0.7594349788684591	8.16384619670825e-07	9074	0.9462365527300982	False
GJB7	-0.7045656223201681	0.7594597006721497	1.73386527412821e-05	4903	0.9462365527300982	False
EXOC3	-0.7046602787901323	0.759489161926659	3.87193580338008e-05	3027	0.9462365527300982	False
KIR2DS2	-0.7046759256636393	0.7594940317322705	1.1968502049211e-05	5714	0.9462365527300982	False
NDUFV1	-0.7047856766573348	0.7595281882294329	5.18190782149443e-05	2429	0.9462365527300982	False
MED28	-0.7050422083212581	0.7596080152248228	6.62639160231132e-05	2016	0.9462365527300982	False
HBZ	-0.7054659401507974	0.7597398396053309	7.0250142969208e-06	6768	0.9462365527300982	False
NUP133	-0.7059290843302738	0.7598838802308265	4.33859482994461e-05	2785	0.9462365527300982	False
KANSL2	-0.705973847549228	0.7598977993660377	1.28153621004584e-05	5570	0.9462365527300982	False
NDUFB1	-0.706282157976468	0.7599936566291767	3.61630918425306e-06	7770	0.9462365527300982	False
PFKFB4	-0.7065180175536825	0.7600669739982676	9.73011641668422e-06	6162	0.9462365527300982	False
LCOR	-0.7065828894074184	0.7600871373873442	3.55583369457192e-05	3233	0.9462365527300982	False
ALG10	-0.7067027536867154	0.760124391022373	7.89970833118883e-06	6552	0.9462365527300982	False
PRKAR1A	-0.7069401424568152	0.7601981617761842	8.62510355917025e-05	1635	0.9462365527300982	False
GNA15	-0.7072233066041704	0.7602861414614015	5.04433657636455e-06	7311	0.9462365527300982	False
APOOL	-0.707512313854545	0.7603759184446492	1.37069964824537e-05	5431	0.9462365527300982	False
BTN3A3	-0.7075729053869687	0.7603947382228506	1.29189756466125e-06	8757	0.9462365527300982	False
RAB30	-0.7080956658260458	0.7605570745182113	1.24546583293914e-05	5631	0.9462365527300982	False
CALR3	-0.7084032788994457	0.7606525715861983	8.75844686931947e-05	1613	0.9462365527300982	False
KIF22	-0.7085947539261833	0.7607120036234913	1.89516597799164e-05	4704	0.9462365527300982	False
ACOT7	-0.708626618418908	0.7607218932781188	1.24596810081521e-05	5630	0.9462365527300982	False
RCCD1	-0.7088372044473006	0.7607872464032466	1.32166210312938e-05	5507	0.9462365527300982	False
MEAK7	-0.7088893189296462	0.7608034180706775	6.66869161396194e-07	9219	0.9462365527300982	False
CIMAP1D	-0.7088893189296465	0.7608034180706776	6.66869161396194e-07	9218	0.9462365527300982	False
ZNRF4	-0.709223096694449	0.7609069786250731	4.34614574381962e-05	2779	0.9462365527300982	False
KDM2B	-0.7093234968343652	0.7609381247788289	4.57460451297473e-05	2655	0.9462365527300982	False
TESK1	-0.709435259966777	0.7609727933538577	4.77772358046471e-06	7392	0.9462365527300982	False
MOB2	-0.7096082029695726	0.761026434316203	7.75897384904985e-06	6594	0.9462365527300982	False
MMRN1	-0.7097244039349248	0.7610624721558394	4.9231169747569e-06	7343	0.9462365527300982	False
CSNK2A2	-0.710217497788665	0.7612153641290944	0.0004327963065176	302	0.9462365527300982	False
CYFIP2	-0.7110762050096674	0.7614814928233453	3.8609147571366e-05	3036	0.9462365527300982	False
MT-ND5	-0.7113569126709955	0.7615684539105454	6.51933782073405e-06	6901	0.9462365527300982	False
SH3BP4	-0.7116744026231722	0.7616667889453212	4.03892116179064e-05	2929	0.9462365527300982	False
TIMMDC1	-0.711739831306661	0.7616870511782075	1.5021210369946e-05	5222	0.9462365527300982	False
RNF24	-0.7117398313066706	0.7616870511782103	5.30957074705508e-07	9326	0.9462365527300982	False
ESR2	-0.7118429473126126	0.761718982666012	0.0002468389025883	623	0.9462365527300982	False
IDH2	-0.7120071952524135	0.7617698397755629	1.66007411367221e-05	4990	0.9462365527300982	False
SNCB	-0.7122302859811107	0.761838907218374	5.18811446695935e-06	7274	0.9462365527300982	False
SMYD1	-0.712676831863056	0.7619771219607765	9.87899862995609e-06	6132	0.9462365527300982	False
PCNT	-0.7127651984919697	0.7620044679601039	5.98588786083757e-05	2181	0.9462365527300982	False
FAM81B	-0.7127651984919788	0.7620044679601067	8.76041187394379e-07	9021	0.9462365527300982	False
WDR62	-0.7128368204335598	0.7620266308729853	3.60230913534711e-05	3200	0.9462365527300982	False
TAPBP	-0.7130709015997406	0.7620990577732454	5.98168931771384e-06	7052	0.9462365527300982	False
PDXDC1	-0.7134109659838197	0.7622042553340989	2.41195079202613e-05	4124	0.9462365527300982	False
GATC	-0.7134708893481567	0.7622227897435139	6.75777279266529e-06	6846	0.9462365527300982	False
CYP4V2	-0.7134708893481722	0.7622227897435188	5.18404430959241e-07	9336	0.9462365527300982	False
ALKBH5	-0.7135115199708588	0.7622353564208304	1.12754662855601e-05	5833	0.9462365527300982	False
SFXN1	-0.7135524393899259	0.7622480120520008	0.0001588732325623	951	0.9462365527300982	False
CAPZB	-0.7139715766718158	0.7623776223018524	0.0003360122872146	425	0.9462365527300982	False
RNF115	-0.7144718441774582	0.762532269766135	5.78757441006952e-05	2240	0.9462365527300982	False
SLC30A5	-0.7147345055027267	0.7626134440164358	2.01431664506801e-05	4553	0.9462365527300982	False
PDP1	-0.7147784307792057	0.7626270174299496	1.18310119274142e-05	5733	0.9462365527300982	False
RARS1	-0.714940739526043	0.7626771689948897	1.44400644778917e-05	5302	0.9462365527300982	False
GBE1	-0.7150152277329417	0.7627001830592816	5.28505542172258e-06	7247	0.9462365527300982	False
INVS	-0.7152902447112502	0.7627851423817082	2.58814372243987e-06	8162	0.9462365527300982	False
ZNF500	-0.7153664553391595	0.7628086827105057	4.254796193139e-07	9402	0.9462365527300982	False
ZNF397	-0.7153664553391801	0.762808682710512	1.56200345829966e-05	5133	0.9462365527300982	False
POLR1C	-0.7154325329000714	0.7628290920469707	7.71846893089164e-05	1794	0.9462365527300982	False
ACAD11	-0.715537917327848	0.7628616400753263	4.92229876456564e-05	2521	0.9462365527300982	False
MRPS27	-0.715586576004974	0.7628766675016514	0.0001348889697584	1095	0.9462365527300982	False
RAB8A	-0.7156184910936497	0.7628865236639236	6.05572700485846e-05	2166	0.9462365527300982	False
TIMP3	-0.7159426294823511	0.7629866127959877	9.01325085783412e-06	6308	0.9462365527300982	False
BST2	-0.7162766219265427	0.7630897204201057	4.56910459423425e-06	7462	0.9462365527300982	False
LILRA4	-0.7162766219265474	0.7630897204201073	8.11527542203389e-07	9081	0.9462365527300982	False
CEP55	-0.7163139597379931	0.7631012455345616	6.41069188290774e-05	2073	0.9462365527300982	False
PSMD1	-0.7163693427114616	0.7631183401067032	0.0001317923417302	1122	0.9462365527300982	False
ERMAP	-0.7166218925673279	0.7631962838369029	5.48508512867471e-06	7195	0.9462365527300982	False
REX1BD	-0.7166492715982927	0.7632047329004734	6.57970700299996e-07	9226	0.9462365527300982	False
SGPL1	-0.718099703174344	0.7636520934090562	2.36427217218464e-05	4164	0.9462365527300982	False
THYN1	-0.7181408478938239	0.7636647769948062	2.41055585210157e-06	8236	0.9462365527300982	False
CAPN6	-0.7184950029908113	0.7637739360551268	6.38732825961449e-06	6939	0.9462365527300982	False
RFLNB	-0.7184950029908282	0.7637739360551319	6.38732830417481e-07	9246	0.9462365527300982	False
CFAP45	-0.7186238216034302	0.7638136341406565	6.16375156382255e-07	9261	0.9462365527300982	False
GLS	-0.7186238216034342	0.7638136341406578	2.9519967901149e-05	3639	0.9462365527300982	False
NME4	-0.7186826766641761	0.763831770306262	2.73897409555178e-05	3807	0.9462365527300982	False
FSD1	-0.7198505158385711	0.7641914808568411	1.72134025162833e-05	4923	0.9462365527300982	False
ZNHIT6	-0.7199130733645622	0.764210740909046	1.59908073868062e-05	5074	0.9462365527300982	False
PELI2	-0.72033126266512	0.7643394696873189	1.77884849409474e-05	4841	0.9462365527300982	False
YIF1A	-0.7206274828851873	0.7644306299755472	5.70411377556084e-06	7133	0.9462365527300982	False
RNASE7	-0.7206832629318812	0.7644477938285495	7.30119301611387e-06	6713	0.9462365527300982	False
TRMT61A	-0.7208678121572806	0.7645045758079083	6.68210433920368e-06	6862	0.9462365527300982	False
LRRC32	-0.7209471265995864	0.7645289769005434	7.17987074469182e-06	6734	0.9462365527300982	False
IQGAP2	-0.7210066685389506	0.7645472940646726	2.4769773111116e-05	4056	0.9462365527300982	False
PHETA2	-0.721652793998028	0.7647460140772168	2.55131849349619e-06	8174	0.9462365527300982	False
PRMT2	-0.7218131729199275	0.7647953252899388	3.21683225111449e-05	3447	0.9462365527300982	False
WDR5	-0.7218898241326699	0.7648188909860675	0.0004648477370356	269	0.9462365527300982	False
RAB2B	-0.7219733460264011	0.7648445675240957	2.92721935291401e-06	8033	0.9462365527300982	False
RAB3A	-0.7220063389116463	0.7648547098640883	1.76874266124064e-05	4858	0.9462365527300982	False
PSMA3	-0.7222343220651322	0.7649247875424665	0.0002269410301065	687	0.9462365527300982	False
OTUD4	-0.7228918210973767	0.7651268255941153	4.30085934822204e-05	2802	0.9462365527300982	False
AFM	-0.7229629593024557	0.7651486793761264	3.41687985213169e-06	7854	0.9462365527300982	False
LEMD2	-0.7229747346754744	0.7651522966830608	1.52243168901711e-05	5194	0.9462365527300982	False
MYO5A	-0.7230986154671881	0.7651903500739041	2.22446614740842e-05	4305	0.9462365527300982	False
UBE3A	-0.7234133719783353	0.7652870208561183	0.0002736932454368	560	0.9462365527300982	False
IFNL3	-0.7235454555629856	0.7653275809703082	8.11482154126339e-07	9082	0.9462365527300982	False
ISG15	-0.7235454555630244	0.76532758097032	0.0001989290531637	778	0.9462365527300982	False
RBM14	-0.7237492040902449	0.7653901402924537	0.0001470341045547	1016	0.9462365527300982	False
OXSR1	-0.7238865929532506	0.7654323192142408	3.43633022453307e-05	3303	0.9462365527300982	False
GTF3C1	-0.7241622478866128	0.7655169337125447	4.0064711328367e-05	2954	0.9462365527300982	False
ARF6	-0.7242599464938219	0.7655469190320813	0.000155619224116	965	0.9462365527300982	False
TRIM4	-0.7242807828749918	0.7655533137878271	2.77235289434404e-06	8093	0.9462365527300982	False
SNAP91	-0.724363523919771	0.7655787063413821	6.94504184994837e-06	6794	0.9462365527300982	False
PRDM14	-0.7244060011413221	0.7655917416639506	2.19616736511873e-05	4343	0.9462365527300982	False
URB2	-0.7245185997792997	0.7656262937620097	2.27325835911794e-05	4248	0.9462365527300982	False
EVA1B	-0.7247451021805417	0.7656957899118064	1.6222701440771e-06	8571	0.9462365527300982	False
TANC2	-0.724834261557785	0.7657231429319624	1.92774927136672e-05	4660	0.9462365527300982	False
KIF3C	-0.7249530825945508	0.7657595930434471	3.496072958128e-06	7829	0.9462365527300982	False
AHCTF1	-0.7250413140392074	0.7657866573135806	2.18938131089585e-05	4357	0.9462365527300982	False
RABGEF1	-0.7252705293317442	0.7658569591284368	3.72176210426405e-05	3119	0.9462365527300982	False
TTLL12	-0.7253061032803425	0.7658678688413446	1.38962805194698e-05	5399	0.9462365527300982	False
TUBB1	-0.7253606480240841	0.7658845959146829	4.07069738510042e-05	2908	0.9462365527300982	False
RXYLT1	-0.7253606545943687	0.7658845979295326	5.75174746448318e-06	7124	0.9462365527300982	False
MORC1	-0.7254664220040964	0.7659170314185673	2.07387162558112e-06	8381	0.9462365527300982	False
MPHOSPH9	-0.7254897096717031	0.7659241722283722	1.53783398058652e-05	5166	0.9462365527300982	False
A4GALT	-0.7259512944667256	0.7660656853031338	1.52903886141576e-06	8632	0.9462365527300982	False
AMIGO2	-0.7264768612076795	0.7662267562939994	6.03841169857067e-06	7039	0.9462365527300982	False
TEAD4	-0.7265310667081701	0.7662433652131662	2.48492772205494e-05	4051	0.9462365527300982	False
FKBP9	-0.7269296758174749	0.7663654815545441	5.70185210226553e-06	7135	0.9462365527300982	False
FAHD2A	-0.7269990734636159	0.7663867383326747	2.57699622743492e-06	8164	0.9462365527300982	False
ZC2HC1C	-0.7273494156373905	0.7664940331759651	1.89271814109648e-06	8450	0.9462365527300982	False
MAP2K1	-0.727366313668413	0.76649920763005	7.14268690878476e-05	1907	0.9462365527300982	False
DCAF4	-0.7274862828554199	0.7665359423329607	4.74007151412721e-05	2587	0.9462365527300982	False
ALOXE3	-0.727770918598832	0.7666230852978398	7.28384651576724e-06	6715	0.9462365527300982	False
MORN3	-0.7277709185988437	0.7666230852978435	5.32699218475284e-07	9324	0.9462365527300982	False
GAP43	-0.7280690068749611	0.7667143274878836	1.58986858558619e-05	5087	0.9462365527300982	False
PSMG3	-0.7289210823491019	0.7669750310658137	2.85226659380009e-05	3726	0.9462365527300982	False
LINC02913	-0.7289210823491178	0.7669750310658185	6.41255366544246e-07	9244	0.9462365527300982	False
LASP1	-0.7289434584145423	0.766981875133322	3.56687703160902e-05	3224	0.9462365527300982	False
ERF	-0.7297284965020506	0.7672219205655779	2.06202894310869e-05	4493	0.9462365527300982	False
RPS11	-0.7297389228615239	0.7672251077662127	0.0002374151640533	655	0.9462365527300982	False
SEC13	-0.7299669392588976	0.7672948033084968	5.17333943592856e-05	2434	0.9462365527300982	False
PGGT1B	-0.7301207248046271	0.7673418028825838	2.19445813566387e-06	8321	0.9462365527300982	False
EMC7	-0.7302627232727726	0.7673851954322335	1.85722648939381e-05	4746	0.9462365527300982	False
RPL26	-0.7304518253302003	0.7674429751290459	9.9782919101336e-05	1440	0.9462365527300982	False
ZKSCAN1	-0.7305212389012373	0.7674641822830203	1.22197600061285e-05	5662	0.9462365527300982	False
ENTREP1	-0.7305457440697587	0.7674716688169526	2.15088473438831e-05	4390	0.9462365527300982	False
THAP7	-0.730661472549109	0.7675070230242098	7.9671527387309e-06	6535	0.9462365527300982	False
ZNF747	-0.7307584929085956	0.7675366597336071	8.1740786430609e-06	6487	0.9462365527300982	False
FBXL12	-0.7308362351215356	0.7675604060510632	1.89579488656704e-05	4702	0.9462365527300982	False
HSD17B3	-0.7309014470332195	0.7675803239541934	6.74707378827059e-07	9211	0.9462365527300982	False
CNOT7	-0.7314423874469589	0.767745508681428	5.32787969316137e-05	2378	0.9462365527300982	False
SRSF2	-0.7318767850490117	0.7678781115666742	6.59677446744683e-05	2022	0.9462365527300982	False
SETD5	-0.7322832868848796	0.7680021608979459	4.08960922319552e-06	7603	0.9462365527300982	False
JPH1	-0.7326015836893371	0.768099267542131	3.22349463243892e-05	3441	0.9462365527300982	False
YTHDC1	-0.7327343035290167	0.7681397512956754	3.89376245767139e-05	3018	0.9462365527300982	False
RUFY1	-0.7327555545048601	0.7681462331505641	5.51046660074132e-05	2318	0.9462365527300982	False
CPNE5	-0.7328900555797185	0.7681872555819953	1.79894945303912e-05	4815	0.9462365527300982	False
CDCA3	-0.7329066515458819	0.7681923170225231	4.22957893946055e-05	2835	0.9462365527300982	False
CADM4	-0.733079904438537	0.7682451520424887	1.59619006056168e-07	9450	0.9462365527300982	False
CD69	-0.7330799044385569	0.7682451520424948	4.56054841148581e-07	9385	0.9462365527300982	False
PALM3	-0.7330799044385718	0.7682451520424993	1.47566469508149e-06	8654	0.9462365527300982	False
MFSD5	-0.7335107937225922	0.7683765264874426	1.58439588465208e-05	5097	0.9462365527300982	False
VMP1	-0.7336083863501768	0.7684062758761481	1.11174175943359e-05	5867	0.9462365527300982	False
SFMBT2	-0.7336437059598149	0.7684170419104095	1.05115367420427e-05	5987	0.9462365527300982	False
LGALS1	-0.7338139885207453	0.7684689430961201	5.53055123360812e-05	2314	0.9462365527300982	False
EIF3L	-0.7338928139910783	0.7684929664691245	6.67354432412455e-05	2006	0.9462365527300982	False
PDK3	-0.7342246011666121	0.7685940688926605	4.03484754492114e-05	2931	0.9462365527300982	False
LYPD5	-0.7342903171764343	0.7686140910000997	4.95155619907334e-07	9353	0.9462365527300982	False
CLSTN1	-0.7342903171764406	0.7686140910001016	7.781016797522e-06	6587	0.9462365527300982	False
OSTC	-0.7349623983026224	0.7688188026845972	1.38516129528703e-06	8718	0.9462365527300982	False
CTDSP1	-0.7351949978533298	0.7688896274992009	1.94618158148198e-05	4636	0.9462365527300982	False
ZFP62	-0.7354180698843327	0.7689575398791912	9.90595962006908e-06	6125	0.9462365527300982	False
DCAKD	-0.7356039444737912	0.76901411930635	2.89029437736472e-06	8049	0.9462365527300982	False
QPRT	-0.7357996784713328	0.7690736915330456	1.75073729923975e-05	4883	0.9462365527300982	False
CDC42BPB	-0.7358792138124359	0.76909789590041	1.90012179255161e-05	4692	0.9462365527300982	False
FBXO16	-0.7361587633606685	0.7691829577846049	7.31758045765799e-06	6710	0.9462365527300982	False
SNRNP200	-0.7362384813934172	0.7692072113365569	0.0002303692688162	680	0.9462365527300982	False
CNOT6L	-0.7364682059848903	0.7692770951814741	3.32376580110267e-05	3371	0.9462365527300982	False
DPCD	-0.7366532945492333	0.7693333918316272	7.77921245626476e-06	6588	0.9462365527300982	False
NMD3	-0.7371590873242903	0.7694871949211428	1.52560842187239e-05	5184	0.9462365527300982	False
RFPL4B	-0.7372453796205203	0.769513429234576	1.42628169339395e-05	5331	0.9462365527300982	False
ZNF784	-0.7372453796205304	0.7695134292345791	6.47675039296564e-07	9234	0.9462365527300982	False
KIRREL1	-0.7372510313186256	0.7695151473878878	1.26809814464343e-06	8765	0.9462365527300982	False
GJD3	-0.7372510313186256	0.7695151473878878	1.6685501903203e-06	8550	0.9462365527300982	False
TJP1	-0.7372510313186277	0.7695151473878885	5.10814719433104e-05	2453	0.9462365527300982	False
GCNT2	-0.7376178389546215	0.7696266440048412	3.94429318519042e-06	7648	0.9462365527300982	False
MLLT3	-0.7376612271048089	0.7696398304812916	5.04901430785582e-05	2472	0.9462365527300982	False
ROMO1	-0.7376709970285977	0.769642799687021	4.79459665096146e-07	9366	0.9462365527300982	False
ZNF740	-0.7376709970286079	0.7696427996870241	9.07137676472336e-07	8985	0.9462365527300982	False
CCDC149	-0.7376709970286079	0.7696427996870241	9.07137676472336e-07	8983	0.9462365527300982	False
ARHGAP15	-0.737670997028608	0.7696427996870241	9.07137676472336e-07	8982	0.9462365527300982	False
PIMREG	-0.737670997028608	0.7696427996870241	1.17515562633916e-06	8805	0.9462365527300982	False
ZFYVE28	-0.737670997028608	0.7696427996870241	9.07137676472336e-07	8984	0.9462365527300982	False
AIFM3	-0.737670997028608	0.7696427996870241	9.07137676472336e-07	8981	0.9462365527300982	False
ERAP1	-0.7376709970286182	0.7696427996870271	2.39729830736404e-06	8243	0.9462365527300982	False
JMJD8	-0.7379061495477925	0.7697142591114262	6.54972578462194e-07	9230	0.9462365527300982	False
TYW5	-0.738078076724911	0.7697664974293281	6.05412550558133e-06	7035	0.9462365527300982	False
HLA-DMB	-0.7381163026664306	0.7697781110908035	1.86257481014597e-06	8467	0.9462365527300982	False
HACD1	-0.7381350639896885	0.7697838109654447	1.89379592486657e-06	8449	0.9462365527300982	False
NOMO1	-0.7381550178204844	0.7697898730489929	1.41792044629402e-05	5347	0.9462365527300982	False
ATP6V1A	-0.7391419982516094	0.7700896116760487	5.06124702402778e-05	2468	0.9462365527300982	False
NDUFAB1	-0.7391942760217802	0.7701054819522035	7.47975281426239e-06	6661	0.9462365527300982	False
GPN1	-0.7395857772630415	0.7702243128367537	4.12940511010514e-05	2871	0.9462365527300982	False
MTMR4	-0.7402524121969524	0.7704265748385666	5.02918807847574e-05	2478	0.9462365527300982	False
ATP6V1G3	-0.7402524121969567	0.7704265748385679	6.98152042451156e-07	9191	0.9462365527300982	False
TRMT112	-0.7402994909553783	0.770440855112432	1.93599242817137e-06	8432	0.9462365527300982	False
ZKSCAN3	-0.7406661076168836	0.7705520429342008	2.8169059051069e-06	8074	0.9462365527300982	False
STX8	-0.7410784177524335	0.7706770526463093	6.29210727562167e-05	2102	0.9462365527300982	False
PCGF1	-0.741483956818351	0.7707999721590758	4.2493363331233e-05	2829	0.9462365527300982	False
DSG2	-0.7417075726122144	0.7708677346425004	5.01561030288491e-05	2483	0.9462365527300982	False
SYNGR3	-0.741778901858211	0.7708893472403251	2.19697409625074e-06	8318	0.9462365527300982	False
GIMAP5	-0.7418035305035593	0.7708968093977626	1.98678735629256e-06	8410	0.9462365527300982	False
MS4A14	-0.7418035305035612	0.7708968093977631	3.67368233628702e-07	9420	0.9462365527300982	False
ARHGAP1	-0.7418158848556805	0.7709005525535351	3.89632534288181e-05	3017	0.9462365527300982	False
ITPA	-0.7421779494757899	0.7710102366579503	7.40544154591649e-06	6687	0.9462365527300982	False
FERMT1	-0.7421779494758082	0.7710102366579558	6.57277233495709e-07	9227	0.9462365527300982	False
AP2S1	-0.7423566171988752	0.7710643515215627	5.30823301003811e-05	2383	0.9462365527300982	False
UBQLN4	-0.7425870003237448	0.7711341193474125	4.26425362175098e-05	2817	0.9462365527300982	False
ODF2	-0.7427126197374928	0.7711721561395888	1.94453068807246e-05	4639	0.9462365527300982	False
PDCL	-0.7429642693638135	0.771248343436117	3.40668727461854e-05	3318	0.9462365527300982	False
TCP1	-0.74325336341613	0.7713358495080476	0.0002507527571796	616	0.9462365527300982	False
DCP1A	-0.7432746489116061	0.7713422916858599	4.52290270095129e-05	2683	0.9462365527300982	False
WDR75	-0.7436921746090539	0.7714686376340194	2.03130013259626e-05	4535	0.9462365527300982	False
NAA10	-0.7441930448297313	0.7716201524152113	4.41137099005704e-05	2735	0.9462365527300982	False
EDRF1	-0.7443922499230106	0.7716803968745576	2.4757461262556e-05	4057	0.9462365527300982	False
METTL6	-0.7444183689052816	0.7716882952269081	7.95762344119991e-06	6538	0.9462365527300982	False
SLC38A10	-0.7445162854426164	0.7717179037162398	4.42737639170149e-06	7502	0.9462365527300982	False
SCAMP4	-0.7449019333169622	0.7718344968454156	1.1178998601581e-06	8840	0.9462365527300982	False
INO80D	-0.7449307020409113	0.7718431931669982	1.72664407919781e-05	4913	0.9462365527300982	False
EIF3J	-0.7450276166454429	0.7718724875185546	4.33812164368143e-05	2787	0.9462365527300982	False
PRMT1	-0.7453858584549062	0.7719807548140112	0.0004197579582026	315	0.9462365527300982	False
ATAD1	-0.7454022948240961	0.7719857214950355	6.76092184352748e-06	6844	0.9462365527300982	False
ZNF507	-0.7454957833985073	0.7720139703679989	5.1644591927592e-06	7282	0.9462365527300982	False
PIBF1	-0.7455697980833529	0.7720363335380833	3.01993023164535e-05	3590	0.9462365527300982	False
TFEB	-0.7455991003493518	0.7720451867315021	8.65581871497153e-06	6379	0.9462365527300982	False
EML4	-0.745819470619586	0.7721117617543443	2.75534018805098e-05	3796	0.9462365527300982	False
FBN2	-0.7464195338644244	0.7722929885682106	4.07542209847545e-06	7608	0.9462365527300982	False
CHRNA5	-0.7466811932448902	0.7723719876576443	4.39866399707579e-06	7513	0.9462365527300982	False
FADS1	-0.7470086576667605	0.7724708325825711	5.58248015493101e-06	7171	0.9462365527300982	False
HACD3	-0.7470584296202558	0.7724858540982453	3.99546450178576e-06	7628	0.9462365527300982	False
TEX29	-0.7477169755411678	0.7726845551661927	6.24135725638735e-06	6971	0.9462365527300982	False
OLFM2	-0.7477500285944036	0.7726945255862585	1.56790959895772e-05	5125	0.9462365527300982	False
NDUFAF4	-0.7481618656815069	0.7728187351619822	2.69581786654054e-05	3838	0.9462365527300982	False
TNKS1BP1	-0.7484409831214233	0.772902894895225	4.61372737574527e-05	2640	0.9462365527300982	False
HRNR	-0.7485949690917899	0.7729493173547138	1.5738757086014e-05	5113	0.9462365527300982	False
NUP98	-0.748819657769597	0.7730170451008278	7.1991550127525e-05	1897	0.9462365527300982	False
DAP3	-0.7489882947134576	0.7730678697281226	8.28264738610067e-05	1704	0.9462365527300982	False
PPP1R18	-0.7490143540979666	0.7730757230603398	2.06785890530868e-05	4485	0.9462365527300982	False
UQCRQ	-0.7490982731510308	0.7731010121095985	3.34647328042315e-05	3358	0.9462365527300982	False
RPRD1A	-0.7499125113573822	0.7733463006535966	2.73131653614836e-05	3813	0.9462365527300982	False
SPAST	-0.7499848458051753	0.7733680841018824	1.43772228870989e-05	5310	0.9462365527300982	False
SRPRA	-0.7500423801821571	0.7733854096795341	2.85367613103379e-06	8063	0.9462365527300982	False
CPNE1	-0.7505711442063986	0.7735446036814677	7.6327423974041e-06	6622	0.9462365527300982	False
QTRT1	-0.7509123269225185	0.7736472893998859	3.57163920898103e-06	7793	0.9462365527300982	False
GOLGA4	-0.7509331126729027	0.7736535444344861	1.36644023761205e-05	5437	0.9462365527300982	False
MAP4	-0.7513035754206334	0.7737650110322801	8.98191852916149e-05	1587	0.9462365527300982	False
DNAAF2	-0.7513054082854516	0.7737655624362748	7.62867325460222e-06	6623	0.9462365527300982	False
MYEF2	-0.7524023245194803	0.7740954254390018	9.79037450087354e-06	6149	0.9462365527300982	False
SEMG1	-0.7525856832455239	0.7741505382580063	1.30226615059862e-05	5536	0.9462365527300982	False
SEC23A	-0.7525956950151984	0.7741535473141693	2.68323859871691e-05	3847	0.9462365527300982	False
CENPP	-0.7532827759462091	0.7743599966016237	5.02862732851299e-06	7315	0.9462365527300982	False
IRF2BP2	-0.7533020902114563	0.7743657984739294	1.89986946441726e-05	4693	0.9462365527300982	False
PPP3CC	-0.753522090969047	0.7744318792297256	1.39137545611314e-05	5395	0.9462365527300982	False
CCL4	-0.7536392537630618	0.7744670664839521	9.51220776455783e-07	8956	0.9462365527300982	False
CNOT10	-0.753719415052272	0.774491139364473	1.78957512975935e-05	4825	0.9462365527300982	False
NR2C2	-0.7537695800813369	0.774506203461536	8.0308119450291e-05	1745	0.9462365527300982	False
BOLA3	-0.7538791753566457	0.7745391119336422	1.79105098969706e-06	8498	0.9462365527300982	False
RRP7A	-0.7539069839357165	0.7745474616590394	1.14384053727797e-05	5804	0.9462365527300982	False
HS3ST2	-0.7539112965051582	0.7745487565232794	2.3495522183662e-06	8258	0.9462365527300982	False
RNF26	-0.7542072707565575	0.7746376137800466	4.12060040373374e-05	2875	0.9462365527300982	False
BZW2	-0.7542799280008958	0.7746594238734705	2.57253781940166e-05	3957	0.9462365527300982	False
SH3GL3	-0.754282260693762	0.774660124076334	1.47430643076388e-05	5262	0.9462365527300982	False
NCF1B	-0.7542822606938027	0.7746601240763462	5.57845680141881e-07	9300	0.9462365527300982	False
CLEC5A	-0.7543112495561698	0.7746688255410592	5.57539096334862e-06	7174	0.9462365527300982	False
HCFC2	-0.7544433772033415	0.7747084833303639	5.38493648061422e-05	2364	0.9462365527300982	False
CLPSL1	-0.7545624456848524	0.7747442180568727	3.50919948397581e-06	7820	0.9462365527300982	False
ZNF664	-0.7545955432965448	0.7747541507123579	6.65971266126348e-07	9222	0.9462365527300982	False
MT-ND4	-0.7546157904716123	0.7747602268053627	6.23927712761366e-06	6972	0.9462365527300982	False
WDFY1	-0.7547458134106947	0.7747992439361034	1.30049755717124e-05	5538	0.9462365527300982	False
TMEM123	-0.7547458134107164	0.77479924393611	6.85958489087754e-07	9206	0.9462365527300982	False
SEMA4D	-0.7554247788553549	0.7750029248844925	5.22825584355417e-06	7266	0.9462365527300982	False
ZRANB2	-0.7561580730092772	0.7752227864367234	2.88186726117311e-05	3700	0.9462365527300982	False
CORT	-0.7569907080104441	0.775472285315806	2.60296871453477e-07	9435	0.9462365527300982	False
MB	-0.7569907080104915	0.7754722853158204	6.37461760231095e-07	9247	0.9462365527300982	False
RAP2B	-0.7570195198148085	0.7754809159524421	5.53526459722174e-06	7179	0.9462365527300982	False
TMEM242	-0.7572227647184219	0.7755417930433068	2.23099133435406e-06	8299	0.9462365527300982	False
SMU1	-0.757270084115407	0.7755559650787622	3.99369612658373e-05	2961	0.9462365527300982	False
FAM177A1	-0.7573346521623778	0.7755753022204788	9.3293405957391e-06	6237	0.9462365527300982	False
UGGT1	-0.7574976528342384	0.775624114220023	1.54939988409668e-05	5151	0.9462365527300982	False
RIBC1	-0.7577756559005735	0.7757073508037144	7.7131441074262e-06	6601	0.9462365527300982	False
NDUFC2	-0.7579323766803564	0.7757542666672813	1.26362096309663e-05	5604	0.9462365527300982	False
MED8	-0.7582701545346011	0.7758553647481926	4.35706626020057e-05	2772	0.9462365527300982	False
METTL15	-0.7583276196304947	0.7758725616734066	3.17410641110585e-05	3478	0.9462365527300982	False
NOB1	-0.7585691508689261	0.7759448337837456	1.6411638444185e-05	5018	0.9462365527300982	False
INO80	-0.758603608263994	0.7759551432080145	3.70715726507294e-05	3131	0.9462365527300982	False
ATP1B3	-0.7586500374594797	0.7759690340894494	2.91307750860629e-05	3668	0.9462365527300982	False
ACTC1	-0.7589383262626148	0.776055274591307	0.0002149173966852	714	0.9462365527300982	False
EIF5	-0.7591093973215983	0.7761064409303202	2.83068554980002e-05	3746	0.9462365527300982	False
PPP1R9A	-0.7598563689845645	0.7763297778723703	2.19183467247151e-05	4351	0.9462365527300982	False
CYC1	-0.7599057262710723	0.7763445307368813	3.07399998790027e-05	3554	0.9462365527300982	False
TESK2	-0.7599579689741519	0.7763601454479534	1.80545189028359e-05	4813	0.9462365527300982	False
MGA	-0.7601050738884798	0.7764041099943215	4.51618289992789e-05	2690	0.9462365527300982	False
BAG3	-0.7603638517383388	0.7764814377702549	0.0002958462895858	504	0.9462365527300982	False
PSMB3	-0.7607423317889648	0.776594507457133	7.9473474707108e-05	1756	0.9462365527300982	False
GNRH1	-0.7612615603614371	0.776749572347479	1.2132745591612e-06	8790	0.9462365527300982	False
POC5	-0.7614139237146148	0.776795063235257	1.38477290707388e-05	5411	0.9462365527300982	False
ZNF107	-0.7617055894715669	0.7768821307032721	7.01647984937192e-07	9189	0.9462365527300982	False
ZBTB43	-0.7617560363394228	0.7768971880377291	2.33771858198462e-06	8266	0.9462365527300982	False
HLA-CW	-0.7621388029466596	0.7770114170087715	1.11676362077087e-06	8841	0.9462365527300982	False
MTG1	-0.7624910984003158	0.7771165230338279	1.03765080931235e-05	6010	0.9462365527300982	False
TMED5	-0.7625136070880287	0.7771232374568535	7.44311189366228e-06	6672	0.9462365527300982	False
TRMT2A	-0.7625608651712561	0.7771373343391812	1.87107272114456e-05	4728	0.9462365527300982	False
HERC3	-0.7627196336581088	0.777184690573471	2.56306871079242e-05	3967	0.9462365527300982	False
SPECC1L	-0.762922272626354	0.7772451238250879	2.40647742740932e-05	4129	0.9462365527300982	False
PPP1R3F	-0.7631421380848079	0.7773106839854261	6.77442553131217e-06	6839	0.9462365527300982	False
NDUFA2	-0.7634491189095796	0.777402202074041	2.94732185285616e-05	3644	0.9462365527300982	False
TNNT1	-0.7636227533262983	0.777453957016755	6.4900353243829e-06	6909	0.9462365527300982	False
GRIPAP1	-0.7636309441947534	0.7774563982868031	1.41596241768157e-05	5350	0.9462365527300982	False
SESN2	-0.7637774760592901	0.7775000692016476	1.89669822971273e-05	4699	0.9462365527300982	False
GPR89B	-0.763923705730861	0.7775436451817066	1.41424977779079e-06	8704	0.9462365527300982	False
PSMD7	-0.7644513435194827	0.7777008391040752	9.17079908617332e-05	1561	0.9462365527300982	False
GOSR1	-0.7646346932532407	0.7777554478414512	1.84582357160459e-05	4759	0.9462365527300982	False
CARMIL2	-0.7647944028627213	0.777803009384799	9.55987001236578e-07	8953	0.9462365527300982	False
CRACD	-0.7647944028627239	0.7778030093847997	9.55987001236578e-07	8954	0.9462365527300982	False
CAPZA2	-0.7647944028627353	0.7778030093848032	0.0001210987990044	1218	0.9462365527300982	False
BAG1	-0.7648832944604876	0.7778294787983082	9.36687314325758e-05	1520	0.9462365527300982	False
CYP2W1	-0.7648832944604987	0.7778294787983115	7.40882625483073e-07	9133	0.9462365527300982	False
KLHL17	-0.7651926922010949	0.7779215946953917	3.22246322603377e-06	7923	0.9462365527300982	False
RFPL4A	-0.7652318170692741	0.7779332416512842	1.59651313120743e-06	8604	0.9462365527300982	False
ZRSR2	-0.765298243900437	0.7779530152419358	3.34200136634906e-05	3362	0.9462365527300982	False
OPRL1	-0.7653682332288941	0.7779738482105938	2.85902286138841e-06	8061	0.9462365527300982	False
ACVRL1	-0.7655075633015328	0.778015317768759	1.19063120783019e-05	5722	0.9462365527300982	False
ITGB1BP1	-0.7655387144777654	0.7780245888557664	1.02032913577792e-05	6050	0.9462365527300982	False
CEP192	-0.7657981813026987	0.7781018017318491	4.75053817957985e-05	2584	0.9462365527300982	False
TMEM87A	-0.766112427124438	0.7781952953568791	1.57837291359197e-05	5103	0.9462365527300982	False
NMT2	-0.7662247418454806	0.7782287054905259	1.81726338935413e-05	4792	0.9462365527300982	False
CCR1	-0.7662932204579465	0.7782490743354394	8.92684600878371e-06	6329	0.9462365527300982	False
IRAK2	-0.7663574530116362	0.7782681792260439	3.04631078980225e-05	3574	0.9462365527300982	False
CTTNBP2NL	-0.7664638207943311	0.7782998144623158	4.04334067057821e-05	2926	0.9462365527300982	False
TRIML2	-0.7668438160331648	0.7784128091887532	1.07073049457896e-05	5949	0.9462365527300982	False
RPIA	-0.766845194883219	0.7784132191412763	1.18737104278321e-05	5727	0.9462365527300982	False
SLC30A7	-0.7670220920730506	0.7784658096980661	1.06607063332825e-05	5958	0.9462365527300982	False
HAUS6	-0.7670301354803832	0.7784682007890208	2.52623293388488e-05	4011	0.9462365527300982	False
MKRN3	-0.7671991023590916	0.7785184267356738	2.54421585606518e-05	3990	0.9462365527300982	False
ZNG1C	-0.7676445215741501	0.7786507978221648	1.02211774695639e-05	6047	0.9462365527300982	False
ARMC1	-0.7677082732605464	0.7786697400475628	1.47155537713295e-05	5266	0.9462365527300982	False
ARK2N	-0.7677412052654368	0.7786795246092657	3.26183022530537e-06	7903	0.9462365527300982	False
ERICH6	-0.7677614115948262	0.7786855280713834	6.47381047419766e-07	9235	0.9462365527300982	False
GLCCI1	-0.7677614115948517	0.7786855280713909	2.18953516250831e-05	4355	0.9462365527300982	False
GPBP1L1	-0.767950894063174	0.7787418202969039	3.45167837438392e-05	3291	0.9462365527300982	False
GGA1	-0.7680954361242679	0.7787847559356391	3.49356017934263e-05	3262	0.9462365527300982	False
ARL13B	-0.7681185495260995	0.7787916212367894	3.12338877186917e-05	3521	0.9462365527300982	False
CYP2C19	-0.7681411308717887	0.7787983283852667	2.20187757730499e-06	8315	0.9462365527300982	False
NDUFA6	-0.7682707360135151	0.7788368216677597	1.79099105044549e-05	4821	0.9462365527300982	False
HAUS8	-0.7682797736788852	0.7788395057501587	1.70897804773866e-05	4929	0.9462365527300982	False
KIF1C	-0.7686637914540271	0.7789535373800305	2.10783381158967e-05	4444	0.9462365527300982	False
NEDD1	-0.7689547312252113	0.7790399076828247	7.53505685644706e-05	1826	0.9462365527300982	False
CMAS	-0.7691200576541993	0.7790889789702538	6.0139070805834e-06	7048	0.9462365527300982	False
STRN3	-0.7691366791848844	0.7790939121370175	6.82517324384839e-05	1967	0.9462365527300982	False
TPD52L2	-0.7691435008096937	0.7790959367345128	3.36806702728969e-05	3342	0.9462365527300982	False
DDX19A	-0.7691959373862439	0.779111499088813	8.81778149412368e-06	6345	0.9462365527300982	False
CASTOR1	-0.769951478546907	0.7793356621800219	4.05130017550974e-06	7616	0.9462365527300982	False
CASTOR2	-0.7699514785469108	0.779335662180023	5.51642802095363e-07	9305	0.9462365527300982	False
KSR1	-0.7700699140596783	0.7793707892425914	3.04102090087978e-05	3579	0.9462365527300982	False
SYT12	-0.7702973151259587	0.7794382256698797	1.07143187977155e-05	5947	0.9462365527300982	False
UGT3A2	-0.770494271057002	0.7794966239611629	1.12254883572266e-06	8838	0.9462365527300982	False
ABHD14A	-0.7705674363641015	0.7795183155360335	7.72617267178619e-06	6599	0.9462365527300982	False
RAB40A	-0.7708459110184736	0.7796008647067623	4.51017379718941e-06	7479	0.9462365527300982	False
TEX10	-0.7710218269649902	0.7796530029260521	6.70948053193183e-05	1995	0.9462365527300982	False
SLC24A5	-0.7712044608180447	0.7797071247265553	1.73349106580833e-06	8523	0.9462365527300982	False
NFRKB	-0.7712919948842969	0.7797330619101297	2.55539216974411e-05	3978	0.9462365527300982	False
OBI1	-0.7714069094239066	0.7797671095322827	1.70373727780694e-06	8534	0.9462365527300982	False
YAF2	-0.771446681366396	0.7797788927173105	8.43732226826399e-05	1678	0.9462365527300982	False
FAAP100	-0.7721509412505659	0.779987483049966	5.34717433080523e-06	7229	0.9462365527300982	False
OMA1	-0.7723901842222147	0.7800583171276485	1.57656096507682e-05	5109	0.9462365527300982	False
MED18	-0.7724901405337072	0.7800879079059775	4.33754186179683e-05	2788	0.9462365527300982	False
SUCLG1	-0.7725541339210789	0.7801068511243163	1.22929341872654e-05	5651	0.9462365527300982	False
PDE4DIP	-0.7734891059037344	0.7803835131959624	3.79475727495171e-05	3072	0.9462365527300982	False
ELP1	-0.7735713701842926	0.7804078459647203	1.48179870093034e-06	8653	0.9462365527300982	False
ACTR5	-0.7736088075015607	0.7804189189529405	2.32717571015932e-05	4199	0.9462365527300982	False
GPRASP1	-0.773963715728055	0.7805238756771162	5.82524766611075e-06	7102	0.9462365527300982	False
P2RY1	-0.7742475547781488	0.7806077944255919	1.18389313109652e-06	8800	0.9462365527300982	False
FBXO28	-0.7745541297627644	0.7806984144769917	6.59930356730993e-05	2020	0.9462365527300982	False
MTF2	-0.7747077634534181	0.7807438187423625	1.58562930217876e-05	5095	0.9462365527300982	False
SPATA24	-0.7749342364269569	0.7808107397739108	6.77048412342982e-06	6840	0.9462365527300982	False
TRIM36	-0.7751751501880944	0.7808819150568821	5.48100798226186e-06	7197	0.9462365527300982	False
TAP2	-0.775455674907129	0.780964776207016	1.5889634781064e-05	5089	0.9462365527300982	False
GABARAP	-0.7757126329966304	0.7810406604508321	0.0001419375972117	1042	0.9462365527300982	False
WDR89	-0.775829571738442	0.7810751895108332	1.76493313172539e-06	8511	0.9462365527300982	False
ECHS1	-0.7758992955396724	0.7810957756994936	2.9117936452834e-05	3669	0.9462365527300982	False
PHGDH	-0.7759105029284574	0.7810990846151327	7.62281522043809e-05	1809	0.9462365527300982	False
PSMC5	-0.7759941053069814	0.7811237668179072	0.000279366306074	547	0.9462365527300982	False
FOXK2	-0.7759980788689522	0.7811249399057023	9.22725428771819e-05	1552	0.9462365527300982	False
RAB14	-0.7761566017424345	0.7811717365895476	4.63784662875683e-05	2624	0.9462365527300982	False
PTPN2	-0.7763131300502715	0.7812179388191745	7.76503255638778e-05	1785	0.9462365527300982	False
SAMM50	-0.7768049350513215	0.7813630676441188	3.82683769829691e-05	3063	0.9462365527300982	False
DAAM1	-0.7770766442632601	0.7814432236966244	1.28160444676189e-05	5569	0.9462365527300982	False
UQCC1	-0.7771472461387866	0.781464048956952	2.94326972459413e-06	8025	0.9462365527300982	False
WASHC4	-0.7771991857476876	0.7814793687252393	3.61200420997718e-06	7773	0.9462365527300982	False
PIH1D1	-0.777271472171318	0.7815006888280525	0.0001204643662494	1224	0.9462365527300982	False
TANGO2	-0.777402187656783	0.7815392389123821	7.96512034194565e-07	9088	0.9462365527300982	False
H2AX	-0.7774310792099952	0.7815477589642773	9.62562659368275e-05	1476	0.9462365527300982	False
ZYG11A	-0.7779247503298051	0.7816933118562587	3.62701711974594e-06	7765	0.9462365527300982	False
OPCML	-0.7779545887068623	0.781702107545898	4.82286603945289e-06	7378	0.9462365527300982	False
PPA1	-0.7786956987638192	0.7819205047806206	2.88190909754723e-05	3699	0.9462365527300982	False
NUP107	-0.7790151808500333	0.7820146138828391	6.33245632743872e-05	2090	0.9462365527300982	False
TC2N	-0.7790301671014236	0.7820190277733842	1.57755267103725e-06	8614	0.9462365527300982	False
GATAD2B	-0.7792909675634602	0.7820958329062802	0.0001001998724837	1437	0.9462365527300982	False
NXPE3	-0.7796254257071418	0.7821943072126937	2.02571187116082e-06	8389	0.9462365527300982	False
TKTL2	-0.7796303496050399	0.7821957567611778	2.1015869894277e-06	8367	0.9462365527300982	False
CCDC126	-0.7797771394493901	0.782238967732787	5.77736917794647e-07	9285	0.9462365527300982	False
GPM6A	-0.7797771394493968	0.782238967732789	1.08851241452168e-05	5913	0.9462365527300982	False
LRRC36	-0.7800135142937549	0.7823085397179301	1.29515671244996e-06	8755	0.9462365527300982	False
NUP160	-0.7801503215081663	0.7823488001965311	3.55136539379636e-05	3237	0.9462365527300982	False
PAICS	-0.7802484874488304	0.7823776864328591	3.86696477102973e-05	3031	0.9462365527300982	False
THOC3	-0.7803444836294867	0.7824059320576184	4.86359107693969e-05	2542	0.9462365527300982	False
H2AZ1	-0.7805623455827891	0.7824700272475031	2.68101512662654e-06	8126	0.9462365527300982	False
GOLGA2	-0.7807227169205937	0.7825172016805478	0.0001620565836812	933	0.9462365527300982	False
ANK2	-0.7812532913567963	0.7826732320387881	6.63308195912459e-05	2014	0.9462365527300982	False
NOA1	-0.7817327668586724	0.7828141796948479	7.44299875606815e-06	6673	0.9462365527300982	False
GXYLT2	-0.7820122969401466	0.7828963265901135	2.6269264144293e-06	8146	0.9462365527300982	False
UBE2J1	-0.7820750527192243	0.7829147664751324	3.44525516044486e-05	3297	0.9462365527300982	False
EIF4A2	-0.7821878901997127	0.782947919872795	5.15421036000885e-05	2442	0.9462365527300982	False
ACAT1	-0.7822577873886376	0.7829684552807741	2.02514411593902e-05	4544	0.9462365527300982	False
MPP3	-0.7825001032549407	0.7830396376501438	5.04556290216643e-06	7310	0.9462365527300982	False
HSPD1	-0.7825645054423841	0.7830585540764646	0.0003646112903723	378	0.9462365527300982	False
CDK18	-0.7829007998064217	0.7831573160968801	2.58155494960259e-05	3949	0.9462365527300982	False
NKD2	-0.7832527489776161	0.7832606477359582	1.28468171944612e-05	5562	0.9462365527300982	False
EXOSC10	-0.7837335709118113	0.7834017701501701	7.40527961305672e-05	1845	0.9462365527300982	False
GNAT3	-0.7837752891961771	0.7834140120621225	1.44818398244898e-06	8684	0.9462365527300982	False
RAB7B	-0.7840227645881406	0.7834866235957267	5.50180210561799e-06	7191	0.9462365527300982	False
VAMP4	-0.784391174661394	0.7835946923703233	2.10858371073303e-05	4442	0.9462365527300982	False
GKN1	-0.784533842173273	0.7836365338248927	3.46772906725705e-06	7839	0.9462365527300982	False
CD79B	-0.7847576415108464	0.7837021601446874	2.29943993889969e-06	8279	0.9462365527300982	False
DNAAF1	-0.7851471622281839	0.7838163546728127	3.60516724423044e-06	7780	0.9462365527300982	False
MIEF1	-0.7853219625383464	0.7838675889633502	6.32073731547857e-06	6952	0.9462365527300982	False
MCOLN1	-0.7859014259051172	0.7840373804338413	1.14829783973082e-06	8817	0.9462365527300982	False
AMPD2	-0.7860100220003275	0.7840691921201972	9.73712873140283e-06	6158	0.9462365527300982	False
KCNJ10	-0.7862666118316831	0.7841443456858408	1.2827820701773e-06	8760	0.9462365527300982	False
GNB1L	-0.7862703077224652	0.7841454280785093	5.10297256111696e-06	7299	0.9462365527300982	False
ASGR1	-0.786442998172549	0.7841959993551304	3.56625889894693e-06	7795	0.9462365527300982	False
OAZ2	-0.7865196494831397	0.7842184439929082	4.19178118424683e-06	7569	0.9462365527300982	False
SOCS6	-0.7866448081786358	0.7842550894021569	0.0001815929476302	846	0.9462365527300982	False
TOB2	-0.7871460398804238	0.7844018096549432	4.1767093388761e-06	7572	0.9462365527300982	False
ARHGAP39	-0.7873346471698551	0.7844570036855728	7.21942573910328e-06	6725	0.9462365527300982	False
ARHGAP44	-0.7875020386365198	0.7845059822540306	1.07132958604925e-05	5948	0.9462365527300982	False
MED31	-0.7876759798751101	0.7845568704390655	4.98899113465669e-05	2497	0.9462365527300982	False
CNOT6	-0.787678631600994	0.7845576461730686	1.99065714190385e-05	4583	0.9462365527300982	False
NSMAF	-0.7876914942790335	0.7845614089887569	2.04531084601997e-05	4512	0.9462365527300982	False
TKT	-0.7877361612792134	0.7845744754652966	5.52421280267788e-05	2316	0.9462365527300982	False
MEF2C	-0.7883868378016161	0.7847647663021164	1.57796966429757e-05	5104	0.9462365527300982	False
NXN	-0.788397690604078	0.784767939384968	4.00410942331476e-06	7625	0.9462365527300982	False
NUTF2	-0.7884392547496129	0.7847800914307435	1.1193408990019e-05	5854	0.9462365527300982	False
PDHX	-0.7885518509921697	0.7848130090216687	1.89909563373878e-05	4695	0.9462365527300982	False
PLCH1	-0.7888620489401346	0.7849036804934978	1.69183233605136e-05	4951	0.9462365527300982	False
HERC1	-0.7889483641475559	0.7849289066535294	2.11638730290251e-05	4432	0.9462365527300982	False
HSCB	-0.7891948105722381	0.7850009227104273	0.0001043372179067	1390	0.9462365527300982	False
GSTT2B	-0.7892223968516087	0.7850089830435141	1.83730510950538e-06	8479	0.9462365527300982	False
CDC42EP4	-0.7892547103256387	0.7850184243749807	2.2031409415258e-05	4336	0.9462365527300982	False
VIPR2	-0.7893500641564247	0.7850462833964527	5.87371566974749e-05	2216	0.9462365527300982	False
ARL6	-0.7893528640150491	0.7850471013845647	3.58317614196419e-06	7788	0.9462365527300982	False
SPCS3	-0.7897703183462098	0.7851690418409032	3.87452416211185e-06	7669	0.9462365527300982	False
RNF32	-0.7898350616598668	0.7851879500799113	6.75718842993986e-06	6848	0.9462365527300982	False
RPS20	-0.7905720138321222	0.7854031082941477	0.0002774171420041	548	0.9462365527300982	False
ZNF550	-0.79103984749181	0.7855396304967897	1.77888933300863e-05	4840	0.9462365527300982	False
SYNJ2	-0.7910761084327194	0.7855502099766054	2.14648793622579e-05	4400	0.9462365527300982	False
CAPZA1	-0.7910785369032804	0.7855509184955098	9.47713086878053e-05	1504	0.9462365527300982	False
APOM	-0.7911532862624316	0.7855727263436827	5.25602418426887e-07	9332	0.9462365527300982	False
SEC11C	-0.7911532862624351	0.7855727263436836	1.01862031854886e-05	6054	0.9462365527300982	False
NVL	-0.7912121522943555	0.7855898993823703	2.49156828727124e-05	4043	0.9462365527300982	False
PHF19	-0.7914031876528901	0.7856456247839712	5.09438589541733e-05	2457	0.9462365527300982	False
STEAP3	-0.79168517435373	0.785727865481229	3.28581486483344e-05	3402	0.9462365527300982	False
FGF12	-0.7922841736475956	0.785902501168777	7.12826325273306e-07	9169	0.9462365527300982	False
ENOX2	-0.7922841736475956	0.785902501168777	7.12826325273306e-07	9167	0.9462365527300982	False
EPS8L3	-0.7922841736475957	0.785902501168777	7.12826325273306e-07	9168	0.9462365527300982	False
YPEL3	-0.7922841736475957	0.785902501168777	7.12826325273306e-07	9177	0.9462365527300982	False
MAGEB1	-0.7922841736475957	0.785902501168777	7.12826325273306e-07	9171	0.9462365527300982	False
ADPRH	-0.7922841736475957	0.785902501168777	7.12826325273306e-07	9160	0.9462365527300982	False
ZNF321P	-0.7922841736475957	0.785902501168777	7.12826325273306e-07	9178	0.9462365527300982	False
CCDC28A	-0.7922841736475957	0.785902501168777	7.12826325273306e-07	9163	0.9462365527300982	False
MARCHF10	-0.7922841736475957	0.785902501168777	7.12826325273306e-07	9172	0.9462365527300982	False
CSAG1	-0.7922841736475957	0.785902501168777	7.12826325273306e-07	9165	0.9462365527300982	False
CD53	-0.7922841736475957	0.785902501168777	7.12826325273306e-07	9164	0.9462365527300982	False
BCE1	-0.7922841736475957	0.785902501168777	7.12826325273306e-07	9161	0.9462365527300982	False
RPL39L	-0.7922841736475958	0.785902501168777	7.12826325273306e-07	9174	0.9462365527300982	False
C16ORF78	-0.7922841736475958	0.785902501168777	7.12826325273306e-07	9162	0.9462365527300982	False
SDR42E1	-0.7922841736475958	0.785902501168777	7.12826325273306e-07	9175	0.9462365527300982	False
SERF1A	-0.7922841736475958	0.785902501168777	7.12826325273306e-07	9176	0.9462365527300982	False
DAW1	-0.792284173647596	0.7859025011687771	7.12826325273306e-07	9166	0.9462365527300982	False
LRRN4CL	-0.792284173647596	0.7859025011687771	7.12826325273306e-07	9170	0.9462365527300982	False
OR5A1	-0.792284173647596	0.7859025011687771	7.12826325273306e-07	9173	0.9462365527300982	False
MMTAG2	-0.7922841736476026	0.785902501168779	1.48473261412126e-06	8652	0.9462365527300982	False
GAS8	-0.792284173647605	0.7859025011687797	4.54699354475498e-07	9388	0.9462365527300982	False
MED26	-0.79241174200206	0.7859396824766252	8.3327252283249e-05	1695	0.9462365527300982	False
FZD6	-0.7928473358581735	0.7860666131371707	3.04065949075202e-06	7983	0.9462365527300982	False
PPP2CB	-0.7933027598705739	0.7861992753743825	0.0001137583659162	1298	0.9462365527300982	False
SERPINA3	-0.7935982763018017	0.7862853318731753	4.79372251113986e-06	7386	0.9462365527300982	False
ADIPOQ	-0.7939441895071125	0.7863860386376247	4.36696967035355e-06	7521	0.9462365527300982	False
C3AR1	-0.7940145187031853	0.7864065104079293	4.57542815337498e-05	2654	0.9462365527300982	False
MED30	-0.7942268862880887	0.7864683204772577	4.18899537400475e-05	2851	0.9462365527300982	False
FXR1	-0.7943566111003727	0.7865060720506365	0.0002031049353366	762	0.9462365527300982	False
MAN1B1	-0.7947320463521734	0.7866153065720874	5.96475288832646e-06	7056	0.9462365527300982	False
PRMT5	-0.7948485523763372	0.7866491978820364	0.0001986799380261	782	0.9462365527300982	False
ALDH5A1	-0.7950941163898898	0.7867206215583593	3.01009501187081e-06	8002	0.9462365527300982	False
EIF1AX	-0.795592603553269	0.7868655664730335	9.92697077847001e-06	6115	0.9462365527300982	False
NDUFA13	-0.7957605567617957	0.7869143892173429	3.93587553797922e-05	2989	0.9462365527300982	False
IVNS1ABP	-0.796017917598622	0.7869891894324963	3.64770224516936e-05	3169	0.9462365527300982	False
MADD	-0.796070638712116	0.7870045105825647	9.88110369122268e-06	6131	0.9462365527300982	False
TRIM43	-0.796244314198232	0.7870549774302009	5.9209126505607e-06	7074	0.9462365527300982	False
ZACN	-0.7965011100131326	0.7871295847029254	1.51876565175706e-05	5199	0.9462365527300982	False
FAM110A	-0.7966954245179669	0.7871860290458612	1.64180887081037e-06	8561	0.9462365527300982	False
FAM110C	-0.7966954245179669	0.7871860290458612	1.64180887081037e-06	8562	0.9462365527300982	False
CTPS2	-0.7967437253250146	0.7872000580750426	7.16420607319754e-06	6737	0.9462365527300982	False
SPATA33	-0.7967504774980427	0.7872020192090441	1.71625081329744e-06	8528	0.9462365527300982	False
NDUFV2	-0.7969250255565654	0.7872527121351303	3.36188564385571e-05	3346	0.9462365527300982	False
ZNF311	-0.7970440527607048	0.7872872764352843	1.45316896426682e-06	8681	0.9462365527300982	False
PCGF6	-0.7974338944819181	0.7874004595835371	5.83864555798854e-05	2227	0.9462365527300982	False
VIPR1	-0.7975495130440627	0.7874340204759678	1.06328020873213e-05	5962	0.9462365527300982	False
NAPB	-0.7983538483842748	0.7876674112724428	8.32283714047704e-06	6447	0.9462365527300982	False
UBTF	-0.7983875901129938	0.7876771987021205	4.43507972893368e-05	2724	0.9462365527300982	False
LRRC1	-0.7984156300495897	0.7876853320180374	1.61916571661848e-05	5050	0.9462365527300982	False
SLMAP	-0.7984412707587654	0.7876927692502277	3.54054583892495e-05	3241	0.9462365527300982	False
USE1	-0.7986484400520654	0.7877528542861454	1.9658006917705e-05	4616	0.9462365527300982	False
TSR2	-0.7986584609792722	0.7877557603903611	4.30623352803267e-06	7539	0.9462365527300982	False
KCTD20	-0.7994013505090636	0.7879711361917421	6.48626192751266e-06	6912	0.9462365527300982	False
CHST8	-0.7994906630003943	0.7879970207314095	1.40633012276517e-05	5365	0.9462365527300982	False
NDUFS4	-0.7995755444553904	0.7880216193555143	3.79055123231557e-05	3077	0.9462365527300982	False
RNFT1	-0.7998978970225452	0.7881150218385256	1.27650965416827e-06	8763	0.9462365527300982	False
ARPC3	-0.8000379134016036	0.7881555844422193	4.36613884911557e-05	2767	0.9462365527300982	False
AGO4	-0.8009134336244622	0.7884091187254554	1.98385236628578e-05	4597	0.9462365527300982	False
UBR5	-0.800933875074688	0.7884150360643094	0.0002303918027532	679	0.9462365527300982	False
CNOT9	-0.8010491801650717	0.7884484124731497	8.67280078386913e-06	6376	0.9462365527300982	False
IST1	-0.8011696060366404	0.7884832678610083	9.03153443773024e-06	6302	0.9462365527300982	False
TSPAN15	-0.8013532002203508	0.7885363998590689	1.12769559189427e-05	5832	0.9462365527300982	False
PSMA5	-0.8015924408724938	0.7886056241677856	0.0001082209057678	1351	0.9462365527300982	False
NAPA	-0.8016542980146518	0.7886235203789055	6.35894015501624e-05	2081	0.9462365527300982	False
ST3GAL1	-0.8017034734903897	0.7886377469580739	8.14744159617833e-06	6492	0.9462365527300982	False
TRIP11	-0.8017309030848415	0.7886456821596873	3.99450644299215e-05	2960	0.9462365527300982	False
CYP51A1	-0.8017514299688112	0.7886516203383143	3.12853778197043e-06	7954	0.9462365527300982	False
DAGLA	-0.8017602602041661	0.7886541747882663	1.19684230482438e-06	8793	0.9462365527300982	False
THNSL1	-0.8018640557697925	0.7886841998777342	9.80661626541956e-06	6145	0.9462365527300982	False
UTP3	-0.8019775946517798	0.7887170405682976	2.43305311501577e-05	4096	0.9462365527300982	False
NOP14	-0.8022102345714273	0.7887843214412849	3.63215778650786e-05	3177	0.9462365527300982	False
DVL1	-0.8025860451254319	0.7888929816050185	4.04255644393011e-05	2928	0.9462365527300982	False
LRFN3	-0.8030066159672696	0.7890145446996915	3.41195609765303e-06	7855	0.9462365527300982	False
MED20	-0.8040330877187852	0.7893110669005163	4.88902836057097e-05	2530	0.9462365527300982	False
EXOC6B	-0.8040946190845937	0.7893288340138782	1.00445231883233e-05	6086	0.9462365527300982	False
ZDHHC18	-0.8041730471663743	0.7893514787608922	1.12236835982344e-05	5847	0.9462365527300982	False
PDE2A	-0.8042430554173645	0.7893716912215452	5.75127043524266e-06	7126	0.9462365527300982	False
IZUMO1	-0.8042543328889672	0.7893749470949214	1.09678596782628e-05	5894	0.9462365527300982	False
GLB1	-0.8045992689438912	0.7894745179276721	1.1609451658715e-05	5773	0.9462365527300982	False
MTDH	-0.8047266199222566	0.7895112726649685	8.08753248662767e-05	1737	0.9462365527300982	False
ACSM1	-0.8047625031533745	0.7895216282361024	2.16579368489415e-06	8341	0.9462365527300982	False
EIF2B4	-0.8052781537544296	0.7896704072392662	1.7032655960191e-05	4935	0.9462365527300982	False
VGLL4	-0.8053980639470869	0.7897049956888706	6.93866390071483e-06	6797	0.9462365527300982	False
SYCE3	-0.8055324938039852	0.7897437684071333	2.96632378824339e-05	3632	0.9462365527300982	False
CLDN19	-0.8055726839917752	0.7897553593830952	1.73046218444519e-06	8524	0.9462365527300982	False
PCED1B	-0.8061394222649695	0.7899187685155066	5.08686613201485e-07	9343	0.9462365527300982	False
S100PBP	-0.8061394222649716	0.7899187685155071	2.54343305532306e-06	8175	0.9462365527300982	False
NRAS	-0.8062275262183258	0.7899441650562884	0.000289664182544	520	0.9462365527300982	False
C18ORF21	-0.8062919578787152	0.7899627367618133	7.90968269357572e-06	6549	0.9462365527300982	False
PSMB4	-0.8065624901673276	0.7900407041383348	8.41127186422016e-05	1685	0.9462365527300982	False
HEATR3	-0.806764516972109	0.7900989171470811	3.25625431971208e-05	3420	0.9462365527300982	False
TMEM184A	-0.8068143991198237	0.7901132889769208	1.31323112504951e-05	5520	0.9462365527300982	False
ZNF146	-0.8079229154090879	0.7904325206536171	3.07998383095963e-06	7968	0.9462365527300982	False
TIGIT	-0.8085063315647673	0.7906004186738058	1.64744472305222e-06	8559	0.9462365527300982	False
SELPLG	-0.8089457173043617	0.7907268147297014	3.13665500955416e-06	7947	0.9462365527300982	False
BPNT2	-0.8089656538842247	0.79073254872785	1.8866671307372e-06	8454	0.9462365527300982	False
MAGEA1	-0.8092995111342335	0.7908285563133131	2.29765359596972e-05	4221	0.9462365527300982	False
LUC7L	-0.8094644723458674	0.7908759847617843	3.88122641970313e-05	3023	0.9462365527300982	False
CTRC	-0.8095888306803234	0.7909117351796993	5.3064976598017e-07	9327	0.9462365527300982	False
SUMF1	-0.8095888306803342	0.7909117351797023	6.20590395535427e-06	6982	0.9462365527300982	False
MED29	-0.8100809664167578	0.7910531785953019	5.19308343183226e-05	2425	0.9462365527300982	False
ECSIT	-0.8101959066867974	0.7910862051500063	6.74201930434982e-05	1988	0.9462365527300982	False
PPP4C	-0.810301841971355	0.7911166415187032	8.5679366018861e-05	1647	0.9462365527300982	False
KIR2DL2	-0.8105099875532068	0.7911764364167553	1.67704725101866e-06	8547	0.9462365527300982	False
KIR2DL1	-0.8105099875532068	0.7911764364167553	2.18082810335977e-06	8335	0.9462365527300982	False
CTPS1	-0.8105916596056962	0.7911998959516238	2.86086118993004e-05	3711	0.9462365527300982	False
BRI3BP	-0.8107830236084086	0.7912548573928677	1.39118721900851e-05	5396	0.9462365527300982	False
IFT27	-0.8109246521974433	0.7912955288909427	1.01613233333296e-05	6063	0.9462365527300982	False
B3GALT6	-0.8109912641431898	0.7913146562359852	4.35413617888096e-06	7525	0.9462365527300982	False
MED6	-0.8111832857422983	0.7913697886623616	6.20143437774407e-05	2132	0.9462365527300982	False
IK	-0.8112280694336975	0.791382645530872	3.72456247372116e-05	3114	0.9462365527300982	False
STK17B	-0.8114399314652903	0.7914434622845212	3.10668619908261e-06	7960	0.9462365527300982	False
NAT14	-0.8116869941645329	0.7915143704776884	9.90734771309542e-06	6123	0.9462365527300982	False
BAZ1B	-0.8117375312075531	0.7915288731025878	6.75901275100795e-05	1984	0.9462365527300982	False
SEC23B	-0.8117662727821493	0.7915371208123594	2.35590698171375e-05	4170	0.9462365527300982	False
MED27	-0.8117805781329795	0.7915412258178106	4.90925429546324e-05	2523	0.9462365527300982	False
NFATC3	-0.8118474142564155	0.791560404209049	3.61804643005042e-06	7768	0.9462365527300982	False
PSMC6	-0.8120868602113729	0.7916291038438661	0.0001131584615564	1305	0.9462365527300982	False
STS	-0.8125114746789468	0.7917508974814873	9.29266633957623e-06	6245	0.9462365527300982	False
VMA22	-0.8126576268086397	0.7917928090842368	3.34779035714705e-06	7878	0.9462365527300982	False
INO80E	-0.8126715512113888	0.791796801883258	2.39415840575442e-05	4144	0.9462365527300982	False
SCRN3	-0.8131096788556861	0.7919224111688701	2.24813406515081e-06	8296	0.9462365527300982	False
ZSCAN5A	-0.8131807353640675	0.7919427785438706	1.53281830942703e-05	5173	0.9462365527300982	False
ABCC5	-0.8133052633733454	0.7919784699538599	7.53991279511452e-06	6648	0.9462365527300982	False
PIP	-0.8133975208299363	0.7920049098565103	5.87388897242497e-06	7081	0.9462365527300982	False
PKIG	-0.8136281781213005	0.7920710048438617	4.05591721148259e-06	7613	0.9462365527300982	False
NYX	-0.813778852471974	0.7921141739736244	2.70155164926451e-06	8117	0.9462365527300982	False
WASH3P	-0.8139638395675907	0.7921671666780431	1.46484386643294e-06	8659	0.9462365527300982	False
WASH6P	-0.8139638395675908	0.7921671666780431	1.46484386643294e-06	8660	0.9462365527300982	False
WASHC2C	-0.8139638395675908	0.7921671666780431	1.76886806512657e-06	8509	0.9462365527300982	False
CHCHD1	-0.8140888737806788	0.792202980339174	6.81293104423957e-07	9207	0.9462365527300982	False
RPAP3	-0.8142810744675024	0.7922580254447351	0.0001150713209294	1283	0.9462365527300982	False
HSD17B12	-0.8144031416848926	0.792292980279306	2.40673974839276e-05	4128	0.9462365527300982	False
N4BP1	-0.8153704651751897	0.7925698575028941	1.04810290392979e-05	5995	0.9462365527300982	False
RNASEH1	-0.815835673933556	0.792702936581539	1.91471283642592e-06	8439	0.9462365527300982	False
KHK	-0.8162089854646779	0.7928096907306289	8.56267268886486e-07	9040	0.9462365527300982	False
SPRY4	-0.8162136113232737	0.7928110133617432	2.18792297018291e-05	4359	0.9462365527300982	False
SH3BGR	-0.8165830445591964	0.7929166260361016	1.39675898684175e-06	8714	0.9462365527300982	False
ARL6IP5	-0.8166011388360133	0.7929217979656288	2.95744949923455e-05	3635	0.9462365527300982	False
HTR3E	-0.8166011388360335	0.7929217979656347	6.90505830570471e-07	9201	0.9462365527300982	False
EYA2	-0.8168903465456977	0.7930044525103347	1.39954458276613e-05	5378	0.9462365527300982	False
ZKSCAN8	-0.817050847221491	0.7930503146137076	2.53256583427787e-05	4004	0.9462365527300982	False
POM121	-0.8173496768078904	0.7931356873495334	3.2342617636368e-05	3434	0.9462365527300982	False
NRP1	-0.8173934655153401	0.7931481956103013	5.66497476378611e-05	2275	0.9462365527300982	False
CENPB	-0.817535542971412	0.7931887770062145	2.61570461783503e-05	3913	0.9462365527300982	False
ODAD3	-0.8179630960170764	0.7933108699823079	1.25116761660457e-05	5617	0.9462365527300982	False
PRAMEF17	-0.818031265270096	0.7933303325964267	3.86754757989903e-06	7675	0.9462365527300982	False
TNPO3	-0.8189006065413352	0.7935784380762587	2.97577045929546e-05	3624	0.9462365527300982	False
OSM	-0.8191024005674081	0.7936360037955363	3.37742547797403e-06	7866	0.9462365527300982	False
MED11	-0.819417781648964	0.7937259534039794	4.5470868276429e-05	2669	0.9462365527300982	False
POTEKP	-0.8196298159267501	0.7937864144800386	7.4473123709529e-06	6670	0.9462365527300982	False
B3GALNT2	-0.8199479294042279	0.7938771040843245	2.36129140066749e-06	8256	0.9462365527300982	False
LYPD6	-0.8202761676385728	0.7939706553187718	7.59965776199011e-06	6630	0.9462365527300982	False
PIGQ	-0.8203131959245915	0.7939812071760723	3.66904716342676e-06	7748	0.9462365527300982	False
ANK1	-0.8210047251421143	0.7941782116222932	8.77990012090751e-06	6351	0.9462365527300982	False
SARS2	-0.8212202383190504	0.7942395846632204	7.14986398212675e-06	6738	0.9462365527300982	False
RELL1	-0.8216624895401066	0.7943654933078053	2.06306341086944e-05	4492	0.9462365527300982	False
TXLNB	-0.8220672058671328	0.794480675706241	2.01106075899583e-05	4559	0.9462365527300982	False
NDUFB9	-0.8221408403869798	0.7945016279950148	3.82504663124302e-05	3065	0.9462365527300982	False
NDUFA3	-0.822255480699489	0.7945342457270689	7.90776873188349e-06	6550	0.9462365527300982	False
MLLT10	-0.8224708078172698	0.7945955027954897	1.43547769586054e-05	5312	0.9462365527300982	False
DENND2D	-0.8225581712037409	0.7946203531669308	1.20556873002282e-05	5696	0.9462365527300982	False
CD151	-0.8226461106285894	0.7946453655881196	5.397493272659e-06	7215	0.9462365527300982	False
PGAP4	-0.8229184841946601	0.794722824733427	1.40570008981194e-06	8708	0.9462365527300982	False
NCS1	-0.8230646084838744	0.7947643732359124	1.30433060728263e-05	5530	0.9462365527300982	False
ZNF121	-0.8231394325432647	0.7947856465298757	5.16280241058287e-06	7283	0.9462365527300982	False
ZSCAN12	-0.823273207660736	0.7948236769856378	1.19509236277974e-05	5718	0.9462365527300982	False
SMN1	-0.8235266462322629	0.7948957146586431	0.0001640397198567	922	0.9462365527300982	False
BEND7	-0.8235525077773211	0.7949030647288705	9.42102190873441e-06	6220	0.9462365527300982	False
GLB1L2	-0.8236341456449742	0.7949262658755085	7.47424961120243e-06	6664	0.9462365527300982	False
SIGMAR1	-0.8238577301004734	0.7949897996725177	4.81194132726936e-06	7383	0.9462365527300982	False
ARPC4	-0.8239654396790025	0.7950204022682779	3.38599417717959e-05	3328	0.9462365527300982	False
ANXA5	-0.8241930600095457	0.7950850651400743	3.15496354305864e-05	3490	0.9462365527300982	False
SEC22B	-0.8242386625981556	0.7950980185628007	6.87714041933371e-05	1960	0.9462365527300982	False
TECPR2	-0.8242864258590353	0.7951115852028117	7.6273359502633e-06	6624	0.9462365527300982	False
STMN2	-0.8243147901011947	0.7951196415076419	8.97073684089781e-06	6318	0.9462365527300982	False
RPL14	-0.8243311344421063	0.7951242837105095	0.0002929075841454	514	0.9462365527300982	False
CHST4	-0.8245366411413737	0.795182647431554	4.73839165661514e-07	9370	0.9462365527300982	False
CHST6	-0.8245366411414022	0.7951826474315621	6.76913095659735e-06	6842	0.9462365527300982	False
PTCD1	-0.8250168538507489	0.7953189888640119	1.36873599094794e-05	5434	0.9462365527300982	False
FNDC4	-0.8258573157465259	0.7955574818458337	5.46156802408111e-06	7201	0.9462365527300982	False
AZU1	-0.8260029656481943	0.7955987952488742	4.10095123086352e-06	7595	0.9462365527300982	False
GALNT7	-0.8261396957080678	0.7956375740277604	5.81359357908309e-06	7105	0.9462365527300982	False
KLC3	-0.8265010876136025	0.7957400493233217	1.99541947228434e-05	4578	0.9462365527300982	False
TEAD1	-0.8268059411565852	0.7958264689597518	2.91065205016388e-05	3670	0.9462365527300982	False
DISC1	-0.8268506112515652	0.7958391301727963	8.70464119819437e-05	1622	0.9462365527300982	False
ACTR2	-0.8269001088808533	0.7958531591474844	7.7810719833358e-05	1782	0.9462365527300982	False
ZC3H10	-0.8269212655965842	0.7958591553611134	7.03093185224115e-06	6765	0.9462365527300982	False
CTC1	-0.8271102953708886	0.7959127253206414	8.27373959795602e-06	6459	0.9462365527300982	False
SOX14	-0.8282815409788171	0.7962444629110168	2.0819960086463e-06	8377	0.9462365527300982	False
SOX21	-0.8282815409788171	0.7962444629110168	2.0819960086463e-06	8378	0.9462365527300982	False
F11	-0.8283647476386415	0.7962680177020718	6.88442085625033e-07	9203	0.9462365527300982	False
ACADSB	-0.829276893491467	0.7965261286138796	1.68294563605064e-06	8542	0.9462365527300982	False
GTPBP3	-0.829503676924844	0.7965902714792937	2.78193597495964e-07	9432	0.9462365527300982	False
CPM	-0.8295036769248619	0.7965902714792987	2.44412956949364e-06	8219	0.9462365527300982	False
NPEPPS	-0.8296134917825223	0.7966213269064253	2.62753803485662e-05	3901	0.9462365527300982	False
THRAP3	-0.8298661041733967	0.7966927544573241	0.0001138020015895	1297	0.9462365527300982	False
IFNA6	-0.8301602194114166	0.796775898303808	8.2039627673233e-07	9067	0.9462365527300982	False
MAP1B	-0.8302189354731759	0.7967924943985872	0.0001089801194279	1348	0.9462365527300982	False
PPP1R16A	-0.8302593596352659	0.7968039198177399	6.25827769406712e-06	6968	0.9462365527300982	False
NAP1L1	-0.8304262471990821	0.7968510845868135	0.0001224981773851	1201	0.9462365527300982	False
SIX4	-0.8304522368455637	0.7968584290376945	7.64330795661953e-06	6618	0.9462365527300982	False
PCDHB11	-0.8304577397077547	0.7968599840789532	2.07123003925169e-05	4482	0.9462365527300982	False
PCDHB12	-0.830457739707764	0.7968599840789559	7.8106991861706e-07	9104	0.9462365527300982	False
TMTC2	-0.830457739707764	0.7968599840789559	6.46823526354753e-07	9237	0.9462365527300982	False
TP53I13	-0.8304577397077663	0.7968599840789565	6.46823526354753e-07	9238	0.9462365527300982	False
PCDHB13	-0.8304577397077663	0.7968599840789565	6.46823526354753e-07	9236	0.9462365527300982	False
EIF3C	-0.8306303839294648	0.7969087676063312	6.14041510246995e-05	2147	0.9462365527300982	False
NXT2	-0.830725543362675	0.7969356535136081	3.61754662071864e-06	7769	0.9462365527300982	False
SERPINA10	-0.830764925889147	0.7969467798491741	1.83193777498293e-06	8482	0.9462365527300982	False
SGTA	-0.8314383050435874	0.7971369663290568	5.42411118868612e-05	2348	0.9462365527300982	False
BTC	-0.8314383050435946	0.7971369663290588	1.04063649013103e-06	8899	0.9462365527300982	False
GRAMD1C	-0.8314405422469534	0.7971375980183046	1.9796192748897e-06	8415	0.9462365527300982	False
NAE1	-0.8315103094707127	0.7971572966682099	1.10770669234469e-05	5875	0.9462365527300982	False
KBTBD6	-0.831686937668114	0.7972071622127779	2.973629786919e-05	3626	0.9462365527300982	False
ISCA1	-0.8322615717333742	0.7973693418045327	6.60232502305519e-06	6881	0.9462365527300982	False
ACO2	-0.8331558667367678	0.7976215853959421	1.26031140470554e-05	5605	0.9462365527300982	False
ZYG11B	-0.8332238183269387	0.7976407440467373	1.28983754482328e-05	5554	0.9462365527300982	False
KPNA1	-0.8334946537736589	0.7977170941272731	0.0001794178371793	851	0.9462365527300982	False
NECTIN2	-0.8336699122006289	0.7977664913086456	1.40030901822794e-06	8711	0.9462365527300982	False
CHST10	-0.8339508352621542	0.7978456553700402	2.09129659104126e-06	8375	0.9462365527300982	False
EPHA1	-0.8342916208903214	0.7979416637978167	5.31586427978638e-05	2381	0.9462365527300982	False
TAGLN3	-0.8343913375821713	0.7979697514961401	4.50956586809886e-06	7480	0.9462365527300982	False
PSMB7	-0.8345410297389947	0.7980119116459713	7.93764620602094e-05	1757	0.9462365527300982	False
RPL7	-0.8346806388242474	0.7980512271958966	0.000275453584067	554	0.9462365527300982	False
MAT2A	-0.8346850298870565	0.7980524636961901	3.15156785421604e-05	3495	0.9462365527300982	False
GALNT6	-0.834763483969886	0.7980745551912537	1.45061639128086e-05	5290	0.9462365527300982	False
HCCS	-0.835069298713912	0.7981606542330395	2.48512473084964e-05	4050	0.9462365527300982	False
RSC1A1	-0.8353902452077668	0.79825098982209	1.19477607034097e-06	8796	0.9462365527300982	False
MTFR1	-0.8359351355438105	0.7984043025721657	1.33419886504918e-05	5492	0.9462365527300982	False
SLC25A13	-0.8361342291368977	0.798460303009623	4.39955260121388e-05	2747	0.9462365527300982	False
PCGF3	-0.8361453467064475	0.7984634298508226	3.96360777665782e-05	2975	0.9462365527300982	False
ZNF100	-0.8362624810198894	0.7984963723709478	4.13446925520729e-06	7583	0.9462365527300982	False
GM2A	-0.8363260245051616	0.7985142418094443	7.00703586148754e-06	6780	0.9462365527300982	False
FGA	-0.8370049563755156	0.7987051089666205	1.01649695278896e-05	6061	0.9462365527300982	False
PSMD5	-0.8376111229715839	0.7988754281021251	5.64240996644402e-05	2282	0.9462365527300982	False
KIFBP	-0.8380696647002662	0.7990042105461559	1.16918736928276e-05	5758	0.9462365527300982	False
TCOF1	-0.8381244522039404	0.7990195944269547	6.43695933008622e-05	2068	0.9462365527300982	False
IFT25	-0.838395916978582	0.7990958090833093	7.40998742240097e-06	6683	0.9462365527300982	False
TBC1D1	-0.8384052421689787	0.7990984268540261	2.13126723217898e-05	4418	0.9462365527300982	False
GNAS	-0.8386593151315782	0.7991697424296083	5.00241053924327e-05	2491	0.9462365527300982	False
CALML3	-0.8390627256669987	0.7992829442561031	1.20535219380488e-05	5699	0.9462365527300982	False
COMTD1	-0.8401415734603037	0.7995854936229303	3.20390023231723e-05	3458	0.9462365527300982	False
PSME1	-0.840171766006184	0.7995939568023479	6.37009406675176e-05	2078	0.9462365527300982	False
ARHGEF26	-0.8402838319263767	0.7996253677775592	1.38714468933417e-05	5406	0.9462365527300982	False
HDAC11	-0.840302288887586	0.7996305407985758	2.94233942892268e-05	3648	0.9462365527300982	False
COL1A1	-0.8403980505970207	0.7996573791040327	1.79115268016547e-05	4820	0.9462365527300982	False
PDIA3	-0.8404108699463836	0.799660971708209	9.23043495192111e-05	1550	0.9462365527300982	False
NDUFA4	-0.8404147494633942	0.7996620589296288	5.614859151416e-05	2288	0.9462365527300982	False
SPMIP4	-0.8405708734701589	0.7997058092086349	1.09571465812767e-06	8859	0.9462365527300982	False
REEP5	-0.8405770009185983	0.7997075261726379	5.44576931394171e-05	2334	0.9462365527300982	False
KLHL36	-0.8405919584794087	0.7997117173732906	1.55013884707344e-05	5150	0.9462365527300982	False
DIPK1A	-0.840653717836358	0.7997290221674526	8.24434831044229e-06	6467	0.9462365527300982	False
CHLSN	-0.8408118982337106	0.7997733397624449	3.04318186758906e-06	7982	0.9462365527300982	False
PPP1R1A	-0.8408693298814544	0.7997894289988707	3.49707660457933e-06	7827	0.9462365527300982	False
SPRYD7	-0.840900766211066	0.7997982354263733	1.95287223954179e-06	8428	0.9462365527300982	False
RP2	-0.8409866557876071	0.7998222949468898	2.69729715051827e-05	3837	0.9462365527300982	False
SLC44A2	-0.8409866557876178	0.7998222949468927	1.50686992547509e-06	8639	0.9462365527300982	False
CCDC85C	-0.8412383598353091	0.7998927926637329	3.96038475758755e-05	2976	0.9462365527300982	False
CYFIP1	-0.8416547373024565	0.8000093796362202	5.20939775315174e-05	2415	0.9462365527300982	False
RABIF	-0.8416679663417169	0.8000130831384051	1.03575775322533e-05	6014	0.9462365527300982	False
ARAF	-0.8419230476356168	0.8000844857126235	0.0001699202323775	899	0.9462365527300982	False
MTMR12	-0.8423066913613342	0.8001918467206719	3.78882393666633e-06	7709	0.9462365527300982	False
EPB41L4A	-0.8423944308375587	0.8002163953533893	2.34678608818154e-06	8259	0.9462365527300982	False
GDAP2	-0.8427522328513112	0.800316486011329	2.29861117304446e-06	8281	0.9462365527300982	False
MED25	-0.8435232387323264	0.8005320627280346	4.25001617237745e-05	2828	0.9462365527300982	False
KCNJ8	-0.8436123089817369	0.8005569581405398	6.65396841888038e-06	6872	0.9462365527300982	False
CCT5	-0.8437055150874817	0.8005830075348945	0.0002273444751273	685	0.9462365527300982	False
CKM	-0.8437833975421002	0.8006047726793254	7.99671093214486e-06	6526	0.9462365527300982	False
VGLL1	-0.8438974623198273	0.8006366468072457	4.18388869592569e-06	7571	0.9462365527300982	False
RER1	-0.8441154306376775	0.8006975470856765	4.49904409371752e-06	7485	0.9462365527300982	False
GALNT2	-0.844457972080792	0.8007932304163858	9.99994452098908e-06	6092	0.9462365527300982	False
ITPRID2	-0.8444670052658901	0.8007957533139013	1.25083332538853e-05	5618	0.9462365527300982	False
B3GALNT1	-0.8444676416484089	0.8007959310498054	8.97490609722377e-06	6317	0.9462365527300982	False
INAVA	-0.8446667540609105	0.8008515366624304	1.21538030007086e-05	5673	0.9462365527300982	False
RAB40B	-0.8454485186982257	0.8010697676275691	1.27662050204791e-05	5578	0.9462365527300982	False
MPO	-0.8454819671870262	0.8010791016153269	2.86831099036262e-06	8058	0.9462365527300982	False
SYNRG	-0.8460471450082319	0.8012367777313085	1.51827469979476e-05	5200	0.9462365527300982	False
CTDSPL	-0.8464050442430727	0.801336587258692	4.24127849130891e-06	7556	0.9462365527300982	False
GRHL3	-0.8469674073827096	0.8014933558030353	6.66655338354711e-06	6867	0.9462365527300982	False
RTL8B	-0.8473395609090631	0.8015970590500852	9.30403675516861e-07	8967	0.9462365527300982	False
RTL8A	-0.8473395609090633	0.8015970590500852	9.04559128974726e-07	8988	0.9462365527300982	False
PEG10	-0.847339560909089	0.8015970590500923	2.42200320389006e-05	4110	0.9462365527300982	False
PLAAT5	-0.8473593294467511	0.8016025667802714	8.30190665294783e-07	9058	0.9462365527300982	False
VCPIP1	-0.8473593294467562	0.8016025667802729	3.18005235715911e-05	3476	0.9462365527300982	False
RHOT1	-0.8473616694659599	0.8016032187290354	1.04357704988898e-05	6001	0.9462365527300982	False
CDK14	-0.8478744571460172	0.8017460544483036	2.31344466841501e-05	4210	0.9462365527300982	False
SF3B3	-0.8479115273877682	0.8017563778646051	0.0002112532238465	731	0.9462365527300982	False
TXNDC16	-0.8479345498882966	0.8017627890664496	4.6199680898819e-06	7444	0.9462365527300982	False
LRP1B	-0.8479938034962206	0.8017792891676735	1.07451728922433e-05	5942	0.9462365527300982	False
NEXN	-0.8480161412958305	0.8017855092649345	1.33100528296675e-05	5494	0.9462365527300982	False
PLP1	-0.848843982456105	0.802015943607598	8.04564544237117e-06	6520	0.9462365527300982	False
STAMBPL1	-0.8497193271106114	0.8022594247493667	1.9109967614944e-05	4678	0.9462365527300982	False
GAS7	-0.8498292378411925	0.8022899841330671	9.91846015963231e-06	6118	0.9462365527300982	False
RECK	-0.8500312907151303	0.8023461551075143	2.35039746463604e-07	9438	0.9462365527300982	False
IFNA4	-0.8500312907151324	0.8023461551075148	1.04532503089639e-06	8894	0.9462365527300982	False
IPO8	-0.8501793352325409	0.8023873055618003	4.46599108240207e-05	2713	0.9462365527300982	False
LRBA	-0.850344108198763	0.8024330997657996	1.39688135508859e-05	5386	0.9462365527300982	False
SOX1	-0.8504088879966284	0.8024511018072595	2.79584582254456e-06	8086	0.9462365527300982	False
TMCC2	-0.8512084927673761	0.8026732270356431	5.51653800476075e-06	7184	0.9462365527300982	False
LMNB1	-0.8512875130669444	0.8026951701778223	0.0001511708287475	992	0.9462365527300982	False
MGAT2	-0.8517398447808266	0.8028207497354063	4.10602891890081e-06	7592	0.9462365527300982	False
CAMLG	-0.8517575438796035	0.8028256625021238	2.03862543044243e-05	4520	0.9462365527300982	False
MAP2K2	-0.8518213289058889	0.8028433667979089	7.70970108187783e-05	1795	0.9462365527300982	False
HSD17B10	-0.8519992236360363	0.8028927385222571	9.8833992062622e-05	1450	0.9462365527300982	False
BCAS2	-0.8520849523533437	0.802916528430502	6.45750007645653e-05	2060	0.9462365527300982	False
LEMD3	-0.8528655138674861	0.803133056025509	6.03895164539318e-05	2169	0.9462365527300982	False
FKRP	-0.8529800415250304	0.8031648138513683	9.00914377846627e-06	6309	0.9462365527300982	False
PREP	-0.8532134382974003	0.8032295237597579	5.75168662698584e-06	7125	0.9462365527300982	False
STING1	-0.8537443688143931	0.8033766777371404	1.34141548385544e-05	5482	0.9462365527300982	False
RAB3B	-0.8540264020087418	0.8034548196144786	1.66465050445679e-05	4987	0.9462365527300982	False
AKAP5	-0.8543002095471237	0.8035306644362699	1.12501475364377e-05	5838	0.9462365527300982	False
NNT	-0.854576258847149	0.8036071122695991	1.2642894098823e-05	5601	0.9462365527300982	False
ENDOD1	-0.854996815843215	0.8037235447417059	1.7022929453447e-05	4937	0.9462365527300982	False
RTCB	-0.8550697812653132	0.8037437411777415	4.29576289956963e-05	2805	0.9462365527300982	False
PKLR	-0.8557538525075828	0.8039330271289239	2.49934752199065e-06	8194	0.9462365527300982	False
A1CF	-0.8558199822917225	0.8039513197010052	2.20832282312721e-06	8312	0.9462365527300982	False
ACTMAP	-0.8558199822917313	0.8039513197010076	5.54911883831901e-07	9302	0.9462365527300982	False
H3-3A	-0.8560045439284327	0.8040023669700428	4.87733829911953e-06	7359	0.9462365527300982	False
SLBP	-0.856413050370715	0.8041153256849938	3.55377013581975e-05	3235	0.9462365527300982	False
RPL3	-0.8571329704819597	0.8043142991978427	0.0002567772367509	601	0.9462365527300982	False
SCLT1	-0.8571915856174002	0.8043304940079716	2.22326353388521e-05	4307	0.9462365527300982	False
STEEP1	-0.8573329777358835	0.804369555970555	1.21387345677082e-06	8789	0.9462365527300982	False
NCBP2	-0.8575838840976974	0.8044388614377475	2.88566843037468e-05	3696	0.9462365527300982	False
SARAF	-0.8577617266952317	0.8044879761693018	1.57092109854139e-05	5119	0.9462365527300982	False
MBTPS2	-0.8577617266952463	0.8044879761693058	5.48451260214713e-07	9310	0.9462365527300982	False
MED22	-0.8578743982898093	0.80451908876978	3.95890089543658e-05	2977	0.9462365527300982	False
ZNF629	-0.8578817190854205	0.804521110195566	7.37518383487841e-06	6695	0.9462365527300982	False
SRP14	-0.8578958345390733	0.8045250077336413	6.7845903214361e-05	1978	0.9462365527300982	False
SEC16A	-0.8587566025082866	0.8047625925041371	0.0001327775387505	1114	0.9462365527300982	False
TPST2	-0.8590670459739002	0.8048482364480001	5.90433995447784e-06	7075	0.9462365527300982	False
PKD2L1	-0.8593711445726965	0.8049321078524079	1.2228451624655e-06	8784	0.9462365527300982	False
SYNE4	-0.859378836929788	0.8049342291458776	6.10345547638673e-06	7011	0.9462365527300982	False
SREK1IP1	-0.8601694969989471	0.8051521918090117	1.1470751944075e-05	5800	0.9462365527300982	False
FGF13	-0.8606607075028297	0.8052875300523126	2.79654529595081e-06	8084	0.9462365527300982	False
SQOR	-0.8607740720640561	0.8053187561148965	2.0241704389852e-06	8390	0.9462365527300982	False
NOMO3	-0.860842429173068	0.8053375834839384	3.81283055569482e-06	7700	0.9462365527300982	False
ARHGEF2	-0.8608893466575833	0.8053505051680419	9.07494829243099e-05	1574	0.9462365527300982	False
RHBDD2	-0.8617177927539273	0.8055785839975883	9.83257311287207e-07	8935	0.9462365527300982	False
RBM15B	-0.861729799019677	0.8055818882365431	1.08953121172583e-05	5909	0.9462365527300982	False
REPIN1	-0.8624905429696759	0.8057911825214232	1.19167236087982e-05	5721	0.9462365527300982	False
ZNF672	-0.8624905429696883	0.8057911825214267	7.22402696165593e-07	9155	0.9462365527300982	False
TJP2	-0.8626379935070495	0.8058317329231656	6.54928839370324e-05	2038	0.9462365527300982	False
SUN1	-0.8626643399178243	0.8058389779117585	2.00783286901392e-05	4564	0.9462365527300982	False
AP3B1	-0.8626873740875906	0.8058453119336553	2.85634387263196e-05	3718	0.9462365527300982	False
APPBP2	-0.8628862542809164	0.8058999955159134	2.40320159141857e-05	4134	0.9462365527300982	False
TGDS	-0.8629907251595654	0.8059287167986731	2.49739033187061e-06	8195	0.9462365527300982	False
TMEM164	-0.863057187755457	0.8059469874425789	5.40458483119566e-06	7213	0.9462365527300982	False
SPTBN1	-0.8631525506564109	0.8059732009828893	9.87658721813925e-05	1452	0.9462365527300982	False
MSR1	-0.8631922453684006	0.8059841117068152	5.2520249435122e-06	7259	0.9462365527300982	False
MED13	-0.8632251201994829	0.805993147594819	4.22519413712442e-05	2839	0.9462365527300982	False
CHST14	-0.863538458003614	0.8060792579147324	3.44237693421748e-06	7844	0.9462365527300982	False
KLHDC2	-0.8638542745348021	0.8061660258554316	3.70665691946795e-05	3132	0.9462365527300982	False
TMED7	-0.8641422258175641	0.8062451174247498	9.34852783865535e-06	6233	0.9462365527300982	False
SCAF11	-0.8644937797910477	0.8063416520651532	1.11345016130857e-05	5864	0.9462365527300982	False
NLE1	-0.8647088082768255	0.806400683156603	2.9244284691003e-05	3661	0.9462365527300982	False
DDRGK1	-0.8648837661689183	0.8064487056966805	0.0001593997014651	948	0.9462365527300982	False
MAVS	-0.8650495369971076	0.8064941998624899	0.0001748317588603	871	0.9462365527300982	False
CTSA	-0.865142041492676	0.8065195839714947	1.13936222910966e-05	5812	0.9462365527300982	False
SLC25A12	-0.8661715074857281	0.8068019420715072	2.89135588886027e-05	3686	0.9462365527300982	False
FAM91A1	-0.866173256390367	0.8068024215404487	1.73221616522859e-05	4906	0.9462365527300982	False
BSPRY	-0.8662217272306115	0.8068157097189358	1.01793139739092e-05	6058	0.9462365527300982	False
KARS1	-0.8666445586795312	0.8069316044053572	3.82727278452007e-06	7689	0.9462365527300982	False
NEK5	-0.8671311051988485	0.8070649103370747	6.5422401077232e-07	9231	0.9462365527300982	False
YME1L1	-0.867235224005691	0.8070934299141626	2.27870421336213e-05	4240	0.9462365527300982	False
FAM53C	-0.8673388217789099	0.8071218042171793	2.30139543048282e-05	4218	0.9462365527300982	False
COPA	-0.8679750446501662	0.807296002832258	8.38524511599754e-05	1690	0.9462365527300982	False
ENAH	-0.8683776393904306	0.8074061840928749	3.30478318391744e-05	3387	0.9462365527300982	False
KSR2	-0.8687079617071991	0.8074965572295667	3.56634495133533e-05	3225	0.9462365527300982	False
TMX1	-0.8688629664133961	0.8075389561480435	4.04937053718153e-05	2922	0.9462365527300982	False
GGT7	-0.869004426997057	0.8075776453174099	1.28210181203916e-05	5567	0.9462365527300982	False
EXOC7	-0.869093201802421	0.807601922609515	2.9501442257732e-05	3640	0.9462365527300982	False
GZF1	-0.8692496744417457	0.8076447087032996	7.05883920436351e-06	6758	0.9462365527300982	False
RGPD8	-0.8696148887177753	0.807744550755396	1.3600791807464e-05	5450	0.9462365527300982	False
TMEM222	-0.8700239259026169	0.8078563354479052	1.41811879624229e-06	8700	0.9462365527300982	False
PGAP3	-0.8702997576348398	0.8079316943200954	4.95712316237234e-07	9352	0.9462365527300982	False
TBRG4	-0.8702997576348583	0.8079316943201005	1.78102360498985e-05	4837	0.9462365527300982	False
RGPD2	-0.8709058377364308	0.8080972154741317	6.72014578713831e-06	6856	0.9462365527300982	False
SAR1A	-0.8711572755861179	0.8081658577986709	8.55695710640651e-06	6404	0.9462365527300982	False
ZNF331	-0.8716684910535711	0.8083053728398217	2.67364413347301e-05	3855	0.9462365527300982	False
ATP6V0A2	-0.872071075191944	0.808415197722353	2.69164696015791e-05	3840	0.9462365527300982	False
PRNP	-0.8721967431626357	0.8084494720279145	0.0007258868542258	150	0.9462365527300982	False
MCOLN3	-0.8731097201879595	0.8086983618566004	1.82290065354063e-05	4784	0.9462365527300982	False
OAT	-0.8735198160252707	0.8088100949580894	1.13352722098536e-05	5825	0.9462365527300982	False
RAB40AL	-0.8735314746283985	0.8088132708303223	1.12761974084656e-06	8832	0.9462365527300982	False
NUP37	-0.8736367702535375	0.8088419525142635	1.40601724292328e-05	5367	0.9462365527300982	False
TMX4	-0.8737513418763643	0.8088731579084096	6.58601885902588e-06	6885	0.9462365527300982	False
ANO5	-0.8737862110309133	0.8088826544543192	6.11820529051421e-07	9264	0.9462365527300982	False
XKR8	-0.8737862110309133	0.8088826544543192	6.11820529051421e-07	9265	0.9462365527300982	False
PTGIR	-0.8737862110309265	0.8088826544543228	3.27183807440538e-05	3411	0.9462365527300982	False
IFNA10	-0.8738993366371313	0.8089134619994209	1.58940673102967e-06	8605	0.9462365527300982	False
GNAI2	-0.8739232823607389	0.808919982758102	3.31405827473288e-05	3380	0.9462365527300982	False
STBD1	-0.8739544779259325	0.8089284775463415	2.47037798318359e-05	4062	0.9462365527300982	False
SNAP25	-0.874078348487807	0.8089622061511912	1.81098665614166e-05	4802	0.9462365527300982	False
GCLC	-0.8742896502783541	0.8090197328997817	3.50378619710967e-06	7823	0.9462365527300982	False
KDELR1	-0.8743017581179798	0.8090230289278351	9.51512532589527e-06	6199	0.9462365527300982	False
LRPPRC	-0.8743499609067901	0.8090361504722479	0.0001329724906895	1112	0.9462365527300982	False
CEP72	-0.8748822641755296	0.8091810148780926	1.7272475948767e-05	4912	0.9462365527300982	False
ERLEC1	-0.8749704725759477	0.8092050139604137	2.52813113575793e-05	4009	0.9462365527300982	False
WASHC1	-0.8750348113574853	0.8092225176070561	1.82810648646378e-06	8483	0.9462365527300982	False
MUC7	-0.8753007662230202	0.8092948613345616	3.25093161971108e-06	7908	0.9462365527300982	False
CLK3	-0.8754148089511835	0.8093258775152234	0.0001043526394314	1389	0.9462365527300982	False
GRPR	-0.8755566526281386	0.8093644503944527	2.70034847508313e-05	3835	0.9462365527300982	False
TMT1B	-0.8755566526281476	0.809364450394455	6.30081309036322e-07	9254	0.9462365527300982	False
ATP2B1	-0.8756119108955549	0.8093794759959877	4.62902498980592e-05	2627	0.9462365527300982	False
ACTR8	-0.8756387798899119	0.8093867818400893	2.03514094550031e-05	4529	0.9462365527300982	False
EXOC4	-0.87567196603745	0.8093958051195691	5.5354693604995e-05	2311	0.9462365527300982	False
DCTN3	-0.8756913696675028	0.8094010808252026	1.40298089247386e-05	5372	0.9462365527300982	False
BOLA1	-0.8759131443152353	0.8094613733684781	6.03728450615349e-06	7040	0.9462365527300982	False
STRN	-0.8762139831336885	0.8095431418956796	7.70559896166756e-05	1799	0.9462365527300982	False
STX5	-0.87635166456834	0.8095805567666514	4.50345946007468e-05	2695	0.9462365527300982	False
SPIN1	-0.8768214189546114	0.8097081783439597	1.3054635437602e-05	5528	0.9462365527300982	False
CTSH	-0.8769180038711477	0.8097344117544208	1.00492151181845e-05	6084	0.9462365527300982	False
NIPSNAP1	-0.8772338978813382	0.8098201961483118	4.40887768805774e-05	2740	0.9462365527300982	False
ADAR	-0.8776139752425737	0.8099233787135601	0.000108992091602	1347	0.9462365527300982	False
NUP85	-0.8778224616651608	0.8099799635335121	2.63585207235507e-05	3892	0.9462365527300982	False
CERS4	-0.8783913680866118	0.8101343164345418	5.69714797620481e-07	9288	0.9462365527300982	False
GPR108	-0.8783913680866119	0.8101343164345418	5.69714797620481e-07	9289	0.9462365527300982	False
ACTR3	-0.8784281653550546	0.8101442974339157	6.77541490628371e-05	1981	0.9462365527300982	False
FAM241B	-0.8784374193591589	0.8101468074664513	5.32456215774662e-06	7235	0.9462365527300982	False
SPNS3	-0.8786164067815168	0.8101953515456773	1.50715702778223e-06	8638	0.9462365527300982	False
CLCC1	-0.8786164067815466	0.8101953515456854	2.15308145528754e-05	4387	0.9462365527300982	False
TRAPPC9	-0.8786783729418398	0.8102121559209217	1.18702044194852e-05	5728	0.9462365527300982	False
THAP3	-0.8790300306741223	0.8103075033589631	5.29822293773368e-06	7242	0.9462365527300982	False
WWTR1	-0.8792775974669362	0.8103746102117928	3.68271579269568e-05	3147	0.9462365527300982	False
RUSC2	-0.8793876780929479	0.8104044445966857	1.14995675402607e-05	5792	0.9462365527300982	False
CNOT2	-0.8794695041251487	0.810426619464748	3.50180519940523e-05	3257	0.9462365527300982	False
PSAT1	-0.8796841722444992	0.8104847869754672	1.55829580208063e-05	5138	0.9462365527300982	False
ADSS2	-0.8798149598788761	0.8105202204404929	1.66896061524303e-06	8549	0.9462365527300982	False
ADSS1	-0.8798149598788809	0.8105202204404941	4.14362603097526e-07	9405	0.9462365527300982	False
TBXA2R	-0.8798517226522747	0.8105301796116733	2.77459001416919e-05	3780	0.9462365527300982	False
ELAC2	-0.8800832882218076	0.8105929041751008	1.84987154200236e-05	4754	0.9462365527300982	False
TBC1D10A	-0.880373322749028	0.8106714482952005	7.33450174873759e-06	6704	0.9462365527300982	False
ENOPH1	-0.8804665062500701	0.8106966790210708	3.1741371060596e-06	7934	0.9462365527300982	False
PDCD11	-0.880824119363486	0.8107934885177217	5.72013215363657e-05	2257	0.9462365527300982	False
IFT172	-0.8811782344388188	0.8108893210162619	1.32840499368209e-05	5496	0.9462365527300982	False
FAM9A	-0.8814526589279079	0.81096356666296	1.21102858350874e-05	5683	0.9462365527300982	False
CRNN	-0.8815126481960311	0.8109797943898249	4.65210542083071e-06	7432	0.9462365527300982	False
DNM1L	-0.8824820922558765	0.8112419201922818	6.28994366691401e-05	2105	0.9462365527300982	False
SLC6A8	-0.8825902643212146	0.8112711546937992	3.43283419863745e-05	3306	0.9462365527300982	False
COA1	-0.882623300831801	0.8112800825601132	3.93468809140084e-06	7652	0.9462365527300982	False
MSI2	-0.8827803957530627	0.8113225327084339	1.42864509961198e-05	5327	0.9462365527300982	False
SCFD2	-0.8832226066822171	0.8114419952213788	9.69767689521843e-06	6167	0.9462365527300982	False
DPM1	-0.8833467207546261	0.811475516038404	3.72990428385742e-05	3109	0.9462365527300982	False
EXTL2	-0.8838097656217063	0.8116005430946003	4.59443304787356e-06	7455	0.9462365527300982	False
IPP	-0.8839029173510371	0.8116256888751832	5.79576309306465e-06	7113	0.9462365527300982	False
HEXIM2	-0.8839127168194857	0.8116283340657127	2.41229772193704e-05	4123	0.9462365527300982	False
CHD8	-0.8840469678577264	0.8116645704155	7.53383801000965e-05	1828	0.9462365527300982	False
EIPR1	-0.884277842617052	0.8117268768861379	1.63107369087374e-05	5038	0.9462365527300982	False
ALS2	-0.8844414937451905	0.8117710339252102	1.41061807656731e-05	5359	0.9462365527300982	False
RBMY1A1	-0.8849353319873291	0.8119042447056628	2.64914363770921e-06	8141	0.9462365527300982	False
PTOV1	-0.8852540372148613	0.8119901831940894	2.48660202212138e-05	4049	0.9462365527300982	False
UCP2	-0.8858325596054194	0.812146119128727	5.85043340198913e-06	7092	0.9462365527300982	False
PIGW	-0.8860468191850922	0.812203850756722	4.29160093061108e-06	7543	0.9462365527300982	False
KIF1B	-0.8870057792274991	0.8124621054876785	3.65974275028955e-05	3159	0.9462365527300982	False
EMC10	-0.8873397136888213	0.812551984861001	6.6535632439734e-06	6873	0.9462365527300982	False
PIGH	-0.8873927367877693	0.8125662537233599	2.45929718941931e-06	8208	0.9462365527300982	False
VWCE	-0.887555196026132	0.8126099683860065	4.21841639106475e-05	2840	0.9462365527300982	False
TCL1B	-0.8876276910910716	0.8126294733826556	8.71192935468547e-06	6369	0.9462365527300982	False
HPS6	-0.8876276910910894	0.8126294733826602	2.01931954185223e-07	9445	0.9462365527300982	False
HPS5	-0.8876276910910921	0.812629473382661	5.76948689742332e-07	9286	0.9462365527300982	False
PHF5A	-0.888269099919807	0.8128019915137222	4.3952405488153e-05	2748	0.9462365527300982	False
TNRC6A	-0.8887275482237347	0.8129252389934087	7.76229445121132e-05	1786	0.9462365527300982	False
HTR2C	-0.8889970107215737	0.8129976568289496	5.47087200852156e-05	2325	0.9462365527300982	False
TMEM41B	-0.889041915443354	0.8130097232516925	1.22562678315827e-05	5658	0.9462365527300982	False
RAP1B	-0.8890746591344365	0.8130185215598882	1.6460161111712e-05	5012	0.9462365527300982	False
PSMA6	-0.8894192058508034	0.8131110865598321	0.0001188424474575	1246	0.9462365527300982	False
CXADR	-0.8897266645173516	0.8131936636367578	1.68340293377144e-05	4963	0.9462365527300982	False
JAML	-0.8897266645173569	0.8131936636367592	8.67971804004792e-07	9030	0.9462365527300982	False
HIRIP3	-0.8897342590335131	0.8131957030818324	8.39029712320864e-06	6436	0.9462365527300982	False
CHMP2A	-0.8897924298152952	0.8132113239115147	1.9094693656707e-05	4682	0.9462365527300982	False
ELOVL5	-0.8898180172141393	0.8132181947407071	1.44134446401879e-05	5304	0.9462365527300982	False
FLOT2	-0.8899733904999767	0.8132599128288038	6.28719728587257e-05	2106	0.9462365527300982	False
MPZL2	-0.8899733905000088	0.8132599128288125	4.7899996984604e-07	9367	0.9462365527300982	False
MPZL3	-0.8899733905000112	0.8132599128288132	1.22558630204176e-06	8782	0.9462365527300982	False
CFAP410	-0.8901603180169696	0.8133100956567815	1.33551711519628e-06	8736	0.9462365527300982	False
HSPBP1	-0.8902136560531818	0.8133244133309865	4.49797527697772e-05	2700	0.9462365527300982	False
SLC39A6	-0.8907414809495404	0.8134660621526236	9.06673493323538e-06	6295	0.9462365527300982	False
BAIAP2	-0.8907896160974168	0.8134789765462057	8.7321853732914e-05	1618	0.9462365527300982	False
ARPC5L	-0.8908454087459087	0.8134939447119147	2.05781492909416e-05	4500	0.9462365527300982	False
ANGPTL7	-0.8911680288613145	0.8135804833067236	9.95390355075422e-06	6107	0.9462365527300982	False
SNAP47	-0.8918161174132597	0.8137542493379469	7.36994882343859e-06	6696	0.9462365527300982	False
S100A16	-0.8920001263796723	0.8138035676722505	2.90977889620091e-06	8043	0.9462365527300982	False
ZNF579	-0.8920217412475938	0.8138093603874113	7.38934769380079e-06	6692	0.9462365527300982	False
ZNF324B	-0.8921340284145647	0.8138394511902363	4.29877601139137e-05	2804	0.9462365527300982	False
MED23	-0.8922903793077408	0.8138813452043212	7.66365624543686e-05	1802	0.9462365527300982	False
AAGAB	-0.8930817766970006	0.8140933094217309	1.42096547374289e-05	5340	0.9462365527300982	False
DMXL1	-0.8931703612224836	0.8141170261721115	3.00101681255388e-06	8006	0.9462365527300982	False
PREB	-0.893995787266352	0.8143379274235595	1.3873423642933e-05	5402	0.9462365527300982	False
TMEM106B	-0.8943170269723634	0.8144238538323245	1.20741787267852e-05	5692	0.9462365527300982	False
ZNF689	-0.895004505915213	0.8146076603591648	1.74448726830631e-05	4890	0.9462365527300982	False
CBX6	-0.8950295411716583	0.8146143517303917	4.39188282227504e-05	2749	0.9462365527300982	False
GPR173	-0.89502954117166	0.814614351730392	6.97576206609148e-07	9192	0.9462365527300982	False
EIF3D	-0.895122863964484	0.8146392935310344	8.15594759170661e-05	1724	0.9462365527300982	False
VPS41	-0.8953493766580433	0.8146998234999503	1.05672888243967e-05	5977	0.9462365527300982	False
PLEKHA3	-0.8955839510722977	0.8147624948284544	8.64582505524448e-06	6384	0.9462365527300982	False
MGME1	-0.8966233001367002	0.8150400196845201	8.46867236621198e-06	6425	0.9462365527300982	False
DICER1	-0.8973093617759537	0.8152230688243316	5.70861432022185e-05	2261	0.9462365527300982	False
TSKS	-0.897413555578604	0.8152508590766999	9.19766084293676e-06	6268	0.9462365527300982	False
EZH2	-0.8975764984182933	0.8152943134834345	0.0007014422958709	162	0.9462365527300982	False
FSTL1	-0.8975987003944856	0.8153002339249125	1.79434262600376e-06	8496	0.9462365527300982	False
MED14	-0.8976372932799149	0.8153105249316015	7.76617848720967e-05	1784	0.9462365527300982	False
ATP6V1H	-0.8984026029689991	0.815514525365888	1.53079412604516e-05	5179	0.9462365527300982	False
CSNK1E	-0.8985127297063283	0.8155438691352928	0.0001187731436772	1248	0.9462365527300982	False
MARVELD2	-0.8985366061240503	0.8155502307322706	1.16634897623797e-05	5761	0.9462365527300982	False
DPH2	-0.8988157785240466	0.8156246028811673	7.90455147246905e-06	6551	0.9462365527300982	False
PCGF5	-0.8989091424091665	0.8156494710644552	3.20204769829086e-05	3460	0.9462365527300982	False
ABHD16A	-0.8989934812644932	0.8156719335680538	5.63616375614393e-06	7155	0.9462365527300982	False
IFT81	-0.8991019356208159	0.8157008164032578	1.98939169210318e-05	4590	0.9462365527300982	False
CRTC2	-0.8996207742776364	0.8158389510627662	1.69017924372466e-05	4955	0.9462365527300982	False
GDI2	-0.9003236562995524	0.8160259822773022	4.4017228067598e-05	2745	0.9462365527300982	False
CCNC	-0.9004417411028443	0.8160573920790863	4.86716765017235e-05	2540	0.9462365527300982	False
TMEM67	-0.900632038025033	0.816108002814822	1.29664186815229e-05	5545	0.9462365527300982	False
ANKS1A	-0.9007620704435165	0.8161425808157053	2.51227289548388e-05	4021	0.9462365527300982	False
ZNF582	-0.9008752237630557	0.8161726670597367	4.77996153299157e-07	9368	0.9462365527300982	False
NECTIN4	-0.900875223763063	0.8161726670597386	5.40494505228055e-06	7212	0.9462365527300982	False
ELOVL2	-0.9010613653239383	0.8162221534158195	3.35149675116367e-06	7877	0.9462365527300982	False
AZIN1	-0.901131432686145	0.8162407789082505	4.77971045737959e-06	7390	0.9462365527300982	False
SLIRP	-0.9012311798904798	0.8162672919465149	1.72385546654762e-05	4920	0.9462365527300982	False
ELOB	-0.9013667451043251	0.816303321674112	2.47936765311644e-06	8203	0.9462365527300982	False
VAX2	-0.9016611538713903	0.8163815527478814	1.0261274384957e-06	8906	0.9462365527300982	False
INO80C	-0.9019328399644613	0.8164537274706649	2.03514094550031e-05	4530	0.9462365527300982	False
MED15	-0.902012557516671	0.8164749014678745	4.80884068408799e-05	2563	0.9462365527300982	False
FEM1C	-0.9024038071389474	0.8165788002773744	4.12732459676978e-06	7587	0.9462365527300982	False
SLC35G2	-0.9028256080835246	0.8166907710991689	3.22246565437428e-06	7922	0.9462365527300982	False
UBR4	-0.9028972631430326	0.8167097883374689	5.45908693884579e-05	2327	0.9462365527300982	False
CSHL1	-0.9028972631430404	0.816709788337471	6.97010647556721e-07	9194	0.9462365527300982	False
ZMPSTE24	-0.9031859757260543	0.816786400133017	1.46669587603093e-05	5271	0.9462365527300982	False
ARV1	-0.9035217299139634	0.8168754696079872	9.86315606231049e-06	6135	0.9462365527300982	False
TRAFD1	-0.9035974771428942	0.8168955602342284	1.1664220535046e-05	5760	0.9462365527300982	False
DNAJC18	-0.9038070921070888	0.8169511497657086	9.20444862768846e-06	6267	0.9462365527300982	False
CDV3	-0.9039938398717108	0.8170006660848252	5.94512344924919e-06	7061	0.9462365527300982	False
SNRPA1	-0.9039988782379287	0.8170020018958608	0.0001360418049551	1085	0.9462365527300982	False
CYSRT1	-0.9042592303903734	0.8170710202133298	3.47783538010681e-06	7834	0.9462365527300982	False
MAGT1	-0.9042649319620278	0.8170725314954499	4.02781046620803e-05	2937	0.9462365527300982	False
SLC25A41	-0.9047082972765518	0.8171900278743529	3.69778439374166e-05	3138	0.9462365527300982	False
DCAF8	-0.9051757172968696	0.8173138479738223	5.01590706673822e-05	2482	0.9462365527300982	False
DCAF8L1	-0.9051757172968734	0.8173138479738233	8.994207498338e-07	8992	0.9462365527300982	False
ST20-AS1	-0.9055473301544154	0.8174122512726607	6.91458340820966e-07	9200	0.9462365527300982	False
DYNLT4	-0.9055473301544154	0.8174122512726607	8.81609384546732e-07	9016	0.9462365527300982	False
CAPN15	-0.9055945100989008	0.8174247421806453	7.55283168040251e-06	6644	0.9462365527300982	False
GPATCH8	-0.9056089355007901	0.8174285612046708	2.00846487779033e-05	4563	0.9462365527300982	False
HDDC3	-0.9061279590397744	0.8175659358566746	2.77939715231183e-06	8092	0.9462365527300982	False
THOC6	-0.9061400624190388	0.81756913859681	2.00192658071639e-05	4569	0.9462365527300982	False
SF3B6	-0.9062747888228208	0.8176047869018372	8.00799164755681e-05	1747	0.9462365527300982	False
SRPRB	-0.906593841648441	0.8176891902076093	5.33909639917032e-05	2372	0.9462365527300982	False
AQP4	-0.906834962182078	0.8177529608485492	4.85460156962877e-06	7365	0.9462365527300982	False
ASB6	-0.9069671591610341	0.8177879178849072	3.15613337431337e-05	3487	0.9462365527300982	False
TMT1A	-0.9070182013446452	0.8178014139210898	1.02576268184578e-06	8907	0.9462365527300982	False
MED4	-0.9070543188803121	0.8178109633617021	0.0001365967450983	1081	0.9462365527300982	False
MDH2	-0.9074216797126824	0.8179080754277408	6.34169336072796e-05	2088	0.9462365527300982	False
HMGN3	-0.9077359796847724	0.8179911351301218	5.18923880856853e-06	7271	0.9462365527300982	False
ACBD3	-0.9086881874722067	0.818242629383751	4.42033839948544e-05	2732	0.9462365527300982	False
PLN	-0.9089300103335611	0.8183064642770337	5.65835010582938e-06	7145	0.9462365527300982	False
EEPD1	-0.9089759566815477	0.8183185913218994	5.30252585684578e-06	7241	0.9462365527300982	False
CARD8	-0.9090827408381957	0.8183467738962972	2.08415764564036e-05	4467	0.9462365527300982	False
SELENOT	-0.9093122401598872	0.818407334313728	5.10947714429759e-06	7297	0.9462365527300982	False
GJA8	-0.9098386705072121	0.8185462013274525	2.27848731643088e-06	8287	0.9462365527300982	False
TTC17	-0.9099968136918337	0.8185879049156226	4.68060706300046e-06	7426	0.9462365527300982	False
UBQLN2	-0.9106898236577659	0.8187705862630871	0.000205371101814	753	0.9462365527300982	False
MFSD8	-0.9108168570417065	0.8188040604820981	2.18964055505397e-05	4354	0.9462365527300982	False
ARL14	-0.9110433681218235	0.818863738186736	1.0610976951862e-06	8880	0.9462365527300982	False
PRR20E	-0.9119939529452413	0.8191140495822846	1.06536258254287e-05	5959	0.9462365527300982	False
PFN1	-0.912216413011495	0.819172597243375	9.37020711262754e-05	1519	0.9462365527300982	False
VDAC2	-0.9124159662575926	0.8192251061155975	9.5559202974022e-05	1490	0.9462365527300982	False
CCDC92	-0.9130045278488714	0.8193799199065688	1.80098771358192e-05	4814	0.9462365527300982	False
PSMB5	-0.9136307795125801	0.8195445562734573	7.06563803197441e-05	1920	0.9462365527300982	False
P4HB	-0.9137671330317251	0.8195803899986313	8.94177532398576e-05	1593	0.9462365527300982	False
PSME2	-0.9138733909810539	0.8196083115084576	5.6761952756616e-05	2272	0.9462365527300982	False
MED24	-0.9144065599573226	0.8197483719311335	4.89405621676283e-05	2528	0.9462365527300982	False
DHX58	-0.9144927997746097	0.8197710202210056	1.46236581175778e-05	5275	0.9462365527300982	False
LRRTM1	-0.9145842107759656	0.8197950246166178	1.95839716381256e-05	4626	0.9462365527300982	False
MAPRE1	-0.9148716355141969	0.8198704888584122	0.0002013897539153	770	0.9462365527300982	False
OBSL1	-0.9151006834996158	0.8199306118999856	0.0001332760235241	1107	0.9462365527300982	False
DPY19L1	-0.9151127632142174	0.8199337823669225	5.77650425988018e-06	7117	0.9462365527300982	False
PAIP1	-0.915533147179331	0.8200440953808275	3.17020448991477e-05	3483	0.9462365527300982	False
ANKLE2	-0.9158508350760551	0.8201274317450167	2.22151555074637e-05	4310	0.9462365527300982	False
GDA	-0.9158863130414926	0.8201367368731111	1.62095769774828e-06	8577	0.9462365527300982	False
LANCL1	-0.9164213935836172	0.8202770406357118	2.33700681636162e-05	4188	0.9462365527300982	False
NCBP3	-0.9170612969304078	0.8204447397288767	4.0271947325724e-06	7622	0.9462365527300982	False
TM9SF4	-0.9171316112608308	0.8204631609650406	7.5631793045645e-06	6639	0.9462365527300982	False
TOR1AIP1	-0.9172506262664035	0.8204943382964995	4.53093517841687e-05	2679	0.9462365527300982	False
RIPOR2	-0.9179582751886294	0.8206796446828546	1.26374342301598e-06	8768	0.9462365527300982	False
VPS45	-0.9185698456413016	0.8208396948296166	2.94821168357315e-05	3641	0.9462365527300982	False
RETREG2	-0.9186915634843136	0.8208715380941485	4.09089035101087e-06	7601	0.9462365527300982	False
SH3GL2	-0.9187164876581634	0.8208780582031469	2.91604402893479e-05	3665	0.9462365527300982	False
NUP88	-0.9190241707844102	0.8209585351338082	2.28491583880214e-05	4237	0.9462365527300982	False
CBX4	-0.9191197188810786	0.8209835218566531	8.84176416101209e-05	1603	0.9462365527300982	False
MYCBP	-0.9193520061797535	0.821044258010915	1.42637069669478e-05	5330	0.9462365527300982	False
CCNT2	-0.9201586916975482	0.8212550813254988	1.73824082242441e-05	4898	0.9462365527300982	False
AGTR1	-0.920466102802	0.821335380550223	1.25320611102073e-05	5615	0.9462365527300982	False
PHLDB2	-0.9204950246610345	0.8213429340946218	3.29950871657385e-05	3392	0.9462365527300982	False
DAD1	-0.9206319147660684	0.8213786830613738	1.20132721399368e-05	5707	0.9462365527300982	False
ZC3H7A	-0.9210538302194698	0.8214888382981487	6.64438832934627e-06	6876	0.9462365527300982	False
SCAP	-0.9211220005712204	0.8215066324479083	1.72417508726581e-05	4918	0.9462365527300982	False
TPM2	-0.9213996391477949	0.8215790914490774	2.11175747722788e-05	4439	0.9462365527300982	False
SEMA6D	-0.9213996391478015	0.8215790914490791	4.69279442976565e-07	9378	0.9462365527300982	False
ASPDH	-0.9213996391478017	0.8215790914490791	4.69279442976565e-07	9375	0.9462365527300982	False
HAS3	-0.9213996391478037	0.8215790914490797	4.69279442976565e-07	9377	0.9462365527300982	False
C1ORF43	-0.921399639147804	0.8215790914490797	4.69279442976565e-07	9376	0.9462365527300982	False
AGBL2	-0.921399639147804	0.8215790914490797	4.69279442976565e-07	9374	0.9462365527300982	False
EEF1B2	-0.9214328643012459	0.8215877614139175	2.83477707723654e-05	3744	0.9462365527300982	False
TMOD3	-0.9216727161373414	0.821650341873176	5.59424232310602e-05	2296	0.9462365527300982	False
DMTN	-0.9217807530778939	0.8216785255955603	1.83542734835233e-05	4769	0.9462365527300982	False
NKAPL	-0.9218342194035866	0.8216924723799968	7.8335524623417e-07	9099	0.9462365527300982	False
NKAP	-0.9218342194035908	0.8216924723799979	4.97673398729065e-05	2502	0.9462365527300982	False
MAP1LC3C	-0.9218783880559821	0.8217039933316433	7.8209084907775e-05	1776	0.9462365527300982	False
PSMB6	-0.9218890502113325	0.8217067743780435	7.14992837449049e-05	1905	0.9462365527300982	False
VCPKMT	-0.9219274038047636	0.8217167780508041	5.1832404795076e-06	7276	0.9462365527300982	False
AP1AR	-0.9222548183278343	0.8218021623710556	2.44221096871317e-06	8220	0.9462365527300982	False
RETSAT	-0.9234654227143663	0.8221176441929803	5.99457157252252e-06	7051	0.9462365527300982	False
CHM	-0.9237540344642533	0.8221928039814261	1.81578772783682e-05	4793	0.9462365527300982	False
DNASE2B	-0.92379283807336	0.822202907624372	6.17914211100619e-06	6992	0.9462365527300982	False
ADRM1	-0.9238379791091188	0.8222146609440775	9.35811930451781e-05	1523	0.9462365527300982	False
ORMDL3	-0.9245709943615938	0.8224054466818951	1.87289786097861e-06	8462	0.9462365527300982	False
C1ORF122	-0.9245879942478271	0.8224098697982176	7.88358926802547e-06	6558	0.9462365527300982	False
MED16	-0.9249273207019258	0.8224981429265604	4.37480498605868e-05	2760	0.9462365527300982	False
P3H4	-0.9252072427881389	0.8225709416215714	3.87937905006744e-06	7668	0.9462365527300982	False
ZDHHC21	-0.925640775819273	0.8226836523551608	1.06132755035436e-06	8879	0.9462365527300982	False
CHMP4A	-0.9261754866341163	0.8228226051957341	1.35680470795836e-05	5456	0.9462365527300982	False
CBY1	-0.9265176753229699	0.8229114920960622	2.50189146036021e-05	4034	0.9462365527300982	False
SSNA1	-0.9268907653649283	0.823008373820599	5.26714027680505e-06	7252	0.9462365527300982	False
MYO5B	-0.9269768203834633	0.8230307153037345	1.69537076499344e-05	4946	0.9462365527300982	False
LMBRD1	-0.9269772575901991	0.8230308288061836	4.55792388603198e-07	9386	0.9462365527300982	False
MBOAT7	-0.9269772575902325	0.8230308288061923	6.348536815675e-06	6948	0.9462365527300982	False
SRP54	-0.9270127742162428	0.8230400490595118	1.55603113825818e-05	5140	0.9462365527300982	False
DDI1	-0.9274076451197897	0.8231425386220447	6.91172623708535e-06	6804	0.9462365527300982	False
ASCC1	-0.9277481707808075	0.8232308926301511	1.00199713434533e-05	6090	0.9462365527300982	False
INF2	-0.9279621807634962	0.8232864061457238	2.0134306463728e-05	4555	0.9462365527300982	False
ZW10	-0.9279782503414923	0.8232905740987129	2.18390451088208e-05	4366	0.9462365527300982	False
BLOC1S3	-0.9280649963120401	0.8233130722551292	5.92560428507442e-06	7069	0.9462365527300982	False
DLAT	-0.9280812735769814	0.8233172936724944	3.37298697492603e-05	3337	0.9462365527300982	False
BLOC1S1	-0.9287787759661511	0.823498127087352	1.24794128970482e-05	5626	0.9462365527300982	False
EIF5A	-0.9293701867081401	0.8236513635965764	4.00819558798263e-05	2953	0.9462365527300982	False
BCO1	-0.9295235861243745	0.8236910961482349	7.06787375439047e-07	9187	0.9462365527300982	False
ABLIM1	-0.9295235861243935	0.8236910961482398	4.75062082408395e-05	2583	0.9462365527300982	False
RBAK	-0.9295967167031477	0.8237100359765448	6.72719660492163e-06	6854	0.9462365527300982	False
DIMT1	-0.9298103764651016	0.8237653635819	3.54750407958598e-05	3239	0.9462365527300982	False
HNRNPUL2	-0.9298873193230783	0.8237852853910528	4.37725283398375e-05	2759	0.9462365527300982	False
ITM2C	-0.9302134717840576	0.8238697159611378	4.39722636035638e-07	9396	0.9462365527300982	False
MVB12B	-0.9302134717840655	0.8238697159611399	3.95750372104736e-06	7641	0.9462365527300982	False
C6ORF120	-0.9303378219025803	0.8239018995352141	2.81018578191483e-06	8077	0.9462365527300982	False
CRIP2	-0.9304448655175152	0.8239296009588905	6.0673988731992e-06	7028	0.9462365527300982	False
DNLZ	-0.930955054174453	0.824061592894994	1.01842304012727e-05	6056	0.9462365527300982	False
KHNYN	-0.9312756812860015	0.8241445109104334	7.55927892651848e-06	6642	0.9462365527300982	False
GLRB	-0.9317852483336548	0.824276240123704	6.8687938634759e-06	6813	0.9462365527300982	False
RALY	-0.93213333608466	0.8243661890488634	0.0001175805593581	1266	0.9462365527300982	False
SYNGAP1	-0.9324695792624336	0.8244530495245659	4.67848131498741e-05	2611	0.9462365527300982	False
MINDY2	-0.9330493516911408	0.8246027560704282	2.17000227835222e-07	9442	0.9462365527300982	False
KCNJ11	-0.9330493516911462	0.8246027560704297	7.20750795603817e-07	9156	0.9462365527300982	False
PHPT1	-0.9334344198166417	0.8247021420969294	2.63398179446156e-06	8144	0.9462365527300982	False
PURA	-0.9335473790141775	0.8247312900738157	3.91041218722911e-05	3011	0.9462365527300982	False
SH3BP1	-0.9335875292510433	0.8247416496954149	1.01192857119745e-05	6070	0.9462365527300982	False
LOX	-0.9338972859249177	0.824821560501656	7.34112287279546e-06	6701	0.9462365527300982	False
SMPD2	-0.9343461682094529	0.8249373218171316	9.03736675685965e-06	6301	0.9462365527300982	False
ST8SIA3	-0.9344584400456113	0.8249662677779884	3.51363055430045e-06	7815	0.9462365527300982	False
MTIF2	-0.9346151073967234	0.8250066547295147	5.34348846047734e-05	2371	0.9462365527300982	False
BUD13	-0.9348799126902196	0.8250749048928373	2.24406049149693e-05	4279	0.9462365527300982	False
GTPBP1	-0.9349543230436281	0.8250940801651578	1.48274571054366e-05	5250	0.9462365527300982	False
DOCK10	-0.9356908387654442	0.8252838055874552	5.20357882782465e-07	9335	0.9462365527300982	False
HAL	-0.9356908387654722	0.8252838055874624	1.18097395991986e-05	5737	0.9462365527300982	False
LHFPL4	-0.9359826641263864	0.8253589432399615	1.43229474676781e-06	8696	0.9462365527300982	False
CADM1	-0.9363148948012064	0.8254444592601407	7.61468128709591e-06	6627	0.9462365527300982	False
ZNF787	-0.9363419816462953	0.8254514302287512	7.85234530287731e-07	9097	0.9462365527300982	False
P4HA3	-0.9363419816463062	0.8254514302287541	3.66160574143088e-05	3158	0.9462365527300982	False
RAB12	-0.9364005219962038	0.8254664953491524	3.96356258788089e-06	7640	0.9462365527300982	False
PHACTR2	-0.936955662364785	0.825609317411923	1.1746535924368e-05	5748	0.9462365527300982	False
CHML	-0.93759712478538	0.8257742552307953	1.90226380351939e-05	4690	0.9462365527300982	False
UQCRFS1	-0.9379680603757651	0.825869587828653	2.55036277964578e-05	3985	0.9462365527300982	False
ATP6V1B1	-0.9382119460752203	0.8259322497977483	9.63005913549386e-06	6178	0.9462365527300982	False
MYORG	-0.9388674957249286	0.8261006102288351	4.12180273395214e-06	7589	0.9462365527300982	False
PDK4	-0.9390034954883555	0.8261355251640392	3.64511077609436e-06	7756	0.9462365527300982	False
FAR1	-0.9394997642550285	0.8262628933891679	9.08601689310577e-06	6290	0.9462365527300982	False
IFT46	-0.9396402675575409	0.8262989430174762	1.03549391249172e-05	6015	0.9462365527300982	False
NUP188	-0.939751733251051	0.8263275389372438	1.45350747146892e-05	5284	0.9462365527300982	False
CNP	-0.9403268358713078	0.8264750308037337	2.19227411787827e-05	4348	0.9462365527300982	False
EIF3G	-0.9413224710936304	0.826730184704521	6.96811250709407e-05	1940	0.9462365527300982	False
FBLN5	-0.941322940978145	0.8267303050665609	9.9744540484767e-06	6103	0.9462365527300982	False
TUSC1	-0.941744090123621	0.8268381620175449	2.49694274773053e-06	8197	0.9462365527300982	False
KIF3B	-0.9418806653339089	0.8268731299576004	4.83577399144094e-06	7374	0.9462365527300982	False
DLK1	-0.9418888987987969	0.8268752378633706	1.99514682925824e-05	4579	0.9462365527300982	False
AOC3	-0.9420013992143784	0.8269040382280795	3.60761109105173e-06	7776	0.9462365527300982	False
TMEM131	-0.9421748655805332	0.8269484400351159	1.03368476008429e-05	6022	0.9462365527300982	False
RTL9	-0.9423804537480904	0.8270010545933405	2.06234246345099e-06	8384	0.9462365527300982	False
CDC42EP1	-0.9424466282589443	0.8270179879455732	2.45915082211803e-05	4072	0.9462365527300982	False
GRAMD2B	-0.9429956708566373	0.8271584413668169	6.56099663399249e-06	6888	0.9462365527300982	False
UBXN6	-0.9435075760102059	0.8272893289765485	2.4285253695811e-05	4105	0.9462365527300982	False
PGAP6	-0.943532635967949	0.8272957348649804	2.13740599677256e-06	8353	0.9462365527300982	False
SNAP29	-0.9436839322604303	0.8273344063801091	7.74772956499454e-05	1789	0.9462365527300982	False
GOLGA5	-0.9444864500190219	0.827539438576764	4.3889404470731e-05	2752	0.9462365527300982	False
GPAA1	-0.9444891493524958	0.8275401279570274	1.11659539854172e-05	5858	0.9462365527300982	False
TREH	-0.9444891493524982	0.827540127957028	3.60607511566542e-07	9422	0.9462365527300982	False
CPVL	-0.9447770400108396	0.8276136419945113	2.47281763612915e-05	4060	0.9462365527300982	False
PSMD10	-0.9449214633901325	0.8276505135548845	7.54402156545024e-05	1825	0.9462365527300982	False
AMIGO3	-0.9450343000903638	0.8276793174755201	4.30913973357256e-06	7538	0.9462365527300982	False
DROSHA	-0.9460015689125809	0.8279261069969372	3.64430771778755e-05	3171	0.9462365527300982	False
AURKAIP1	-0.9466912896944297	0.8281019448945449	4.57442370920557e-05	2656	0.9462365527300982	False
TMTC4	-0.946866571681658	0.8281466131163646	2.29216148628471e-07	9440	0.9462365527300982	False
CES3	-0.9468665716816761	0.8281466131163693	7.61325040569329e-07	9118	0.9462365527300982	False
SUOX	-0.9468665716816806	0.8281466131163706	4.50250406966322e-06	7484	0.9462365527300982	False
TRAF3IP1	-0.9471960090174438	0.8282305456655196	2.09751699059354e-05	4455	0.9462365527300982	False
NDUFA1	-0.9473590798178875	0.8282720824147349	1.8400049947628e-06	8478	0.9462365527300982	False
GPCPD1	-0.9474043793040744	0.828283619781895	2.19048466874254e-06	8328	0.9462365527300982	False
VDAC1	-0.9474043793040791	0.8282836197818961	0.0001542774074999	973	0.9462365527300982	False
SLC35D3	-0.9474043793040829	0.8282836197818971	7.66669599626891e-07	9113	0.9462365527300982	False
KRTAP5-9	-0.9475784191405806	0.8283279415399658	3.03882344083648e-06	7986	0.9462365527300982	False
RAB5C	-0.9477625280985427	0.8283748195899523	0.0001095587819921	1342	0.9462365527300982	False
FAM187B	-0.9478484011891859	0.8283966819050657	8.95471766035258e-06	6324	0.9462365527300982	False
ZNF354A	-0.9480368957185332	0.8284446642350929	5.39614138791929e-06	7216	0.9462365527300982	False
PSMB1	-0.9480850982045289	0.828456933069222	0.0001022659912015	1415	0.9462365527300982	False
RASSF2	-0.9481743432892714	0.8284796468728568	2.59515467976985e-05	3934	0.9462365527300982	False
HSPBAP1	-0.9482565170904802	0.8285005592616151	5.30228582349475e-07	9330	0.9462365527300982	False
FOXD4L6	-0.9482565170904994	0.8285005592616199	8.14636901621789e-06	6494	0.9462365527300982	False
PANK2	-0.9482742202803077	0.8285050643283374	1.02954047735698e-05	6034	0.9462365527300982	False
APMAP	-0.9486223423300303	0.828593638254838	1.10265406159199e-05	5884	0.9462365527300982	False
AGPAT4	-0.9490239751831944	0.828695790790466	2.70473194172436e-06	8116	0.9462365527300982	False
PLPPR1	-0.9490417287825378	0.8287003053971278	4.34385359160678e-06	7529	0.9462365527300982	False
EXOSC9	-0.9493211194459306	0.8287713423218357	3.07966203364039e-05	3550	0.9462365527300982	False
PRDX1	-0.9493453396994578	0.8287774995942042	0.0001040218417592	1392	0.9462365527300982	False
SLC35E1	-0.9494952889204112	0.8288156165306653	2.46095136781652e-07	9436	0.9462365527300982	False
GPR50	-0.9517133360644072	0.8293788079619823	3.53773906779046e-06	7807	0.9462365527300982	False
RANBP1	-0.9518509385573455	0.829413707929235	1.85233523639254e-05	4750	0.9462365527300982	False
TSPYL4	-0.9522791819079272	0.8295222935655816	6.99143012108166e-06	6785	0.9462365527300982	False
PFDN6	-0.9523140988090829	0.8295311451635752	6.26640785436156e-05	2114	0.9462365527300982	False
PGAP1	-0.9523852197953919	0.8295491737564268	1.13748847076054e-06	8829	0.9462365527300982	False
USP14	-0.9527270836164158	0.8296358164185857	0.0001779151713615	858	0.9462365527300982	False
TAF1D	-0.9527489865307714	0.8296413665759907	2.49698373422839e-05	4037	0.9462365527300982	False
MFHAS1	-0.9533911664661325	0.8298040422872155	3.91155704019558e-06	7660	0.9462365527300982	False
MINK1	-0.9537061242681577	0.8298837903639271	4.70631324258732e-05	2599	0.9462365527300982	False
MRPS6	-0.9538813757302333	0.8299281540865133	1.41236928207343e-05	5356	0.9462365527300982	False
PSG9	-0.9540846880810102	0.8299796119415754	4.05182934387711e-06	7615	0.9462365527300982	False
IFT56	-0.9541512675677155	0.8299964608762653	4.05003251344981e-06	7618	0.9462365527300982	False
RXFP4	-0.9545501032638399	0.8300973698029186	9.76876366767834e-07	8940	0.9462365527300982	False
VANGL1	-0.9550134833476993	0.8302145607888543	3.45597852433686e-05	3286	0.9462365527300982	False
IFT88	-0.9558829326286867	0.8304343086549308	8.69414802582185e-06	6372	0.9462365527300982	False
CDK19	-0.9564386928827369	0.8305746779426568	4.84162637254036e-05	2550	0.9462365527300982	False
ALDH16A1	-0.956497555683397	0.8305895406491248	4.38205311874442e-06	7516	0.9462365527300982	False
LRRFIP1	-0.9567688615138971	0.8306580338599998	1.86547377902683e-05	4737	0.9462365527300982	False
SAR1B	-0.9567787972461075	0.8306605418733852	1.07893217772856e-05	5929	0.9462365527300982	False
GEMIN5	-0.9569363278807009	0.8307003031390502	5.96221396077152e-05	2193	0.9462365527300982	False
ZNF746	-0.957381367802773	0.830812600338887	1.71643284429954e-05	4928	0.9462365527300982	False
PTPN3	-0.9574001383032075	0.8308173356595747	6.17837395930526e-05	2141	0.9462365527300982	False
KRT77	-0.9575724091060709	0.830860791234861	8.48837603418791e-06	6421	0.9462365527300982	False
GABRG1	-0.9577237220273599	0.8308989542393281	5.11437633160818e-07	9342	0.9462365527300982	False
GABRG2	-0.9577237220273886	0.8308989542393355	6.52048515240387e-06	6900	0.9462365527300982	False
TXLNG	-0.9578641622611062	0.8309343700682402	2.41620328877095e-05	4117	0.9462365527300982	False
XKRX	-0.9580350065952654	0.8309774466963542	3.07886160154634e-06	7969	0.9462365527300982	False
ACSBG2	-0.9587788769746504	0.8311649237261753	1.55221041649966e-06	8624	0.9462365527300982	False
AMY1A	-0.9587800215865023	0.8311652120987526	1.27004029488697e-05	5590	0.9462365527300982	False
FOXN4	-0.9587800215865063	0.8311652120987536	5.89178427695464e-07	9280	0.9462365527300982	False
RPP38	-0.9593136824521262	0.8312996277115201	1.17155472481326e-05	5754	0.9462365527300982	False
PWP2	-0.9596505556952647	0.8313844421017481	3.29387675861419e-05	3397	0.9462365527300982	False
H1-1	-0.9597604790715137	0.8314121115172648	7.10138978439378e-06	6750	0.9462365527300982	False
RBM17	-0.9597771490342134	0.831416307350046	4.12853132710779e-05	2872	0.9462365527300982	False
RAB11FIP5	-0.9603427888199447	0.8315586392065157	2.38561679106027e-05	4148	0.9462365527300982	False
IFT74	-0.9603654931325933	0.8315643506758651	2.13675538047759e-05	4412	0.9462365527300982	False
GDF3	-0.960795581202647	0.8316725195855342	1.55942455326502e-06	8621	0.9462365527300982	False
HDGFL2	-0.9611292374960041	0.8317564047263312	2.53505588548751e-06	8180	0.9462365527300982	False
CHMP3	-0.9611403678558481	0.8317592025669388	1.50234547175572e-05	5221	0.9462365527300982	False
RRP9	-0.9616094716375995	0.8318770940569195	2.24736811917035e-05	4276	0.9462365527300982	False
KLC4	-0.9616717433997418	0.8318927397113252	2.39847912167947e-05	4139	0.9462365527300982	False
LMAN1	-0.9617174674104987	0.8319042271800963	6.57081076840055e-05	2031	0.9462365527300982	False
AMFR	-0.9618583350756026	0.8319396148831191	8.7338260721496e-05	1617	0.9462365527300982	False
TRARG1	-0.9621419305206168	0.8320108430307378	1.34994819208644e-06	8726	0.9462365527300982	False
NDUFA9	-0.9627831079176269	0.8321718102253614	5.40542922996433e-05	2356	0.9462365527300982	False
FZD2	-0.9630919416192022	0.8322493072913648	6.30834635335774e-06	6958	0.9462365527300982	False
HADHA	-0.9634630617111316	0.8323424036807975	9.06780096389104e-05	1575	0.9462365527300982	False
PSMD6	-0.9636831008469753	0.8323975853239227	9.23750563768041e-05	1549	0.9462365527300982	False
CNOT11	-0.9638491357632981	0.8324392159877452	2.76490251958116e-05	3789	0.9462365527300982	False
INPP5A	-0.9638529027595658	0.8324401604259799	3.94615209204564e-06	7646	0.9462365527300982	False
CNOT8	-0.9639796509279336	0.8324719359517623	2.49127024294097e-05	4044	0.9462365527300982	False
NUP62CL	-0.9642155073678511	0.8325310543811676	2.76382785310295e-06	8095	0.9462365527300982	False
CEP152	-0.964269970774886	0.8325447039574896	3.86325785072403e-05	3034	0.9462365527300982	False
NDUFS1	-0.964354871898586	0.8325659803807952	6.19793442723376e-05	2134	0.9462365527300982	False
MRPL18	-0.9645703885103046	0.8326199815325561	3.11108942375242e-05	3526	0.9462365527300982	False
FOXRED2	-0.9648208191719536	0.832682716861249	9.08209088940483e-06	6292	0.9462365527300982	False
ZC3H4	-0.9649379367939405	0.8327120507689303	2.20214747115199e-05	4339	0.9462365527300982	False
COL3A1	-0.9650852432918557	0.8327489412376812	2.66796785008709e-06	8133	0.9462365527300982	False
CPSF6	-0.9651718634462746	0.832770631369951	0.0001355100308908	1090	0.9462365527300982	False
ATAT1	-0.9652247477572918	0.8327838729819987	8.84980033041324e-06	6341	0.9462365527300982	False
PFDN5	-0.9654357418254172	0.8328366966974341	5.02815698785656e-05	2479	0.9462365527300982	False
PSMC2	-0.965566827491826	0.8328695094144101	0.000137093047979	1078	0.9462365527300982	False
TBC1D5	-0.9656176507359497	0.8328822301208245	3.25075189034397e-05	3422	0.9462365527300982	False
CIT	-0.9658184923463059	0.8329324932786065	2.79321191856485e-05	3771	0.9462365527300982	False
RAB3IL1	-0.9659773309251238	0.8329722377416877	6.14669752704065e-06	7001	0.9462365527300982	False
HEXB	-0.9663095792122692	0.8330553529270242	4.07281807965558e-05	2904	0.9462365527300982	False
PIGN	-0.967030912697933	0.8332357097693253	4.37715352362983e-06	7517	0.9462365527300982	False
NAV1	-0.9670712889609283	0.8332458014320854	2.61398754309522e-05	3915	0.9462365527300982	False
SLC27A2	-0.9678371860983025	0.8334371555036382	2.85296605907166e-05	3723	0.9462365527300982	False
RBM33	-0.9680632187315636	0.8334936010873151	1.11146493392868e-05	5868	0.9462365527300982	False
MRPL20	-0.9682364470737577	0.8335368518573942	1.4215287405534e-05	5339	0.9462365527300982	False
TARBP2	-0.9683719448261877	0.8335706771901559	2.33405344566719e-05	4192	0.9462365527300982	False
PWWP2B	-0.9684791795886517	0.8335974438721465	8.19341346448883e-06	6481	0.9462365527300982	False
ZNF638	-0.9691987681637444	0.8337769872094123	5.33351656965874e-05	2375	0.9462365527300982	False
TMEM39A	-0.9693316161980485	0.8338101202117821	3.76250844873388e-06	7717	0.9462365527300982	False
HNRNPA1L2	-0.9695030600735225	0.8338528729153747	1.07998235705476e-05	5927	0.9462365527300982	False
PSMD13	-0.9696408865055559	0.8338872373349937	7.37033217115398e-05	1853	0.9462365527300982	False
RACK1	-0.9698605330051523	0.8339419925535996	1.13630075794354e-05	5819	0.9462365527300982	False
MT-CO1	-0.9700901717725842	0.8339992262528382	3.40051451291472e-06	7859	0.9462365527300982	False
RAB9B	-0.9702637298169244	0.8340424742922894	6.41354920546416e-07	9243	0.9462365527300982	False
ATP6V1B2	-0.970576754879235	0.8341204569918664	3.90163819409315e-05	3014	0.9462365527300982	False
SPP1	-0.97076947261304	0.8341684562194642	6.17258230711991e-06	6993	0.9462365527300982	False
SPRING1	-0.9709473722423256	0.8342127568069881	9.47858504730999e-06	6207	0.9462365527300982	False
EEA1	-0.9712028228704208	0.8342763557721165	2.81935134255502e-05	3751	0.9462365527300982	False
IBA57	-0.9713496981140295	0.8343129158260998	5.58717414183552e-06	7168	0.9462365527300982	False
GADD45GIP1	-0.9715792012558835	0.8343700331003723	3.4707596205771e-05	3279	0.9462365527300982	False
ACTR1B	-0.9716594948835512	0.8343900130579354	3.06301504352948e-05	3561	0.9462365527300982	False
CCNT1	-0.9716932323576789	0.8343984076962021	7.58279234758418e-05	1819	0.9462365527300982	False
TRIM26	-0.9718056294977832	0.8344263726333776	4.2874023310167e-05	2808	0.9462365527300982	False
PSMD12	-0.9718426763266358	0.8344355893893769	9.88748000668121e-05	1449	0.9462365527300982	False
AKAP14	-0.9718581792141221	0.8344394462021496	5.45873415143433e-06	7202	0.9462365527300982	False
BPIFA2	-0.9728507929575294	0.8346862679605387	5.14637539206605e-06	7287	0.9462365527300982	False
TBL2	-0.9729350452102998	0.8347072070235643	1.78998364597705e-05	4824	0.9462365527300982	False
XPO5	-0.9729378519338195	0.8347079045440441	3.00543395717208e-05	3600	0.9462365527300982	False
PSMA2	-0.9730354753602284	0.8347321645083514	9.63457612464163e-05	1474	0.9462365527300982	False
CORO1C	-0.973325064835594	0.8348041155467487	5.71549166287066e-05	2260	0.9462365527300982	False
STMN1	-0.9734389944004614	0.8348324167857424	2.39018300952056e-05	4145	0.9462365527300982	False
IFNA14	-0.9734591044727353	0.8348374120021628	2.88946839474314e-06	8052	0.9462365527300982	False
SUCO	-0.9736098473105612	0.8348748524683485	4.24432992444459e-06	7555	0.9462365527300982	False
RPS17	-0.9737098746140387	0.8348996935273196	0.0001053854675017	1382	0.9462365527300982	False
PAIP2	-0.9737125214268801	0.8349003508113322	1.00631670231209e-05	6079	0.9462365527300982	False
ESS2	-0.9737348089641319	0.834905885416519	1.05773244040709e-05	5973	0.9462365527300982	False
SNAPIN	-0.973870361484568	0.8349395442286924	4.47475134819003e-05	2710	0.9462365527300982	False
VAT1	-0.9739560478913316	0.8349608185803683	1.41896419770828e-05	5345	0.9462365527300982	False
BLTP3A	-0.9742960850167071	0.8350452260139897	2.83437370193152e-06	8069	0.9462365527300982	False
TMCC1	-0.9744936415594417	0.835094252644369	6.32406730687766e-07	9252	0.9462365527300982	False
EXOC1	-0.9746785911331496	0.8351401421121674	3.2134762586417e-05	3450	0.9462365527300982	False
CASQ2	-0.9747241908449051	0.8351514549872091	2.00914615956702e-05	4562	0.9462365527300982	False
NEUROG3	-0.9749248192818661	0.8352012231104683	3.28017248864367e-05	3406	0.9462365527300982	False
NTN1	-0.9749248192818663	0.8352012231104683	6.96989686634128e-07	9195	0.9462365527300982	False
MIS18A	-0.9749346833135089	0.83520366974258	2.56946312292088e-05	3960	0.9462365527300982	False
CFAP184	-0.9749346833135163	0.8352036697425818	7.77783438517044e-07	9108	0.9462365527300982	False
CCDC170	-0.9749346833135165	0.8352036697425818	6.44101910021927e-07	9241	0.9462365527300982	False
TMEM38B	-0.9751561272618716	0.8352585895568009	1.43941717951819e-06	8692	0.9462365527300982	False
MRPS2	-0.9754632133686209	0.8353347296653322	3.98039920274776e-05	2964	0.9462365527300982	False
ABCD1	-0.975514947009469	0.8353475544584184	9.90763619945775e-06	6122	0.9462365527300982	False
NOP58	-0.9755206791836358	0.8353489754271715	0.0001132964501928	1302	0.9462365527300982	False
DYRK2	-0.975591345529703	0.8353664925026945	4.53373489423236e-05	2674	0.9462365527300982	False
GIGYF1	-0.975608963659113	0.8353708595717524	3.63172274476974e-05	3178	0.9462365527300982	False
HNRNPA3	-0.9761287750511378	0.835499673311019	0.0001554041069164	968	0.9462365527300982	False
TMEM258	-0.9763949671191006	0.8355656126988862	1.52519442914237e-06	8633	0.9462365527300982	False
NSUN3	-0.9764276156583058	0.8355736990053861	3.35563786387865e-06	7876	0.9462365527300982	False
SLITRK4	-0.9765960195839787	0.8356154047639737	6.88347320314369e-06	6810	0.9462365527300982	False
PABPC1	-0.976707679766911	0.835643053975939	0.0003421830218722	417	0.9462365527300982	False
PLRG1	-0.9767311187718334	0.8356488575421122	5.57883198768267e-05	2299	0.9462365527300982	False
THOC5	-0.9772536125742953	0.835778194043696	2.49064888908193e-05	4046	0.9462365527300982	False
TMA7	-0.9772967485122084	0.8357888688301383	4.47155619281427e-06	7493	0.9462365527300982	False
AUTS2	-0.9773375143757007	0.8357989566841912	2.45881452765203e-05	4073	0.9462365527300982	False
KCTD9	-0.9779015344101676	0.8359384869130261	1.8355212554502e-05	4768	0.9462365527300982	False
ASB16	-0.9780961627676713	0.8359866172398607	2.49717203833648e-06	8196	0.9462365527300982	False
VPS18	-0.9785518622903023	0.8360992729303524	2.80982391811159e-05	3760	0.9462365527300982	False
HNRNPM	-0.979154711165841	0.8362482289559265	0.000234164223314	666	0.9462365527300982	False
ATP6V1E2	-0.9795033457279266	0.8363343318537348	3.56052238534981e-06	7803	0.9462365527300982	False
RTN4R	-0.9800036397517212	0.8364578389959736	5.99261806383179e-07	9269	0.9462365527300982	False
KIAA0319L	-0.9800036397517229	0.836457838995974	4.02678563352889e-06	7623	0.9462365527300982	False
ZFC3H1	-0.9803134583805613	0.8365342932927076	2.53841779251558e-05	3996	0.9462365527300982	False
VPS51	-0.9808297828722033	0.8366616556896818	1.19336632110095e-05	5720	0.9462365527300982	False
FITM2	-0.9809364175087973	0.8366879513526322	1.20425836998411e-05	5701	0.9462365527300982	False
PNPT1	-0.9812117613834012	0.8367558372999564	2.22586564842772e-05	4300	0.9462365527300982	False
ZNF768	-0.9814836312867582	0.8368228487480273	2.74919141210887e-06	8100	0.9462365527300982	False
SLC5A3	-0.9820324801992919	0.836958076475185	5.89083450031432e-06	7078	0.9462365527300982	False
DERL2	-0.9830583531615512	0.8372106400294143	2.14070147447642e-05	4407	0.9462365527300982	False
CLK4	-0.9839424865330548	0.8374281039276892	4.19565218590868e-06	7568	0.9462365527300982	False
ZNF800	-0.9841173573230843	0.8374710932334557	1.08178122075767e-05	5923	0.9462365527300982	False
CEP170	-0.9842552993360079	0.8375049989457001	0.0001120591345118	1315	0.9462365527300982	False
IFT80	-0.98464335682332	0.837600357564452	9.1883855767893e-06	6271	0.9462365527300982	False
RBM23	-0.9850963019504921	0.8377116151565389	1.15591789807138e-05	5785	0.9462365527300982	False
CYP2C9	-0.9853896427310959	0.8377836424135028	2.98824536761515e-06	8011	0.9462365527300982	False
ATP6V0C	-0.985987188889778	0.8379303002416341	9.95922064176712e-06	6106	0.9462365527300982	False
ATP6V0A1	-0.9863734715097199	0.8380250609564179	2.34918505331381e-05	4180	0.9462365527300982	False
LDAF1	-0.9867440765653979	0.8381159418070574	2.12347315321964e-06	8358	0.9462365527300982	False
ARL1	-0.9870200482387295	0.8381835947997663	2.24873334744753e-05	4272	0.9462365527300982	False
PSMD14	-0.9880016853604853	0.8384240886022839	0.000205412334375	751	0.9462365527300982	False
RAD23B	-0.9882361693555742	0.8384815009440625	8.00952562282472e-05	1746	0.9462365527300982	False
PPFIBP1	-0.9886091481557298	0.838572795702212	4.76531961735375e-05	2579	0.9462365527300982	False
CGRRF1	-0.9887615716693021	0.8386100950192388	8.81094983592739e-06	6347	0.9462365527300982	False
SOX2	-0.9891013342927876	0.838693217564255	0.0005135094450356	236	0.9462365527300982	False
ZNF430	-0.9893486555460441	0.8387537068668917	6.43321687599316e-06	6922	0.9462365527300982	False
TAF7L	-0.9893997542819827	0.8387662026416521	2.70838910769472e-06	8114	0.9462365527300982	False
FOXA3	-0.9895256301771912	0.8387969818595918	2.30251362227381e-06	8277	0.9462365527300982	False
C4ORF46	-0.9895417155296026	0.8388009147793527	5.50638719152529e-06	7190	0.9462365527300982	False
GTPBP10	-0.9901477751798125	0.838949052675463	1.06033459115411e-05	5968	0.9462365527300982	False
PPP4R2	-0.9901728879058648	0.8389551890092295	4.10555818248865e-05	2882	0.9462365527300982	False
PTPA	-0.9901728879058908	0.8389551890092359	4.97643416456332e-07	9349	0.9462365527300982	False
PSMD11	-0.990307455400375	0.8389880681868751	9.62851622517063e-05	1475	0.9462365527300982	False
NALCN	-0.9903074554003859	0.8389880681868778	4.98241465074745e-07	9348	0.9462365527300982	False
EIF2S3	-0.9903700689652355	0.8390033652059934	4.1776915160361e-05	2856	0.9462365527300982	False
SLC9C1	-0.9903936227703307	0.8390091193526298	7.88755528684535e-07	9092	0.9462365527300982	False
SPAG5	-0.9903936227703369	0.8390091193526313	4.61101620128859e-05	2642	0.9462365527300982	False
RBSN	-0.9904500862344876	0.8390229127154133	8.34600653795993e-06	6443	0.9462365527300982	False
FOXC1	-0.9904829350140386	0.8390309369324964	3.30853308254885e-05	3384	0.9462365527300982	False
UQCRC1	-0.990833537448271	0.8391165649478443	3.51990229320176e-05	3250	0.9462365527300982	False
DPY19L4	-0.9909134823432625	0.8391360858128771	5.17586089567936e-06	7280	0.9462365527300982	False
IDH3G	-0.991308566937028	0.8392325344721496	3.21514196621189e-06	7925	0.9462365527300982	False
DCAF5	-0.9913168017996613	0.8392345443776984	3.74364628477741e-05	3106	0.9462365527300982	False
UBA52	-0.9918217824484217	0.83935776503936	8.07386345439956e-05	1740	0.9462365527300982	False
DCTN1	-0.9924442202311485	0.8395095615982939	0.0002053994888877	752	0.9462365527300982	False
CHMP5	-0.99281574577437	0.839600122443174	2.20313988289788e-05	4337	0.9462365527300982	False
NUP35	-0.9931652201137435	0.8396852777352426	4.99407725095269e-05	2495	0.9462365527300982	False
ZPR1	-0.9937362448834602	0.839824353920161	6.10698353012926e-06	7009	0.9462365527300982	False
NDUFAF1	-0.9938314297836867	0.8398475290479903	2.17215152717118e-05	4379	0.9462365527300982	False
IPPK	-0.994059413405571	0.8399030284090778	4.55771841857829e-05	2664	0.9462365527300982	False
GDPD5	-0.9941428205914562	0.8399233295567237	1.9641448188959e-05	4619	0.9462365527300982	False
CLEC16A	-0.994410267877469	0.8399884143563219	8.79437561204382e-06	6350	0.9462365527300982	False
PPP2R2B	-0.99466379817766	0.840050096399552	6.51126438100206e-05	2046	0.9462365527300982	False
ZNF444	-0.9946763852802089	0.8400531583430779	4.68178188273394e-06	7424	0.9462365527300982	False
RAB11B	-0.9949157394464829	0.8401113764362826	4.07565394749053e-05	2902	0.9462365527300982	False
KCNB2	-0.995061522421478	0.8401468284239894	2.42793020694223e-06	8224	0.9462365527300982	False
CISD2	-0.9952319781340845	0.8401882738883965	2.33966530079089e-05	4186	0.9462365527300982	False
C1ORF162	-0.9953310768723688	0.8402123660252786	2.19615776150462e-06	8320	0.9462365527300982	False
ZNF223	-0.9960816249087733	0.8403947564450152	8.62239007999987e-06	6389	0.9462365527300982	False
SRPK2	-0.9962853038804943	0.8404442288879272	0.0004245019636109	310	0.9462365527300982	False
CHCHD3	-0.9965467343313913	0.8405077141198807	5.19790720304543e-05	2420	0.9462365527300982	False
ERAL1	-0.9968671674950763	0.8405855048917572	1.8135082044627e-05	4798	0.9462365527300982	False
GOLGB1	-0.9972466795211622	0.8406776059559573	2.85923414885523e-05	3715	0.9462365527300982	False
NELFE	-0.9983496916162202	0.8409450902476063	3.99184672754536e-05	2962	0.9462365527300982	False
FBRS	-0.9984811333179637	0.8409769456892429	2.61671010683854e-05	3910	0.9462365527300982	False
RBM12	-0.9985141841513383	0.8409849550380566	2.27462628271929e-05	4245	0.9462365527300982	False
ZNF358	-0.9988948717997614	0.841077189636843	1.50552390153475e-06	8640	0.9462365527300982	False
UGT8	-0.998962232701231	0.8410935064668883	7.8075186993246e-06	6579	0.9462365527300982	False
TFPT	-0.9989908034743142	0.8411004268331768	2.93908506512895e-05	3651	0.9462365527300982	False
AGL	-0.9991327078949328	0.8411347957648649	2.75811289047231e-06	8096	0.9462365527300982	False
FNDC3B	-0.9998201238705265	0.8413012173966381	6.93227794748437e-06	6801	0.9462365527300982	False
UQCRH	-1.0003088395360662	0.8414194646550365	1.49450949267706e-05	5233	0.9462365527300982	False
DOT1L	-1.0006580121953463	0.8415039133719491	4.5383580177589e-05	2671	0.9462365527300982	False
ATXN10	-1.000946488339258	0.8415736601542101	2.63779305010928e-05	3889	0.9462365527300982	False
SESTD1	-1.0012638595792689	0.8416503698317966	7.34058976340061e-06	6703	0.9462365527300982	False
ZNF592	-1.001490910130789	0.8417052337453443	1.57558179948523e-05	5111	0.9462365527300982	False
H2BC18	-1.0016810402526874	0.8417511667045012	2.92226354045149e-06	8037	0.9462365527300982	False
YWHAE	-1.002151164234053	0.8418647049765693	0.0008221292634993	123	0.9462365527300982	False
CWC15	-1.0022172078587575	0.8418806506956891	2.37025700033949e-05	4160	0.9462365527300982	False
FYCO1	-1.0024255863265266	0.8419309551364222	3.33440567029225e-05	3366	0.9462365527300982	False
PRCC	-1.0025049416495717	0.8419501094643567	1.61440596652094e-05	5055	0.9462365527300982	False
VAMP2	-1.003193214801813	0.8421161769279203	4.25465198007674e-05	2824	0.9462365527300982	False
CKAP2	-1.0037853035221473	0.8422589451669424	2.14871768420126e-05	4395	0.9462365527300982	False
METTL16	-1.0037988294452094	0.8422622056334362	3.08123396705169e-06	7967	0.9462365527300982	False
ATG16L1	-1.0040940863018437	0.8423333672015954	0.0002165350121248	709	0.9462365527300982	False
CASKIN1	-1.0048133225567761	0.8425066262279333	1.52267291371781e-06	8634	0.9462365527300982	False
ANKDD1A	-1.0048133225567761	0.8425066262279333	6.09069165487123e-07	9266	0.9462365527300982	False
HIF1AN	-1.0048133225567815	0.8425066262279346	0.0001233365050712	1192	0.9462365527300982	False
VAMP8	-1.005106836454621	0.8425772957277107	2.90426831347629e-05	3673	0.9462365527300982	False
NCBP1	-1.0054721991472364	0.8426652351767164	0.0001189231996995	1244	0.9462365527300982	False
TMEM147	-1.0055395352690402	0.8426814388386683	3.09751902975361e-06	7963	0.9462365527300982	False
TMEM150A	-1.0057093901544936	0.8427223075858898	2.79833876542358e-06	8083	0.9462365527300982	False
ZC3H8	-1.005824992884193	0.8427501187413098	9.28394463761717e-06	6247	0.9462365527300982	False
CYRIB	-1.0058265817570817	0.8427505009622728	2.83326831472114e-06	8070	0.9462365527300982	False
CYRIA	-1.0058265817571204	0.842750500962282	6.18047796168663e-07	9259	0.9462365527300982	False
BAZ2B	-1.0059168016551656	0.8427722033554483	2.72188106567164e-06	8111	0.9462365527300982	False
LCA5	-1.0060162249445992	0.8427961173429823	2.91038581380323e-05	3671	0.9462365527300982	False
KBTBD7	-1.0062567829340814	0.8428539681448985	0.0001070598786196	1363	0.9462365527300982	False
ERG	-1.0069433567326902	0.8430190024457074	0.0001838055378231	835	0.9462365527300982	False
NUP93	-1.0071798159855407	0.8430758146318892	4.51804269850853e-05	2688	0.9462365527300982	False
TOMM40	-1.0073996143547947	0.8431286117075727	7.27117204841337e-05	1885	0.9462365527300982	False
DPH6	-1.0074142944095865	0.843132137540982	2.94306609097426e-06	8026	0.9462365527300982	False
TTC28	-1.007575282703922	0.8431708000452607	1.5697113214424e-05	5122	0.9462365527300982	False
ZNF503	-1.0076481466262726	0.8431882967822755	1.63292319915941e-06	8565	0.9462365527300982	False
SOWAHA	-1.0076481466262728	0.8431882967822755	1.63292319915941e-06	8564	0.9462365527300982	False
TMEM68	-1.0077706825245316	0.8432177183019631	3.25683153191328e-06	7905	0.9462365527300982	False
AQR	-1.0078210418359936	0.8432298087866491	3.44979259158586e-05	3292	0.9462365527300982	False
BLOC1S6	-1.0081115331809802	0.8432995392461422	1.45610827729399e-05	5281	0.9462365527300982	False
TAP1	-1.0083268036180462	0.8433512002699459	1.56605494922768e-05	5128	0.9462365527300982	False
URB1	-1.0084428440807554	0.8433790432378925	2.65679524771281e-05	3872	0.9462365527300982	False
VPS33A	-1.008462258324269	0.8433837012100366	2.08275833915883e-05	4468	0.9462365527300982	False
DNALI1	-1.0085368481167152	0.8434015963552645	7.60201492729426e-06	6628	0.9462365527300982	False
PSME3IP1	-1.0090013188919122	0.8435129991678298	6.12301599787704e-06	7007	0.9462365527300982	False
CDR2L	-1.0096983389859957	0.8436800807431829	2.29738129492658e-05	4225	0.9462365527300982	False
FAM204A	-1.0103120755857777	0.8438271012461853	2.14674584803423e-06	8349	0.9462365527300982	False
ZRANB1	-1.0104311604227116	0.843855617442514	0.0004218439711236	312	0.9462365527300982	False
POMT2	-1.010647406360789	0.8439073911792243	4.77950405372059e-06	7391	0.9462365527300982	False
EPOP	-1.0117934202476786	0.8441815816793643	1.2344658499925e-06	8780	0.9462365527300982	False
SUZ12	-1.0117934202477001	0.8441815816793694	0.0001779780112169	856	0.9462365527300982	False
SMPD3	-1.0120034687570905	0.8442318025523641	6.21876992390142e-06	6980	0.9462365527300982	False
PGRMC2	-1.0128469858062055	0.8444333730453338	4.49959387229579e-05	2697	0.9462365527300982	False
SUCLG2	-1.0137618393505419	0.8446517958254699	0.0001305433417772	1130	0.9462365527300982	False
SF3B5	-1.0137874859967901	0.8446579160864901	4.36825834463162e-05	2765	0.9462365527300982	False
EPB41L1	-1.014820238263087	0.8449042376685586	2.67500676834207e-05	3854	0.9462365527300982	False
WDR18	-1.0152982688026724	0.8450181653010129	1.86619359488254e-05	4735	0.9462365527300982	False
MARK1	-1.0160957975393543	0.8452081149636375	2.38811699993962e-05	4146	0.9462365527300982	False
VTA1	-1.0165271929933888	0.8453107975080321	8.21571527389321e-06	6474	0.9462365527300982	False
PLD6	-1.0169738125238872	0.845417056320434	1.39514929478271e-05	5392	0.9462365527300982	False
XPOT	-1.0170360836417398	0.8454318679055848	1.41949178833399e-05	5344	0.9462365527300982	False
CHP1	-1.0172093826312012	0.8454730832450945	5.5296017004974e-06	7180	0.9462365527300982	False
PSMB2	-1.0173844622416035	0.8455147146887854	0.0001013482517563	1426	0.9462365527300982	False
ZNF483	-1.0174715628151485	0.8455354232055843	1.13684438871034e-05	5816	0.9462365527300982	False
HMOX2	-1.0182236865597696	0.8457141673528614	3.44905893415193e-05	3295	0.9462365527300982	False
TXNRD1	-1.0185955800316049	0.8458024982381873	1.58886712375895e-05	5090	0.9462365527300982	False
PLK2	-1.0193029197300052	0.8459704108556311	1.44913153157957e-05	5292	0.9462365527300982	False
IFIT1	-1.0197794794059905	0.8460834712672303	9.11964722247135e-06	6284	0.9462365527300982	False
ASPSCR1	-1.0200230832638695	0.8461412433422457	1.90431692801796e-05	4689	0.9462365527300982	False
SLC25A11	-1.0200682247643067	0.8461519473358848	4.52127039729193e-05	2686	0.9462365527300982	False
RBM25	-1.0213096274824547	0.846446116729767	7.21988170718331e-05	1894	0.9462365527300982	False
SHQ1	-1.021390403667964	0.8464652449688261	9.55781084735925e-06	6189	0.9462365527300982	False
RNASE1	-1.0214726971701318	0.846484730893869	3.77000296989268e-06	7716	0.9462365527300982	False
DST	-1.021525055677628	0.8464971277874741	4.60002846243676e-05	2646	0.9462365527300982	False
IGF2BP1	-1.0216856961062346	0.8465351583912999	0.000159324876869	949	0.9462365527300982	False
NIPAL3	-1.0217950534072469	0.8465610444689673	1.70498548093655e-06	8533	0.9462365527300982	False
ERLIN1	-1.0220391714833892	0.8466188194715816	2.68976055583343e-05	3842	0.9462365527300982	False
RBIS	-1.0220415232675306	0.8466193759941696	3.98067373074198e-07	9409	0.9462365527300982	False
MED12	-1.0224288570977433	0.846711015824547	6.09781305425012e-05	2158	0.9462365527300982	False
RPSA	-1.023051909755283	0.8468583485635294	0.0002157265591245	711	0.9462365527300982	False
NAP1L4	-1.0234581585576705	0.8469543633130326	4.68138165708632e-05	2607	0.9462365527300982	False
ZNF865	-1.023483742928388	0.8469604087073936	6.03489566521612e-06	7042	0.9462365527300982	False
LPCAT1	-1.0238149243285717	0.8470386500941501	1.38809466110438e-05	5400	0.9462365527300982	False
FZD10	-1.0244595565327776	0.8471908679645009	2.55451449557542e-05	3980	0.9462365527300982	False
SF3A3	-1.0250845492457732	0.8473383523896332	8.30684661206998e-05	1698	0.9462365527300982	False
MRPL23	-1.0255872668185622	0.8474569140459917	1.51268296780176e-05	5210	0.9462365527300982	False
DENND4B	-1.0257631656463178	0.8474983838533832	2.60327078591437e-06	8156	0.9462365527300982	False
PRPF38B	-1.0266748178380265	0.8477131945818561	3.12244647956832e-06	7956	0.9462365527300982	False
PRKAR2B	-1.0267993834102727	0.8477425301054764	3.86892311088672e-05	3029	0.9462365527300982	False
PDAP1	-1.0269592999631878	0.8477801853789659	1.11873435825905e-05	5855	0.9462365527300982	False
ZMAT5	-1.0270043179949573	0.8477907845814858	1.16055910667222e-05	5775	0.9462365527300982	False
FAM241A	-1.0274159116856665	0.8478876689153227	8.25248912243172e-06	6464	0.9462365527300982	False
PPIE	-1.0275784891758006	0.8479259264669474	3.67513416755677e-05	3150	0.9462365527300982	False
TSFM	-1.0288376790938305	0.8482220211888081	3.32817294067068e-05	3369	0.9462365527300982	False
FBRSL1	-1.0297948018254917	0.8484468292860452	1.57903513593302e-05	5102	0.9462365527300982	False
RAB33B	-1.0301372659943069	0.8485272131522714	8.88845874164489e-06	6334	0.9462365527300982	False
SMIM43	-1.030301355097496	0.848565718423439	2.70452703859512e-07	9433	0.9462365527300982	False
LMBR1	-1.030301355097496	0.848565718423439	2.31816604148066e-06	8273	0.9462365527300982	False
LARP6	-1.0303661732661478	0.8485809269096968	1.29769538209551e-06	8752	0.9462365527300982	False
C11ORF68	-1.030366173266148	0.8485809269096969	6.87778552510619e-07	9204	0.9462365527300982	False
SZRD1	-1.0303661732661495	0.8485809269096971	1.29769538209551e-06	8753	0.9462365527300982	False
EBP	-1.030855745889004	0.8486957640329251	9.62730238512698e-06	6179	0.9462365527300982	False
MRPL19	-1.0308613867008936	0.8486970868383222	1.95412573142445e-05	4630	0.9462365527300982	False
C6ORF89	-1.0309274531236619	0.8487125792518738	2.12858309917159e-07	9443	0.9462365527300982	False
PTRHD1	-1.03092745312367	0.8487125792518757	7.06993700524133e-07	9186	0.9462365527300982	False
P2RY12	-1.0309274531236738	0.8487125792518767	2.07254512962112e-05	4481	0.9462365527300982	False
POC1B	-1.0311524832333077	0.8487653403411146	2.51601574205015e-05	4017	0.9462365527300982	False
TMEM237	-1.0312309134824826	0.8487837264052129	1.52123286164949e-05	5195	0.9462365527300982	False
LRRC4	-1.0317521301335226	0.8489058751937695	1.02845043972573e-05	6037	0.9462365527300982	False
EIF4B	-1.031808049537944	0.8489189761842589	0.0001186100154941	1252	0.9462365527300982	False
RPS10	-1.032202092634946	0.8490112725273042	0.0001402024073145	1053	0.9462365527300982	False
CDIPT	-1.0324597395107498	0.8490716006186951	4.50633810686741e-06	7482	0.9462365527300982	False
RAB2A	-1.032585283032072	0.8491009908567599	8.57270337601545e-05	1645	0.9462365527300982	False
TYMS	-1.0326646438216485	0.8491195675681701	2.27446982841382e-06	8290	0.9462365527300982	False
RSBN1	-1.0330969456102865	0.849220733699322	3.3393332703583e-05	3363	0.9462365527300982	False
MRPL14	-1.033553219423659	0.8493274607024504	7.55521928796363e-06	6643	0.9462365527300982	False
SELENOS	-1.0339808618220954	0.8494274448499932	1.80515717729987e-06	8491	0.9462365527300982	False
CEP162	-1.0341791614390894	0.8494737929285358	3.78791201706397e-05	3079	0.9462365527300982	False
MRPS15	-1.034918324984509	0.8496464720564207	2.74614631537472e-05	3804	0.9462365527300982	False
ALX3	-1.0353108410021994	0.8497381157088513	7.84664928948696e-06	6569	0.9462365527300982	False
TSPYL1	-1.036314038904934	0.8499721706417471	2.06390809101827e-05	4490	0.9462365527300982	False
MAP7D3	-1.036890046925773	0.8501064484910945	2.66181844769098e-05	3867	0.9462365527300982	False
RMDN3	-1.0369562520610884	0.8501218769639726	3.20110841857616e-05	3461	0.9462365527300982	False
ANG	-1.0372008366898537	0.8501788658856453	1.3841744518652e-06	8719	0.9462365527300982	False
TMEM205	-1.0375076902345945	0.8502503431997377	3.79647716876008e-06	7707	0.9462365527300982	False
SYNGR2	-1.0375476232189556	0.8502596433662603	9.99646315904916e-06	6094	0.9462365527300982	False
AARS2	-1.0381302574771512	0.8503952917711322	3.9481732129499e-05	2982	0.9462365527300982	False
MRPL27	-1.0382297704066301	0.8504184520843427	2.60255461631497e-05	3924	0.9462365527300982	False
GABRA3	-1.0384210055163967	0.850462952800102	4.42447454401248e-06	7504	0.9462365527300982	False
GABRA5	-1.0384210055164471	0.8504629528001135	3.87141521810939e-07	9414	0.9462365527300982	False
ATP6AP2	-1.038462368451692	0.8504725768589683	3.75481393693156e-05	3095	0.9462365527300982	False
NSUN2	-1.0386509535668835	0.8505164503786733	5.6586933083597e-05	2277	0.9462365527300982	False
MATR3	-1.0388969491389204	0.8505736672805395	0.0003105272379875	481	0.9462365527300982	False
CTDSP2	-1.0389131290587998	0.8505774301077271	9.85730985564288e-06	6136	0.9462365527300982	False
CST2	-1.0389977560429027	0.8505971100594358	5.56222311279111e-06	7175	0.9462365527300982	False
KBTBD8	-1.0395296220030266	0.8507207555424667	1.78033044489133e-05	4838	0.9462365527300982	False
RPP25L	-1.0397307751976979	0.8507675007983575	8.51071805359077e-06	6415	0.9462365527300982	False
IFT70A	-1.0399581903187922	0.8508203371941498	1.05549408846382e-05	5983	0.9462365527300982	False
EMC4	-1.0400339306073316	0.850837931508402	2.66699706865433e-05	3861	0.9462365527300982	False
SGPP1	-1.0401231338983195	0.8508586514733063	9.08820129115232e-06	6288	0.9462365527300982	False
HBS1L	-1.0402601175397468	0.8508904660213497	1.38329769120749e-05	5412	0.9462365527300982	False
DUSP23	-1.0403618095869522	0.8509140811397662	3.14863322477951e-06	7944	0.9462365527300982	False
SEMA7A	-1.0404918095816418	0.8509442663447582	6.25397335208135e-06	6969	0.9462365527300982	False
PEX11B	-1.0410347261301427	0.8510702841237464	3.05119461974091e-06	7978	0.9462365527300982	False
UQCRC2	-1.0413918331246883	0.8511531343406498	6.83690728845888e-05	1965	0.9462365527300982	False
KIF2A	-1.0426962140247964	0.8514554940504044	4.33071136062066e-05	2795	0.9462365527300982	False
ZNF169	-1.0430868438993057	0.8515459633530538	1.97238065925646e-05	4609	0.9462365527300982	False
SF3A2	-1.0441140075839634	0.8517836770807753	0.0001414964723776	1045	0.9462365527300982	False
IPO7	-1.0443797365405665	0.8518451325313428	6.38330867024092e-05	2075	0.9462365527300982	False
TEX28	-1.0444640017698836	0.851864617089505	1.43138487439477e-05	5318	0.9462365527300982	False
DUX4	-1.045401121239841	0.8520811906406378	9.3787391988532e-05	1518	0.9462365527300982	False
VPS50	-1.046180376584416	0.852261119419778	4.48524458329248e-06	7490	0.9462365527300982	False
SDF4	-1.046803446398561	0.8524048797273079	2.75566345031529e-05	3795	0.9462365527300982	False
NT5C2	-1.0468255552159893	0.8524099791517296	3.66448587368135e-06	7750	0.9462365527300982	False
PRAF2	-1.0468830905331632	0.8524232491862684	7.81846767135228e-06	6577	0.9462365527300982	False
ZC3H13	-1.0469000209366992	0.8524271538885242	2.13761190306533e-05	4411	0.9462365527300982	False
PTGES2	-1.047362353497089	0.8525337560796156	4.96924838058018e-06	7330	0.9462365527300982	False
DHCR7	-1.0476225511621944	0.852593728382725	9.32763578872792e-06	6239	0.9462365527300982	False
CERS5	-1.0491956679733092	0.852955963974769	3.6967956176331e-06	7739	0.9462365527300982	False
ZNF426	-1.0495150748946689	0.8530294396222754	1.57741848484079e-06	8615	0.9462365527300982	False
OPTN	-1.049515074894684	0.8530294396222788	0.0001503054461636	998	0.9462365527300982	False
HNRNPA0	-1.050257024076498	0.85320002089626	9.12235533764705e-05	1569	0.9462365527300982	False
OPRK1	-1.0504596670919557	0.8532465873789307	1.78804622285694e-06	8500	0.9462365527300982	False
ASB13	-1.0507582859899036	0.8533151906370459	6.81866030145731e-06	6830	0.9462365527300982	False
PSMA4	-1.0510786640212875	0.8533887688007795	0.0001082961273297	1350	0.9462365527300982	False
UBLCP1	-1.0512312181148191	0.8534237957364702	3.13051399867864e-05	3514	0.9462365527300982	False
UCHL5	-1.051546873196877	0.8534962533760576	0.0001201617372244	1229	0.9462365527300982	False
SPINT2	-1.0522727672870553	0.8536627888689219	2.41905765131819e-05	4114	0.9462365527300982	False
RHOA	-1.052665138987095	0.8537527543113645	0.000627290976041	185	0.9462365527300982	False
VPS53	-1.0534791207016978	0.8539392706639368	9.26255758034182e-06	6256	0.9462365527300982	False
BCL2L13	-1.054224397611522	0.8541099037481081	9.70887938356521e-06	6165	0.9462365527300982	False
FAM234B	-1.0545518556670632	0.8541848337431859	2.37305597351815e-05	4159	0.9462365527300982	False
ABCD4	-1.054551855667075	0.8541848337431885	8.38685908383431e-07	9050	0.9462365527300982	False
RPL36A	-1.0545686122875142	0.8541886673506413	2.36196736601509e-05	4165	0.9462365527300982	False
GEMIN4	-1.0554204590846776	0.8543834650206455	6.44500939109809e-05	2061	0.9462365527300982	False
ELOVL4	-1.0557767404914509	0.8544648864218508	4.87418967936911e-07	9359	0.9462365527300982	False
TBC1D15	-1.055790307645865	0.8544679863340772	1.99920857903491e-05	4573	0.9462365527300982	False
IFT22	-1.0563631642764144	0.8545988358473446	1.2087551309756e-05	5689	0.9462365527300982	False
DDX51	-1.056388674703801	0.8546046609912903	1.81798099617344e-05	4789	0.9462365527300982	False
CUL4B	-1.0566219770060299	0.8546579268066399	0.0004353972734043	298	0.9462365527300982	False
ATL2	-1.0566268970593906	0.8546590499746158	8.24851072084258e-06	6465	0.9462365527300982	False
FEM1A	-1.0570687820397975	0.8547599013006262	6.27302739656449e-06	6965	0.9462365527300982	False
MARK2	-1.0577957864290823	0.8549257228931499	9.4999631223039e-05	1499	0.9462365527300982	False
ZBTB11	-1.058086775985168	0.8549920586430975	3.77410553849324e-06	7715	0.9462365527300982	False
NUP43	-1.0582257639030848	0.8550237359682153	6.28070083672198e-05	2109	0.9462365527300982	False
GABARAPL1	-1.0583518091482018	0.8550524594457165	0.0001167338679282	1271	0.9462365527300982	False
DEFB4A	-1.0587162662796492	0.855135491210955	2.33367973809878e-06	8269	0.9462365527300982	False
SLC6A5	-1.0589508945583261	0.8551889280116652	2.39766973340265e-06	8242	0.9462365527300982	False
PSMC1	-1.0590824098895253	0.8552188749401317	0.0001300712653662	1134	0.9462365527300982	False
HLA-C	-1.0595848888546924	0.8553332543817231	5.52682653507092e-05	2315	0.9462365527300982	False
NGEF	-1.0601368538699345	0.8554588281776512	7.01932904544837e-06	6772	0.9462365527300982	False
SLC12A8	-1.0601368538699534	0.8554588281776556	4.85286948549204e-07	9360	0.9462365527300982	False
PROS1	-1.0602271073320824	0.8554793541393466	2.44515067890641e-06	8218	0.9462365527300982	False
ASB8	-1.0602929588583936	0.8554943292330972	1.09393413317698e-05	5900	0.9462365527300982	False
MRPS24	-1.0606309656749129	0.8555711778708042	4.30255773958723e-05	2801	0.9462365527300982	False
ITPRIP	-1.060704273174417	0.8555878413005642	7.93415792283388e-06	6542	0.9462365527300982	False
EDA	-1.060893375740943	0.8556308199703828	1.41510135892643e-06	8703	0.9462365527300982	False
YKT6	-1.0609425612358327	0.8556419972907672	4.28090916108476e-05	2813	0.9462365527300982	False
AKR1C2	-1.0614645042471096	0.8557605720222705	4.80939708069026e-06	7384	0.9462365527300982	False
MALSU1	-1.0621722639079851	0.8559212555723101	1.84820250181862e-05	4758	0.9462365527300982	False
INPP5E	-1.062331690162321	0.8559574336481516	8.9318065532452e-06	6328	0.9462365527300982	False
AP2M1	-1.0626721978880043	0.8560346834299728	0.0001178035396646	1260	0.9462365527300982	False
RHOT2	-1.0629947307206173	0.8561078295378435	2.90165593039778e-05	3675	0.9462365527300982	False
DGKE	-1.063537541615544	0.8562308751392382	1.68885691220597e-06	8539	0.9462365527300982	False
ZNF556	-1.0636377113639754	0.8562535740826676	3.06949646664899e-06	7970	0.9462365527300982	False
ARHGAP19	-1.0637296053722844	0.856274395576981	6.18727932576776e-06	6987	0.9462365527300982	False
TNPO1	-1.0638707964127196	0.8563063829075037	4.48165094752094e-05	2708	0.9462365527300982	False
CEP57	-1.064434668221253	0.856434082156948	5.80645744179189e-06	7107	0.9462365527300982	False
RSRC2	-1.0649391535798753	0.8565482672981742	2.56826756485368e-06	8169	0.9462365527300982	False
ZMAT4	-1.0651814403726148	0.8566030846546313	2.4363277246942e-06	8222	0.9462365527300982	False
EHD3	-1.0653792230704746	0.8566478224785681	5.85035957727873e-06	7093	0.9462365527300982	False
E2F8	-1.065489559371194	0.8566727761066804	3.98686426231886e-07	9408	0.9462365527300982	False
TTC33	-1.0654895593712088	0.8566727761066838	1.06221455198926e-05	5963	0.9462365527300982	False
EMC6	-1.0655231933204685	0.856680382168215	8.25414529869652e-06	6463	0.9462365527300982	False
IFNA8	-1.0659687934694444	0.856781125521837	3.27057219124444e-06	7902	0.9462365527300982	False
DEPDC1B	-1.0661647075190508	0.8568254035399774	1.66857303961633e-05	4982	0.9462365527300982	False
CNN2	-1.066358033704811	0.8568690876165741	8.99142461735808e-06	6311	0.9462365527300982	False
RAB17	-1.0664124491124602	0.8568813817238937	2.4555324490964e-06	8210	0.9462365527300982	False
TMEM115	-1.0665661601655805	0.8569161059051362	4.45404537957878e-07	9391	0.9462365527300982	False
GRPEL1	-1.0669883329436856	0.8570114477955749	2.38279990119249e-05	4151	0.9462365527300982	False
SPATS2	-1.0672598424475983	0.8570727417798252	9.21305323252884e-06	6265	0.9462365527300982	False
CMSS1	-1.0682309626335096	0.8572918293658405	1.73563790040315e-05	4900	0.9462365527300982	False
SUGP1	-1.0686583223903938	0.8573881710103878	1.76948244847909e-05	4855	0.9462365527300982	False
FMR1	-1.0694283632654125	0.8575616537713115	8.89979677736446e-05	1599	0.9462365527300982	False
YWHAB	-1.0695414610232423	0.8575871215745547	0.000668926558337	166	0.9462365527300982	False
EFCAB14	-1.0700838574801315	0.8577092177564037	4.90180614740177e-06	7352	0.9462365527300982	False
ZNF574	-1.0702592798299544	0.8577486910514169	2.39911781119684e-06	8241	0.9462365527300982	False
EXOSC3	-1.070435609701697	0.8577883610878438	2.82638044984154e-05	3748	0.9462365527300982	False
MTCH2	-1.070723613895308	0.8578531390953801	0.0001144606726559	1289	0.9462365527300982	False
BLOC1S4	-1.0711244765022727	0.8579432680122485	3.79875747632003e-06	7706	0.9462365527300982	False
ATP6V0D2	-1.0716199290081578	0.8580546108164288	3.7998570169443e-06	7705	0.9462365527300982	False
PPIP5K2	-1.0716628737490135	0.8580642589840461	2.06164850637761e-06	8385	0.9462365527300982	False
ACTR10	-1.072306698518744	0.8582088504617442	2.61655719761638e-05	3911	0.9462365527300982	False
RAB1A	-1.0734241748864075	0.858459578673503	9.68576740891067e-05	1467	0.9462365527300982	False
DNAJC1	-1.073640625799206	0.8585081090223085	4.35148345511463e-05	2776	0.9462365527300982	False
DLST	-1.074688249897579	0.8587428369220476	4.28385770565882e-05	2810	0.9462365527300982	False
CCNL1	-1.0749385847484605	0.8587988871911915	1.81360728599021e-05	4796	0.9462365527300982	False
NUDT21	-1.0753603514418972	0.8588932871446924	0.0004937166890439	248	0.9462365527300982	False
KIAA0232	-1.0756302334077337	0.8589536697520068	1.82939726968124e-05	4778	0.9462365527300982	False
SLC52A2	-1.0756950775325707	0.8589681751767997	5.612728998684e-07	9296	0.9462365527300982	False
CD300E	-1.0756950775325709	0.8589681751767998	5.612728998684e-07	9294	0.9462365527300982	False
FXYD6	-1.0756950775325709	0.8589681751767998	5.612728998684e-07	9295	0.9462365527300982	False
SPPL2B	-1.075695077532601	0.8589681751768065	5.03481469569051e-05	2476	0.9462365527300982	False
BLOC1S5	-1.0758267403620176	0.8589976246208646	4.66069672210398e-06	7430	0.9462365527300982	False
PPP4R3B	-1.0761254620288248	0.8590644251794002	2.44538858055797e-06	8217	0.9462365527300982	False
IFT52	-1.0763650449946445	0.8591179855432329	8.44444293249494e-06	6431	0.9462365527300982	False
ATP6V1C2	-1.0765125323741649	0.8591509504592061	4.95834850638377e-06	7334	0.9462365527300982	False
MRPS30	-1.076638394369858	0.8591790777452044	2.84227119623767e-05	3735	0.9462365527300982	False
FOXN3	-1.0767891592585328	0.8592127652429954	2.6037099429988e-06	8155	0.9462365527300982	False
QRSL1	-1.0772381837854863	0.8593130646472985	1.2189651992467e-05	5668	0.9462365527300982	False
DHX37	-1.077628798368006	0.8594002774687723	1.86835510472056e-05	4732	0.9462365527300982	False
SGCZ	-1.0776709208187627	0.8594096799886698	5.52241913366016e-07	9304	0.9462365527300982	False
SGCB	-1.0776709208187727	0.8594096799886719	2.63498281455791e-06	8143	0.9462365527300982	False
TMEM183A	-1.0777815370474382	0.8594343695704896	5.37382734950447e-07	9322	0.9462365527300982	False
NEMP2	-1.0782946836535288	0.8595488655800158	8.8266624500058e-07	9013	0.9462365527300982	False
RAN	-1.0782946836535359	0.8595488655800173	0.0001612114948451	937	0.9462365527300982	False
ZNF445	-1.0786136945649676	0.8596200130706909	9.65531037340391e-06	6173	0.9462365527300982	False
RPN2	-1.0792449594650861	0.859760728948669	0.0001723905473506	886	0.9462365527300982	False
ATP2A2	-1.079420196691243	0.8597997742558308	7.35259176970282e-05	1862	0.9462365527300982	False
SEC63	-1.0795462410813865	0.8598278541442257	7.36625353515351e-05	1856	0.9462365527300982	False
CLK1	-1.0799701623634268	0.8599222663500118	2.33810551958579e-05	4187	0.9462365527300982	False
TMA16	-1.0805509802644346	0.8600515510956745	1.11306179610992e-05	5865	0.9462365527300982	False
WRAP73	-1.0809836120698066	0.8601477982614381	2.1795965385451e-05	4372	0.9462365527300982	False
IGHMBP2	-1.0815386079134441	0.8602712017399211	6.43073548339659e-06	6923	0.9462365527300982	False
RPS6KB2	-1.0816810394765257	0.8603028594963325	6.43981759024502e-05	2066	0.9462365527300982	False
SRP19	-1.0823512529981985	0.8604517600041746	2.00952814567796e-05	4560	0.9462365527300982	False
ELOC	-1.0823798368099098	0.8604581080334468	8.10074958229983e-06	6509	0.9462365527300982	False
TUT1	-1.0828875434451048	0.8605708292213581	1.55683945244492e-05	5139	0.9462365527300982	False
STX7	-1.0840426300963018	0.8608270511101502	9.30153464031378e-05	1531	0.9462365527300982	False
GABARAPL2	-1.0846349191290463	0.8609583085949677	0.0001122160444532	1312	0.9462365527300982	False
SOWAHC	-1.0852203252202073	0.8610879579161208	6.68403156559455e-06	6861	0.9462365527300982	False
CEP170B	-1.0852621851488027	0.861097225439577	1.62075099383218e-05	5048	0.9462365527300982	False
ZSCAN26	-1.085540104084836	0.8611587442580333	2.18648455934719e-06	8331	0.9462365527300982	False
IFT20	-1.0858650452059115	0.8612306481524263	2.98904964270946e-05	3611	0.9462365527300982	False
MAGOH	-1.08590596304102	0.861239700768972	3.93583042649189e-05	2990	0.9462365527300982	False
DEK	-1.0870617465243375	0.8614952388968535	3.97828575790063e-05	2966	0.9462365527300982	False
DDX46	-1.0885901342521036	0.8618326653373347	4.08690128137487e-05	2894	0.9462365527300982	False
NHP2	-1.088702505088013	0.8618574516229054	1.24873450093767e-05	5623	0.9462365527300982	False
ECD	-1.0891149727902725	0.8619484060202108	4.25297411605965e-05	2827	0.9462365527300982	False
EMC9	-1.0895431778981588	0.8620427874991148	4.9890687954651e-06	7324	0.9462365527300982	False
SCAF1	-1.0900315620714505	0.8621503794188236	1.87462897071015e-05	4723	0.9462365527300982	False
MRPL44	-1.0915092586294612	0.8624755699351409	3.28068924122121e-05	3405	0.9462365527300982	False
POC1A	-1.091986803848527	0.8625805492618002	2.21482425311711e-05	4318	0.9462365527300982	False
GLB1L	-1.0919928496827438	0.8625818779737996	7.6839378983528e-07	9111	0.9462365527300982	False
ERP29	-1.0919928496827478	0.8625818779738006	1.17831814957238e-05	5739	0.9462365527300982	False
KLHL5	-1.0922213218018635	0.8626320835806023	2.21069565068327e-06	8307	0.9462365527300982	False
KLHL28	-1.0922213218018637	0.8626320835806025	2.21069565068327e-06	8306	0.9462365527300982	False
AFG2B	-1.0922213218018673	0.8626320835806032	1.17166869486213e-06	8806	0.9462365527300982	False
OR7C1	-1.0922262490965777	0.8626331661910068	5.53145592372591e-07	9303	0.9462365527300982	False
ABCA3	-1.0923850264161998	0.8626680491482549	5.63425865555079e-06	7158	0.9462365527300982	False
MRPL51	-1.0930014912102735	0.8628034274921219	1.84993165299158e-05	4753	0.9462365527300982	False
LBR	-1.0951005666097509	0.8632637097552605	5.93556869583733e-05	2199	0.9462365527300982	False
RAB4A	-1.0953529048469153	0.8633189709569037	0.0001457977485592	1021	0.9462365527300982	False
MPHOSPH6	-1.0957475269947385	0.8634053612265455	1.72833428256975e-05	4909	0.9462365527300982	False
SEC61A1	-1.0973272088171215	0.863750809568666	6.17979865673844e-05	2140	0.9462365527300982	False
MRPL10	-1.0974844212817363	0.8637851564036373	2.2060218754975e-05	4333	0.9462365527300982	False
TENT4B	-1.098437482345035	0.8639932486191233	3.68852451478161e-06	7741	0.9462365527300982	False
SLC16A10	-1.098530214059285	0.8640134841217118	2.93175315200961e-06	8031	0.9462365527300982	False
ZNF770	-1.0985357228610488	0.8640146861630889	4.2244194238466e-06	7558	0.9462365527300982	False
MRPL17	-1.098941532025054	0.8641032152525252	1.75537298332591e-05	4873	0.9462365527300982	False
KLC2	-1.0992677361446146	0.8641743495275445	3.94073066946002e-05	2985	0.9462365527300982	False
MT-ATP8	-1.0998588498446427	0.8643031867977711	2.99850420153873e-06	8007	0.9462365527300982	False
IQGAP3	-1.1005824094618863	0.8644607775817261	1.48559091301801e-05	5244	0.9462365527300982	False
CPSF7	-1.1007720405716095	0.8645020583588825	5.81212151037653e-05	2233	0.9462365527300982	False
UPF2	-1.1012488287411282	0.8646058122624746	2.78935735716292e-05	3774	0.9462365527300982	False
CMPK1	-1.1016704525695273	0.8646975164746933	6.45324626574663e-06	6917	0.9462365527300982	False
SLC35F6	-1.1020935802491223	0.8647895049642645	9.92528507132197e-07	8931	0.9462365527300982	False
SRBD1	-1.1029030907234028	0.8649653740513763	1.34750525825496e-05	5473	0.9462365527300982	False
RAB1B	-1.1031307690958105	0.8650148097238848	3.13219259512748e-05	3512	0.9462365527300982	False
HSPE1	-1.1033188202854398	0.8650556318076745	2.89986566359373e-05	3677	0.9462365527300982	False
DCUN1D5	-1.1037313106702473	0.865145145408585	2.26086097072653e-05	4258	0.9462365527300982	False
DNAJC8	-1.1037955811851479	0.8651590889380836	4.56497004513833e-05	2658	0.9462365527300982	False
RABEP2	-1.1042380756412662	0.8652550615468777	9.85564084638699e-06	6137	0.9462365527300982	False
VAMP3	-1.1049313007582897	0.8654053208659291	7.37001576638538e-05	1854	0.9462365527300982	False
TWNK	-1.105319446479349	0.8654894027606734	7.11188988785979e-06	6746	0.9462365527300982	False
SCAMP2	-1.1058549035741343	0.8656053367224021	7.87600489924869e-06	6561	0.9462365527300982	False
CCDC59	-1.1060543800253666	0.8656485086224923	2.41969221131092e-05	4112	0.9462365527300982	False
STX18	-1.1062907863417217	0.8656996607752944	2.97474948415851e-05	3625	0.9462365527300982	False
DYRK1A	-1.1063966853487603	0.8657225702166562	0.0003153414137909	465	0.9462365527300982	False
ZNF622	-1.1072708414617722	0.8659115764438754	1.97683188992056e-05	4602	0.9462365527300982	False
SYNCRIP	-1.1076431257807147	0.8659920146161779	0.0002032031052446	761	0.9462365527300982	False
TARDBP	-1.108200506091429	0.8661123838401814	0.0001898678978047	806	0.9462365527300982	False
GET1	-1.1086484295773427	0.8662090614173995	2.16344466058238e-06	8342	0.9462365527300982	False
YWHAH	-1.108749005670848	0.8662307626624386	0.0007247536891513	152	0.9462365527300982	False
EXOSC1	-1.1088238460528812	0.8662469093577463	2.67260055424899e-05	3857	0.9462365527300982	False
GAMT	-1.1088449970844065	0.8662514724168549	1.88202693943117e-06	8457	0.9462365527300982	False
UBAP2	-1.10895985537628	0.8662762497263692	1.23578132911097e-05	5639	0.9462365527300982	False
GIMAP2	-1.1096584248510408	0.8664268776514767	1.41094165086998e-06	8706	0.9462365527300982	False
NAPG	-1.1102452558523148	0.8665533219397334	1.6887125157359e-05	4958	0.9462365527300982	False
SNN	-1.111254699041611	0.8667706336728045	1.81412014924584e-06	8487	0.9462365527300982	False
EXOSC2	-1.1120089234745831	0.8669328431891922	3.08038246972309e-05	3548	0.9462365527300982	False
CCDC60	-1.1125494188607532	0.8670490027875251	1.71804989964918e-06	8527	0.9462365527300982	False
AOC2	-1.112597347007446	0.8670592998086896	2.05534415932647e-06	8387	0.9462365527300982	False
ALDH3A2	-1.1130122557165072	0.8671484170413093	4.74925644326091e-05	2585	0.9462365527300982	False
SLC25A1	-1.1137198299661055	0.8673003002815811	3.06301964298313e-05	3560	0.9462365527300982	False
YIPF1	-1.1138547628142894	0.8673292504965641	5.96050761512335e-07	9272	0.9462365527300982	False
TVP23B	-1.1138547628142894	0.8673292504965641	5.96050761512335e-07	9271	0.9462365527300982	False
YIPF6	-1.1138547628142947	0.8673292504965652	2.01465636221168e-06	8394	0.9462365527300982	False
NIPA2	-1.1139160615564885	0.8673424008736645	8.77445126296209e-07	9020	0.9462365527300982	False
VWF	-1.114033964989875	0.8673676920918991	5.10380077449459e-06	7298	0.9462365527300982	False
YTHDF1	-1.1142974357263218	0.8674241966420331	8.8347196557277e-05	1604	0.9462365527300982	False
DOCK11	-1.1146668403013387	0.8675033920805657	1.55264002263525e-05	5144	0.9462365527300982	False
BET1L	-1.1147284058019877	0.8675165877371748	4.12059499649336e-06	7591	0.9462365527300982	False
SLC47A1	-1.1148512520442626	0.8675429153102581	1.3750166212416e-06	8720	0.9462365527300982	False
SLAIN2	-1.114950106522241	0.8675640985132067	1.79093445212375e-05	4822	0.9462365527300982	False
PUF60	-1.1150803021883922	0.8675919941546828	7.03078583040296e-05	1929	0.9462365527300982	False
ZNF70	-1.1151675608268603	0.8676106878691008	3.34720360136113e-06	7879	0.9462365527300982	False
NELL2	-1.115815798735632	0.8677495051301355	2.04196027435016e-05	4515	0.9462365527300982	False
KLC1	-1.1158568183713113	0.8677582859256088	3.15436587865687e-05	3492	0.9462365527300982	False
MAP7	-1.1159115175285612	0.8677699943782767	1.14244705253667e-05	5807	0.9462365527300982	False
ATP6V1C1	-1.1159309201742158	0.8677741473776519	1.07436890313137e-05	5943	0.9462365527300982	False
LSR	-1.1164789040922602	0.8678914023373725	4.8728235348621e-05	2538	0.9462365527300982	False
CHRND	-1.1186216086428018	0.8683491995621457	1.70181317527715e-05	4939	0.9462365527300982	False
OCIAD1	-1.1194383445750937	0.8685234098735994	7.27113078742029e-05	1886	0.9462365527300982	False
ATP6V1F	-1.1195999333804412	0.8685578580060531	1.46470295654912e-05	5273	0.9462365527300982	False
ISCU	-1.1203266663996956	0.8687127087560352	6.74840769518787e-06	6849	0.9462365527300982	False
SRRT	-1.1208651260792244	0.8688273613354041	4.61589397736766e-05	2637	0.9462365527300982	False
MRPL39	-1.1209016128536367	0.8688351278504746	2.71842520286633e-05	3823	0.9462365527300982	False
MOXD1	-1.12155963835464	0.8689751395657206	4.03767494285798e-06	7619	0.9462365527300982	False
YIPF4	-1.1220039128831845	0.8690696118942436	3.19876237690949e-06	7929	0.9462365527300982	False
TOR1AIP2	-1.1225268165346396	0.8691807439204282	4.93699805293458e-05	2516	0.9462365527300982	False
TM9SF2	-1.122838729033668	0.8692470032222814	4.75463309437711e-06	7398	0.9462365527300982	False
PARN	-1.1238785031869893	0.8694677139669742	1.39865271881229e-05	5382	0.9462365527300982	False
MRPL34	-1.1243770036431606	0.8695734382255967	8.13302245102654e-06	6498	0.9462365527300982	False
RPL36AL	-1.124498571021914	0.8695992118063349	2.05782069823691e-05	4499	0.9462365527300982	False
MTERF2	-1.1252498595557157	0.8697584148274959	1.31061286332642e-06	8746	0.9462365527300982	False
PIGS	-1.1260347803735125	0.8699246010531829	6.35046614793973e-06	6947	0.9462365527300982	False
GPR155	-1.1263833190905852	0.869998347836385	4.80636848856484e-07	9365	0.9462365527300982	False
FPR2	-1.1263833190905905	0.869998347836386	2.6519235578494e-05	3874	0.9462365527300982	False
EXOSC5	-1.1264853073026075	0.8700199218943798	2.75428254652598e-05	3797	0.9462365527300982	False
KRTAP10-7	-1.1267286958030398	0.8700713970220615	6.82331265636891e-06	6827	0.9462365527300982	False
H2AC21	-1.1267817637732829	0.8700826186877058	6.84668418805389e-06	6819	0.9462365527300982	False
CLGN	-1.1274246224861366	0.8702185032388237	2.50103546846697e-05	4036	0.9462365527300982	False
GEMIN7	-1.1274564681587276	0.8702252320728572	1.4305676932941e-05	5322	0.9462365527300982	False
IPO9	-1.127544708562816	0.8702438755742181	3.34211441562464e-05	3361	0.9462365527300982	False
TCEA2	-1.1281103077368086	0.8703633317626949	9.72916698693498e-06	6163	0.9462365527300982	False
NKTR	-1.1290918122311866	0.8705704475289646	1.62170173509821e-05	5046	0.9462365527300982	False
AKR1C1	-1.129413179868012	0.8706382122432983	3.95139246756374e-06	7644	0.9462365527300982	False
RAB11FIP2	-1.1294525571294645	0.8706465137804262	2.23958077653035e-05	4286	0.9462365527300982	False
THADA	-1.129568622078131	0.8706709805124362	2.89843723351402e-06	8046	0.9462365527300982	False
MT-CYB	-1.1298769671575288	0.8707359647157886	2.16311314454269e-06	8343	0.9462365527300982	False
ZNF593	-1.1299535485189667	0.870752100847219	4.40036289519968e-06	7512	0.9462365527300982	False
MRPL33	-1.1306076630490156	0.8708898696318597	3.53720478346681e-06	7808	0.9462365527300982	False
TGS1	-1.130784284357424	0.8709270519271427	2.71411543852268e-05	3828	0.9462365527300982	False
ARL5B	-1.130803769963042	0.870931153579557	4.42495376888697e-06	7503	0.9462365527300982	False
TMCC3	-1.1311292072021204	0.8709996436308448	2.35613876151373e-06	8257	0.9462365527300982	False
DCAF7	-1.1311867314428992	0.871011747301043	0.00017332313244	879	0.9462365527300982	False
NEK1	-1.1312965959846555	0.8710348617006851	2.20273740048816e-05	4338	0.9462365527300982	False
OXCT1	-1.1319931876376952	0.8711813507632367	1.1748445691719e-05	5747	0.9462365527300982	False
DNAJC28	-1.132079761490437	0.8711995486598298	3.20305576838459e-06	7926	0.9462365527300982	False
PDIA6	-1.132090226882475	0.8712017483732026	4.11307933705146e-05	2877	0.9462365527300982	False
TMED10	-1.1321071911314695	0.8712053140213742	3.70222674579232e-05	3136	0.9462365527300982	False
MARK3	-1.1327150007944784	0.8713330219443407	5.94849892170391e-05	2197	0.9462365527300982	False
TULP4	-1.1331963433786987	0.8714340952893971	1.01445846531968e-05	6065	0.9462365527300982	False
SYP	-1.1332028653331483	0.8714354644048662	1.39632602956078e-05	5387	0.9462365527300982	False
DVL3	-1.1350827831014183	0.8718296827182295	5.12102556343917e-05	2452	0.9462365527300982	False
TMEM214	-1.1356597773762904	0.8719505097269987	2.48353574543494e-05	4052	0.9462365527300982	False
PRTFDC1	-1.135671354932918	0.8719529333457579	3.1599822757571e-06	7942	0.9462365527300982	False
BLOC1S2	-1.1365577363056523	0.8721383917548545	1.19001725658156e-05	5723	0.9462365527300982	False
TPM3	-1.1383486301249146	0.8725125323870431	6.44393757859362e-05	2062	0.9462365527300982	False
MRPS23	-1.1386601469394924	0.8725775344276134	4.35017056529899e-05	2777	0.9462365527300982	False
VPS16	-1.1392991709863045	0.8727108029723276	1.82734729144075e-05	4781	0.9462365527300982	False
GET3	-1.1397431117901884	0.8728033297862143	2.36451536781653e-06	8254	0.9462365527300982	False
AAMP	-1.1399230360949422	0.8728408165528985	7.4531755372157e-06	6668	0.9462365527300982	False
GPAT3	-1.1403337320808198	0.8729263552054027	8.78531404409423e-07	9019	0.9462365527300982	False
SLC6A15	-1.140333732080822	0.8729263552054033	3.92846233157774e-05	2997	0.9462365527300982	False
RABEP1	-1.1406253780425644	0.8729870741205819	4.07208198094379e-05	2905	0.9462365527300982	False
ZC3H15	-1.1411139675305069	0.8730887502244532	5.88274558222233e-06	7079	0.9462365527300982	False
HNRNPH3	-1.1415206918950616	0.8731733468657108	4.67923845803303e-05	2610	0.9462365527300982	False
DHX16	-1.1415822536783362	0.8731861479881924	2.45026782695006e-05	4084	0.9462365527300982	False
ACLY	-1.14186889315382	0.8732457397934211	6.9666626189636e-05	1941	0.9462365527300982	False
ISG20L2	-1.1418893260112102	0.8732499870012173	4.79227169694654e-06	7387	0.9462365527300982	False
CHCHD2	-1.1421615451280764	0.8733065614664264	9.97410663012108e-06	6104	0.9462365527300982	False
SRSF8	-1.1424014852877018	0.8733564129120217	1.90616207755651e-05	4684	0.9462365527300982	False
POP7	-1.1426501492337193	0.8734080624482581	1.26745774781913e-05	5599	0.9462365527300982	False
LMNB2	-1.142801681318265	0.8734395297066795	2.63230265221953e-05	3895	0.9462365527300982	False
MRPL13	-1.1428076719016118	0.8734407736034345	3.1314382014549e-05	3513	0.9462365527300982	False
ANKRD39	-1.1432898200624644	0.873540859892683	7.86925060880454e-06	6563	0.9462365527300982	False
SF3B1	-1.1438851785075863	0.8736643707344764	0.0002405381770087	647	0.9462365527300982	False
HTATSF1	-1.1440926864415222	0.8737073997945592	2.43274175826034e-05	4098	0.9462365527300982	False
PAAT	-1.1441272320978295	0.8737145622258404	4.52837179878384e-06	7473	0.9462365527300982	False
UNC93B1	-1.1451019360416468	0.8739165331977305	6.50505557124971e-05	2048	0.9462365527300982	False
ZNFX1	-1.145723188717645	0.8740451470327255	4.24902529958453e-06	7554	0.9462365527300982	False
PPP1CC	-1.1464671097102634	0.8741990356790383	0.0003758323024993	364	0.9462365527300982	False
ZNF668	-1.146554619704816	0.8742171295072212	8.27540890762351e-06	6458	0.9462365527300982	False
ARL8B	-1.1466302732500857	0.8742327703974101	9.99070027726876e-06	6096	0.9462365527300982	False
YWHAQ	-1.146892935690201	0.8742870636571429	0.0006734267524004	165	0.9462365527300982	False
PACC1	-1.1478748593328143	0.8744898859363477	4.77299443585648e-05	2578	0.9462365527300982	False
RHOG	-1.1482796971104043	0.8745734411110305	1.90480962761181e-05	4687	0.9462365527300982	False
MFSD10	-1.1494844674076488	0.8748218660316884	5.60731819014603e-06	7163	0.9462365527300982	False
ZRSR2P1	-1.1497511143981014	0.874876802455484	1.99774960668607e-06	8402	0.9462365527300982	False
DDX17	-1.1498329903839224	0.8748936677228123	0.0001845948393847	830	0.9462365527300982	False
ASGR2	-1.1499175079489858	0.874911075451863	1.58647347459409e-05	5094	0.9462365527300982	False
PRKRIP1	-1.1502642289950207	0.8749824704291156	2.48506811139159e-06	8201	0.9462365527300982	False
NUFIP2	-1.1503884790429788	0.8750080484176201	5.7781884831832e-05	2244	0.9462365527300982	False
PCTP	-1.150423213258104	0.8750151981139839	1.99449416998883e-06	8406	0.9462365527300982	False
MRPL53	-1.1507311483406764	0.8750785710271787	1.37404444847502e-05	5423	0.9462365527300982	False
NSA2	-1.1508243563603502	0.8750977487726215	2.87891553763779e-05	3701	0.9462365527300982	False
PHRF1	-1.1511550417998428	0.8751657714006023	2.84700371672056e-05	3733	0.9462365527300982	False
DERA	-1.1519558065585744	0.875330382998602	1.73603959992923e-06	8520	0.9462365527300982	False
MRPL42	-1.1521128498264057	0.8753626482640711	3.39182527820611e-05	3325	0.9462365527300982	False
HACD2	-1.1523577806082972	0.8754129587742185	9.9998410505371e-06	6093	0.9462365527300982	False
EXOSC4	-1.1537473536711527	0.875698118142785	2.74205376858049e-05	3806	0.9462365527300982	False
RSL24D1	-1.1541384345756058	0.8757782909041074	5.93232136409677e-06	7066	0.9462365527300982	False
ARL14EP	-1.1546268625475964	0.8758783692995975	4.47793325476782e-06	7491	0.9462365527300982	False
SETDB2	-1.1546268625476137	0.875878369299601	8.7313463408361e-07	9022	0.9462365527300982	False
ZNF687	-1.1551771328712022	0.8759910515386601	2.27757914311127e-05	4242	0.9462365527300982	False
ESYT1	-1.1554980092872078	0.8760567263241146	0.0001073020537654	1361	0.9462365527300982	False
RANGRF	-1.155731121273231	0.8761044228193775	6.31706843040318e-06	6955	0.9462365527300982	False
ZNF266	-1.155731121273238	0.8761044228193788	5.34620748795307e-07	9323	0.9462365527300982	False
KLF16	-1.1558463637911571	0.8761279975739433	2.33448550927605e-05	4191	0.9462365527300982	False
MRPL47	-1.1560837289599597	0.8761765446333875	1.59849562914574e-05	5076	0.9462365527300982	False
CNN3	-1.156873005217053	0.8763378754089672	1.75552601210479e-05	4872	0.9462365527300982	False
SNUPN	-1.157139683330691	0.8763923520492801	1.2877557344587e-05	5558	0.9462365527300982	False
MRPS26	-1.1584559398296113	0.8766609889364815	8.10163048257473e-05	1734	0.9462365527300982	False
UTP25	-1.15856119299817	0.8766824525475956	4.89877153139506e-07	9357	0.9462365527300982	False
HLX	-1.1588980398731714	0.8767511260041198	5.58614715084964e-06	7169	0.9462365527300982	False
LMO7	-1.158916135789913	0.8767548144860269	3.233724275691e-05	3435	0.9462365527300982	False
ABTB2	-1.1592543332231005	0.8768237348728867	7.35125385834211e-06	6700	0.9462365527300982	False
SUPV3L1	-1.1595102349251747	0.8768758664692937	1.21485316206341e-05	5677	0.9462365527300982	False
MYL4	-1.159794742348355	0.8769338073890212	8.87074703526977e-07	9011	0.9462365527300982	False
TARS1	-1.159794742348355	0.8769338073890212	8.87074703526977e-07	9012	0.9462365527300982	False
HBG1	-1.1597947423483552	0.8769338073890214	8.87074703526977e-07	9010	0.9462365527300982	False
BORCS5	-1.160037798605313	0.8769832914945235	1.80312802979173e-06	8492	0.9462365527300982	False
KRIT1	-1.1610684626580907	0.8771929705978385	8.54603779483106e-06	6407	0.9462365527300982	False
DHX8	-1.1615161817724358	0.8772839767945348	5.44151008640641e-05	2337	0.9462365527300982	False
KIF21A	-1.1623304653159525	0.8774493719033796	6.53790440649052e-06	6893	0.9462365527300982	False
RERG	-1.1628132334657937	0.8775473566025027	7.30858381127031e-07	9147	0.9462365527300982	False
GARS1	-1.1628806690815778	0.8775610392476643	2.00464061210466e-06	8399	0.9462365527300982	False
HSBP1	-1.162885121710976	0.8775619426456822	1.17290178293112e-05	5751	0.9462365527300982	False
NCOA5	-1.163408190004393	0.877668035896809	1.35466597146915e-05	5462	0.9462365527300982	False
PABPC3	-1.163705456748547	0.8777283013540798	4.49214394292048e-06	7488	0.9462365527300982	False
FSTL5	-1.163948727974885	0.8777776046876036	6.14054115229914e-07	9263	0.9462365527300982	False
WBP4	-1.1639487279749112	0.8777776046876089	2.50256016923022e-05	4033	0.9462365527300982	False
CDC5L	-1.163995380482769	0.8777870580707348	0.0003233676598959	445	0.9462365527300982	False
SIPA1	-1.1648196164168847	0.877953991629639	5.44291463463127e-06	7205	0.9462365527300982	False
CRACR2A	-1.1661821969806878	0.8782296055278936	2.45221895681423e-06	8215	0.9462365527300982	False
ATP6V1G1	-1.167833360837011	0.8785630057430308	1.31008650375538e-05	5523	0.9462365527300982	False
MOV10	-1.1682125945303659	0.8786394892598344	0.0001610835669296	938	0.9462365527300982	False
RGPD5	-1.1684305128078902	0.8786834234993679	1.81945189494196e-05	4785	0.9462365527300982	False
KXD1	-1.1689824647762352	0.8787946518244778	2.46912325226486e-05	4063	0.9462365527300982	False
TCTN2	-1.1695430992235165	0.8789075563809622	4.64384390960205e-05	2623	0.9462365527300982	False
IDH3A	-1.169666876921924	0.8789324736414321	8.93405523025549e-06	6327	0.9462365527300982	False
MRPL3	-1.1703033948489454	0.8790605518967173	2.13474038193697e-05	4416	0.9462365527300982	False
PNN	-1.1708304301416033	0.8791665282024238	0.0001090782655049	1346	0.9462365527300982	False
HNRNPUL1	-1.170893983491166	0.8791793030987021	0.0001045013428094	1387	0.9462365527300982	False
GEMIN6	-1.1717145048967499	0.8793441512342808	2.51788851247424e-05	4016	0.9462365527300982	False
CISD1	-1.1732109990383526	0.8796443988325827	2.99341087119126e-06	8008	0.9462365527300982	False
LOXL1	-1.1737765888522795	0.8797577382187307	1.62772154475892e-06	8568	0.9462365527300982	False
MRPL49	-1.1743337740486677	0.8798693198409394	1.32805830438767e-05	5497	0.9462365527300982	False
NCAPH	-1.174441770611646	0.8798909387326663	3.91964919722586e-05	3001	0.9462365527300982	False
SRSF5	-1.1747243044639857	0.8799474837555895	4.91694961936404e-05	2522	0.9462365527300982	False
GALK1	-1.1748805646552576	0.8799787488911757	7.78991657502392e-06	6585	0.9462365527300982	False
MRPL22	-1.175397970040978	0.880082232372694	1.12317047230986e-05	5845	0.9462365527300982	False
GSDMA	-1.1756053590388233	0.8801236934724432	3.78144363329092e-06	7710	0.9462365527300982	False
UTP6	-1.1760054631283412	0.8802036535135745	5.39390460565589e-06	7217	0.9462365527300982	False
HSD17B11	-1.1761025586520282	0.8802230521974614	1.62863320065908e-05	5039	0.9462365527300982	False
SQLE	-1.1761252699226623	0.8802275893553582	1.86806084035857e-06	8463	0.9462365527300982	False
PHF3	-1.176506702860432	0.8803037722432261	1.47546529421182e-05	5259	0.9462365527300982	False
CORO2A	-1.1777572240236052	0.8805532968004732	6.05426406382392e-06	7034	0.9462365527300982	False
ATP5MG	-1.1782547255799722	0.8806524643776044	3.03532862946928e-06	7987	0.9462365527300982	False
PRPF40A	-1.1784709154498363	0.88069553964749	0.0001043212880737	1391	0.9462365527300982	False
ZNF808	-1.1787245462957137	0.880746060946473	3.73431498449983e-07	9419	0.9462365527300982	False
ZNF316	-1.1787394555724178	0.8807490302888863	1.00925916737551e-05	6076	0.9462365527300982	False
SLC1A5	-1.1789276437633474	0.8807865054999535	3.80638218902335e-05	3070	0.9462365527300982	False
MRPS34	-1.1790590819197806	0.8808126747547323	7.34361647522383e-05	1866	0.9462365527300982	False
TMPO	-1.1791824941696973	0.8808372423651862	0.0001791056634434	853	0.9462365527300982	False
EFHD2	-1.179867888597611	0.8809736184113868	5.64616408833874e-06	7150	0.9462365527300982	False
AKIRIN2	-1.1801803224515415	0.8810357482149852	2.19897750244452e-05	4341	0.9462365527300982	False
MYOZ3	-1.1801803224515515	0.8810357482149871	5.94892470117717e-07	9274	0.9462365527300982	False
AKIRIN1	-1.1801803224515515	0.8810357482149871	1.06230798235307e-06	8877	0.9462365527300982	False
ZNF771	-1.1819580235970655	0.8813888214995469	3.91306634484802e-06	7659	0.9462365527300982	False
SUCLA2	-1.1823582094287413	0.8814682011133077	1.44741972310511e-05	5296	0.9462365527300982	False
EED	-1.1824865719719522	0.8814936547528724	0.000128093776976	1151	0.9462365527300982	False
RMND1	-1.183022659377468	0.8815999164028765	1.26988927937474e-05	5591	0.9462365527300982	False
PTBP1	-1.1832300550241757	0.8816410076767602	0.0001226555199699	1198	0.9462365527300982	False
ZFP36L2	-1.1833194968326204	0.8816587256595049	1.57001121632755e-05	5121	0.9462365527300982	False
NMT1	-1.1834930594325328	0.8816931022078747	8.4795687789927e-06	6423	0.9462365527300982	False
EMC8	-1.1835585357678953	0.8817060688957199	1.95843862105998e-05	4625	0.9462365527300982	False
DNPEP	-1.1838816655665614	0.8817700455939006	2.38574224861177e-06	8247	0.9462365527300982	False
AKAP6	-1.1844984446832454	0.8818920942021924	2.889593966763e-06	8051	0.9462365527300982	False
H2AC20	-1.1851864290372789	0.8820281277827486	4.34650993854558e-06	7528	0.9462365527300982	False
ALG10B	-1.1855023516745675	0.8820905572984461	4.32442382205358e-07	9399	0.9462365527300982	False
HTR1E	-1.1855023516745693	0.8820905572984463	4.56920252896227e-07	9384	0.9462365527300982	False
ATP5F1B	-1.185502351674576	0.8820905572984477	2.33472269240243e-05	4190	0.9462365527300982	False
RABGAP1	-1.185756817964981	0.8821408254187366	1.64710632285355e-05	5010	0.9462365527300982	False
MRPL41	-1.1857582037687333	0.8821410991335142	2.59360885558342e-05	3937	0.9462365527300982	False
ATXN2	-1.185918947727603	0.8821728451637276	5.22459233104628e-05	2412	0.9462365527300982	False
CHCHD6	-1.1860955484193703	0.8822077158337855	8.59858792151128e-06	6395	0.9462365527300982	False
HOMER1	-1.1861777656221117	0.8822239475308843	2.45115332558686e-05	4081	0.9462365527300982	False
CTDNEP1	-1.186502414538707	0.882288025743267	2.56831892735265e-06	8168	0.9462365527300982	False
MAP7D2	-1.1867399459068293	0.8823348933264403	5.99868773067746e-06	7050	0.9462365527300982	False
OLFML3	-1.1867399459068584	0.882334893326446	4.27387424409049e-07	9400	0.9462365527300982	False
PDZD8	-1.1873052367040717	0.8824463783696441	5.49888781377712e-05	2321	0.9462365527300982	False
MRPL50	-1.1873313906853697	0.8824515345728983	4.05799357333784e-05	2913	0.9462365527300982	False
GCC2	-1.1875590575375417	0.882496411858281	1.97432998394218e-05	4606	0.9462365527300982	False
CAMSAP3	-1.18865111239347	0.8827115071248262	2.04151368827959e-05	4516	0.9462365527300982	False
EPB41L2	-1.1892973554628987	0.8828386621879292	5.14917694607219e-05	2444	0.9462365527300982	False
NOP53	-1.1908349374781848	0.8831408048004634	3.38198823973199e-05	3330	0.9462365527300982	False
AKAP7	-1.192548939778299	0.8834769634168129	1.47225244009822e-05	5265	0.9462365527300982	False
MRPL35	-1.1933239042337924	0.8836287279184916	1.11144457057802e-05	5869	0.9462365527300982	False
DIAPH3	-1.193641371273417	0.8836908582976057	2.19208197180935e-05	4349	0.9462365527300982	False
SF3A1	-1.194003014350522	0.883761605536227	0.0002035661784968	760	0.9462365527300982	False
PRRC2B	-1.1940094497635863	0.8837628642017548	2.65461131185031e-05	3873	0.9462365527300982	False
DNAJC15	-1.1944272572953598	0.8838445600846898	6.12561118937906e-06	7006	0.9462365527300982	False
MFF	-1.1944903909472655	0.8838569013612699	1.47529277872444e-05	5261	0.9462365527300982	False
NCLN	-1.194992460328745	0.8839550120437552	1.45469253759003e-05	5282	0.9462365527300982	False
MRPL2	-1.1950097792953973	0.8839583953380147	2.25042159479104e-05	4270	0.9462365527300982	False
CDC42BPA	-1.1959015267816746	0.8841325053543487	2.19111508604466e-05	4352	0.9462365527300982	False
RABGAP1L	-1.1963354212992219	0.8842171543484636	8.51483990253547e-06	6413	0.9462365527300982	False
ESYT2	-1.1964175990586006	0.8842331815566258	5.96958083098502e-05	2188	0.9462365527300982	False
IMMT	-1.1964772560426182	0.8842448155289706	0.0001188855998922	1245	0.9462365527300982	False
RPP30	-1.1969373163364367	0.8843345060294852	2.31239317648676e-05	4211	0.9462365527300982	False
PATL1	-1.19695517772493	0.8843379871792216	2.06774491730592e-05	4486	0.9462365527300982	False
IL1R2	-1.1970058909946852	0.884347870690827	1.56057142262635e-05	5136	0.9462365527300982	False
LYPLA2	-1.1970835195461438	0.8843629985609237	4.68216801445427e-06	7422	0.9462365527300982	False
CPT2	-1.1972164532262406	0.8843889007576329	1.95747344011894e-06	8426	0.9462365527300982	False
BOLA2	-1.1983149853038357	0.8846027925453367	3.09777035421024e-06	7962	0.9462365527300982	False
PYM1	-1.199032339118123	0.8847423144184727	2.1173698866832e-06	8362	0.9462365527300982	False
CORO1A	-1.1991835639051907	0.8847717116032376	1.31884192006499e-05	5512	0.9462365527300982	False
RPS19	-1.1998551392784338	0.8849021974012522	0.0002406134591507	646	0.9462365527300982	False
TMEM102	-1.2009249599144236	0.8851098444247456	4.61793796283828e-06	7445	0.9462365527300982	False
SLTM	-1.2014233990727403	0.8852064980098913	1.86934216221976e-05	4730	0.9462365527300982	False
FNBP4	-1.2014728669014392	0.8852160872839829	4.06418589357409e-06	7612	0.9462365527300982	False
SLC22A9	-1.2015083462143623	0.8852229645515701	3.93540726954975e-05	2991	0.9462365527300982	False
DRG1	-1.2015259350600092	0.8852263738436832	4.365638149991e-05	2768	0.9462365527300982	False
CWF19L2	-1.2015498185419868	0.8852310031263358	1.0935691761845e-05	5902	0.9462365527300982	False
INO80B	-1.203344251741847	0.8855784342970224	3.13731195764507e-05	3508	0.9462365527300982	False
FOXD4L1	-1.203442082185278	0.8855973542999991	1.09505622859647e-06	8860	0.9462365527300982	False
FOXD4	-1.2034420821852965	0.8855973543000027	2.02272530574468e-05	4546	0.9462365527300982	False
MRPS11	-1.2036597677857563	0.8856394458023257	1.02954094969021e-05	6033	0.9462365527300982	False
FAM120A	-1.2036852216629457	0.8856443668222281	7.69525859538046e-05	1800	0.9462365527300982	False
CST1	-1.2041142430982674	0.8857272872188625	1.2170997784241e-05	5671	0.9462365527300982	False
PTPN1	-1.2044277847952027	0.8857878608389935	0.0001594634135394	947	0.9462365527300982	False
EIF3A	-1.2048675482467706	0.885872780907409	8.64645073997825e-05	1630	0.9462365527300982	False
CKMT1A	-1.2054118569016208	0.8859778267748153	7.43852860368227e-06	6674	0.9462365527300982	False
MRPL4	-1.2065138765972425	0.8861902940832702	4.07864461979781e-05	2899	0.9462365527300982	False
GJC1	-1.2067643168816593	0.8862385391230323	9.22358184771225e-06	6264	0.9462365527300982	False
MRPS35	-1.2075375476463963	0.8863874030023762	3.66900161503928e-05	3155	0.9462365527300982	False
ERGIC2	-1.207618969225504	0.8864030703562955	1.11989342309655e-05	5851	0.9462365527300982	False
HSD17B2	-1.2076189692255301	0.8864030703563006	6.32676234552334e-07	9251	0.9462365527300982	False
MRPL12	-1.2083654182750598	0.8865466322517752	7.22869642323551e-05	1893	0.9462365527300982	False
ATP6V1E1	-1.2084086273336565	0.8865549385332386	1.44909925950327e-05	5293	0.9462365527300982	False
RAC1	-1.2089733961937876	0.8866634668412512	0.0006066705394931	189	0.9462365527300982	False
BNIP1	-1.209108898995881	0.8866894945980723	1.98897824433909e-05	4591	0.9462365527300982	False
DCAF1	-1.2093915315228476	0.8867437697214726	5.61479722613712e-07	9293	0.9462365527300982	False
CFAP20	-1.2093915315228698	0.8867437697214768	1.9895570049636e-05	4589	0.9462365527300982	False
MMGT1	-1.2094036775468386	0.8867461017582905	6.6002590349373e-05	2019	0.9462365527300982	False
YJU2	-1.2099409630723024	0.8868492263173734	1.22683138403357e-05	5655	0.9462365527300982	False
SLC22A5	-1.2101604342971006	0.8868913315174635	2.41705268401538e-06	8231	0.9462365527300982	False
DDX41	-1.2103898077215962	0.886935324489013	2.63143543493276e-05	3896	0.9462365527300982	False
MRPL37	-1.210687303141669	0.8869923648155946	2.63004376017214e-05	3900	0.9462365527300982	False
YWHAG	-1.2112120768631236	0.8870929323070842	0.0008637382982432	115	0.9462365527300982	False
UBAC2	-1.211727836615335	0.8871917100993161	1.58093259352647e-05	5099	0.9462365527300982	False
PWP1	-1.211812634669918	0.8872079446303047	1.77996074513407e-05	4839	0.9462365527300982	False
EHD1	-1.211859906126451	0.8872169939949572	2.6215830806565e-05	3906	0.9462365527300982	False
NOL9	-1.212482967323905	0.8873362206591617	2.63054364279714e-05	3899	0.9462365527300982	False
DDX42	-1.2130223132772466	0.8874393551834552	4.66132050861562e-05	2613	0.9462365527300982	False
SURF4	-1.2138919181336976	0.8876055002524522	1.30521456340369e-05	5529	0.9462365527300982	False
ATP9A	-1.214060484934785	0.887637686023928	1.29023809483259e-05	5553	0.9462365527300982	False
MRPS31	-1.2141447501184015	0.8876537729622433	5.73597264296315e-05	2255	0.9462365527300982	False
LIPG	-1.2147966929074998	0.8877781787518907	8.24771296902744e-06	6466	0.9462365527300982	False
CLIP2	-1.2148888976882914	0.8877957656102664	6.87413933964116e-06	6812	0.9462365527300982	False
NUP205	-1.2155906172641098	0.8879295449202824	3.71151739437071e-05	3128	0.9462365527300982	False
GTPBP4	-1.215785250102333	0.8879666304846877	9.58211198219069e-05	1483	0.9462365527300982	False
PURB	-1.2163434831209319	0.8880729481731039	2.34700690426718e-05	4183	0.9462365527300982	False
ROM1	-1.2163535001097159	0.888074855289136	2.2991401089066e-06	8280	0.9462365527300982	False
MRPL28	-1.2167149778559019	0.8881436608227509	2.83880492884591e-05	3739	0.9462365527300982	False
ADD3	-1.2174487971287116	0.8882832467102952	1.51211041225263e-05	5213	0.9462365527300982	False
FAM78A	-1.2174487971287182	0.8882832467102966	5.04036804561439e-07	9346	0.9462365527300982	False
MRPL32	-1.217690681096662	0.8883292301613953	1.02560791830014e-05	6043	0.9462365527300982	False
RNH1	-1.2177069326987184	0.888332319193375	2.48953661819256e-05	4047	0.9462365527300982	False
TMEM184B	-1.2179182303348672	0.8883724761408427	3.74715061309382e-06	7726	0.9462365527300982	False
DDX54	-1.2183844856924735	0.8884610510448848	6.03439591757147e-05	2171	0.9462365527300982	False
MAP7D1	-1.219459295874294	0.8886650419789872	2.2575441028069e-05	4261	0.9462866234423962	False
ZC2HC1A	-1.2202518077862647	0.8888152836642325	9.50433739122878e-06	6202	0.9462866234423962	False
RAB25	-1.2215499334645916	0.8890610641370182	1.08868109960357e-05	5911	0.9462866234423962	False
EXOSC6	-1.2216021804876536	0.8890709481672789	2.04657056362961e-05	4510	0.9462866234423962	False
ERI1	-1.221679586319354	0.889085590551701	3.2346368053575e-06	7914	0.9462866234423962	False
TIMM10B	-1.2218027268461649	0.8891088814333372	1.89059227807886e-06	8452	0.9462866234423962	False
FXR2	-1.2224176723025508	0.8892251401913867	8.12411054648534e-05	1731	0.9463037809469148	False
SERBP1	-1.2243711021388592	0.8895938672269815	0.0003492077432967	399	0.9463320680643718	False
SEPTIN5	-1.2246965510467214	0.8896552129470998	3.50264963123072e-06	7824	0.9463320680643718	False
LSM12	-1.2249234927243486	0.8896979760107315	2.06096199994487e-05	4494	0.9463320680643718	False
SAFB	-1.225514852004823	0.8898093511589076	5.39832119793265e-05	2358	0.9463320680643718	False
MRPL58	-1.2269167882027876	0.890073066020042	3.96522589988749e-06	7639	0.9463320680643718	False
TM9SF3	-1.227055537686598	0.890099141201958	9.85087798295234e-06	6138	0.9463320680643718	False
BCHE	-1.227196400484587	0.8901256089979381	1.2035030572572e-05	5703	0.9463320680643718	False
TSPYL2	-1.2284156331703422	0.8903545088737708	2.81585397367835e-05	3753	0.9463320680643718	False
SDHA	-1.2294241482576158	0.8905435895451937	3.21815105850871e-05	3445	0.9463320680643718	False
LAMP1	-1.231153402004901	0.890867252117677	0.0003908088365335	346	0.9463320680643718	False
FAM219B	-1.2313353795828206	0.8909012726275336	1.36118045662798e-06	8723	0.9463320680643718	False
PRKRA	-1.2323355889717122	0.891088124617165	5.85531070123145e-05	2221	0.9463320680643718	False
GEMIN8	-1.232440037824599	0.8911076237327757	2.07582122259683e-05	4477	0.9463320680643718	False
LUC7L3	-1.23285963460581	0.8911859311922751	1.98687924144834e-05	4592	0.9463320680643718	False
NXF1	-1.2330237689397647	0.8912165518248658	0.0001929067767468	797	0.9463320680643718	False
GPR180	-1.2332702279780958	0.891262519181895	4.34944742685387e-07	9397	0.9463320680643718	False
SGCA	-1.2332702279781003	0.8912625191818959	3.5639676649262e-06	7798	0.9463320680643718	False
NRIP3	-1.2337809748781579	0.8913577346998336	3.67870759567624e-06	7745	0.9463320680643718	False
NSF	-1.2341895955080553	0.8914338682318459	3.57701364989667e-05	3216	0.9463320680643718	False
TCTN3	-1.2349155131737484	0.8915690253681061	5.86782778516121e-06	7085	0.9463320680643718	False
CENPH	-1.235055173773926	0.89159501459918	1.808232062227e-05	4805	0.9463320680643718	False
REEP1	-1.2352120263393105	0.8916241977131265	7.43052276063728e-06	6676	0.9463320680643718	False
WDR36	-1.2359215355714446	0.8917561344249101	4.95566166705256e-05	2511	0.9463320680643718	False
TRMT10B	-1.2364187319009647	0.8918485215980125	1.32149047173265e-05	5508	0.9463320680643718	False
EIF4A1	-1.2365629153408206	0.891875302608315	9.36097850014124e-05	1522	0.9463320680643718	False
ALG12	-1.2366313658418961	0.8918880151125546	1.50844982680205e-06	8636	0.9463320680643718	False
NGDN	-1.237592753218713	0.8920664485779191	1.16470668471206e-05	5763	0.9463320680643718	False
FUNDC2	-1.2386929130185078	0.8922703778803054	5.27989565247121e-06	7248	0.9463320680643718	False
ZNF184	-1.238746969894626	0.8922803908845627	6.10326001850837e-06	7013	0.9463320680643718	False
CARMIL1	-1.2389063793924846	0.8923099145468157	1.73860925248894e-06	8519	0.9463320680643718	False
BUD23	-1.239155765980509	0.8923560908488484	1.68509928112966e-06	8540	0.9463320680643718	False
DCLK1	-1.2405066255640897	0.8926059674518515	5.36130328897783e-06	7224	0.9464451191873136	False
RSL1D1	-1.240815265539031	0.8926629997160345	0.0001111905749569	1328	0.9464451191873136	False
RPL35A	-1.2422979912590122	0.8929366818837414	5.15602497881643e-05	2440	0.9466290827688306	False
AKAP1	-1.2437260096290026	0.8931997900177077	9.42298893443357e-05	1513	0.9468017964853995	False
SCAMP1	-1.2453330616347191	0.8934953262286296	3.97566304052305e-05	2969	0.9468837346857945	False
MRPL9	-1.2461814045412665	0.8936510978340184	2.73870253996062e-05	3808	0.9468837346857945	False
MRPL1	-1.2467131111239211	0.8937486451830157	2.21135222200086e-05	4327	0.9468837346857945	False
HNRNPDL	-1.2467183257809429	0.8937496015483827	8.80546496938464e-05	1606	0.9468837346857945	False
AUP1	-1.2468736554297868	0.893778086073787	3.91439243331068e-05	3007	0.9468837346857945	False
NPTX1	-1.2481322145257192	0.8940086786670784	4.73068953950184e-06	7404	0.9470218600385486	False
VPS52	-1.2504974800749504	0.894441062363962	1.32568710196964e-05	5501	0.947151663984246	False
SND1	-1.2505425150226679	0.8944492826099898	7.47161369904819e-05	1837	0.947151663984246	False
SFPQ	-1.250722239790527	0.8944820832297085	0.0001846479422551	829	0.947151663984246	False
SPECC1	-1.250996523519837	0.8945321270962323	2.65910273391321e-05	3870	0.947151663984246	False
POP1	-1.2517384154964035	0.894667401435118	4.68061618717356e-05	2609	0.9471887680441256	False
PSMD2	-1.2526512108694736	0.8948336655023734	0.0001797850295816	850	0.9472023685583224	False
ZNF346	-1.2529096977846375	0.8948807139141485	2.47185147176713e-05	4061	0.9472023685583224	False
TBC1D17	-1.253940507697431	0.8950681849472448	1.01103513932193e-05	6073	0.9472946968027174	False
MAF1	-1.2546321609550768	0.8951938385744691	1.02999140633581e-05	6030	0.947318949003017	False
DDX3X	-1.2562822587571756	0.8954931740596503	0.0002111264025105	732	0.947318949003017	False
ASB1	-1.2564804506827387	0.8955290852981177	6.6766654571087e-06	6865	0.947318949003017	False
SNRPC	-1.2577749261336684	0.8957634169270504	0.0001199468977446	1230	0.947318949003017	False
SIL1	-1.2584775446985697	0.8958904483942878	1.24302457287569e-05	5632	0.947318949003017	False
BTBD10	-1.2585155697561086	0.8958973200152469	5.11083998328564e-06	7296	0.947318949003017	False
TEKT2	-1.2589663257249173	0.8959787524120482	4.4949808061945e-06	7486	0.947318949003017	False
MRPS21	-1.2598288662167247	0.8961344479510862	8.7665847772041e-06	6356	0.947318949003017	False
SNRPN	-1.2599908207225572	0.896163663192175	7.46899592921696e-05	1838	0.947318949003017	False
TRMT1L	-1.2600776248715297	0.8961793194823666	1.88094547664337e-05	4716	0.947318949003017	False
YBX3	-1.2601579150941373	0.8961937993742828	4.97823394459891e-05	2501	0.947318949003017	False
EEF1A1	-1.2613472122459803	0.8964081109186282	0.0002973981521486	500	0.9474304121996493	False
CLPTM1	-1.261856361421266	0.8964997614697634	4.08212742106947e-06	7606	0.9474304121996493	False
ARHGEF17	-1.2638030418752002	0.8968496354393184	9.89224770939254e-06	6129	0.9475283451563273	False
HEXIM1	-1.26606355243066	0.8972548349025524	0.0001337266438693	1104	0.9475283451563273	False
ORAI1	-1.2673495277233804	0.8974848307999184	3.992320950105e-06	7629	0.9475283451563273	False
YBX2	-1.2679831931752288	0.8975980237191591	1.60878340083964e-05	5061	0.9475283451563273	False
ZCCHC3	-1.268045757072257	0.8976091947008911	1.90067947256207e-05	4691	0.9475283451563273	False
RAB7A	-1.2680753808083562	0.8976144838035341	0.0002153728938823	712	0.9475283451563273	False
FABP2	-1.2682847608487513	0.8976518614223423	1.26247529824556e-06	8769	0.9475283451563273	False
RPS21	-1.2695884631786083	0.8978843694818865	5.91454168193364e-05	2204	0.9475283451563273	False
TMPRSS5	-1.2700623709042256	0.8979687929827165	2.202346378533e-07	9441	0.9475283451563273	False
N4BP2L2	-1.2700623709042296	0.8979687929827171	1.10117320803554e-06	8856	0.9475283451563273	False
ABCF2	-1.2701166908660597	0.8979784664764396	2.13985809297887e-05	4409	0.9475283451563273	False
ATP5IF1	-1.2706621554502604	0.8980755677713237	3.58758426485148e-06	7786	0.9475283451563273	False
YTHDC2	-1.27078002336136	0.8980965412773545	2.83588872557349e-05	3742	0.9475283451563273	False
YIPF3	-1.2713916689150633	0.8982053275130627	3.86326567059521e-05	3033	0.9475283451563273	False
MRPS28	-1.2726550430565269	0.8984297613856573	2.33206693663334e-05	4195	0.9475283451563273	False
STXBP1	-1.272678854586633	0.898433987955732	2.11124362570218e-05	4440	0.9475283451563273	False
VTI1B	-1.2733634187597969	0.8985554440051218	4.44346807093282e-05	2719	0.9475283451563273	False
MRPS16	-1.273660007541542	0.8986080322195036	2.12849013752721e-05	4421	0.9475283451563273	False
ELAVL4	-1.2740169652441153	0.898671298122069	4.8929913384041e-06	7355	0.9475283451563273	False
ATP5PB	-1.2743178884999746	0.8987246103339884	1.78387035916616e-05	4833	0.9475283451563273	False
ATP5PD	-1.2743178884999862	0.8987246103339904	5.50794540273915e-07	9306	0.9475283451563273	False
FARS2	-1.2753160377235664	0.8989012982757688	6.96848055253131e-06	6789	0.9475283451563273	False
PRDM15	-1.2764884818748357	0.8991085520658818	1.87815806870104e-06	8459	0.9475283451563273	False
SLC7A1	-1.2771204747017493	0.8992201413119221	5.1632252993568e-05	2439	0.9475283451563273	False
ESF1	-1.2781485484892032	0.8994014731556017	1.22570219894977e-05	5657	0.9475283451563273	False
ME2	-1.278456481312429	0.899455740055473	3.68276063890352e-06	7743	0.9475283451563273	False
HNRNPL	-1.2785846191858683	0.8994783154570789	0.0002801479823847	544	0.9475283451563273	False
PABPC4L	-1.279561329861196	0.8996502713706288	3.34703501376842e-06	7880	0.9475283451563273	False
NPM3	-1.2815537771296774	0.900000388128942	6.06683782020993e-05	2164	0.9475283451563273	False
SLC25A24	-1.2825975925034225	0.9001834529627041	2.1374039232652e-06	8354	0.9475283451563273	False
MRPL24	-1.2834650915682968	0.9003354089936033	2.40136592302545e-05	4137	0.9475283451563273	False
CCDC107	-1.2839443237635328	0.9004192814957919	7.36363575551496e-06	6697	0.9475283451563273	False
ZNF22	-1.2850111964276065	0.9006058142489041	3.20084155037037e-06	7928	0.9475283451563273	False
RBM6	-1.2865421455439687	0.9008730400148124	2.07274914548734e-05	4480	0.9475283451563273	False
SNIP1	-1.286953439687804	0.90094474140723	9.72842687850203e-05	1461	0.9475283451563273	False
STT3B	-1.2873956832726425	0.9010217959195427	4.05342477354099e-05	2917	0.9475283451563273	False
TCAF1	-1.2878836532239724	0.9011067666920508	1.76029608082362e-06	8513	0.9475283451563273	False
TRPM7	-1.2881116224200158	0.9011464449359736	8.42710914523582e-06	6434	0.9475283451563273	False
ATP5PF	-1.2884351334524948	0.9012027323263676	1.05849452184736e-06	8888	0.9475283451563273	False
SF3B2	-1.289332049490495	0.9013586632773464	0.0001640083622637	924	0.9475283451563273	False
WDR55	-1.2893834472757586	0.9013675934421385	8.18659617286789e-06	6483	0.9475283451563273	False
PPIL1	-1.2899023358595147	0.9014577151679586	1.24105106309719e-05	5634	0.9475283451563273	False
EMC2	-1.2907839703470683	0.9016107011534132	6.96076046196444e-05	1942	0.9475283451563273	False
MCAT	-1.2912910747228081	0.9016986178189574	3.75225999856159e-06	7722	0.9475283451563273	False
ZC3H18	-1.2933117041412727	0.9020483628741691	0.0002860544184459	528	0.9475283451563273	False
RBMX2	-1.2939004731872774	0.9021500994736196	1.07560658498712e-05	5937	0.9475283451563273	False
ATP2C2	-1.2939681238594132	0.9021617842376379	5.83291751954703e-06	7100	0.9475283451563273	False
TRDN	-1.2941225339504414	0.902188450436487	2.51184242999788e-05	4023	0.9475283451563273	False
PIP4P1	-1.2946813152292065	0.9022849059043244	3.20953890929889e-07	9427	0.9475283451563273	False
IFT70B	-1.2946813152292185	0.9022849059043263	1.91133911222059e-05	4677	0.9475283451563273	False
AXDND1	-1.295043476990911	0.9023473841311724	4.49091748069679e-07	9389	0.9475283451563273	False
ZBTB24	-1.29537614385225	0.9024047482394401	1.30998908589901e-05	5524	0.9475283451563273	False
C1QC	-1.295504780499971	0.9024269233434246	1.59806036626228e-06	8603	0.9475283451563273	False
NAP1L3	-1.296516194746958	0.9026011478575766	1.41673496165818e-06	8701	0.9475283451563273	False
PDHA1	-1.2965644078290757	0.9026094472597749	0.0001563093386064	964	0.9475283451563273	False
PNRC1	-1.2977225735578626	0.9028086580778952	2.17496382591083e-06	8337	0.9475283451563273	False
ATP6V1G2	-1.2978803334947093	0.9028357704904713	3.76084031457503e-06	7719	0.9475283451563273	False
CHD2	-1.2988650331633989	0.9030048742303257	3.61833100613359e-06	7767	0.9475283451563273	False
THEM6	-1.2993800391194643	0.9030932307737201	9.01419017644869e-06	6307	0.9475283451563273	False
CENPI	-1.2996071711437003	0.9031321796961462	4.52208958121028e-06	7475	0.9475283451563273	False
PI4KB	-1.300333233483485	0.9032566087988001	1.84971871474261e-05	4755	0.9475283451563273	False
ATP5F1D	-1.300647900422548	0.9033104984443926	1.01664886998555e-05	6060	0.9475283451563273	False
ATP5F1E	-1.3006479004225648	0.9033104984443956	5.00117813507485e-07	9347	0.9475283451563273	False
NAMPT	-1.301133527359254	0.9033936233079898	9.50549146447569e-06	6201	0.9475283451563273	False
ZNF324	-1.3011602153640722	0.9033981899771176	9.17180664040179e-06	6278	0.9475283451563273	False
CKAP4	-1.3011931931394853	0.903403832689796	0.000123511275256	1190	0.9475283451563273	False
TIMM23	-1.3016980465447585	0.9034901861800829	2.9531197940662e-06	8021	0.9475283451563273	False
NAP1L2	-1.302156863338173	0.903568616054924	7.4714985578299e-07	9130	0.9475283451563273	False
CEP95	-1.302169096103566	0.9035707064755321	1.8413901336394e-05	4763	0.9475283451563273	False
MRPL43	-1.3024058516635437	0.9036111583649546	9.45929406518922e-06	6212	0.9475283451563273	False
PRKAR2A	-1.3059365558485843	0.9042129331008145	5.90104055195221e-05	2208	0.9480541681795958	False
MRPL48	-1.3068898372022333	0.9043749359403446	7.46668469826109e-06	6665	0.9480750101402993	False
ILF3	-1.307432200858721	0.9044670164445402	0.0004448959726473	289	0.9480750101402993	False
CLIC1	-1.3082342873963095	0.9046030721081018	1.21070504923439e-05	5684	0.9480750101402993	False
BORCS6	-1.3099175295938992	0.9048881318491562	1.59830181970751e-05	5077	0.9480750101402993	False
BORCS8	-1.3099175295939187	0.9048881318491595	5.49531249698737e-07	9309	0.9480750101402993	False
BORCS7	-1.309917529593919	0.9048881318491595	4.55080566156767e-07	9387	0.9480750101402993	False
LSM11	-1.3101951622290993	0.9049350890439682	8.98814749097708e-06	6313	0.9480750101402993	False
TRA2A	-1.3111056258629474	0.905088959833527	5.75988819842304e-05	2249	0.9481311019207217	False
REXO4	-1.316442917707401	0.905987287213913	4.84444603046992e-05	2548	0.948597121849563	False
KIF5C	-1.3168263522600616	0.9060515812604766	2.03460459352006e-05	4531	0.948597121849563	False
MRPS14	-1.3173629166138863	0.9061414975250546	2.49405362184875e-05	4039	0.948597121849563	False
NOP16	-1.3180300645827119	0.9062532080943111	2.04232634734848e-05	4514	0.948597121849563	False
KIAA1143	-1.3185500041101172	0.906340201270341	1.67821509730894e-05	4970	0.948597121849563	False
DDAH2	-1.3186690940032555	0.9063601182876659	7.89514876198926e-06	6553	0.948597121849563	False
DDAH1	-1.318669094003264	0.9063601182876673	5.6005740103843e-07	9297	0.948597121849563	False
ZNF707	-1.3188470604743787	0.9063898762043228	2.02148981305462e-05	4549	0.948597121849563	False
KTN1	-1.319171574966228	0.9064441205561969	5.44509143696703e-05	2335	0.948597121849563	False
PRPF19	-1.3198078183819126	0.906550404706275	0.0001633812188495	930	0.948597121849563	False
DUSP11	-1.3208597631684214	0.9067259358964918	6.4149218009859e-06	6929	0.948597121849563	False
STIM1	-1.320934465451374	0.9067383917108045	6.36084717509592e-05	2080	0.948597121849563	False
STRAP	-1.323495382005031	0.9071646544953293	6.646054203293e-05	2012	0.9488563462094004	False
NPM2	-1.3247217484268305	0.9073682714825451	5.92182429649559e-06	7072	0.9488563462094004	False
TFAM	-1.325131784566125	0.9074362771675185	4.41007752384685e-05	2737	0.9488563462094004	False
KCNA3	-1.3256336028126545	0.9075194549128288	0.0002011581654789	772	0.9488563462094004	False
MRPL57	-1.3262363496770693	0.9076192887337178	4.91737076509554e-06	7344	0.9488563462094004	False
GCFC2	-1.3266004144854848	0.9076795506603821	1.27534068522259e-05	5580	0.9488563462094004	False
MEN1	-1.3281571649909578	0.9079369040600912	0.0003943842970469	339	0.9488563462094004	False
SNRNP35	-1.3289619400377735	0.9080697365737136	1.62866232667387e-06	8566	0.9488563462094004	False
ARMCX3	-1.329859906586619	0.9082177832505314	1.01855243707752e-05	6055	0.9488563462094004	False
C5ORF22	-1.3301175537457128	0.9082602286064783	2.92075449429075e-06	8038	0.9488563462094004	False
TXNL4A	-1.3302800905642376	0.9082869977955876	1.27525237148394e-05	5581	0.9488563462094004	False
UTP18	-1.3306482450812414	0.9083476100295591	1.62005916260807e-05	5049	0.9488563462094004	False
SYF2	-1.3307060258867902	0.908357120252167	2.41706191611629e-05	4116	0.9488563462094004	False
UBAP2L	-1.3309173149586235	0.9083918903869255	5.84078898143454e-05	2224	0.9488563462094004	False
YTHDF2	-1.3324855158243814	0.9086496510551971	0.0001299187203913	1136	0.9489788378662632	False
IGF2BP3	-1.3328531515316935	0.9087100004075996	0.0001441684802424	1031	0.9489788378662632	False
ERH	-1.3348065314380888	0.9090301623712406	3.84828552367617e-05	3043	0.9491791443421355	False
RPL18	-1.3359751162465419	0.909221296593467	0.0001927765586528	798	0.9491791443421355	False
USP39	-1.3366034180744697	0.9093239386386278	5.31597778928563e-05	2380	0.9491791443421355	False
RPUSD4	-1.3369435165755228	0.9093794626244156	1.54273403947861e-05	5162	0.9491791443421355	False
ACSF2	-1.3380778589646656	0.9095644712517666	1.90745155416186e-06	8442	0.9491791443421355	False
RPL29	-1.3387622378328308	0.9096759561382373	6.33648385884841e-05	2089	0.9491791443421355	False
UTP23	-1.3388925324368446	0.9096971694766662	4.05061018847708e-06	7617	0.9491791443421355	False
HS2ST1	-1.3389427534850449	0.9097053450060022	4.60461908273404e-06	7450	0.9491791443421355	False
MRPS33	-1.340666830116358	0.9099856757193101	1.33822020864958e-05	5487	0.9493668177906249	False
SNW1	-1.3419958054774612	0.910201322154554	0.0002914155225777	516	0.9494023402911705	False
VAPA	-1.3423729159155326	0.9102624440481644	0.0001890395266091	810	0.9494023402911705	False
SLC4A1AP	-1.3441724195348255	0.9105536809361843	1.74092294307586e-05	4895	0.9494023402911705	False
STOM	-1.345290405462173	0.9107342646194077	1.63267298649698e-05	5037	0.9494023402911705	False
FAM32A	-1.3456807532120494	0.9107972519596719	3.98372121746383e-06	7634	0.9494023402911705	False
RRP1	-1.345906996499515	0.9108337439139373	2.35313740731431e-05	4173	0.9494023402911705	False
DHX57	-1.3461682638353818	0.9108758712556462	3.88115493958224e-05	3024	0.9494023402911705	False
CLEC14A	-1.3463365310033346	0.9109029951950465	8.53324823946698e-07	9042	0.9494023402911705	False
LSM3	-1.3465169376066854	0.9109320691339727	2.30324197851697e-05	4216	0.9494023402911705	False
ARG1	-1.3470900463433912	0.9110243832550619	6.79536863755692e-06	6834	0.9494023402911705	False
FAM234A	-1.3494834800563267	0.9114091384897045	1.8809040818548e-06	8458	0.9496985730210286	False
PAK1IP1	-1.3502948894917515	0.911539294506887	1.42250797726569e-05	5336	0.9497294744311006	False
MRPL40	-1.3509928285782347	0.9116511350234067	1.03674956136556e-05	6013	0.9497412882781604	False
OXA1L	-1.3519532489475983	0.9118048642651746	4.74718916939521e-06	7401	0.9497967336095569	False
DHRS7B	-1.3539098852713514	0.912117435315134	6.80444211353318e-06	6833	0.9500125427985517	False
HNRNPH1	-1.3545786817886156	0.9122240853260124	0.000320848872343	452	0.9500125427985517	False
ZSCAN25	-1.3551406948151175	0.9123136323700378	4.59319682283313e-06	7456	0.9500125427985517	False
PDCD7	-1.3567322789221168	0.9125668539131535	5.00490203627348e-06	7323	0.9501715259452733	False
MAP6	-1.357893678954893	0.9127512882927176	2.18397737673581e-06	8333	0.9502588602364417	False
KNOP1	-1.3588683300937423	0.9129058419951008	3.66973483344075e-05	3154	0.9502868893617741	False
ASB7	-1.3593322154840155	0.9129793300016452	2.14702491311488e-05	4396	0.9502868893617741	False
RPL15	-1.3615005522101618	0.9133222204253554	0.0002020626396907	767	0.9504036063893481	False
USP36	-1.3616629851744149	0.9133478660864782	8.54667251182689e-05	1650	0.9504036063893481	False
ABCB10	-1.3626530243668171	0.9135040553996363	7.7984914548667e-06	6581	0.9504036063893481	False
SON	-1.364489125927434	0.9137931628544314	3.25449682681965e-05	3421	0.9504036063893481	False
SNAP23	-1.3648269121213004	0.9138462709220497	3.84658970483636e-05	3045	0.9504036063893481	False
P3H2	-1.3652032093730486	0.91390540502571	2.19778899820518e-06	8317	0.9504036063893481	False
SPTY2D1	-1.3653687991542056	0.913931417392303	1.12361818985861e-05	5843	0.9504036063893481	False
ATL1	-1.365778786781731	0.9139957967187265	5.17211499203133e-06	7281	0.9504036063893481	False
MCUB	-1.3662055737781331	0.9140627757233448	2.9317816213509e-06	8030	0.9504036063893481	False
RPN1	-1.3667346190075829	0.9141457487141498	0.0002136907303707	720	0.9504036063893481	False
CCDC47	-1.3670664103206673	0.914197754717373	7.60084670439198e-05	1814	0.9504036063893481	False
SLC10A2	-1.368966498519902	0.914495126358307	1.29264538187988e-06	8756	0.9505779350441594	False
MRPL15	-1.369424070412207	0.9145666227959257	2.29518221430126e-05	4227	0.9505779350441594	False
SEPTIN2	-1.3703868880783967	0.9147169185496153	3.32504694128696e-06	7888	0.9506295920261592	False
EPB41L3	-1.3719565499205708	0.9149615177865612	7.40418697298596e-05	1846	0.9507792327999783	False
ILF2	-1.373116951213739	0.9151420039498614	0.0002442529591019	632	0.9508415761270792	False
AFDN	-1.374134648418641	0.9153000577208457	1.77882475315603e-06	8504	0.9508415761270792	False
OBSCN	-1.3775245616627694	0.9158249368215092	5.4403252078999e-06	7206	0.9508415761270792	False
CAPN13	-1.3796352713804665	0.9161505141070508	3.25118115143191e-06	7907	0.9508415761270792	False
HNRNPK	-1.3834014712244633	0.9167291001509518	0.0002974665790176	499	0.9508415761270792	False
XAB2	-1.3835165456061478	0.916746731187158	5.6875416251566e-05	2270	0.9508415761270792	False
RPF1	-1.3845588864576064	0.916906304840183	1.35802403959071e-05	5454	0.9508415761270792	False
ATP5MC3	-1.385381613055067	0.9170320948766133	7.90634870258016e-07	9091	0.9508415761270792	False
MRPL52	-1.385638177409888	0.9170712927370088	1.36872704842693e-05	5435	0.9508415761270792	False
CLASP2	-1.3856608436699462	0.9170747550146888	3.36271852750894e-05	3345	0.9508415761270792	False
RNPC3	-1.3857560300192089	0.9170892935694916	7.01623905718931e-06	6774	0.9508415761270792	False
RBM7	-1.386323651682571	0.917175951052384	5.43729710395355e-05	2340	0.9508415761270792	False
ACIN1	-1.3863489364244985	0.9171798096292758	7.70570355369242e-05	1798	0.9508415761270792	False
SNRNP48	-1.3866315391353778	0.9172229269997422	4.8426779673563e-06	7372	0.9508415761270792	False
BYSL	-1.3874238527360592	0.9173437221152582	9.89629795945835e-05	1448	0.9508415761270792	False
EAPP	-1.3884583008513405	0.9175012330107044	2.44330301795266e-05	4091	0.9508415761270792	False
KIF5B	-1.3905099930940141	0.917812966539505	7.91231207357922e-05	1761	0.9508415761270792	False
GPATCH1	-1.3909448749642408	0.9178789282551529	7.97795823284676e-06	6532	0.9508415761270792	False
MLEC	-1.3924922569460567	0.9181133076187893	7.02183515570446e-06	6770	0.9508415761270792	False
LTV1	-1.3936072391981507	0.9182818793698675	2.71905613276622e-05	3822	0.9508415761270792	False
TLCD1	-1.394295596575156	0.9183858199461656	1.76474057714158e-06	8512	0.9508415761270792	False
KRI1	-1.3945106935378233	0.918418278704811	2.45004438706702e-05	4086	0.9508415761270792	False
CD2BP2	-1.3945548349565529	0.9184249385696739	6.68817374119551e-05	2002	0.9508415761270792	False
ZCCHC9	-1.3965917558141305	0.9187318145773622	2.62316528209862e-06	8151	0.9508415761270792	False
STOML2	-1.3978714641638215	0.9189241654036506	1.43862093676014e-05	5309	0.9508415761270792	False
RPL32	-1.3982189745144686	0.9189763397385058	9.33134017896759e-05	1526	0.9508415761270792	False
TSR1	-1.4015404585307738	0.9194737410919813	0.0001034334515012	1397	0.9508415761270792	False
TMED1	-1.403082649139194	0.919703902738545	1.26782118015699e-05	5596	0.9508415761270792	False
STX12	-1.4039377034008795	0.9198312994614307	7.28516273656225e-05	1877	0.9508415761270792	False
UQCR10	-1.4043148786585755	0.9198874471831762	2.29373789123088e-06	8283	0.9508415761270792	False
ABT1	-1.4049995798297719	0.9199892983925448	2.57128632956828e-05	3959	0.9508415761270792	False
ZNF16	-1.4054823279802742	0.9200610496584043	1.02777171072003e-06	8905	0.9508415761270792	False
NTM	-1.4056795166062155	0.9200903439703767	4.71330642221666e-07	9373	0.9508415761270792	False
NEGR1	-1.4056795166062155	0.9200903439703767	4.71330642221666e-07	9372	0.9508415761270792	False
LSAMP	-1.4056795166062257	0.9200903439703783	1.45523474145864e-06	8664	0.9508415761270792	False
PPP1R2B	-1.4056795166062284	0.9200903439703786	8.91750049629058e-07	9003	0.9508415761270792	False
PGM2L1	-1.4056795166062284	0.9200903439703786	8.91750049629058e-07	9001	0.9508415761270792	False
PCDH1	-1.4056795166062284	0.9200903439703786	8.91750049629058e-07	9000	0.9508415761270792	False
UFD1	-1.4056795166062284	0.9200903439703786	1.12530363405572e-06	8836	0.9508415761270792	False
RAB3D	-1.4056795166062284	0.9200903439703786	8.91750049629058e-07	9004	0.9508415761270792	False
PLPPR3	-1.4056795166062284	0.9200903439703786	8.91750049629058e-07	9002	0.9508415761270792	False
CADM2	-1.405679516606235	0.9200903439703796	8.91750049629058e-07	8997	0.9508415761270792	False
CARHSP1	-1.405679516606235	0.9200903439703796	8.91750049629058e-07	8998	0.9508415761270792	False
C19ORF53	-1.405679516606235	0.9200903439703796	1.12530363405572e-06	8834	0.9508415761270792	False
H1-10	-1.405679516606235	0.9200903439703796	1.12530363405572e-06	8835	0.9508415761270792	False
CTNND2	-1.4056795166062352	0.9200903439703796	8.91750049629058e-07	8999	0.9508415761270792	False
ZFPL1	-1.4066964824071106	0.9202412953705691	1.65706458057273e-05	4994	0.9508415761270792	False
AAR2	-1.4097308191218796	0.9206904095421281	5.06114074398586e-05	2469	0.9508415761270792	False
DHX35	-1.4097848398161492	0.9206983878001801	8.71647039836867e-06	6368	0.9508415761270792	False
WDR83	-1.4098295451983702	0.9207049898303872	2.51480171394732e-05	4019	0.9508415761270792	False
MRPL46	-1.4099315902844611	0.9207200581514274	1.20489833544745e-05	5700	0.9508415761270792	False
NBAS	-1.4111771223083929	0.920903802940851	6.61513600118209e-06	6879	0.9508415761270792	False
DNTTIP2	-1.4134792253121682	0.9212425672406701	1.37728822829074e-05	5418	0.9508415761270792	False
RPL9	-1.4146075158515623	0.9214081980319169	0.000157816086359	959	0.9508415761270792	False
SNRPG	-1.4148301929088287	0.9214408553607975	3.079540842916e-05	3551	0.9508415761270792	False
ALG1	-1.4149728073689147	0.9214617654806669	9.94689972496102e-07	8928	0.9508415761270792	False
MRI1	-1.4149728073689147	0.9214617654806669	9.94689972496102e-07	8929	0.9508415761270792	False
WARS1	-1.4149728073689147	0.9214617654806669	9.94689972496102e-07	8930	0.9508415761270792	False
NIBAN2	-1.4149728073689147	0.9214617654806669	1.26408517338046e-06	8767	0.9508415761270792	False
ATP5PO	-1.415682668447926	0.9215657824936916	4.45021415245388e-06	7499	0.9508415761270792	False
DDX28	-1.4163322646133492	0.9216608772469913	1.29462065768711e-05	5550	0.9508415761270792	False
RPL8	-1.4173461899613202	0.921809131595849	0.000172946913481	882	0.9508415761270792	False
FOXD2	-1.4185280774927087	0.9219816763608988	1.67713566403697e-06	8546	0.9508415761270792	False
HSF1	-1.4193392274285357	0.9220999295568735	0.0001989088775427	780	0.9508415761270792	False
PCBP2	-1.4197370773419806	0.9221578802205747	7.12283023098387e-05	1913	0.9508415761270792	False
DDX18	-1.4199778649009498	0.9221929373463789	4.48300028809662e-05	2707	0.9508415761270792	False
ZNF71	-1.4204399022027372	0.9222601734572264	1.59404671413313e-05	5082	0.9508415761270792	False
ZNF75A	-1.4204399022027614	0.92226017345723	4.43654400674765e-07	9394	0.9508415761270792	False
ZFP2	-1.4204399022027614	0.92226017345723	4.43654400674765e-07	9393	0.9508415761270792	False
LUZP1	-1.4206968945375482	0.9222975521354615	2.35571115456786e-05	4171	0.9508415761270792	False
RAB9A	-1.4213023194586494	0.9223855552407517	0.0001256249874281	1170	0.9508415761270792	False
MRPS10	-1.4213112648772754	0.9223868549576679	2.99008034948962e-05	3609	0.9508415761270792	False
C1QA	-1.4215262744889614	0.9224180896228634	7.97945622556145e-06	6531	0.9508415761270792	False
RPF2	-1.4221854512921528	0.9225137894245788	3.77607946360899e-05	3087	0.9508415761270792	False
SMR3B	-1.4231327154654851	0.922651156961334	1.84371636263148e-06	8476	0.9508415761270792	False
WDR77	-1.423252348538106	0.9226684923899805	9.57152438240128e-05	1487	0.9508415761270792	False
SF3B4	-1.4255440110911084	0.9229999962466073	0.000132944505247	1113	0.9510794858282019	False
NOL10	-1.4273266235372315	0.9232571149811286	1.29532536226843e-05	5549	0.9511919592029956	False
HNRNPF	-1.4284831025485725	0.923423572595524	0.0001188083043221	1247	0.9511919592029956	False
GFPT1	-1.4287031248886781	0.9234552103577327	8.9886055425857e-06	6312	0.9511919592029956	False
USB1	-1.4291174584658837	0.9235147618023765	1.06686457655262e-05	5955	0.9511919592029956	False
CAGE1	-1.4304990466758845	0.9237130803815737	7.78148677527877e-07	9107	0.9511919592029956	False
TPM1	-1.4304990466758987	0.9237130803815757	3.84257226011563e-05	3050	0.9511919592029956	False
SNRPB	-1.4328190116678394	0.9240452166358454	0.0001721668623474	889	0.9511944791289737	False
PRPF6	-1.4328801918131517	0.9240539605260158	0.0001131983688537	1303	0.9511944791289737	False
PAIP2B	-1.4335201029101536	0.9241453709398925	6.48385828030734e-06	6913	0.9511944791289737	False
MXRA7	-1.4342199300077665	0.924245244319267	3.44586263234914e-06	7843	0.9511944791289737	False
RPLP1	-1.4346464567507864	0.9243060654485736	9.246403172907e-05	1548	0.9511944791289737	False
FMR1NB	-1.4347404288039856	0.9243194605123137	3.02176609014529e-06	7993	0.9511944791289737	False
TFB1M	-1.436417777535006	0.9245582512514583	8.09980151790621e-06	6510	0.9513366152358755	False
RBM19	-1.4378311422198689	0.924759014559225	3.10410504247123e-05	3531	0.9513381255695104	False
TSPAN18	-1.4378455601592623	0.9247610604742351	1.76657632395132e-06	8510	0.9513381255695104	False
LSM7	-1.4387085200831875	0.9248834378274	1.73476484066435e-05	4901	0.9513604536267476	False
SRSF11	-1.4411984569643297	0.9252356879010067	3.05279735779081e-05	3570	0.9515554112494192	False
MRS2	-1.4414723408055992	0.925274357033959	1.2551863243125e-05	5610	0.9515554112494192	False
RPL19	-1.4436539701368065	0.9255818323246874	0.0002138101036681	719	0.9517680430324587	False
SSR3	-1.4449057407561616	0.925757818195223	9.31371023461033e-06	6242	0.9518454337879292	False
RUFY3	-1.4482531652422723	0.9262268696335367	4.5990881594546e-06	7453	0.9522240990031464	False
MRPL45	-1.4495715005048027	0.9264109759002019	1.85685277081951e-05	4747	0.9523097707230402	False
MRTO4	-1.4522053379830058	0.9267777405505155	2.41028747596843e-05	4127	0.9523510760240161	False
RAB11A	-1.4535555164823288	0.9269652113069696	0.0003110776984143	478	0.9523510760240161	False
BCLAF1	-1.4541787374524708	0.9270516208236501	7.6065313190676e-05	1811	0.9523510760240161	False
TUBA8	-1.454355898537213	0.9270761698981302	7.38565852461785e-06	6694	0.9523510760240161	False
NOP10	-1.455654106029495	0.9272558685886575	7.7415801217181e-06	6595	0.9523510760240161	False
AK1	-1.4556665485704459	0.9272575892509931	9.54728159504285e-06	6192	0.9523510760240161	False
EIF6	-1.4557294433311052	0.9272662864063624	6.41119355763958e-05	2072	0.9523510760240161	False
RRP8	-1.4560621525266517	0.9273122805467982	7.035270589628e-05	1926	0.9523510760240161	False
PPAN	-1.4568987131683782	0.9274278293392527	2.46787174245168e-05	4065	0.9523510760240161	False
LSM14A	-1.4573439970769344	0.9274892761681319	3.02711624306164e-05	3585	0.9523510760240161	False
PRRC2C	-1.4578547963379072	0.9275597146798988	4.56286330059025e-05	2659	0.9523510760240161	False
PHTF1	-1.4586333935550366	0.927666981291871	2.53210723897489e-06	8182	0.9523577374479284	False
MCUR1	-1.4599690595077097	0.9278507112026992	1.2220615864553e-06	8785	0.9523993366733178	False
SNRPGP15	-1.4603938429867571	0.9279090680160039	2.57965210652464e-06	8163	0.9523993366733178	False
STAU2	-1.462370166904038	0.9281800999794032	2.05119629970237e-05	4504	0.9524979804478013	False
CNBP	-1.4625648919250471	0.9282067621104553	2.80804735386345e-05	3762	0.9524979804478013	False
SDAD1	-1.4635553948341657	0.9283422662005414	1.01190758822831e-05	6071	0.9525335956129334	False
NSD2	-1.4645456827303756	0.9284775446480742	5.48277509793205e-06	7196	0.9525689715475302	False
MRPS9	-1.4660808771855542	0.9286868726498247	5.79168119945197e-05	2236	0.9526803024903218	False
SRSF12	-1.4700476064476105	0.9292255695555938	1.030324787027e-05	6028	0.9531067950063961	False
IFRD2	-1.4717363796886944	0.9294539602259002	3.16953317423026e-06	7937	0.9531067950063961	False
CASC3	-1.4725718406529982	0.9295667387875021	2.56348607662767e-05	3965	0.9531067950063961	False
TRA2B	-1.4728101512480702	0.9295988828235321	7.27267479011387e-05	1884	0.9531067950063961	False
FAF2	-1.4728697000679187	0.9296069131824288	0.0001194189722413	1237	0.9531067950063961	False
RPL7L1	-1.4736446105414982	0.9297113482669861	3.24053342444054e-05	3431	0.9531104622611215	False
TMED9	-1.4763023662369097	0.9300686303931927	1.27262308028801e-05	5585	0.9532675797664273	False
SEPTIN11	-1.4766324757655742	0.9301129092793923	1.60866831287926e-06	8597	0.9532675797664273	False
RPS24	-1.4770376927649598	0.9301672331244684	0.0001510079099451	993	0.9532675797664273	False
G3BP1	-1.481343497675282	0.9307424685233935	0.0003162994602657	462	0.9537536681355528	False
PTCD3	-1.4825276722114942	0.9309000269283493	4.68286822823115e-05	2606	0.9537877206700935	False
FGF3	-1.4856727539230279	0.9313171496151249	1.87406418960056e-05	4724	0.9537877206700935	False
AARS1	-1.4865519305162727	0.9314334041831827	3.00706831007879e-06	8005	0.9537877206700935	False
APOBEC3F	-1.4866954209358818	0.9314523636762949	1.99393334107104e-06	8407	0.9537877206700935	False
IGF2BP2	-1.4873405938863893	0.9315375608816069	6.9220665308122e-05	1950	0.9537877206700935	False
BAAT	-1.487426356839646	0.9315488800068993	6.86771556842215e-07	9205	0.9537877206700935	False
SRSF9	-1.4882156360851064	0.9316529825100575	4.94488939305304e-05	2514	0.9537877206700935	False
PUM3	-1.4883256658091273	0.9316674852450213	1.42865524289312e-05	5326	0.9537877206700935	False
CLNS1A	-1.4884738630876244	0.9316870149939177	4.72477696734805e-05	2594	0.9537877206700935	False
CCDC12	-1.4898381288891902	0.931866598526028	1.96880046781333e-05	4612	0.9537877206700935	False
CSNK2A1	-1.4899851413313827	0.9318859285658173	0.0008787692313631	112	0.9537877206700935	False
DHX30	-1.490947103114473	0.9320123083592062	6.36535477717931e-05	2079	0.9538137658646848	False
SNRPE	-1.4933241414187601	0.932323820396259	0.0001187574609629	1250	0.9540292477254627	False
TIMM17B	-1.4980943692048838	0.932945633075248	2.66212096808472e-06	8138	0.9544561576696451	False
RPL26L1	-1.4996557111755124	0.9331481957550224	6.65683465639904e-05	2009	0.9544561576696451	False
ZMYND12	-1.5008659688156485	0.9333048841034651	5.43088496901081e-07	9318	0.9544561576696451	False
SAMD11	-1.5008659688156516	0.9333048841034656	3.54670036016759e-06	7805	0.9544561576696451	False
LARP4	-1.501280943513876	0.9333585441260365	2.66526547509077e-05	3863	0.9544561576696451	False
SNRPB2	-1.5020758619420136	0.9334612410320986	6.60584232266965e-05	2017	0.9544561576696451	False
HSPA1A	-1.5021408639629856	0.9334696333358121	0.0007707314465567	141	0.9544561576696451	False
DDX6	-1.5027742205290997	0.9335513620757339	0.0001195224466781	1235	0.9544561576696451	False
TAF15	-1.5035396003927295	0.9336500234389629	0.0001088415514902	1349	0.9544561576696451	False
PRPF4	-1.5053009271755713	0.9338766365310126	5.3627765129151e-05	2368	0.9545845554589583	False
RBMXL1	-1.5070127818581158	0.9340963095268179	7.96465231514038e-06	6536	0.9547058322548593	False
SPTLC2	-1.512058687261746	0.9347405332993368	8.54760512871578e-06	6406	0.9548484126286005	False
ZBTB48	-1.51223625446921	0.9347631144530641	2.85314663898046e-05	3722	0.9548484126286005	False
PAXBP1	-1.51341998672109	0.9349134943490173	1.5725983060406e-05	5116	0.9548484126286005	False
PPIH	-1.5137879067399311	0.9349601796142264	1.74801798658779e-05	4886	0.9548484126286005	False
DDX50	-1.5140920418741624	0.9349987516083386	4.68376630187566e-05	2605	0.9548484126286005	False
FAU	-1.5142397009991169	0.9350174720999573	4.10452990120786e-05	2883	0.9548484126286005	False
DHX33	-1.5149444106311691	0.9351067588226114	6.02013944266595e-06	7046	0.9548484126286005	False
IDH3B	-1.5153409230112427	0.9351569550608723	4.95989138222437e-06	7332	0.9548484126286005	False
RPLP0	-1.5156304322944234	0.935193586263737	0.0002307018643652	677	0.9548484126286005	False
LSM8	-1.5167856769254489	0.9353395977817176	1.39619940893297e-05	5388	0.9548484126286005	False
HNRNPH2	-1.517583419908937	0.9354402753980273	4.22899572203283e-05	2836	0.9548484126286005	False
ASPH	-1.5181247770890025	0.9355085269541052	3.93210596413929e-05	2995	0.9548484126286005	False
HECTD1	-1.5184488696111889	0.9355493600558955	0.0001664803858514	910	0.9548484126286005	False
RBM8A	-1.5233345419078763	0.9361624852593611	6.44226422271552e-05	2064	0.955308331011424	False
PRPF3	-1.5236519790394767	0.9362021643911955	9.12893131862887e-05	1568	0.955308331011424	False
HNRNPU	-1.5263031085198036	0.9365328025652199	0.0005133838896658	237	0.9554537358898622	False
HNRNPR	-1.5264161713891973	0.9365468736029411	0.0001765990077885	864	0.9554537358898622	False
PABPC4	-1.5284848141730776	0.9368038944534021	0.0001357695069234	1086	0.9556127809353032	False
H1-2	-1.5296691974507153	0.9369506841280372	5.65345219121569e-06	7148	0.9556593594182354	False
ACKR3	-1.532956893475525	0.9373567618411668	1.55563706999635e-06	8623	0.9559703647095862	False
MFAP1	-1.5352440919319181	0.9376380592677267	4.86668196384097e-05	2541	0.9561540584957394	False
MPHOSPH10	-1.5375898876104517	0.9379255392202329	2.56253025363599e-05	3970	0.9562918396609504	False
BUD31	-1.5379989324511787	0.937975562097074	9.33080125087066e-06	6236	0.9562918396609504	False
CENATAC	-1.5401725377854285	0.9382408489749445	1.23591000783343e-06	8778	0.9564591178870794	False
RNPS1	-1.5411632819363268	0.9383614742749902	0.0001161087793078	1277	0.9564789053930166	False
C1QBP	-1.5422851422182442	0.9384978410755812	0.0002187708698478	703	0.956514732330052	False
SRSF3	-1.5434640832274837	0.9386408922423971	8.23131122859312e-05	1714	0.9565573634951636	False
SRSF7	-1.5453554946555543	0.9388698504510352	8.33954263364262e-05	1694	0.9566504587254233	False
SEPTIN6	-1.546731038579892	0.9390359423425416	1.97185955383537e-06	8418	0.9566504587254233	False
SEPTIN12	-1.546731038579899	0.9390359423425425	5.20750058201016e-07	9334	0.9566504587254233	False
SRSF10	-1.549855960237276	0.9394119540002142	5.09211164694821e-05	2458	0.9569303616796403	False
TRUB2	-1.5516245521145309	0.9396239575329108	2.26514829619211e-05	4255	0.9569538084640575	False
SAFB2	-1.5523472763735877	0.9397104242117015	3.28807734743664e-05	3401	0.9569538084640575	False
CUL3	-1.5527390713289937	0.939757258001773	0.002120815083305	34	0.9569538084640575	False
SREK1	-1.5534321074924617	0.9398400313603088	4.05220779938104e-05	2918	0.9569538084640575	False
FASTKD2	-1.5565731376156393	0.9402140671777771	9.3258292428727e-06	6240	0.9569929350795988	False
RPS12	-1.5568444774842825	0.9402462928200128	0.0001102567092135	1335	0.9569929350795988	False
MRPS18C	-1.557431397101655	0.9403159516927032	1.58834087663785e-05	5091	0.9569929350795988	False
MAGEB10	-1.5579287460700681	0.9403749300061842	2.73312129483173e-05	3811	0.9569929350795988	False
SRSF6	-1.5583120536039965	0.940420353502582	5.59723290022782e-05	2292	0.9569929350795988	False
SURF6	-1.5597105341711814	0.9405858491828221	3.35879585159673e-05	3348	0.9569929350795988	False
RPS28	-1.5597231619554133	0.9405873419068057	7.17965283515952e-05	1900	0.9569929350795988	False
RPL24	-1.560603064022273	0.9406912823067191	0.0001417976195207	1043	0.9569956526858107	False
UBE2O	-1.5616505663755376	0.9408148349052309	0.000138909428586	1067	0.9570183196829313	False
MRPS7	-1.5633495332360108	0.9410147982459817	4.87645036368428e-05	2535	0.9571014649350115	False
AGK	-1.5644472886799035	0.941143718662537	9.2789272737349e-06	6248	0.9571014649350115	False
CCDC9	-1.564930647260479	0.9412004141419112	1.07639105550074e-05	5934	0.9571014649350115	False
SLC33A1	-1.5670239204496628	0.9414454497512617	7.26322367532917e-06	6716	0.9572279311806441	False
LYAR	-1.5684979206049179	0.9416175125681981	5.30260227371139e-05	2386	0.9572279311806441	False
RPS5	-1.568685577044782	0.9416393895336006	0.0001707431510787	895	0.9572279311806441	False
COPRS	-1.5705247002562024	0.9418534536862717	1.51527618664423e-05	5206	0.9572279311806441	False
CMTR2	-1.5710261377843466	0.9419117111841621	5.25322052814715e-06	7258	0.9572279311806441	False
SEPTIN7	-1.5712423873472439	0.9419368211084683	2.34627463749931e-06	8260	0.9572279311806441	False
SART1	-1.5736644966572746	0.942217483071983	8.51211953332444e-05	1658	0.9572279311806441	False
SNRPA	-1.5737646327383799	0.9422290633418196	0.0001614344196968	936	0.9572279311806441	False
ATP5ME	-1.5753829141691775	0.942415957108747	1.08499498760543e-06	8864	0.9572279311806441	False
PNO1	-1.5756431381007063	0.9424459656892838	1.82866156777612e-05	4779	0.9572279311806441	False
RPL11	-1.5765665385449281	0.9425523514010496	0.0002443617516311	631	0.9572279311806441	False
RBM3	-1.5770231906160004	0.9426049054543029	3.15430025480173e-05	3493	0.9572279311806441	False
LSM6	-1.5773422384787845	0.9426416008007485	2.54362088737126e-05	3991	0.9572279311806441	False
GPATCH11	-1.580080368432415	0.9429557687492804	1.1172197309999e-05	5857	0.9574440759300205	False
ATXN2L	-1.5823288311040342	0.9432127388643256	3.49292853527636e-05	3263	0.9576021038104724	False
CDC40	-1.5842683663722952	0.9434336693588227	2.58284871673094e-05	3948	0.9577235122398619	False
PRPF8	-1.5862295983054975	0.9436563820662562	0.0003310710261138	433	0.9578467036010871	False
ZNF48	-1.5895985463258755	0.9440373375204908	3.32622462759205e-06	7887	0.9581304735870086	False
SAP18	-1.5947287320602173	0.9446135449785733	0.0001389076548305	1068	0.9583416544251397	False
RPL7A	-1.594930778415782	0.9446361419897653	0.0002066906357368	744	0.9583416544251397	False
RTRAF	-1.5950184766626756	0.9446459479593882	2.11999360655182e-06	8361	0.9583416544251397	False
RPS23	-1.5957108301079084	0.9447233152348278	0.0001390069394364	1065	0.9583416544251397	False
RPL4	-1.5959719428148287	0.9447524711772065	0.000294149139527	509	0.9583416544251397	False
SRP68	-1.5991277604611225	0.9451038912325956	6.40276528246079e-05	2074	0.9585952315281775	False
PLEKHG3	-1.6020544701146255	0.9454282175465841	1.25028282149408e-05	5620	0.9588212766489826	False
SNRNP40	-1.6037873619893346	0.9456195343723399	0.0001138661894945	1295	0.9588307710306737	False
CIRBP	-1.60419460254683	0.9456644179513058	2.59185854396903e-05	3939	0.9588307710306737	False
HEATR1	-1.6048988806481839	0.9457419700293026	1.87868771929439e-05	4719	0.9588307710306737	False
YARS2	-1.6068409855061738	0.9459553725682034	1.84959025365338e-05	4756	0.9589442470252652	False
DHX15	-1.6095691988684961	0.9462540315452246	0.0001420610018957	1041	0.9591441164970903	False
NIP7	-1.611985932563738	0.9465174995315309	1.55837703374288e-05	5137	0.9593082765522272	False
LSM10	-1.6180507597235325	0.9471741705272023	4.45248262513196e-06	7497	0.9598458503381913	False
SRFBP1	-1.619080080787243	0.9472849829880943	4.22902246344166e-06	7557	0.9598458503381913	False
PRR11	-1.6205791062143742	0.9474460319006486	2.51224877934031e-05	4022	0.9598458503381913	False
RBM42	-1.6206551343660813	0.9474541896248305	3.06310819604799e-05	3558	0.9598458503381913	False
NGRN	-1.6220168131280215	0.9476001258954821	1.89942556204492e-05	4694	0.9598705125307055	False
UPF1	-1.6233597307516157	0.9477437361167178	0.0001645299187187	918	0.9598705125307055	False
SRP72	-1.6237297837786522	0.9477832542247633	4.2639877322057e-05	2818	0.9598705125307055	False
CCDC86	-1.6258969608248104	0.9480142116159043	1.81360304259207e-05	4797	0.9599038252505734	False
NOC3L	-1.6260383512533725	0.9480292514324333	4.45155244454247e-05	2717	0.9599038252505734	False
RPS18	-1.627498391972543	0.9481843550741563	9.01424271541389e-05	1583	0.9599038252505734	False
NOLC1	-1.627857579125235	0.9482224559485822	6.53210860307e-05	2040	0.9599038252505734	False
HP1BP3	-1.6292354321401608	0.9483684055720399	3.83554030650761e-05	3056	0.959948739573241	False
VCAM1	-1.631207807582911	0.9485767607842965	0.0002261920942742	688	0.9599930909422877	False
SURF2	-1.631574233527856	0.9486153950496383	1.31996422493918e-05	5510	0.9599930909422877	False
NKRF	-1.635862886829691	0.9490658565555484	3.5576941200617e-05	3231	0.9602484373505875	False
LSM2	-1.6364151248332786	0.9491236320771443	3.61137401469574e-05	3192	0.9602484373505875	False
NUDT6	-1.6368831458706248	0.9491725559038983	5.06786212502665e-06	7307	0.9602484373505875	False
ATP5F1C	-1.6385738908658698	0.9493489831968561	3.42584294728824e-06	7848	0.960324115950577	False
CSRP2	-1.639944532881342	0.9494916498412065	2.88861095172363e-06	8053	0.960365631060623	False
PES1	-1.642541165397122	0.9497610488530501	7.14473390326917e-05	1906	0.9605353073267684	False
BHLHA15	-1.6444188892677603	0.9499551470171866	1.78653655395504e-05	4828	0.960552023020962	False
BMS1	-1.6446681566324597	0.9499808684818953	2.64784765484758e-05	3879	0.960552023020962	False
MYBBP1A	-1.6463561410934053	0.950154771368948	0.0001030841484994	1401	0.9605540731177735	False
FLG2	-1.6466615855530633	0.9501861878841213	6.06611064157625e-06	7029	0.9605540731177735	False
YAP1	-1.6489429463788527	0.9504203381525956	0.0008399675522077	120	0.9606206444504753	False
RPL18A	-1.6492847775309332	0.9504553466256026	0.0001634341618016	929	0.9606206444504753	False
ZNF2	-1.6526522018206624	0.9507991662700883	2.23562088318441e-05	4290	0.960732565585245	False
DDX56	-1.6526640386115876	0.9508003714569077	4.53301605246059e-05	2676	0.960732565585245	False
H1-6	-1.6533588902113088	0.9508710778750049	3.21031746291201e-05	3452	0.960732565585245	False
CAPRIN1	-1.6553913747883464	0.9510774327703603	8.68447554099877e-05	1627	0.9608383300919291	False
SRRM1	-1.6588695983840858	0.9514289640174189	0.0001133966742275	1301	0.9610907226044478	False
RBM28	-1.6685054136381945	0.9523922809220873	5.86982424003217e-05	2217	0.9619609934495217	False
ZCRB1	-1.6741177553021185	0.9529462705334311	3.61113632486759e-05	3193	0.9623148416089992	False
AGR2	-1.6741177889460637	0.9529462738388375	0.0005697828275713	201	0.9623148416089992	False
CCDC137	-1.6836944460600118	0.9538796323719	1.72604845611637e-05	4915	0.9631544530307143	False
NOM1	-1.6876920685102161	0.9542648224378069	1.40925517035584e-05	5361	0.963370838190756	False
PRP4K	-1.6880358031736666	0.9542978218310758	1.60056006872932e-05	5071	0.963370838190756	False
H1-4	-1.6929073392885785	0.954763446942069	4.78450692433876e-05	2575	0.9637379377913429	False
GAR1	-1.7030026487582712	0.9557162136424452	3.03222547573185e-05	3584	0.9645966270341885	False
RPS8	-1.7055702505414245	0.9559559388796817	0.0002521489318868	611	0.9647355427608919	False
GRSF1	-1.7073439132204242	0.9561209257387848	0.0002530950599822	606	0.9647990120909254	False
GNL2	-1.7088317563055968	0.9562589407387088	5.30122556466364e-05	2387	0.9648352541085626	False
LSM4	-1.7131018786374843	0.956653100755509	3.53974095616254e-05	3242	0.9649560636795234	False
RRP15	-1.713624338132147	0.9567011296297568	1.75204702182516e-05	4877	0.9649560636795234	False
KRR1	-1.7173263866809807	0.9570402232801282	6.20669802526604e-05	2130	0.9649560636795234	False
WDR12	-1.717710018421828	0.9570752394578367	1.72824940359681e-05	4911	0.9649560636795234	False
BOP1	-1.7178043304812902	0.9570838443050832	2.58608331260765e-05	3945	0.9649560636795234	False
RRP12	-1.7183187405679072	0.9571307535393911	5.2009741714246e-05	2418	0.9649560636795234	False
TOE1	-1.718902397574322	0.9571839272356563	1.30253934204917e-05	5535	0.9649560636795234	False
RBM34	-1.7190302768099175	0.957195570468979	7.5690491212908e-05	1822	0.9649560636795234	False
FBL	-1.7217967586542322	0.9574468290106247	0.0003444743493865	413	0.9650624049414338	False
RPS3A	-1.7224424748981404	0.9575053025112046	0.0002687334535316	571	0.9650624049414338	False
RBM22	-1.7270696754621386	0.9579224245356331	2.08116687619013e-05	4469	0.9653798562292559	False
DDX52	-1.7288813189237469	0.9580848309267379	1.25018394047306e-05	5621	0.9653998459304636	False
RPS2	-1.7295715903821975	0.9581465772467532	0.0002589385725836	596	0.9653998459304636	False
RPL22	-1.7345722800276893	0.9585917035491102	0.0001080842136681	1354	0.9657453729785811	False
MRPS5	-1.7380864523647672	0.9589022091626139	3.57194531070206e-05	3220	0.9659552154979961	False
RRBP1	-1.7420880540753576	0.9592534812085829	4.65128252348055e-05	2619	0.9662060751887773	False
MRPS17	-1.745851519567987	0.9595816220295132	9.94810455909938e-06	6110	0.9664335850132048	False
SSB	-1.7501795846881198	0.95995633478706	9.28311483531926e-05	1536	0.9667079458373526	False
DDX27	-1.756747579909197	0.9605195781817548	4.83454811108985e-05	2555	0.9670769064597453	False
RPS14	-1.7568392185807218	0.9605273909027693	0.0001438489458001	1034	0.9670769064597453	False
HMGB3	-1.7610457451099817	0.9608846696269139	3.05556807159503e-06	7977	0.9673335600270946	False
RPL10	-1.764672447927101	0.9611905841493367	0.0002124054921684	725	0.9674900044469055	False
RPL30	-1.7653179866235136	0.961244830873227	0.0001536833458613	977	0.9674900044469055	False
RPL36	-1.7685544680586793	0.9615158725557529	0.0001211419061164	1216	0.9674996196021005	False
RPLP2	-1.768887144182083	0.9615436449980816	0.0001126960662921	1308	0.9674996196021005	False
RPL13A	-1.7697868080481383	0.9616186688495476	0.0001387100797455	1069	0.9674996196021005	False
RBMX	-1.7711146866112608	0.9617291838852801	0.0001356986936723	1088	0.9674996196021005	False
RPL5	-1.7715612134685352	0.961766288522977	0.0002627683226064	588	0.9674996196021005	False
CHTOP	-1.775066955287746	0.9620565837900114	8.52809671152147e-05	1655	0.9676886340410439	False
ATP5F1A	-1.7770232958734844	0.962217796492306	5.85713625006258e-06	7091	0.9677477838284686	False
DDX10	-1.7860659103241507	0.9629557065230518	2.04858699146166e-05	4509	0.9683868709846589	False
SNRPD3	-1.7883036296011283	0.9631364826991302	7.30803514645847e-05	1871	0.9684656056082975	False
LUC7L2	-1.793215253950147	0.9635307440382171	6.5179371893757e-05	2045	0.9687589670349135	False
NOP56	-1.798057389316689	0.9639160431066452	0.0002379074300852	653	0.9689481916974234	False
RPL37A	-1.7981580311177605	0.963924015888622	0.0001570126254069	962	0.9689481916974234	False
DDX23	-1.8004107842112966	0.9641021003775212	7.37608460254361e-05	1851	0.9690024212995806	False
U2AF2	-1.8014377435599862	0.9641830441777731	0.0002630998825494	586	0.9690024212995806	False
LLPH	-1.804527540506315	0.9644256771290772	1.01428986416498e-05	6067	0.9691431995820694	False
SRPK3	-1.8103136762069234	0.9648764213043248	4.36531781149255e-05	2769	0.9694930548990823	False
LSM1	-1.8132719343621153	0.9651050551113088	1.54331499093346e-05	5160	0.9695236589935945	False
SNRPF	-1.8133629483426044	0.9651120698574331	0.0001299440457583	1135	0.9695236589935945	False
SFSWAP	-1.816381745486498	0.9653440832865868	7.40804169792375e-06	6685	0.9696536550869734	False
ATP5MF	-1.8179851070511164	0.9654667954641193	2.42281149844044e-06	8227	0.9696738460129586	False
RPL35	-1.8216284483313085	0.9657443093205403	0.0001343940473978	1099	0.969849492356972	False
SPATS2L	-1.8303271809385613	0.9663994853540696	7.62157332721107e-06	6625	0.9704043286150205	False
OAS3	-1.8363415219154953	0.9668464187863647	9.26600585218604e-06	6255	0.970749963613594	False
USP9Y	-1.8528477700844654	0.968047909470509	1.86192810606979e-06	8468	0.9718303628567397	False
MAPT	-1.8539682945469491	0.9681281519506189	0.0011240297033853	74	0.9718303628567397	False
SART3	-1.857213004387554	0.968359572222696	0.0001347741590518	1096	0.971959421933561	False
SNRPD2	-1.8628639419478834	0.9687592944719335	0.0001158860135664	1278	0.9722573632922442	False
HNRNPA1	-1.8644481332398057	0.9688706005807005	0.0004267146202019	308	0.9722658145362238	False
IMP4	-1.8666043654171296	0.9690215712340055	7.84795541590271e-06	6568	0.9723140633002072	False
RPS15	-1.8697590142921199	0.969241354864217	0.0001025708846789	1408	0.972431341274748	False
DKC1	-1.8749593164045333	0.9696008396549811	6.79648251893229e-05	1973	0.9726887404182135	False
ZC3H3	-1.8858814588247133	0.9703445347090094	2.9459988048498e-05	3646	0.9733314778686062	False
NIFK	-1.892849326302403	0.9708110451359829	0.0001177064711865	1261	0.9736960705301463	False
EIF4A3	-1.8992714194137752	0.9712356006748839	0.0001246279810393	1179	0.974018510705471	False
DDX24	-1.9197552686115362	0.9725555902714201	0.0001204199170931	1225	0.975107292063197	False
ZC3HAV1	-1.920406311764253	0.9725967015425502	9.71219718347981e-05	1463	0.975107292063197	False
SRRM2	-1.920947378941865	0.972630829099227	0.0001219166432373	1205	0.975107292063197	False
RC3H1	-1.9265159101880034	0.9729800064089972	0.0002368742754804	658	0.9753490507435906	False
DDX55	-1.9280958405748514	0.9730783968688437	8.48857220931997e-06	6420	0.9753490507435906	False
LARP1	-1.9472052924034906	0.9742449362712908	8.60041920023939e-05	1639	0.9764147468197792	False
BRIX1	-1.9614821069277906	0.9750885948640365	5.85146475380119e-05	2222	0.9771566512688382	False
FTSJ3	-1.9714251010990222	0.9756623638586281	8.26315214501178e-05	1706	0.9776279650582161	False
RIOK1	-1.9975772860027108	0.9771187460951798	9.58545579288378e-05	1482	0.9789834765266591	False
RPL17	-2.0027800026414995	0.9773995463964952	0.0001414285500587	1046	0.979161000047374	False
SNU13	-2.014739469248406	0.9780340228299225	1.9765474218733e-06	8417	0.9796927618976858	False
CFTR	-2.0269196936090346	0.9786646869304034	0.0016432811190466	40	0.9802205926329954	False
LRRC59	-2.044410591383897	0.9795434990690715	0.0001354270809	1091	0.9809968277027051	False
NOL12	-2.06370793543389	0.9804772917427541	1.28360889555734e-05	5565	0.9818279545373557	False
RPS16	-2.095782772792843	0.9819492673820329	0.0002462027013717	627	0.9831977724899568	False
EFTUD2	-2.0986247792833783	0.9820750048774213	0.0003650259200749	376	0.9832194931763567	False
RRS1	-2.18505748773725	0.9855576841106782	0.0001066790304652	1366	0.9866017070811345	False
DDX21	-2.2177967154494396	0.9867156519075325	0.0001764413848128	866	0.9876562769331831	False
STAU1	-2.222206205883403	0.9868653133691143	0.0007907683942221	131	0.9877014627555741	False
BRD4	-2.2306485769469364	0.9871477918102498	0.0011844378344818	69	0.9878795544431707	False
SNRNP70	-2.258060488128342	0.9880290557171305	0.0002760967914404	552	0.9886567743039902	False
MEPCE	-2.3090905230189316	0.9895307207291124	0.0002657264633845	581	0.9900545591201813	False
RBM39	-2.403706922529997	0.9918851104928444	0.0004632265574237	271	0.9923051338299154	False
CCNF	-2.4087261576624774	0.9919958477466838	0.0014961975726299	49	0.992310867069563	False
MYC	-2.491244732273746	0.9936351798488243	0.0033214216543819	26	0.9938455175244909	False
RPS6	-2.5638813047882083	0.9948245532226606	0.0004095604825465	327	0.9949298368032746	False
STK4	-2.643551132672165	0.9958979313509715	0.0021650318372966	33	0.9958979313509715	False
